cell_id,frame,x,y
0,0,1399.0,2271.0
0,1,1399.0,2271.0
0,2,1399.0,2271.0
0,3,1399.0,2271.0
0,4,1399.0,2271.0
0,5,1399.0,2271.0
0,6,1399.0,2271.0
0,7,1399.0,2271.0
0,8,1399.0,2271.0
0,9,1399.0,2271.0
0,10,1399.0,2271.0
0,11,1399.0,2271.0
0,12,1399.0,2271.0
0,13,1399.0,2271.0
0,14,1399.0,2271.0
0,15,1399.0,2271.0
0,16,1399.0,2271.0
0,17,1399.0,2271.0
0,18,1399.0,2271.0
0,19,1399.0,2271.0
0,20,1399.0,2271.0
0,21,1399.0,2271.0
0,22,1399.0,2271.0
0,23,1399.0,2271.0
0,24,1399.0,2271.0
0,25,1399.0,2271.0
0,26,1399.0,2271.0
0,27,1399.0,2271.0
0,28,1399.0,2271.0
0,29,1399.0,2271.0
0,30,1399.0,2271.0
0,31,1399.0,2271.0
0,32,1399.0,2271.0
0,33,1399.0,2271.0
0,34,1399.0,2271.0
0,35,1399.0,2271.0
0,36,1399.0,2271.0
0,37,1399.0,2271.0
0,38,1399.0,2271.0
0,39,1399.0,2271.0
0,40,1399.0,2271.0
0,41,1399.0,2271.0
0,42,1399.0,2271.0
0,43,1399.0,2271.0
0,44,1399.0,2271.0
0,45,1399.0,2271.0
0,46,1399.0,2271.0
0,47,1399.0,2271.0
0,48,1399.0,2271.0
0,49,1399.0,2271.0
0,50,1399.0,2271.0
0,51,1399.0,2271.0
0,52,1399.0,2271.0
0,53,1399.0,2271.0
0,54,1399.0,2271.0
0,55,1399.0,2271.0
0,56,1399.0,2271.0
0,57,1399.0,2271.0
0,58,1399.0,2271.0
0,59,1399.0,2271.0
0,60,1399.0,2271.0
0,61,1399.0,2271.0
0,62,1399.0,2271.0
0,63,1399.0,2271.0
0,64,1399.0,2271.0
0,65,1399.0,2271.0
0,66,1399.0,2271.0
0,67,1399.0,2271.0
0,68,1399.0,2271.0
0,69,1399.0,2271.0
0,70,1399.0,2271.0
0,71,1399.0,2271.0
0,72,1399.0,2271.0
0,73,1399.0,2271.0
0,74,1399.0,2271.0
0,75,1399.0,2271.0
0,76,1399.0,2271.0
0,77,1399.0,2271.0
0,78,1399.0,2271.0
0,79,1399.0,2271.0
0,80,1399.0,2271.0
0,81,1399.0,2271.0
0,82,1399.0,2271.0
0,83,1399.0,2271.0
0,84,1399.0,2271.0
0,85,1399.0,2271.0
0,86,1399.0,2271.0
0,87,1399.0,2271.0
0,88,1399.0,2271.0
0,89,1399.0,2271.0
0,90,1399.0,2271.0
0,91,1399.0,2271.0
0,92,1399.0,2271.0
0,93,1399.0,2271.0
0,94,1399.0,2271.0
0,95,1399.0,2271.0
0,96,1399.0,2271.0
0,97,1399.0,2271.0
0,98,1399.0,2271.0
0,99,1399.0,2271.0
0,100,1399.0,2271.0
0,101,1399.0,2271.0
0,102,1399.0,2271.0
0,103,1399.0,2271.0
0,104,1399.0,2271.0
0,105,1399.0,2271.0
0,106,1399.0,2271.0
0,107,1399.0,2271.0
0,108,1399.0,2271.0
0,109,1399.0,2271.0
0,110,1399.0,2271.0
0,111,1399.0,2271.0
0,112,1399.0,2271.0
0,113,1399.0,2271.0
0,114,1399.0,2271.0
0,115,1399.0,2271.0
0,116,1399.0,2271.0
0,117,1399.0,2271.0
0,118,1399.0,2271.0
0,119,1399.0,2271.0
0,120,1399.0,2271.0
0,121,1399.0,2271.0
0,122,1399.0,2271.0
0,123,1399.0,2271.0
0,124,1399.0,2271.0
0,125,1399.0,2271.0
0,126,1399.0,2271.0
0,127,1399.0,2271.0
0,128,1399.0,2271.0
0,129,1399.0,2271.0
0,130,1399.0,2271.0
0,131,1399.0,2271.0
0,132,1399.0,2271.0
0,133,1399.0,2271.0
0,134,1399.0,2271.0
0,135,1399.0,2271.0
0,136,1399.0,2271.0
0,137,1399.0,2271.0
0,138,1399.0,2271.0
0,139,1399.0,2271.0
0,140,1399.0,2271.0
0,141,1399.0,2271.0
0,142,1399.0,2271.0
0,143,1399.0,2271.0
0,144,1399.0,2271.0
0,145,1399.0,2271.0
0,146,1399.0,2271.0
0,147,1399.0,2271.0
0,148,1399.0,2271.0
0,149,1399.0,2271.0
0,150,1399.0,2271.0
0,151,1399.0,2271.0
0,152,1399.0,2271.0
0,153,1399.0,2271.0
0,154,1399.0,2271.0
0,155,1399.0,2271.0
0,156,1399.0,2271.0
0,157,1399.0,2271.0
0,158,1399.0,2271.0
0,159,1399.0,2271.0
0,160,1399.0,2271.0
0,161,1399.0,2271.0
0,162,1399.0,2271.0
0,163,1399.0,2271.0
0,164,1399.0,2271.0
0,165,1399.0,2271.0
0,166,1399.0,2271.0
0,167,1399.0,2271.0
0,168,1399.0,2271.0
0,169,1399.0,2271.0
0,170,1399.0,2271.0
0,171,1399.0,2271.0
0,172,1399.0,2271.0
0,173,1399.0,2271.0
0,174,1399.0,2271.0
0,175,1399.0,2271.0
0,176,1399.0,2271.0
0,177,1399.0,2271.0
0,178,1399.0,2271.0
0,179,1399.0,2271.0
0,180,1399.0,2271.0
0,181,1399.0,2271.0
0,182,1399.0,2271.0
0,183,1399.0,2271.0
0,184,1399.0,2271.0
0,185,1399.0,2271.0
0,186,1399.0,2271.0
0,187,1399.0,2271.0
0,188,1399.0,2271.0
0,189,1399.0,2271.0
0,190,1399.0,2271.0
0,191,1399.0,2271.0
0,192,1399.0,2271.0
0,193,1399.0,2271.0
0,194,1399.0,2271.0
0,195,1399.0,2271.0
0,196,1399.0,2271.0
0,197,1399.0,2271.0
0,198,1399.0,2271.0
0,199,1399.0,2271.0
0,200,1399.0,2271.0
0,201,1399.0,2271.0
0,202,1399.0,2271.0
0,203,1399.0,2271.0
0,204,1399.0,2271.0
0,205,1399.0,2271.0
0,206,1399.0,2271.0
0,207,1399.0,2271.0
0,208,1399.0,2271.0
0,209,1399.0,2271.0
0,210,1399.0,2271.0
0,211,1399.0,2271.0
0,212,1399.0,2271.0
0,213,1399.0,2271.0
0,214,1399.0,2271.0
0,215,1399.0,2271.0
0,216,1399.0,2271.0
0,217,1399.0,2271.0
0,218,1399.0,2271.0
0,219,1399.0,2271.0
0,220,1399.0,2271.0
0,221,1399.0,2271.0
0,222,1399.0,2271.0
0,223,1399.0,2271.0
0,224,1399.0,2271.0
0,225,1399.0,2271.0
0,226,1399.0,2271.0
0,227,1399.0,2271.0
0,228,1399.0,2271.0
0,229,1399.0,2271.0
0,230,1399.0,2271.0
0,231,1399.0,2271.0
0,232,1399.0,2271.0
0,233,1399.0,2271.0
0,234,1399.0,2271.0
0,235,1399.0,2271.0
0,236,1399.0,2271.0
0,237,1399.0,2271.0
0,238,1399.0,2271.0
0,239,1399.0,2271.0
0,240,1399.0,2271.0
0,241,1399.0,2271.0
0,242,1399.0,2271.0
0,243,1399.0,2271.0
0,244,1399.0,2271.0
0,245,1399.0,2271.0
0,246,1399.0,2271.0
0,247,1399.0,2271.0
0,248,1399.0,2271.0
0,249,1399.0,2271.0
0,250,1399.0,2271.0
0,251,1399.0,2271.0
0,252,1399.0,2271.0
0,253,1399.0,2271.0
0,254,1399.0,2271.0
0,255,1399.0,2271.0
0,256,1399.0,2271.0
0,257,1399.0,2271.0
0,258,1399.0,2271.0
0,259,1399.0,2271.0
0,260,1399.0,2271.0
0,261,1399.0,2271.0
0,262,1399.0,2271.0
0,263,1399.0,2271.0
0,264,1399.0,2271.0
0,265,1399.0,2271.0
0,266,1399.0,2271.0
0,267,1399.0,2271.0
0,268,1399.0,2271.0
0,269,1399.0,2271.0
0,270,1399.0,2271.0
0,271,1399.0,2271.0
0,272,1399.0,2271.0
0,273,1399.0,2271.0
0,274,1399.0,2271.0
0,275,1399.0,2271.0
0,276,1399.0,2271.0
0,277,1399.0,2271.0
0,278,1399.0,2271.0
0,279,1399.0,2271.0
0,280,1399.0,2271.0
0,281,1399.0,2271.0
0,282,1399.0,2271.0
0,283,1399.0,2271.0
0,284,1399.0,2271.0
0,285,1399.0,2271.0
0,286,1399.0,2271.0
0,287,1399.0,2271.0
0,288,1399.0,2271.0
0,289,1399.0,2271.0
0,290,1399.0,2271.0
0,291,1399.0,2271.0
0,292,1399.0,2271.0
0,293,1399.0,2271.0
0,294,1399.0,2271.0
0,295,1399.0,2271.0
0,296,1399.0,2271.0
0,297,1399.0,2271.0
0,298,1399.0,2271.0
0,299,1399.0,2271.0
0,300,1399.0,2271.0
0,301,1399.0,2271.0
0,302,1399.0,2271.0
0,303,1399.0,2271.0
0,304,1399.0,2271.0
0,305,1399.0,2271.0
0,306,1399.0,2271.0
0,307,1399.0,2271.0
0,308,1399.0,2271.0
0,309,1399.0,2271.0
0,310,1399.0,2271.0
0,311,1399.0,2271.0
0,312,1399.0,2271.0
0,313,1399.0,2271.0
0,314,1399.0,2271.0
0,315,1399.0,2271.0
0,316,1399.0,2271.0
0,317,1399.0,2271.0
0,318,1399.0,2271.0
0,319,1399.0,2271.0
0,320,1399.0,2271.0
0,321,1399.0,2271.0
0,322,1399.0,2271.0
0,323,1399.0,2271.0
0,324,1399.0,2271.0
0,325,1399.0,2271.0
0,326,1399.0,2271.0
0,327,1399.0,2271.0
0,328,1399.0,2271.0
0,329,1399.0,2271.0
0,330,1399.0,2271.0
0,331,1399.0,2271.0
0,332,1399.0,2271.0
0,333,1399.0,2271.0
0,334,1399.0,2271.0
0,335,1399.0,2271.0
0,336,1399.0,2271.0
0,337,1399.0,2271.0
0,338,1399.0,2271.0
0,339,1399.0,2271.0
0,340,1399.0,2271.0
0,341,1399.0,2271.0
0,342,1399.0,2271.0
0,343,1399.0,2271.0
0,344,1399.0,2271.0
0,345,1399.0,2271.0
0,346,1399.0,2271.0
0,347,1399.0,2271.0
0,348,1399.0,2271.0
0,349,1399.0,2271.0
0,350,1399.0,2271.0
0,351,1399.0,2271.0
0,352,1399.0,2271.0
0,353,1399.0,2271.0
0,354,1399.0,2271.0
0,355,1399.0,2271.0
0,356,1399.0,2271.0
0,357,1399.0,2271.0
0,358,1399.0,2271.0
0,359,1399.0,2271.0
1,0,2204.0,1947.0
1,1,2204.0,1947.0
1,2,2204.0,1947.0
1,3,2204.0,1947.0
1,4,2204.0,1947.0
1,5,2204.0,1947.0
1,6,2204.0,1947.0
1,7,2204.0,1947.0
1,8,2204.0,1947.0
1,9,2204.0,1947.0
1,10,2204.0,1947.0
1,11,2204.0,1947.0
1,12,2204.0,1947.0
1,13,2204.0,1947.0
1,14,2204.0,1947.0
1,15,2204.0,1947.0
1,16,2204.0,1947.0
1,17,2204.0,1947.0
1,18,2204.0,1947.0
1,19,2204.0,1947.0
1,20,2204.0,1947.0
1,21,2204.0,1947.0
1,22,2204.0,1947.0
1,23,2204.0,1947.0
1,24,2204.0,1947.0
1,25,2204.0,1947.0
1,26,2204.0,1947.0
1,27,2204.0,1947.0
1,28,2204.0,1947.0
1,29,2204.0,1947.0
1,30,2204.0,1947.0
1,31,2204.0,1947.0
1,32,2204.0,1947.0
1,33,2204.0,1947.0
1,34,2204.0,1947.0
1,35,2204.0,1947.0
1,36,2204.0,1947.0
1,37,2204.0,1947.0
1,38,2204.0,1947.0
1,39,2204.0,1947.0
1,40,2204.0,1947.0
1,41,2204.0,1947.0
1,42,2204.0,1947.0
1,43,2204.0,1947.0
1,44,2204.0,1947.0
1,45,2204.0,1947.0
1,46,2204.0,1947.0
1,47,2204.0,1947.0
1,48,2204.0,1947.0
1,49,2204.0,1947.0
1,50,2204.0,1947.0
1,51,2204.0,1947.0
1,52,2204.0,1947.0
1,53,2204.0,1947.0
1,54,2204.0,1947.0
1,55,2204.0,1947.0
1,56,2204.0,1947.0
1,57,2204.0,1947.0
1,58,2204.0,1947.0
1,59,2204.0,1947.0
1,60,2204.0,1947.0
1,61,2204.0,1947.0
1,62,2204.0,1947.0
1,63,2204.0,1947.0
1,64,2204.0,1947.0
1,65,2204.0,1947.0
1,66,2204.0,1947.0
1,67,2204.0,1947.0
1,68,2204.0,1947.0
1,69,2204.0,1947.0
1,70,2204.0,1947.0
1,71,2204.0,1947.0
1,72,2204.0,1947.0
1,73,2204.0,1947.0
1,74,2204.0,1947.0
1,75,2204.0,1947.0
1,76,2204.0,1947.0
1,77,2204.0,1947.0
1,78,2204.0,1947.0
1,79,2204.0,1947.0
1,80,2204.0,1947.0
1,81,2204.0,1947.0
1,82,2204.0,1947.0
1,83,2204.0,1947.0
1,84,2204.0,1947.0
1,85,2204.0,1947.0
1,86,2204.0,1947.0
1,87,2204.0,1947.0
1,88,2204.0,1947.0
1,89,2204.0,1947.0
1,90,2204.0,1947.0
1,91,2204.0,1947.0
1,92,2204.0,1947.0
1,93,2204.0,1947.0
1,94,2204.0,1947.0
1,95,2204.0,1947.0
1,96,2204.0,1947.0
1,97,2204.0,1947.0
1,98,2204.0,1947.0
1,99,2204.0,1947.0
1,100,2204.0,1947.0
1,101,2204.0,1947.0
1,102,2204.0,1947.0
1,103,2204.0,1947.0
1,104,2204.0,1947.0
1,105,2204.0,1947.0
1,106,2204.0,1947.0
1,107,2204.0,1947.0
1,108,2204.0,1947.0
1,109,2204.0,1947.0
1,110,2204.0,1947.0
1,111,2204.0,1947.0
1,112,2204.0,1947.0
1,113,2204.0,1947.0
1,114,2204.0,1947.0
1,115,2204.0,1947.0
1,116,2204.0,1947.0
1,117,2204.0,1947.0
1,118,2204.0,1947.0
1,119,2204.0,1947.0
1,120,2204.0,1947.0
1,121,2204.0,1947.0
1,122,2204.0,1947.0
1,123,2204.0,1947.0
1,124,2204.0,1947.0
1,125,2204.0,1947.0
1,126,2204.0,1947.0
1,127,2204.0,1947.0
1,128,2204.0,1947.0
1,129,2204.0,1947.0
1,130,2204.0,1947.0
1,131,2204.0,1947.0
1,132,2204.0,1947.0
1,133,2204.0,1947.0
1,134,2204.0,1947.0
1,135,2204.0,1947.0
1,136,2204.0,1947.0
1,137,2204.0,1947.0
1,138,2204.0,1947.0
1,139,2204.0,1947.0
1,140,2204.0,1947.0
1,141,2204.0,1947.0
1,142,2204.0,1947.0
1,143,2204.0,1947.0
1,144,2204.0,1947.0
1,145,2204.0,1947.0
1,146,2204.0,1947.0
1,147,2204.0,1947.0
1,148,2204.0,1947.0
1,149,2204.0,1947.0
1,150,2204.0,1947.0
1,151,2204.0,1947.0
1,152,2204.0,1947.0
1,153,2204.0,1947.0
1,154,2204.0,1947.0
1,155,2204.0,1947.0
1,156,2204.0,1947.0
1,157,2204.0,1947.0
1,158,2204.0,1947.0
1,159,2204.0,1947.0
1,160,2204.0,1947.0
1,161,2204.0,1947.0
1,162,2204.0,1947.0
1,163,2204.0,1947.0
1,164,2204.0,1947.0
1,165,2204.0,1947.0
1,166,2204.0,1947.0
1,167,2204.0,1947.0
1,168,2204.0,1947.0
1,169,2204.0,1947.0
1,170,2204.0,1947.0
1,171,2204.0,1947.0
1,172,2204.0,1947.0
1,173,2204.0,1947.0
1,174,2204.0,1947.0
1,175,2204.0,1947.0
1,176,2204.0,1947.0
1,177,2204.0,1947.0
1,178,2204.0,1947.0
1,179,2204.0,1947.0
1,180,2204.0,1947.0
1,181,2204.0,1947.0
1,182,2204.0,1947.0
1,183,2204.0,1947.0
1,184,2204.0,1947.0
1,185,2204.0,1947.0
1,186,2204.0,1947.0
1,187,2204.0,1947.0
1,188,2204.0,1947.0
1,189,2204.0,1947.0
1,190,2204.0,1947.0
1,191,2204.0,1947.0
1,192,2204.0,1947.0
1,193,2204.0,1947.0
1,194,2204.0,1947.0
1,195,2204.0,1947.0
1,196,2204.0,1947.0
1,197,2204.0,1947.0
1,198,2204.0,1947.0
1,199,2204.0,1947.0
1,200,2204.0,1947.0
1,201,2204.0,1947.0
1,202,2204.0,1947.0
1,203,2204.0,1947.0
1,204,2204.0,1947.0
1,205,2204.0,1947.0
1,206,2204.0,1947.0
1,207,2204.0,1947.0
1,208,2204.0,1947.0
1,209,2204.0,1947.0
1,210,2204.0,1947.0
1,211,2204.0,1947.0
1,212,2204.0,1947.0
1,213,2204.0,1947.0
1,214,2204.0,1947.0
1,215,2204.0,1947.0
1,216,2204.0,1947.0
1,217,2204.0,1947.0
1,218,2204.0,1947.0
1,219,2204.0,1947.0
1,220,2204.0,1947.0
1,221,2204.0,1947.0
1,222,2204.0,1947.0
1,223,2204.0,1947.0
1,224,2204.0,1947.0
1,225,2204.0,1947.0
1,226,2204.0,1947.0
1,227,2204.0,1947.0
1,228,2204.0,1947.0
1,229,2204.0,1947.0
1,230,2204.0,1947.0
1,231,2204.0,1947.0
1,232,2204.0,1947.0
1,233,2204.0,1947.0
1,234,2204.0,1947.0
1,235,2204.0,1947.0
1,236,2204.0,1947.0
1,237,2204.0,1947.0
1,238,2204.0,1947.0
1,239,2204.0,1947.0
1,240,2204.0,1947.0
1,241,2204.0,1947.0
1,242,2204.0,1947.0
1,243,2204.0,1947.0
1,244,2204.0,1947.0
1,245,2204.0,1947.0
1,246,2204.0,1947.0
1,247,2204.0,1947.0
1,248,2204.0,1947.0
1,249,2204.0,1947.0
1,250,2204.0,1947.0
1,251,2204.0,1947.0
1,252,2204.0,1947.0
1,253,2204.0,1947.0
1,254,2204.0,1947.0
1,255,2204.0,1947.0
1,256,2204.0,1947.0
1,257,2204.0,1947.0
1,258,2204.0,1947.0
1,259,2204.0,1947.0
1,260,2204.0,1947.0
1,261,2204.0,1947.0
1,262,2204.0,1947.0
1,263,2204.0,1947.0
1,264,2204.0,1947.0
1,265,2204.0,1947.0
1,266,2204.0,1947.0
1,267,2204.0,1947.0
1,268,2204.0,1947.0
1,269,2204.0,1947.0
1,270,2204.0,1947.0
1,271,2204.0,1947.0
1,272,2204.0,1947.0
1,273,2204.0,1947.0
1,274,2204.0,1947.0
1,275,2204.0,1947.0
1,276,2204.0,1947.0
1,277,2204.0,1947.0
1,278,2204.0,1947.0
1,279,2204.0,1947.0
1,280,2204.0,1947.0
1,281,2204.0,1947.0
1,282,2204.0,1947.0
1,283,2204.0,1947.0
1,284,2204.0,1947.0
1,285,2204.0,1947.0
1,286,2204.0,1947.0
1,287,2204.0,1947.0
1,288,2204.0,1947.0
1,289,2204.0,1947.0
1,290,2204.0,1947.0
1,291,2204.0,1947.0
1,292,2204.0,1947.0
1,293,2204.0,1947.0
1,294,2204.0,1947.0
1,295,2204.0,1947.0
1,296,2204.0,1947.0
1,297,2204.0,1947.0
1,298,2204.0,1947.0
1,299,2204.0,1947.0
1,300,2204.0,1947.0
1,301,2204.0,1947.0
1,302,2204.0,1947.0
1,303,2204.0,1947.0
1,304,2204.0,1947.0
1,305,2204.0,1947.0
1,306,2204.0,1947.0
1,307,2204.0,1947.0
1,308,2204.0,1947.0
1,309,2204.0,1947.0
1,310,2204.0,1947.0
1,311,2204.0,1947.0
1,312,2204.0,1947.0
1,313,2204.0,1947.0
1,314,2204.0,1947.0
1,315,2204.0,1947.0
1,316,2204.0,1947.0
1,317,2204.0,1947.0
1,318,2204.0,1947.0
1,319,2204.0,1947.0
1,320,2204.0,1947.0
1,321,2204.0,1947.0
1,322,2204.0,1947.0
1,323,2204.0,1947.0
1,324,2204.0,1947.0
1,325,2204.0,1947.0
1,326,2204.0,1947.0
1,327,2204.0,1947.0
1,328,2204.0,1947.0
1,329,2204.0,1947.0
1,330,2204.0,1947.0
1,331,2204.0,1947.0
1,332,2204.0,1947.0
1,333,2204.0,1947.0
1,334,2204.0,1947.0
1,335,2204.0,1947.0
1,336,2204.0,1947.0
1,337,2204.0,1947.0
1,338,2204.0,1947.0
1,339,2204.0,1947.0
1,340,2204.0,1947.0
1,341,2204.0,1947.0
1,342,2204.0,1947.0
1,343,2204.0,1947.0
1,344,2204.0,1947.0
1,345,2204.0,1947.0
1,346,2204.0,1947.0
1,347,2204.0,1947.0
1,348,2204.0,1947.0
1,349,2204.0,1947.0
1,350,2204.0,1947.0
1,351,2204.0,1947.0
1,352,2204.0,1947.0
1,353,2204.0,1947.0
1,354,2204.0,1947.0
1,355,2204.0,1947.0
1,356,2204.0,1947.0
1,357,2204.0,1947.0
1,358,2204.0,1947.0
1,359,2204.0,1947.0
2,0,1596.0,1795.0
2,1,1596.0,1795.0
2,2,1596.0,1795.0
2,3,1596.0,1795.0
2,4,1596.0,1795.0
2,5,1596.0,1795.0
2,6,1596.0,1795.0
2,7,1596.0,1795.0
2,8,1596.0,1795.0
2,9,1596.0,1795.0
2,10,1596.0,1795.0
2,11,1596.0,1795.0
2,12,1596.0,1795.0
2,13,1596.0,1795.0
2,14,1596.0,1795.0
2,15,1596.0,1795.0
2,16,1596.0,1795.0
2,17,1596.0,1795.0
2,18,1596.0,1795.0
2,19,1596.0,1795.0
2,20,1596.0,1795.0
2,21,1596.0,1795.0
2,22,1596.0,1795.0
2,23,1596.0,1795.0
2,24,1596.0,1795.0
2,25,1596.0,1795.0
2,26,1596.0,1795.0
2,27,1596.0,1795.0
2,28,1596.0,1795.0
2,29,1596.0,1795.0
2,30,1596.0,1795.0
2,31,1596.0,1795.0
2,32,1596.0,1795.0
2,33,1596.0,1795.0
2,34,1596.0,1795.0
2,35,1596.0,1795.0
2,36,1596.0,1795.0
2,37,1596.0,1795.0
2,38,1596.0,1795.0
2,39,1596.0,1795.0
2,40,1596.0,1795.0
2,41,1596.0,1795.0
2,42,1596.0,1795.0
2,43,1596.0,1795.0
2,44,1596.0,1795.0
2,45,1596.0,1795.0
2,46,1596.0,1795.0
2,47,1596.0,1795.0
2,48,1596.0,1795.0
2,49,1596.0,1795.0
2,50,1596.0,1795.0
2,51,1596.0,1795.0
2,52,1596.0,1795.0
2,53,1596.0,1795.0
2,54,1596.0,1795.0
2,55,1596.0,1795.0
2,56,1596.0,1795.0
2,57,1596.0,1795.0
2,58,1596.0,1795.0
2,59,1596.0,1795.0
2,60,1596.0,1795.0
2,61,1596.0,1795.0
2,62,1596.0,1795.0
2,63,1596.0,1795.0
2,64,1596.0,1795.0
2,65,1596.0,1795.0
2,66,1596.0,1795.0
2,67,1596.0,1795.0
2,68,1596.0,1795.0
2,69,1596.0,1795.0
2,70,1596.0,1795.0
2,71,1596.0,1795.0
2,72,1596.0,1795.0
2,73,1596.0,1795.0
2,74,1596.0,1795.0
2,75,1596.0,1795.0
2,76,1596.0,1795.0
2,77,1596.0,1795.0
2,78,1596.0,1795.0
2,79,1596.0,1795.0
2,80,1596.0,1795.0
2,81,1596.0,1795.0
2,82,1596.0,1795.0
2,83,1596.0,1795.0
2,84,1596.0,1795.0
2,85,1596.0,1795.0
2,86,1596.0,1795.0
2,87,1596.0,1795.0
2,88,1596.0,1795.0
2,89,1596.0,1795.0
2,90,1596.0,1795.0
2,91,1596.0,1795.0
2,92,1596.0,1795.0
2,93,1596.0,1795.0
2,94,1596.0,1795.0
2,95,1596.0,1795.0
2,96,1596.0,1795.0
2,97,1596.0,1795.0
2,98,1596.0,1795.0
2,99,1596.0,1795.0
2,100,1596.0,1795.0
2,101,1596.0,1795.0
2,102,1596.0,1795.0
2,103,1596.0,1795.0
2,104,1596.0,1795.0
2,105,1596.0,1795.0
2,106,1596.0,1795.0
2,107,1596.0,1795.0
2,108,1596.0,1795.0
2,109,1596.0,1795.0
2,110,1596.0,1795.0
2,111,1596.0,1795.0
2,112,1596.0,1795.0
2,113,1596.0,1795.0
2,114,1596.0,1795.0
2,115,1596.0,1795.0
2,116,1596.0,1795.0
2,117,1596.0,1795.0
2,118,1596.0,1795.0
2,119,1596.0,1795.0
2,120,1596.0,1795.0
2,121,1596.0,1795.0
2,122,1596.0,1795.0
2,123,1596.0,1795.0
2,124,1596.0,1795.0
2,125,1596.0,1795.0
2,126,1596.0,1795.0
2,127,1596.0,1795.0
2,128,1596.0,1795.0
2,129,1596.0,1795.0
2,130,1596.0,1795.0
2,131,1596.0,1795.0
2,132,1596.0,1795.0
2,133,1596.0,1795.0
2,134,1596.0,1795.0
2,135,1596.0,1795.0
2,136,1596.0,1795.0
2,137,1596.0,1795.0
2,138,1596.0,1795.0
2,139,1596.0,1795.0
2,140,1596.0,1795.0
2,141,1596.0,1795.0
2,142,1596.0,1795.0
2,143,1596.0,1795.0
2,144,1596.0,1795.0
2,145,1596.0,1795.0
2,146,1596.0,1795.0
2,147,1596.0,1795.0
2,148,1596.0,1795.0
2,149,1596.0,1795.0
2,150,1596.0,1795.0
2,151,1596.0,1795.0
2,152,1596.0,1795.0
2,153,1596.0,1795.0
2,154,1596.0,1795.0
2,155,1596.0,1795.0
2,156,1596.0,1795.0
2,157,1596.0,1795.0
2,158,1596.0,1795.0
2,159,1596.0,1795.0
2,160,1596.0,1795.0
2,161,1596.0,1795.0
2,162,1596.0,1795.0
2,163,1596.0,1795.0
2,164,1596.0,1795.0
2,165,1596.0,1795.0
2,166,1596.0,1795.0
2,167,1596.0,1795.0
2,168,1596.0,1795.0
2,169,1596.0,1795.0
2,170,1596.0,1795.0
2,171,1596.0,1795.0
2,172,1596.0,1795.0
2,173,1596.0,1795.0
2,174,1596.0,1795.0
2,175,1596.0,1795.0
2,176,1596.0,1795.0
2,177,1596.0,1795.0
2,178,1596.0,1795.0
2,179,1596.0,1795.0
2,180,1596.0,1795.0
2,181,1596.0,1795.0
2,182,1596.0,1795.0
2,183,1596.0,1795.0
2,184,1596.0,1795.0
2,185,1596.0,1795.0
2,186,1596.0,1795.0
2,187,1596.0,1795.0
2,188,1596.0,1795.0
2,189,1596.0,1795.0
2,190,1596.0,1795.0
2,191,1596.0,1795.0
2,192,1596.0,1795.0
2,193,1596.0,1795.0
2,194,1596.0,1795.0
2,195,1596.0,1795.0
2,196,1596.0,1795.0
2,197,1596.0,1795.0
2,198,1596.0,1795.0
2,199,1596.0,1795.0
2,200,1596.0,1795.0
2,201,1596.0,1795.0
2,202,1596.0,1795.0
2,203,1596.0,1795.0
2,204,1596.0,1795.0
2,205,1596.0,1795.0
2,206,1596.0,1795.0
2,207,1596.0,1795.0
2,208,1596.0,1795.0
2,209,1596.0,1795.0
2,210,1596.0,1795.0
2,211,1596.0,1795.0
2,212,1596.0,1795.0
2,213,1596.0,1795.0
2,214,1596.0,1795.0
2,215,1596.0,1795.0
2,216,1596.0,1795.0
2,217,1596.0,1795.0
2,218,1596.0,1795.0
2,219,1596.0,1795.0
2,220,1596.0,1795.0
2,221,1596.0,1795.0
2,222,1596.0,1795.0
2,223,1596.0,1795.0
2,224,1596.0,1795.0
2,225,1596.0,1795.0
2,226,1596.0,1795.0
2,227,1596.0,1795.0
2,228,1596.0,1795.0
2,229,1596.0,1795.0
2,230,1596.0,1795.0
2,231,1596.0,1795.0
2,232,1596.0,1795.0
2,233,1596.0,1795.0
2,234,1596.0,1795.0
2,235,1596.0,1795.0
2,236,1596.0,1795.0
2,237,1596.0,1795.0
2,238,1596.0,1795.0
2,239,1596.0,1795.0
2,240,1596.0,1795.0
2,241,1596.0,1795.0
2,242,1596.0,1795.0
2,243,1596.0,1795.0
2,244,1596.0,1795.0
2,245,1596.0,1795.0
2,246,1596.0,1795.0
2,247,1596.0,1795.0
2,248,1596.0,1795.0
2,249,1596.0,1795.0
2,250,1596.0,1795.0
2,251,1596.0,1795.0
2,252,1596.0,1795.0
2,253,1596.0,1795.0
2,254,1596.0,1795.0
2,255,1596.0,1795.0
2,256,1596.0,1795.0
2,257,1596.0,1795.0
2,258,1596.0,1795.0
2,259,1596.0,1795.0
2,260,1596.0,1795.0
2,261,1596.0,1795.0
2,262,1596.0,1795.0
2,263,1596.0,1795.0
2,264,1596.0,1795.0
2,265,1596.0,1795.0
2,266,1596.0,1795.0
2,267,1596.0,1795.0
2,268,1596.0,1795.0
2,269,1596.0,1795.0
2,270,1596.0,1795.0
2,271,1596.0,1795.0
2,272,1596.0,1795.0
2,273,1596.0,1795.0
2,274,1596.0,1795.0
2,275,1596.0,1795.0
2,276,1596.0,1795.0
2,277,1596.0,1795.0
2,278,1596.0,1795.0
2,279,1596.0,1795.0
2,280,1596.0,1795.0
2,281,1596.0,1795.0
2,282,1596.0,1795.0
2,283,1596.0,1795.0
2,284,1596.0,1795.0
2,285,1596.0,1795.0
2,286,1596.0,1795.0
2,287,1596.0,1795.0
2,288,1596.0,1795.0
2,289,1596.0,1795.0
2,290,1596.0,1795.0
2,291,1596.0,1795.0
2,292,1596.0,1795.0
2,293,1596.0,1795.0
2,294,1596.0,1795.0
2,295,1596.0,1795.0
2,296,1596.0,1795.0
2,297,1596.0,1795.0
2,298,1596.0,1795.0
2,299,1596.0,1795.0
2,300,1596.0,1795.0
2,301,1596.0,1795.0
2,302,1596.0,1795.0
2,303,1596.0,1795.0
2,304,1596.0,1795.0
2,305,1596.0,1795.0
2,306,1596.0,1795.0
2,307,1596.0,1795.0
2,308,1596.0,1795.0
2,309,1596.0,1795.0
2,310,1596.0,1795.0
2,311,1596.0,1795.0
2,312,1596.0,1795.0
2,313,1596.0,1795.0
2,314,1596.0,1795.0
2,315,1596.0,1795.0
2,316,1596.0,1795.0
2,317,1596.0,1795.0
2,318,1596.0,1795.0
2,319,1596.0,1795.0
2,320,1596.0,1795.0
2,321,1596.0,1795.0
2,322,1596.0,1795.0
2,323,1596.0,1795.0
2,324,1596.0,1795.0
2,325,1596.0,1795.0
2,326,1596.0,1795.0
2,327,1596.0,1795.0
2,328,1596.0,1795.0
2,329,1596.0,1795.0
2,330,1596.0,1795.0
2,331,1596.0,1795.0
2,332,1596.0,1795.0
2,333,1596.0,1795.0
2,334,1596.0,1795.0
2,335,1596.0,1795.0
2,336,1596.0,1795.0
2,337,1596.0,1795.0
2,338,1596.0,1795.0
2,339,1596.0,1795.0
2,340,1596.0,1795.0
2,341,1596.0,1795.0
2,342,1596.0,1795.0
2,343,1596.0,1795.0
2,344,1596.0,1795.0
2,345,1596.0,1795.0
2,346,1596.0,1795.0
2,347,1596.0,1795.0
2,348,1596.0,1795.0
2,349,1596.0,1795.0
2,350,1596.0,1795.0
2,351,1596.0,1795.0
2,352,1596.0,1795.0
2,353,1596.0,1795.0
2,354,1596.0,1795.0
2,355,1596.0,1795.0
2,356,1596.0,1795.0
2,357,1596.0,1795.0
2,358,1596.0,1795.0
2,359,1596.0,1795.0
3,0,1727.0,1009.0
3,1,1727.0,1009.0
3,2,1727.0,1009.0
3,3,1727.0,1009.0
3,4,1727.0,1009.0
3,5,1727.0,1009.0
3,6,1727.0,1009.0
3,7,1727.0,1009.0
3,8,1727.0,1009.0
3,9,1727.0,1009.0
3,10,1727.0,1009.0
3,11,1727.0,1009.0
3,12,1727.0,1009.0
3,13,1727.0,1009.0
3,14,1727.0,1009.0
3,15,1727.0,1009.0
3,16,1727.0,1009.0
3,17,1727.0,1009.0
3,18,1727.0,1009.0
3,19,1727.0,1009.0
3,20,1727.0,1009.0
3,21,1727.0,1009.0
3,22,1727.0,1009.0
3,23,1727.0,1009.0
3,24,1727.0,1009.0
3,25,1727.0,1009.0
3,26,1727.0,1009.0
3,27,1727.0,1009.0
3,28,1727.0,1009.0
3,29,1727.0,1009.0
3,30,1727.0,1009.0
3,31,1727.0,1009.0
3,32,1727.0,1009.0
3,33,1727.0,1009.0
3,34,1727.0,1009.0
3,35,1727.0,1009.0
3,36,1727.0,1009.0
3,37,1727.0,1009.0
3,38,1727.0,1009.0
3,39,1727.0,1009.0
3,40,1727.0,1009.0
3,41,1727.0,1009.0
3,42,1727.0,1009.0
3,43,1727.0,1009.0
3,44,1727.0,1009.0
3,45,1727.0,1009.0
3,46,1727.0,1009.0
3,47,1727.0,1009.0
3,48,1727.0,1009.0
3,49,1727.0,1009.0
3,50,1727.0,1009.0
3,51,1727.0,1009.0
3,52,1727.0,1009.0
3,53,1727.0,1009.0
3,54,1727.0,1009.0
3,55,1727.0,1009.0
3,56,1727.0,1009.0
3,57,1727.0,1009.0
3,58,1727.0,1009.0
3,59,1727.0,1009.0
3,60,1727.0,1009.0
3,61,1727.0,1009.0
3,62,1727.0,1009.0
3,63,1727.0,1009.0
3,64,1727.0,1009.0
3,65,1727.0,1009.0
3,66,1727.0,1009.0
3,67,1727.0,1009.0
3,68,1727.0,1009.0
3,69,1727.0,1009.0
3,70,1727.0,1009.0
3,71,1727.0,1009.0
3,72,1727.0,1009.0
3,73,1727.0,1009.0
3,74,1727.0,1009.0
3,75,1727.0,1009.0
3,76,1727.0,1009.0
3,77,1727.0,1009.0
3,78,1727.0,1009.0
3,79,1727.0,1009.0
3,80,1727.0,1009.0
3,81,1727.0,1009.0
3,82,1727.0,1009.0
3,83,1727.0,1009.0
3,84,1727.0,1009.0
3,85,1727.0,1009.0
3,86,1727.0,1009.0
3,87,1727.0,1009.0
3,88,1727.0,1009.0
3,89,1727.0,1009.0
3,90,1727.0,1009.0
3,91,1727.0,1009.0
3,92,1727.0,1009.0
3,93,1727.0,1009.0
3,94,1727.0,1009.0
3,95,1727.0,1009.0
3,96,1727.0,1009.0
3,97,1727.0,1009.0
3,98,1727.0,1009.0
3,99,1727.0,1009.0
3,100,1727.0,1009.0
3,101,1727.0,1009.0
3,102,1727.0,1009.0
3,103,1727.0,1009.0
3,104,1727.0,1009.0
3,105,1727.0,1009.0
3,106,1727.0,1009.0
3,107,1727.0,1009.0
3,108,1727.0,1009.0
3,109,1727.0,1009.0
3,110,1727.0,1009.0
3,111,1727.0,1009.0
3,112,1727.0,1009.0
3,113,1727.0,1009.0
3,114,1727.0,1009.0
3,115,1727.0,1009.0
3,116,1727.0,1009.0
3,117,1727.0,1009.0
3,118,1727.0,1009.0
3,119,1727.0,1009.0
3,120,1727.0,1009.0
3,121,1727.0,1009.0
3,122,1727.0,1009.0
3,123,1727.0,1009.0
3,124,1727.0,1009.0
3,125,1727.0,1009.0
3,126,1727.0,1009.0
3,127,1727.0,1009.0
3,128,1727.0,1009.0
3,129,1727.0,1009.0
3,130,1727.0,1009.0
3,131,1727.0,1009.0
3,132,1727.0,1009.0
3,133,1727.0,1009.0
3,134,1727.0,1009.0
3,135,1727.0,1009.0
3,136,1727.0,1009.0
3,137,1727.0,1009.0
3,138,1727.0,1009.0
3,139,1727.0,1009.0
3,140,1727.0,1009.0
3,141,1727.0,1009.0
3,142,1727.0,1009.0
3,143,1727.0,1009.0
3,144,1727.0,1009.0
3,145,1727.0,1009.0
3,146,1727.0,1009.0
3,147,1727.0,1009.0
3,148,1727.0,1009.0
3,149,1727.0,1009.0
3,150,1727.0,1009.0
3,151,1727.0,1009.0
3,152,1727.0,1009.0
3,153,1727.0,1009.0
3,154,1727.0,1009.0
3,155,1727.0,1009.0
3,156,1727.0,1009.0
3,157,1727.0,1009.0
3,158,1727.0,1009.0
3,159,1727.0,1009.0
3,160,1727.0,1009.0
3,161,1727.0,1009.0
3,162,1727.0,1009.0
3,163,1727.0,1009.0
3,164,1727.0,1009.0
3,165,1727.0,1009.0
3,166,1727.0,1009.0
3,167,1727.0,1009.0
3,168,1727.0,1009.0
3,169,1727.0,1009.0
3,170,1727.0,1009.0
3,171,1727.0,1009.0
3,172,1727.0,1009.0
3,173,1727.0,1009.0
3,174,1727.0,1009.0
3,175,1727.0,1009.0
3,176,1727.0,1009.0
3,177,1727.0,1009.0
3,178,1727.0,1009.0
3,179,1727.0,1009.0
3,180,1727.0,1009.0
3,181,1727.0,1009.0
3,182,1727.0,1009.0
3,183,1727.0,1009.0
3,184,1727.0,1009.0
3,185,1727.0,1009.0
3,186,1727.0,1009.0
3,187,1727.0,1009.0
3,188,1727.0,1009.0
3,189,1727.0,1009.0
3,190,1727.0,1009.0
3,191,1727.0,1009.0
3,192,1727.0,1009.0
3,193,1727.0,1009.0
3,194,1727.0,1009.0
3,195,1727.0,1009.0
3,196,1727.0,1009.0
3,197,1727.0,1009.0
3,198,1727.0,1009.0
3,199,1727.0,1009.0
3,200,1727.0,1009.0
3,201,1727.0,1009.0
3,202,1727.0,1009.0
3,203,1727.0,1009.0
3,204,1727.0,1009.0
3,205,1727.0,1009.0
3,206,1727.0,1009.0
3,207,1727.0,1009.0
3,208,1727.0,1009.0
3,209,1727.0,1009.0
3,210,1727.0,1009.0
3,211,1727.0,1009.0
3,212,1727.0,1009.0
3,213,1727.0,1009.0
3,214,1727.0,1009.0
3,215,1727.0,1009.0
3,216,1727.0,1009.0
3,217,1727.0,1009.0
3,218,1727.0,1009.0
3,219,1727.0,1009.0
3,220,1727.0,1009.0
3,221,1727.0,1009.0
3,222,1727.0,1009.0
3,223,1727.0,1009.0
3,224,1727.0,1009.0
3,225,1727.0,1009.0
3,226,1727.0,1009.0
3,227,1727.0,1009.0
3,228,1727.0,1009.0
3,229,1727.0,1009.0
3,230,1727.0,1009.0
3,231,1727.0,1009.0
3,232,1727.0,1009.0
3,233,1727.0,1009.0
3,234,1727.0,1009.0
3,235,1727.0,1009.0
3,236,1727.0,1009.0
3,237,1727.0,1009.0
3,238,1727.0,1009.0
3,239,1727.0,1009.0
3,240,1727.0,1009.0
3,241,1727.0,1009.0
3,242,1727.0,1009.0
3,243,1727.0,1009.0
3,244,1727.0,1009.0
3,245,1727.0,1009.0
3,246,1727.0,1009.0
3,247,1727.0,1009.0
3,248,1727.0,1009.0
3,249,1727.0,1009.0
3,250,1727.0,1009.0
3,251,1727.0,1009.0
3,252,1727.0,1009.0
3,253,1727.0,1009.0
3,254,1727.0,1009.0
3,255,1727.0,1009.0
3,256,1727.0,1009.0
3,257,1727.0,1009.0
3,258,1727.0,1009.0
3,259,1727.0,1009.0
3,260,1727.0,1009.0
3,261,1727.0,1009.0
3,262,1727.0,1009.0
3,263,1727.0,1009.0
3,264,1727.0,1009.0
3,265,1727.0,1009.0
3,266,1727.0,1009.0
3,267,1727.0,1009.0
3,268,1727.0,1009.0
3,269,1727.0,1009.0
3,270,1727.0,1009.0
3,271,1727.0,1009.0
3,272,1727.0,1009.0
3,273,1727.0,1009.0
3,274,1727.0,1009.0
3,275,1727.0,1009.0
3,276,1727.0,1009.0
3,277,1727.0,1009.0
3,278,1727.0,1009.0
3,279,1727.0,1009.0
3,280,1727.0,1009.0
3,281,1727.0,1009.0
3,282,1727.0,1009.0
3,283,1727.0,1009.0
3,284,1727.0,1009.0
3,285,1727.0,1009.0
3,286,1727.0,1009.0
3,287,1727.0,1009.0
3,288,1727.0,1009.0
3,289,1727.0,1009.0
3,290,1727.0,1009.0
3,291,1727.0,1009.0
3,292,1727.0,1009.0
3,293,1727.0,1009.0
3,294,1727.0,1009.0
3,295,1727.0,1009.0
3,296,1727.0,1009.0
3,297,1727.0,1009.0
3,298,1727.0,1009.0
3,299,1727.0,1009.0
3,300,1727.0,1009.0
3,301,1727.0,1009.0
3,302,1727.0,1009.0
3,303,1727.0,1009.0
3,304,1727.0,1009.0
3,305,1727.0,1009.0
3,306,1727.0,1009.0
3,307,1727.0,1009.0
3,308,1727.0,1009.0
3,309,1727.0,1009.0
3,310,1727.0,1009.0
3,311,1727.0,1009.0
3,312,1727.0,1009.0
3,313,1727.0,1009.0
3,314,1727.0,1009.0
3,315,1727.0,1009.0
3,316,1727.0,1009.0
3,317,1727.0,1009.0
3,318,1727.0,1009.0
3,319,1727.0,1009.0
3,320,1727.0,1009.0
3,321,1727.0,1009.0
3,322,1727.0,1009.0
3,323,1727.0,1009.0
3,324,1727.0,1009.0
3,325,1727.0,1009.0
3,326,1727.0,1009.0
3,327,1727.0,1009.0
3,328,1727.0,1009.0
3,329,1727.0,1009.0
3,330,1727.0,1009.0
3,331,1727.0,1009.0
3,332,1727.0,1009.0
3,333,1727.0,1009.0
3,334,1727.0,1009.0
3,335,1727.0,1009.0
3,336,1727.0,1009.0
3,337,1727.0,1009.0
3,338,1727.0,1009.0
3,339,1727.0,1009.0
3,340,1727.0,1009.0
3,341,1727.0,1009.0
3,342,1727.0,1009.0
3,343,1727.0,1009.0
3,344,1727.0,1009.0
3,345,1727.0,1009.0
3,346,1727.0,1009.0
3,347,1727.0,1009.0
3,348,1727.0,1009.0
3,349,1727.0,1009.0
3,350,1727.0,1009.0
3,351,1727.0,1009.0
3,352,1727.0,1009.0
3,353,1727.0,1009.0
3,354,1727.0,1009.0
3,355,1727.0,1009.0
3,356,1727.0,1009.0
3,357,1727.0,1009.0
3,358,1727.0,1009.0
3,359,1727.0,1009.0
4,0,1526.0,2420.0
4,1,1526.0,2420.0
4,2,1526.0,2420.0
4,3,1526.0,2420.0
4,4,1526.0,2420.0
4,5,1526.0,2420.0
4,6,1526.0,2420.0
4,7,1526.0,2420.0
4,8,1526.0,2420.0
4,9,1526.0,2420.0
4,10,1526.0,2420.0
4,11,1526.0,2420.0
4,12,1526.0,2420.0
4,13,1526.0,2420.0
4,14,1526.0,2420.0
4,15,1526.0,2420.0
4,16,1526.0,2420.0
4,17,1526.0,2420.0
4,18,1526.0,2420.0
4,19,1526.0,2420.0
4,20,1526.0,2420.0
4,21,1526.0,2420.0
4,22,1526.0,2420.0
4,23,1526.0,2420.0
4,24,1526.0,2420.0
4,25,1526.0,2420.0
4,26,1526.0,2420.0
4,27,1526.0,2420.0
4,28,1526.0,2420.0
4,29,1526.0,2420.0
4,30,1526.0,2420.0
4,31,1526.0,2420.0
4,32,1526.0,2420.0
4,33,1526.0,2420.0
4,34,1526.0,2420.0
4,35,1526.0,2420.0
4,36,1526.0,2420.0
4,37,1526.0,2420.0
4,38,1526.0,2420.0
4,39,1526.0,2420.0
4,40,1526.0,2420.0
4,41,1526.0,2420.0
4,42,1526.0,2420.0
4,43,1526.0,2420.0
4,44,1526.0,2420.0
4,45,1526.0,2420.0
4,46,1526.0,2420.0
4,47,1526.0,2420.0
4,48,1526.0,2420.0
4,49,1526.0,2420.0
4,50,1526.0,2420.0
4,51,1526.0,2420.0
4,52,1526.0,2420.0
4,53,1526.0,2420.0
4,54,1526.0,2420.0
4,55,1526.0,2420.0
4,56,1526.0,2420.0
4,57,1526.0,2420.0
4,58,1526.0,2420.0
4,59,1526.0,2420.0
4,60,1526.0,2420.0
4,61,1526.0,2420.0
4,62,1526.0,2420.0
4,63,1526.0,2420.0
4,64,1526.0,2420.0
4,65,1526.0,2420.0
4,66,1526.0,2420.0
4,67,1526.0,2420.0
4,68,1526.0,2420.0
4,69,1526.0,2420.0
4,70,1526.0,2420.0
4,71,1526.0,2420.0
4,72,1526.0,2420.0
4,73,1526.0,2420.0
4,74,1526.0,2420.0
4,75,1526.0,2420.0
4,76,1526.0,2420.0
4,77,1526.0,2420.0
4,78,1526.0,2420.0
4,79,1526.0,2420.0
4,80,1526.0,2420.0
4,81,1526.0,2420.0
4,82,1526.0,2420.0
4,83,1526.0,2420.0
4,84,1526.0,2420.0
4,85,1526.0,2420.0
4,86,1526.0,2420.0
4,87,1526.0,2420.0
4,88,1526.0,2420.0
4,89,1526.0,2420.0
4,90,1526.0,2420.0
4,91,1526.0,2420.0
4,92,1526.0,2420.0
4,93,1526.0,2420.0
4,94,1526.0,2420.0
4,95,1526.0,2420.0
4,96,1526.0,2420.0
4,97,1526.0,2420.0
4,98,1526.0,2420.0
4,99,1526.0,2420.0
4,100,1526.0,2420.0
4,101,1526.0,2420.0
4,102,1526.0,2420.0
4,103,1526.0,2420.0
4,104,1526.0,2420.0
4,105,1526.0,2420.0
4,106,1526.0,2420.0
4,107,1526.0,2420.0
4,108,1526.0,2420.0
4,109,1526.0,2420.0
4,110,1526.0,2420.0
4,111,1526.0,2420.0
4,112,1526.0,2420.0
4,113,1526.0,2420.0
4,114,1526.0,2420.0
4,115,1526.0,2420.0
4,116,1526.0,2420.0
4,117,1526.0,2420.0
4,118,1526.0,2420.0
4,119,1526.0,2420.0
4,120,1526.0,2420.0
4,121,1526.0,2420.0
4,122,1526.0,2420.0
4,123,1526.0,2420.0
4,124,1526.0,2420.0
4,125,1526.0,2420.0
4,126,1526.0,2420.0
4,127,1526.0,2420.0
4,128,1526.0,2420.0
4,129,1526.0,2420.0
4,130,1526.0,2420.0
4,131,1526.0,2420.0
4,132,1526.0,2420.0
4,133,1526.0,2420.0
4,134,1526.0,2420.0
4,135,1526.0,2420.0
4,136,1526.0,2420.0
4,137,1526.0,2420.0
4,138,1526.0,2420.0
4,139,1526.0,2420.0
4,140,1526.0,2420.0
4,141,1526.0,2420.0
4,142,1526.0,2420.0
4,143,1526.0,2420.0
4,144,1526.0,2420.0
4,145,1526.0,2420.0
4,146,1526.0,2420.0
4,147,1526.0,2420.0
4,148,1526.0,2420.0
4,149,1526.0,2420.0
4,150,1526.0,2420.0
4,151,1526.0,2420.0
4,152,1526.0,2420.0
4,153,1526.0,2420.0
4,154,1526.0,2420.0
4,155,1526.0,2420.0
4,156,1526.0,2420.0
4,157,1526.0,2420.0
4,158,1526.0,2420.0
4,159,1526.0,2420.0
4,160,1526.0,2420.0
4,161,1526.0,2420.0
4,162,1526.0,2420.0
4,163,1526.0,2420.0
4,164,1526.0,2420.0
4,165,1526.0,2420.0
4,166,1526.0,2420.0
4,167,1526.0,2420.0
4,168,1526.0,2420.0
4,169,1526.0,2420.0
4,170,1526.0,2420.0
4,171,1526.0,2420.0
4,172,1526.0,2420.0
4,173,1526.0,2420.0
4,174,1526.0,2420.0
4,175,1526.0,2420.0
4,176,1526.0,2420.0
4,177,1526.0,2420.0
4,178,1526.0,2420.0
4,179,1526.0,2420.0
4,180,1526.0,2420.0
4,181,1526.0,2420.0
4,182,1526.0,2420.0
4,183,1526.0,2420.0
4,184,1526.0,2420.0
4,185,1526.0,2420.0
4,186,1526.0,2420.0
4,187,1526.0,2420.0
4,188,1526.0,2420.0
4,189,1526.0,2420.0
4,190,1526.0,2420.0
4,191,1526.0,2420.0
4,192,1526.0,2420.0
4,193,1526.0,2420.0
4,194,1526.0,2420.0
4,195,1526.0,2420.0
4,196,1526.0,2420.0
4,197,1526.0,2420.0
4,198,1526.0,2420.0
4,199,1526.0,2420.0
4,200,1526.0,2420.0
4,201,1526.0,2420.0
4,202,1526.0,2420.0
4,203,1526.0,2420.0
4,204,1526.0,2420.0
4,205,1526.0,2420.0
4,206,1526.0,2420.0
4,207,1526.0,2420.0
4,208,1526.0,2420.0
4,209,1526.0,2420.0
4,210,1526.0,2420.0
4,211,1526.0,2420.0
4,212,1526.0,2420.0
4,213,1526.0,2420.0
4,214,1526.0,2420.0
4,215,1526.0,2420.0
4,216,1526.0,2420.0
4,217,1526.0,2420.0
4,218,1526.0,2420.0
4,219,1526.0,2420.0
4,220,1526.0,2420.0
4,221,1526.0,2420.0
4,222,1526.0,2420.0
4,223,1526.0,2420.0
4,224,1526.0,2420.0
4,225,1526.0,2420.0
4,226,1526.0,2420.0
4,227,1526.0,2420.0
4,228,1526.0,2420.0
4,229,1526.0,2420.0
4,230,1526.0,2420.0
4,231,1526.0,2420.0
4,232,1526.0,2420.0
4,233,1526.0,2420.0
4,234,1526.0,2420.0
4,235,1526.0,2420.0
4,236,1526.0,2420.0
4,237,1526.0,2420.0
4,238,1526.0,2420.0
4,239,1526.0,2420.0
4,240,1526.0,2420.0
4,241,1526.0,2420.0
4,242,1526.0,2420.0
4,243,1526.0,2420.0
4,244,1526.0,2420.0
4,245,1526.0,2420.0
4,246,1526.0,2420.0
4,247,1526.0,2420.0
4,248,1526.0,2420.0
4,249,1526.0,2420.0
4,250,1526.0,2420.0
4,251,1526.0,2420.0
4,252,1526.0,2420.0
4,253,1526.0,2420.0
4,254,1526.0,2420.0
4,255,1526.0,2420.0
4,256,1526.0,2420.0
4,257,1526.0,2420.0
4,258,1526.0,2420.0
4,259,1526.0,2420.0
4,260,1526.0,2420.0
4,261,1526.0,2420.0
4,262,1526.0,2420.0
4,263,1526.0,2420.0
4,264,1526.0,2420.0
4,265,1526.0,2420.0
4,266,1526.0,2420.0
4,267,1526.0,2420.0
4,268,1526.0,2420.0
4,269,1526.0,2420.0
4,270,1526.0,2420.0
4,271,1526.0,2420.0
4,272,1526.0,2420.0
4,273,1526.0,2420.0
4,274,1526.0,2420.0
4,275,1526.0,2420.0
4,276,1526.0,2420.0
4,277,1526.0,2420.0
4,278,1526.0,2420.0
4,279,1526.0,2420.0
4,280,1526.0,2420.0
4,281,1526.0,2420.0
4,282,1526.0,2420.0
4,283,1526.0,2420.0
4,284,1526.0,2420.0
4,285,1526.0,2420.0
4,286,1526.0,2420.0
4,287,1526.0,2420.0
4,288,1526.0,2420.0
4,289,1526.0,2420.0
4,290,1526.0,2420.0
4,291,1526.0,2420.0
4,292,1526.0,2420.0
4,293,1526.0,2420.0
4,294,1526.0,2420.0
4,295,1526.0,2420.0
4,296,1526.0,2420.0
4,297,1526.0,2420.0
4,298,1526.0,2420.0
4,299,1526.0,2420.0
4,300,1526.0,2420.0
4,301,1526.0,2420.0
4,302,1526.0,2420.0
4,303,1526.0,2420.0
4,304,1526.0,2420.0
4,305,1526.0,2420.0
4,306,1526.0,2420.0
4,307,1526.0,2420.0
4,308,1526.0,2420.0
4,309,1526.0,2420.0
4,310,1526.0,2420.0
4,311,1526.0,2420.0
4,312,1526.0,2420.0
4,313,1526.0,2420.0
4,314,1526.0,2420.0
4,315,1526.0,2420.0
4,316,1526.0,2420.0
4,317,1526.0,2420.0
4,318,1526.0,2420.0
4,319,1526.0,2420.0
4,320,1526.0,2420.0
4,321,1526.0,2420.0
4,322,1526.0,2420.0
4,323,1526.0,2420.0
4,324,1526.0,2420.0
4,325,1526.0,2420.0
4,326,1526.0,2420.0
4,327,1526.0,2420.0
4,328,1526.0,2420.0
4,329,1526.0,2420.0
4,330,1526.0,2420.0
4,331,1526.0,2420.0
4,332,1526.0,2420.0
4,333,1526.0,2420.0
4,334,1526.0,2420.0
4,335,1526.0,2420.0
4,336,1526.0,2420.0
4,337,1526.0,2420.0
4,338,1526.0,2420.0
4,339,1526.0,2420.0
4,340,1526.0,2420.0
4,341,1526.0,2420.0
4,342,1526.0,2420.0
4,343,1526.0,2420.0
4,344,1526.0,2420.0
4,345,1526.0,2420.0
4,346,1526.0,2420.0
4,347,1526.0,2420.0
4,348,1526.0,2420.0
4,349,1526.0,2420.0
4,350,1526.0,2420.0
4,351,1526.0,2420.0
4,352,1526.0,2420.0
4,353,1526.0,2420.0
4,354,1526.0,2420.0
4,355,1526.0,2420.0
4,356,1526.0,2420.0
4,357,1526.0,2420.0
4,358,1526.0,2420.0
4,359,1526.0,2420.0
5,0,2284.0,2001.0
5,1,2284.0,2001.0
5,2,2284.0,2001.0
5,3,2284.0,2001.0
5,4,2284.0,2001.0
5,5,2284.0,2001.0
5,6,2284.0,2001.0
5,7,2284.0,2001.0
5,8,2284.0,2001.0
5,9,2284.0,2001.0
5,10,2284.0,2001.0
5,11,2284.0,2001.0
5,12,2284.0,2001.0
5,13,2284.0,2001.0
5,14,2284.0,2001.0
5,15,2284.0,2001.0
5,16,2284.0,2001.0
5,17,2284.0,2001.0
5,18,2284.0,2001.0
5,19,2284.0,2001.0
5,20,2284.0,2001.0
5,21,2284.0,2001.0
5,22,2284.0,2001.0
5,23,2284.0,2001.0
5,24,2284.0,2001.0
5,25,2284.0,2001.0
5,26,2284.0,2001.0
5,27,2284.0,2001.0
5,28,2284.0,2001.0
5,29,2284.0,2001.0
5,30,2284.0,2001.0
5,31,2284.0,2001.0
5,32,2284.0,2001.0
5,33,2284.0,2001.0
5,34,2284.0,2001.0
5,35,2284.0,2001.0
5,36,2284.0,2001.0
5,37,2284.0,2001.0
5,38,2284.0,2001.0
5,39,2284.0,2001.0
5,40,2284.0,2001.0
5,41,2284.0,2001.0
5,42,2284.0,2001.0
5,43,2284.0,2001.0
5,44,2284.0,2001.0
5,45,2284.0,2001.0
5,46,2284.0,2001.0
5,47,2284.0,2001.0
5,48,2284.0,2001.0
5,49,2284.0,2001.0
5,50,2284.0,2001.0
5,51,2284.0,2001.0
5,52,2284.0,2001.0
5,53,2284.0,2001.0
5,54,2284.0,2001.0
5,55,2284.0,2001.0
5,56,2284.0,2001.0
5,57,2284.0,2001.0
5,58,2284.0,2001.0
5,59,2284.0,2001.0
5,60,2284.0,2001.0
5,61,2284.0,2001.0
5,62,2284.0,2001.0
5,63,2284.0,2001.0
5,64,2284.0,2001.0
5,65,2284.0,2001.0
5,66,2284.0,2001.0
5,67,2284.0,2001.0
5,68,2284.0,2001.0
5,69,2284.0,2001.0
5,70,2284.0,2001.0
5,71,2284.0,2001.0
5,72,2284.0,2001.0
5,73,2284.0,2001.0
5,74,2284.0,2001.0
5,75,2284.0,2001.0
5,76,2284.0,2001.0
5,77,2284.0,2001.0
5,78,2284.0,2001.0
5,79,2284.0,2001.0
5,80,2284.0,2001.0
5,81,2284.0,2001.0
5,82,2284.0,2001.0
5,83,2284.0,2001.0
5,84,2284.0,2001.0
5,85,2284.0,2001.0
5,86,2284.0,2001.0
5,87,2284.0,2001.0
5,88,2284.0,2001.0
5,89,2284.0,2001.0
5,90,2284.0,2001.0
5,91,2284.0,2001.0
5,92,2284.0,2001.0
5,93,2284.0,2001.0
5,94,2284.0,2001.0
5,95,2284.0,2001.0
5,96,2284.0,2001.0
5,97,2284.0,2001.0
5,98,2284.0,2001.0
5,99,2284.0,2001.0
5,100,2284.0,2001.0
5,101,2284.0,2001.0
5,102,2284.0,2001.0
5,103,2284.0,2001.0
5,104,2284.0,2001.0
5,105,2284.0,2001.0
5,106,2284.0,2001.0
5,107,2284.0,2001.0
5,108,2284.0,2001.0
5,109,2284.0,2001.0
5,110,2284.0,2001.0
5,111,2284.0,2001.0
5,112,2284.0,2001.0
5,113,2284.0,2001.0
5,114,2284.0,2001.0
5,115,2284.0,2001.0
5,116,2284.0,2001.0
5,117,2284.0,2001.0
5,118,2284.0,2001.0
5,119,2284.0,2001.0
5,120,2284.0,2001.0
5,121,2284.0,2001.0
5,122,2284.0,2001.0
5,123,2284.0,2001.0
5,124,2284.0,2001.0
5,125,2284.0,2001.0
5,126,2284.0,2001.0
5,127,2284.0,2001.0
5,128,2284.0,2001.0
5,129,2284.0,2001.0
5,130,2284.0,2001.0
5,131,2284.0,2001.0
5,132,2284.0,2001.0
5,133,2284.0,2001.0
5,134,2284.0,2001.0
5,135,2284.0,2001.0
5,136,2284.0,2001.0
5,137,2284.0,2001.0
5,138,2284.0,2001.0
5,139,2284.0,2001.0
5,140,2284.0,2001.0
5,141,2284.0,2001.0
5,142,2284.0,2001.0
5,143,2284.0,2001.0
5,144,2284.0,2001.0
5,145,2284.0,2001.0
5,146,2284.0,2001.0
5,147,2284.0,2001.0
5,148,2284.0,2001.0
5,149,2284.0,2001.0
5,150,2284.0,2001.0
5,151,2284.0,2001.0
5,152,2284.0,2001.0
5,153,2284.0,2001.0
5,154,2284.0,2001.0
5,155,2284.0,2001.0
5,156,2284.0,2001.0
5,157,2284.0,2001.0
5,158,2284.0,2001.0
5,159,2284.0,2001.0
5,160,2284.0,2001.0
5,161,2284.0,2001.0
5,162,2284.0,2001.0
5,163,2284.0,2001.0
5,164,2284.0,2001.0
5,165,2284.0,2001.0
5,166,2284.0,2001.0
5,167,2284.0,2001.0
5,168,2284.0,2001.0
5,169,2284.0,2001.0
5,170,2284.0,2001.0
5,171,2284.0,2001.0
5,172,2284.0,2001.0
5,173,2284.0,2001.0
5,174,2284.0,2001.0
5,175,2284.0,2001.0
5,176,2284.0,2001.0
5,177,2284.0,2001.0
5,178,2284.0,2001.0
5,179,2284.0,2001.0
5,180,2284.0,2001.0
5,181,2284.0,2001.0
5,182,2284.0,2001.0
5,183,2284.0,2001.0
5,184,2284.0,2001.0
5,185,2284.0,2001.0
5,186,2284.0,2001.0
5,187,2284.0,2001.0
5,188,2284.0,2001.0
5,189,2284.0,2001.0
5,190,2284.0,2001.0
5,191,2284.0,2001.0
5,192,2284.0,2001.0
5,193,2284.0,2001.0
5,194,2284.0,2001.0
5,195,2284.0,2001.0
5,196,2284.0,2001.0
5,197,2284.0,2001.0
5,198,2284.0,2001.0
5,199,2284.0,2001.0
5,200,2284.0,2001.0
5,201,2284.0,2001.0
5,202,2284.0,2001.0
5,203,2284.0,2001.0
5,204,2284.0,2001.0
5,205,2284.0,2001.0
5,206,2284.0,2001.0
5,207,2284.0,2001.0
5,208,2284.0,2001.0
5,209,2284.0,2001.0
5,210,2284.0,2001.0
5,211,2284.0,2001.0
5,212,2284.0,2001.0
5,213,2284.0,2001.0
5,214,2284.0,2001.0
5,215,2284.0,2001.0
5,216,2284.0,2001.0
5,217,2284.0,2001.0
5,218,2284.0,2001.0
5,219,2284.0,2001.0
5,220,2284.0,2001.0
5,221,2284.0,2001.0
5,222,2284.0,2001.0
5,223,2284.0,2001.0
5,224,2284.0,2001.0
5,225,2284.0,2001.0
5,226,2284.0,2001.0
5,227,2284.0,2001.0
5,228,2284.0,2001.0
5,229,2284.0,2001.0
5,230,2284.0,2001.0
5,231,2284.0,2001.0
5,232,2284.0,2001.0
5,233,2284.0,2001.0
5,234,2284.0,2001.0
5,235,2284.0,2001.0
5,236,2284.0,2001.0
5,237,2284.0,2001.0
5,238,2284.0,2001.0
5,239,2284.0,2001.0
5,240,2284.0,2001.0
5,241,2284.0,2001.0
5,242,2284.0,2001.0
5,243,2284.0,2001.0
5,244,2284.0,2001.0
5,245,2284.0,2001.0
5,246,2284.0,2001.0
5,247,2284.0,2001.0
5,248,2284.0,2001.0
5,249,2284.0,2001.0
5,250,2284.0,2001.0
5,251,2284.0,2001.0
5,252,2284.0,2001.0
5,253,2284.0,2001.0
5,254,2284.0,2001.0
5,255,2284.0,2001.0
5,256,2284.0,2001.0
5,257,2284.0,2001.0
5,258,2284.0,2001.0
5,259,2284.0,2001.0
5,260,2284.0,2001.0
5,261,2284.0,2001.0
5,262,2284.0,2001.0
5,263,2284.0,2001.0
5,264,2284.0,2001.0
5,265,2284.0,2001.0
5,266,2284.0,2001.0
5,267,2284.0,2001.0
5,268,2284.0,2001.0
5,269,2284.0,2001.0
5,270,2284.0,2001.0
5,271,2284.0,2001.0
5,272,2284.0,2001.0
5,273,2284.0,2001.0
5,274,2284.0,2001.0
5,275,2284.0,2001.0
5,276,2284.0,2001.0
5,277,2284.0,2001.0
5,278,2284.0,2001.0
5,279,2284.0,2001.0
5,280,2284.0,2001.0
5,281,2284.0,2001.0
5,282,2284.0,2001.0
5,283,2284.0,2001.0
5,284,2284.0,2001.0
5,285,2284.0,2001.0
5,286,2284.0,2001.0
5,287,2284.0,2001.0
5,288,2284.0,2001.0
5,289,2284.0,2001.0
5,290,2284.0,2001.0
5,291,2284.0,2001.0
5,292,2284.0,2001.0
5,293,2284.0,2001.0
5,294,2284.0,2001.0
5,295,2284.0,2001.0
5,296,2284.0,2001.0
5,297,2284.0,2001.0
5,298,2284.0,2001.0
5,299,2284.0,2001.0
5,300,2284.0,2001.0
5,301,2284.0,2001.0
5,302,2284.0,2001.0
5,303,2284.0,2001.0
5,304,2284.0,2001.0
5,305,2284.0,2001.0
5,306,2284.0,2001.0
5,307,2284.0,2001.0
5,308,2284.0,2001.0
5,309,2284.0,2001.0
5,310,2284.0,2001.0
5,311,2284.0,2001.0
5,312,2284.0,2001.0
5,313,2284.0,2001.0
5,314,2284.0,2001.0
5,315,2284.0,2001.0
5,316,2284.0,2001.0
5,317,2284.0,2001.0
5,318,2284.0,2001.0
5,319,2284.0,2001.0
5,320,2284.0,2001.0
5,321,2284.0,2001.0
5,322,2284.0,2001.0
5,323,2284.0,2001.0
5,324,2284.0,2001.0
5,325,2284.0,2001.0
5,326,2284.0,2001.0
5,327,2284.0,2001.0
5,328,2284.0,2001.0
5,329,2284.0,2001.0
5,330,2284.0,2001.0
5,331,2284.0,2001.0
5,332,2284.0,2001.0
5,333,2284.0,2001.0
5,334,2284.0,2001.0
5,335,2284.0,2001.0
5,336,2284.0,2001.0
5,337,2284.0,2001.0
5,338,2284.0,2001.0
5,339,2284.0,2001.0
5,340,2284.0,2001.0
5,341,2284.0,2001.0
5,342,2284.0,2001.0
5,343,2284.0,2001.0
5,344,2284.0,2001.0
5,345,2284.0,2001.0
5,346,2284.0,2001.0
5,347,2284.0,2001.0
5,348,2284.0,2001.0
5,349,2284.0,2001.0
5,350,2284.0,2001.0
5,351,2284.0,2001.0
5,352,2284.0,2001.0
5,353,2284.0,2001.0
5,354,2284.0,2001.0
5,355,2284.0,2001.0
5,356,2284.0,2001.0
5,357,2284.0,2001.0
5,358,2284.0,2001.0
5,359,2284.0,2001.0
6,0,1712.0,1592.0
6,1,1712.0,1592.0
6,2,1712.0,1592.0
6,3,1712.0,1592.0
6,4,1712.0,1592.0
6,5,1712.0,1592.0
6,6,1712.0,1592.0
6,7,1712.0,1592.0
6,8,1712.0,1592.0
6,9,1712.0,1592.0
6,10,1712.0,1592.0
6,11,1712.0,1592.0
6,12,1712.0,1592.0
6,13,1712.0,1592.0
6,14,1712.0,1592.0
6,15,1712.0,1592.0
6,16,1712.0,1592.0
6,17,1712.0,1592.0
6,18,1712.0,1592.0
6,19,1712.0,1592.0
6,20,1712.0,1592.0
6,21,1712.0,1592.0
6,22,1712.0,1592.0
6,23,1712.0,1592.0
6,24,1712.0,1592.0
6,25,1712.0,1592.0
6,26,1712.0,1592.0
6,27,1712.0,1592.0
6,28,1712.0,1592.0
6,29,1712.0,1592.0
6,30,1712.0,1592.0
6,31,1712.0,1592.0
6,32,1712.0,1592.0
6,33,1712.0,1592.0
6,34,1712.0,1592.0
6,35,1712.0,1592.0
6,36,1712.0,1592.0
6,37,1712.0,1592.0
6,38,1712.0,1592.0
6,39,1712.0,1592.0
6,40,1712.0,1592.0
6,41,1712.0,1592.0
6,42,1712.0,1592.0
6,43,1712.0,1592.0
6,44,1712.0,1592.0
6,45,1712.0,1592.0
6,46,1712.0,1592.0
6,47,1712.0,1592.0
6,48,1712.0,1592.0
6,49,1712.0,1592.0
6,50,1712.0,1592.0
6,51,1712.0,1592.0
6,52,1712.0,1592.0
6,53,1712.0,1592.0
6,54,1712.0,1592.0
6,55,1712.0,1592.0
6,56,1712.0,1592.0
6,57,1712.0,1592.0
6,58,1712.0,1592.0
6,59,1712.0,1592.0
6,60,1712.0,1592.0
6,61,1712.0,1592.0
6,62,1712.0,1592.0
6,63,1712.0,1592.0
6,64,1712.0,1592.0
6,65,1712.0,1592.0
6,66,1712.0,1592.0
6,67,1712.0,1592.0
6,68,1712.0,1592.0
6,69,1712.0,1592.0
6,70,1712.0,1592.0
6,71,1712.0,1592.0
6,72,1712.0,1592.0
6,73,1712.0,1592.0
6,74,1712.0,1592.0
6,75,1712.0,1592.0
6,76,1712.0,1592.0
6,77,1712.0,1592.0
6,78,1712.0,1592.0
6,79,1712.0,1592.0
6,80,1712.0,1592.0
6,81,1712.0,1592.0
6,82,1712.0,1592.0
6,83,1712.0,1592.0
6,84,1712.0,1592.0
6,85,1712.0,1592.0
6,86,1712.0,1592.0
6,87,1712.0,1592.0
6,88,1712.0,1592.0
6,89,1712.0,1592.0
6,90,1712.0,1592.0
6,91,1712.0,1592.0
6,92,1712.0,1592.0
6,93,1712.0,1592.0
6,94,1712.0,1592.0
6,95,1712.0,1592.0
6,96,1712.0,1592.0
6,97,1712.0,1592.0
6,98,1712.0,1592.0
6,99,1712.0,1592.0
6,100,1712.0,1592.0
6,101,1712.0,1592.0
6,102,1712.0,1592.0
6,103,1712.0,1592.0
6,104,1712.0,1592.0
6,105,1712.0,1592.0
6,106,1712.0,1592.0
6,107,1712.0,1592.0
6,108,1712.0,1592.0
6,109,1712.0,1592.0
6,110,1712.0,1592.0
6,111,1712.0,1592.0
6,112,1712.0,1592.0
6,113,1712.0,1592.0
6,114,1712.0,1592.0
6,115,1712.0,1592.0
6,116,1712.0,1592.0
6,117,1712.0,1592.0
6,118,1712.0,1592.0
6,119,1712.0,1592.0
6,120,1712.0,1592.0
6,121,1712.0,1592.0
6,122,1712.0,1592.0
6,123,1712.0,1592.0
6,124,1712.0,1592.0
6,125,1712.0,1592.0
6,126,1712.0,1592.0
6,127,1712.0,1592.0
6,128,1712.0,1592.0
6,129,1712.0,1592.0
6,130,1712.0,1592.0
6,131,1712.0,1592.0
6,132,1712.0,1592.0
6,133,1712.0,1592.0
6,134,1712.0,1592.0
6,135,1712.0,1592.0
6,136,1712.0,1592.0
6,137,1712.0,1592.0
6,138,1712.0,1592.0
6,139,1712.0,1592.0
6,140,1712.0,1592.0
6,141,1712.0,1592.0
6,142,1712.0,1592.0
6,143,1712.0,1592.0
6,144,1712.0,1592.0
6,145,1712.0,1592.0
6,146,1712.0,1592.0
6,147,1712.0,1592.0
6,148,1712.0,1592.0
6,149,1712.0,1592.0
6,150,1712.0,1592.0
6,151,1712.0,1592.0
6,152,1712.0,1592.0
6,153,1712.0,1592.0
6,154,1712.0,1592.0
6,155,1712.0,1592.0
6,156,1712.0,1592.0
6,157,1712.0,1592.0
6,158,1712.0,1592.0
6,159,1712.0,1592.0
6,160,1712.0,1592.0
6,161,1712.0,1592.0
6,162,1712.0,1592.0
6,163,1712.0,1592.0
6,164,1712.0,1592.0
6,165,1712.0,1592.0
6,166,1712.0,1592.0
6,167,1712.0,1592.0
6,168,1712.0,1592.0
6,169,1712.0,1592.0
6,170,1712.0,1592.0
6,171,1712.0,1592.0
6,172,1712.0,1592.0
6,173,1712.0,1592.0
6,174,1712.0,1592.0
6,175,1712.0,1592.0
6,176,1712.0,1592.0
6,177,1712.0,1592.0
6,178,1712.0,1592.0
6,179,1712.0,1592.0
6,180,1712.0,1592.0
6,181,1712.0,1592.0
6,182,1712.0,1592.0
6,183,1712.0,1592.0
6,184,1712.0,1592.0
6,185,1712.0,1592.0
6,186,1712.0,1592.0
6,187,1712.0,1592.0
6,188,1712.0,1592.0
6,189,1712.0,1592.0
6,190,1712.0,1592.0
6,191,1712.0,1592.0
6,192,1712.0,1592.0
6,193,1712.0,1592.0
6,194,1712.0,1592.0
6,195,1712.0,1592.0
6,196,1712.0,1592.0
6,197,1712.0,1592.0
6,198,1712.0,1592.0
6,199,1712.0,1592.0
6,200,1712.0,1592.0
6,201,1712.0,1592.0
6,202,1712.0,1592.0
6,203,1712.0,1592.0
6,204,1712.0,1592.0
6,205,1712.0,1592.0
6,206,1712.0,1592.0
6,207,1712.0,1592.0
6,208,1712.0,1592.0
6,209,1712.0,1592.0
6,210,1712.0,1592.0
6,211,1712.0,1592.0
6,212,1712.0,1592.0
6,213,1712.0,1592.0
6,214,1712.0,1592.0
6,215,1712.0,1592.0
6,216,1712.0,1592.0
6,217,1712.0,1592.0
6,218,1712.0,1592.0
6,219,1712.0,1592.0
6,220,1712.0,1592.0
6,221,1712.0,1592.0
6,222,1712.0,1592.0
6,223,1712.0,1592.0
6,224,1712.0,1592.0
6,225,1712.0,1592.0
6,226,1712.0,1592.0
6,227,1712.0,1592.0
6,228,1712.0,1592.0
6,229,1712.0,1592.0
6,230,1712.0,1592.0
6,231,1712.0,1592.0
6,232,1712.0,1592.0
6,233,1712.0,1592.0
6,234,1712.0,1592.0
6,235,1712.0,1592.0
6,236,1712.0,1592.0
6,237,1712.0,1592.0
6,238,1712.0,1592.0
6,239,1712.0,1592.0
6,240,1712.0,1592.0
6,241,1712.0,1592.0
6,242,1712.0,1592.0
6,243,1712.0,1592.0
6,244,1712.0,1592.0
6,245,1712.0,1592.0
6,246,1712.0,1592.0
6,247,1712.0,1592.0
6,248,1712.0,1592.0
6,249,1712.0,1592.0
6,250,1712.0,1592.0
6,251,1712.0,1592.0
6,252,1712.0,1592.0
6,253,1712.0,1592.0
6,254,1712.0,1592.0
6,255,1712.0,1592.0
6,256,1712.0,1592.0
6,257,1712.0,1592.0
6,258,1712.0,1592.0
6,259,1712.0,1592.0
6,260,1712.0,1592.0
6,261,1712.0,1592.0
6,262,1712.0,1592.0
6,263,1712.0,1592.0
6,264,1712.0,1592.0
6,265,1712.0,1592.0
6,266,1712.0,1592.0
6,267,1712.0,1592.0
6,268,1712.0,1592.0
6,269,1712.0,1592.0
6,270,1712.0,1592.0
6,271,1712.0,1592.0
6,272,1712.0,1592.0
6,273,1712.0,1592.0
6,274,1712.0,1592.0
6,275,1712.0,1592.0
6,276,1712.0,1592.0
6,277,1712.0,1592.0
6,278,1712.0,1592.0
6,279,1712.0,1592.0
6,280,1712.0,1592.0
6,281,1712.0,1592.0
6,282,1712.0,1592.0
6,283,1712.0,1592.0
6,284,1712.0,1592.0
6,285,1712.0,1592.0
6,286,1712.0,1592.0
6,287,1712.0,1592.0
6,288,1712.0,1592.0
6,289,1712.0,1592.0
6,290,1712.0,1592.0
6,291,1712.0,1592.0
6,292,1712.0,1592.0
6,293,1712.0,1592.0
6,294,1712.0,1592.0
6,295,1712.0,1592.0
6,296,1712.0,1592.0
6,297,1712.0,1592.0
6,298,1712.0,1592.0
6,299,1712.0,1592.0
6,300,1712.0,1592.0
6,301,1712.0,1592.0
6,302,1712.0,1592.0
6,303,1712.0,1592.0
6,304,1712.0,1592.0
6,305,1712.0,1592.0
6,306,1712.0,1592.0
6,307,1712.0,1592.0
6,308,1712.0,1592.0
6,309,1712.0,1592.0
6,310,1712.0,1592.0
6,311,1712.0,1592.0
6,312,1712.0,1592.0
6,313,1712.0,1592.0
6,314,1712.0,1592.0
6,315,1712.0,1592.0
6,316,1712.0,1592.0
6,317,1712.0,1592.0
6,318,1712.0,1592.0
6,319,1712.0,1592.0
6,320,1712.0,1592.0
6,321,1712.0,1592.0
6,322,1712.0,1592.0
6,323,1712.0,1592.0
6,324,1712.0,1592.0
6,325,1712.0,1592.0
6,326,1712.0,1592.0
6,327,1712.0,1592.0
6,328,1712.0,1592.0
6,329,1712.0,1592.0
6,330,1712.0,1592.0
6,331,1712.0,1592.0
6,332,1712.0,1592.0
6,333,1712.0,1592.0
6,334,1712.0,1592.0
6,335,1712.0,1592.0
6,336,1712.0,1592.0
6,337,1712.0,1592.0
6,338,1712.0,1592.0
6,339,1712.0,1592.0
6,340,1712.0,1592.0
6,341,1712.0,1592.0
6,342,1712.0,1592.0
6,343,1712.0,1592.0
6,344,1712.0,1592.0
6,345,1712.0,1592.0
6,346,1712.0,1592.0
6,347,1712.0,1592.0
6,348,1712.0,1592.0
6,349,1712.0,1592.0
6,350,1712.0,1592.0
6,351,1712.0,1592.0
6,352,1712.0,1592.0
6,353,1712.0,1592.0
6,354,1712.0,1592.0
6,355,1712.0,1592.0
6,356,1712.0,1592.0
6,357,1712.0,1592.0
6,358,1712.0,1592.0
6,359,1712.0,1592.0
7,0,2499.0,914.0
7,1,2499.0,914.0
7,2,2499.0,914.0
7,3,2499.0,914.0
7,4,2499.0,914.0
7,5,2499.0,914.0
7,6,2499.0,914.0
7,7,2499.0,914.0
7,8,2499.0,914.0
7,9,2499.0,914.0
7,10,2499.0,914.0
7,11,2499.0,914.0
7,12,2499.0,914.0
7,13,2499.0,914.0
7,14,2499.0,914.0
7,15,2499.0,914.0
7,16,2499.0,914.0
7,17,2499.0,914.0
7,18,2499.0,914.0
7,19,2499.0,914.0
7,20,2499.0,914.0
7,21,2499.0,914.0
7,22,2499.0,914.0
7,23,2499.0,914.0
7,24,2499.0,914.0
7,25,2499.0,914.0
7,26,2499.0,914.0
7,27,2499.0,914.0
7,28,2499.0,914.0
7,29,2499.0,914.0
7,30,2499.0,914.0
7,31,2499.0,914.0
7,32,2499.0,914.0
7,33,2499.0,914.0
7,34,2499.0,914.0
7,35,2499.0,914.0
7,36,2499.0,914.0
7,37,2499.0,914.0
7,38,2499.0,914.0
7,39,2499.0,914.0
7,40,2499.0,914.0
7,41,2499.0,914.0
7,42,2499.0,914.0
7,43,2499.0,914.0
7,44,2499.0,914.0
7,45,2499.0,914.0
7,46,2499.0,914.0
7,47,2499.0,914.0
7,48,2499.0,914.0
7,49,2499.0,914.0
7,50,2499.0,914.0
7,51,2499.0,914.0
7,52,2499.0,914.0
7,53,2499.0,914.0
7,54,2499.0,914.0
7,55,2499.0,914.0
7,56,2499.0,914.0
7,57,2499.0,914.0
7,58,2499.0,914.0
7,59,2499.0,914.0
7,60,2499.0,914.0
7,61,2499.0,914.0
7,62,2499.0,914.0
7,63,2499.0,914.0
7,64,2499.0,914.0
7,65,2499.0,914.0
7,66,2499.0,914.0
7,67,2499.0,914.0
7,68,2499.0,914.0
7,69,2499.0,914.0
7,70,2499.0,914.0
7,71,2499.0,914.0
7,72,2499.0,914.0
7,73,2499.0,914.0
7,74,2499.0,914.0
7,75,2499.0,914.0
7,76,2499.0,914.0
7,77,2499.0,914.0
7,78,2499.0,914.0
7,79,2499.0,914.0
7,80,2499.0,914.0
7,81,2499.0,914.0
7,82,2499.0,914.0
7,83,2499.0,914.0
7,84,2499.0,914.0
7,85,2499.0,914.0
7,86,2499.0,914.0
7,87,2499.0,914.0
7,88,2499.0,914.0
7,89,2499.0,914.0
7,90,2499.0,914.0
7,91,2499.0,914.0
7,92,2499.0,914.0
7,93,2499.0,914.0
7,94,2499.0,914.0
7,95,2499.0,914.0
7,96,2499.0,914.0
7,97,2499.0,914.0
7,98,2499.0,914.0
7,99,2499.0,914.0
7,100,2499.0,914.0
7,101,2499.0,914.0
7,102,2499.0,914.0
7,103,2499.0,914.0
7,104,2499.0,914.0
7,105,2499.0,914.0
7,106,2499.0,914.0
7,107,2499.0,914.0
7,108,2499.0,914.0
7,109,2499.0,914.0
7,110,2499.0,914.0
7,111,2499.0,914.0
7,112,2499.0,914.0
7,113,2499.0,914.0
7,114,2499.0,914.0
7,115,2499.0,914.0
7,116,2499.0,914.0
7,117,2499.0,914.0
7,118,2499.0,914.0
7,119,2499.0,914.0
7,120,2499.0,914.0
7,121,2499.0,914.0
7,122,2499.0,914.0
7,123,2499.0,914.0
7,124,2499.0,914.0
7,125,2499.0,914.0
7,126,2499.0,914.0
7,127,2499.0,914.0
7,128,2499.0,914.0
7,129,2499.0,914.0
7,130,2499.0,914.0
7,131,2499.0,914.0
7,132,2499.0,914.0
7,133,2499.0,914.0
7,134,2499.0,914.0
7,135,2499.0,914.0
7,136,2499.0,914.0
7,137,2499.0,914.0
7,138,2499.0,914.0
7,139,2499.0,914.0
7,140,2499.0,914.0
7,141,2499.0,914.0
7,142,2499.0,914.0
7,143,2499.0,914.0
7,144,2499.0,914.0
7,145,2499.0,914.0
7,146,2499.0,914.0
7,147,2499.0,914.0
7,148,2499.0,914.0
7,149,2499.0,914.0
7,150,2499.0,914.0
7,151,2499.0,914.0
7,152,2499.0,914.0
7,153,2499.0,914.0
7,154,2499.0,914.0
7,155,2499.0,914.0
7,156,2499.0,914.0
7,157,2499.0,914.0
7,158,2499.0,914.0
7,159,2499.0,914.0
7,160,2499.0,914.0
7,161,2499.0,914.0
7,162,2499.0,914.0
7,163,2499.0,914.0
7,164,2499.0,914.0
7,165,2499.0,914.0
7,166,2499.0,914.0
7,167,2499.0,914.0
7,168,2499.0,914.0
7,169,2499.0,914.0
7,170,2499.0,914.0
7,171,2499.0,914.0
7,172,2499.0,914.0
7,173,2499.0,914.0
7,174,2499.0,914.0
7,175,2499.0,914.0
7,176,2499.0,914.0
7,177,2499.0,914.0
7,178,2499.0,914.0
7,179,2499.0,914.0
7,180,2499.0,914.0
7,181,2499.0,914.0
7,182,2499.0,914.0
7,183,2499.0,914.0
7,184,2499.0,914.0
7,185,2499.0,914.0
7,186,2499.0,914.0
7,187,2499.0,914.0
7,188,2499.0,914.0
7,189,2499.0,914.0
7,190,2499.0,914.0
7,191,2499.0,914.0
7,192,2499.0,914.0
7,193,2499.0,914.0
7,194,2499.0,914.0
7,195,2499.0,914.0
7,196,2499.0,914.0
7,197,2499.0,914.0
7,198,2499.0,914.0
7,199,2499.0,914.0
7,200,2499.0,914.0
7,201,2499.0,914.0
7,202,2499.0,914.0
7,203,2499.0,914.0
7,204,2499.0,914.0
7,205,2499.0,914.0
7,206,2499.0,914.0
7,207,2499.0,914.0
7,208,2499.0,914.0
7,209,2499.0,914.0
7,210,2499.0,914.0
7,211,2499.0,914.0
7,212,2499.0,914.0
7,213,2499.0,914.0
7,214,2499.0,914.0
7,215,2499.0,914.0
7,216,2499.0,914.0
7,217,2499.0,914.0
7,218,2499.0,914.0
7,219,2499.0,914.0
7,220,2499.0,914.0
7,221,2499.0,914.0
7,222,2499.0,914.0
7,223,2499.0,914.0
7,224,2499.0,914.0
7,225,2499.0,914.0
7,226,2499.0,914.0
7,227,2499.0,914.0
7,228,2499.0,914.0
7,229,2499.0,914.0
7,230,2499.0,914.0
7,231,2499.0,914.0
7,232,2499.0,914.0
7,233,2499.0,914.0
7,234,2499.0,914.0
7,235,2499.0,914.0
7,236,2499.0,914.0
7,237,2499.0,914.0
7,238,2499.0,914.0
7,239,2499.0,914.0
7,240,2499.0,914.0
7,241,2499.0,914.0
7,242,2499.0,914.0
7,243,2499.0,914.0
7,244,2499.0,914.0
7,245,2499.0,914.0
7,246,2499.0,914.0
7,247,2499.0,914.0
7,248,2499.0,914.0
7,249,2499.0,914.0
7,250,2499.0,914.0
7,251,2499.0,914.0
7,252,2499.0,914.0
7,253,2499.0,914.0
7,254,2499.0,914.0
7,255,2499.0,914.0
7,256,2499.0,914.0
7,257,2499.0,914.0
7,258,2499.0,914.0
7,259,2499.0,914.0
7,260,2499.0,914.0
7,261,2499.0,914.0
7,262,2499.0,914.0
7,263,2499.0,914.0
7,264,2499.0,914.0
7,265,2499.0,914.0
7,266,2499.0,914.0
7,267,2499.0,914.0
7,268,2499.0,914.0
7,269,2499.0,914.0
7,270,2499.0,914.0
7,271,2499.0,914.0
7,272,2499.0,914.0
7,273,2499.0,914.0
7,274,2499.0,914.0
7,275,2499.0,914.0
7,276,2499.0,914.0
7,277,2499.0,914.0
7,278,2499.0,914.0
7,279,2499.0,914.0
7,280,2499.0,914.0
7,281,2499.0,914.0
7,282,2499.0,914.0
7,283,2499.0,914.0
7,284,2499.0,914.0
7,285,2499.0,914.0
7,286,2499.0,914.0
7,287,2499.0,914.0
7,288,2499.0,914.0
7,289,2499.0,914.0
7,290,2499.0,914.0
7,291,2499.0,914.0
7,292,2499.0,914.0
7,293,2499.0,914.0
7,294,2499.0,914.0
7,295,2499.0,914.0
7,296,2499.0,914.0
7,297,2499.0,914.0
7,298,2499.0,914.0
7,299,2499.0,914.0
7,300,2499.0,914.0
7,301,2499.0,914.0
7,302,2499.0,914.0
7,303,2499.0,914.0
7,304,2499.0,914.0
7,305,2499.0,914.0
7,306,2499.0,914.0
7,307,2499.0,914.0
7,308,2499.0,914.0
7,309,2499.0,914.0
7,310,2499.0,914.0
7,311,2499.0,914.0
7,312,2499.0,914.0
7,313,2499.0,914.0
7,314,2499.0,914.0
7,315,2499.0,914.0
7,316,2499.0,914.0
7,317,2499.0,914.0
7,318,2499.0,914.0
7,319,2499.0,914.0
7,320,2499.0,914.0
7,321,2499.0,914.0
7,322,2499.0,914.0
7,323,2499.0,914.0
7,324,2499.0,914.0
7,325,2499.0,914.0
7,326,2499.0,914.0
7,327,2499.0,914.0
7,328,2499.0,914.0
7,329,2499.0,914.0
7,330,2499.0,914.0
7,331,2499.0,914.0
7,332,2499.0,914.0
7,333,2499.0,914.0
7,334,2499.0,914.0
7,335,2499.0,914.0
7,336,2499.0,914.0
7,337,2499.0,914.0
7,338,2499.0,914.0
7,339,2499.0,914.0
7,340,2499.0,914.0
7,341,2499.0,914.0
7,342,2499.0,914.0
7,343,2499.0,914.0
7,344,2499.0,914.0
7,345,2499.0,914.0
7,346,2499.0,914.0
7,347,2499.0,914.0
7,348,2499.0,914.0
7,349,2499.0,914.0
7,350,2499.0,914.0
7,351,2499.0,914.0
7,352,2499.0,914.0
7,353,2499.0,914.0
7,354,2499.0,914.0
7,355,2499.0,914.0
7,356,2499.0,914.0
7,357,2499.0,914.0
7,358,2499.0,914.0
7,359,2499.0,914.0
8,0,1413.0,2023.0
8,1,1413.0,2023.0
8,2,1413.0,2023.0
8,3,1413.0,2023.0
8,4,1413.0,2023.0
8,5,1413.0,2023.0
8,6,1413.0,2023.0
8,7,1413.0,2023.0
8,8,1413.0,2023.0
8,9,1413.0,2023.0
8,10,1413.0,2023.0
8,11,1413.0,2023.0
8,12,1413.0,2023.0
8,13,1413.0,2023.0
8,14,1413.0,2023.0
8,15,1413.0,2023.0
8,16,1413.0,2023.0
8,17,1413.0,2023.0
8,18,1413.0,2023.0
8,19,1413.0,2023.0
8,20,1413.0,2023.0
8,21,1413.0,2023.0
8,22,1413.0,2023.0
8,23,1413.0,2023.0
8,24,1413.0,2023.0
8,25,1413.0,2023.0
8,26,1413.0,2023.0
8,27,1413.0,2023.0
8,28,1413.0,2023.0
8,29,1413.0,2023.0
8,30,1413.0,2023.0
8,31,1413.0,2023.0
8,32,1413.0,2023.0
8,33,1413.0,2023.0
8,34,1413.0,2023.0
8,35,1413.0,2023.0
8,36,1413.0,2023.0
8,37,1413.0,2023.0
8,38,1413.0,2023.0
8,39,1413.0,2023.0
8,40,1413.0,2023.0
8,41,1413.0,2023.0
8,42,1413.0,2023.0
8,43,1413.0,2023.0
8,44,1413.0,2023.0
8,45,1413.0,2023.0
8,46,1413.0,2023.0
8,47,1413.0,2023.0
8,48,1413.0,2023.0
8,49,1413.0,2023.0
8,50,1413.0,2023.0
8,51,1413.0,2023.0
8,52,1413.0,2023.0
8,53,1413.0,2023.0
8,54,1413.0,2023.0
8,55,1413.0,2023.0
8,56,1413.0,2023.0
8,57,1413.0,2023.0
8,58,1413.0,2023.0
8,59,1413.0,2023.0
8,60,1413.0,2023.0
8,61,1413.0,2023.0
8,62,1413.0,2023.0
8,63,1413.0,2023.0
8,64,1413.0,2023.0
8,65,1413.0,2023.0
8,66,1413.0,2023.0
8,67,1413.0,2023.0
8,68,1413.0,2023.0
8,69,1413.0,2023.0
8,70,1413.0,2023.0
8,71,1413.0,2023.0
8,72,1413.0,2023.0
8,73,1413.0,2023.0
8,74,1413.0,2023.0
8,75,1413.0,2023.0
8,76,1413.0,2023.0
8,77,1413.0,2023.0
8,78,1413.0,2023.0
8,79,1413.0,2023.0
8,80,1413.0,2023.0
8,81,1413.0,2023.0
8,82,1413.0,2023.0
8,83,1413.0,2023.0
8,84,1413.0,2023.0
8,85,1413.0,2023.0
8,86,1413.0,2023.0
8,87,1413.0,2023.0
8,88,1413.0,2023.0
8,89,1413.0,2023.0
8,90,1413.0,2023.0
8,91,1413.0,2023.0
8,92,1413.0,2023.0
8,93,1413.0,2023.0
8,94,1413.0,2023.0
8,95,1413.0,2023.0
8,96,1413.0,2023.0
8,97,1413.0,2023.0
8,98,1413.0,2023.0
8,99,1413.0,2023.0
8,100,1413.0,2023.0
8,101,1413.0,2023.0
8,102,1413.0,2023.0
8,103,1413.0,2023.0
8,104,1413.0,2023.0
8,105,1413.0,2023.0
8,106,1413.0,2023.0
8,107,1413.0,2023.0
8,108,1413.0,2023.0
8,109,1413.0,2023.0
8,110,1413.0,2023.0
8,111,1413.0,2023.0
8,112,1413.0,2023.0
8,113,1413.0,2023.0
8,114,1413.0,2023.0
8,115,1413.0,2023.0
8,116,1413.0,2023.0
8,117,1413.0,2023.0
8,118,1413.0,2023.0
8,119,1413.0,2023.0
8,120,1413.0,2023.0
8,121,1413.0,2023.0
8,122,1413.0,2023.0
8,123,1413.0,2023.0
8,124,1413.0,2023.0
8,125,1413.0,2023.0
8,126,1413.0,2023.0
8,127,1413.0,2023.0
8,128,1413.0,2023.0
8,129,1413.0,2023.0
8,130,1413.0,2023.0
8,131,1413.0,2023.0
8,132,1413.0,2023.0
8,133,1413.0,2023.0
8,134,1413.0,2023.0
8,135,1413.0,2023.0
8,136,1413.0,2023.0
8,137,1413.0,2023.0
8,138,1413.0,2023.0
8,139,1413.0,2023.0
8,140,1413.0,2023.0
8,141,1413.0,2023.0
8,142,1413.0,2023.0
8,143,1413.0,2023.0
8,144,1413.0,2023.0
8,145,1413.0,2023.0
8,146,1413.0,2023.0
8,147,1413.0,2023.0
8,148,1413.0,2023.0
8,149,1413.0,2023.0
8,150,1413.0,2023.0
8,151,1413.0,2023.0
8,152,1413.0,2023.0
8,153,1413.0,2023.0
8,154,1413.0,2023.0
8,155,1413.0,2023.0
8,156,1413.0,2023.0
8,157,1413.0,2023.0
8,158,1413.0,2023.0
8,159,1413.0,2023.0
8,160,1413.0,2023.0
8,161,1413.0,2023.0
8,162,1413.0,2023.0
8,163,1413.0,2023.0
8,164,1413.0,2023.0
8,165,1413.0,2023.0
8,166,1413.0,2023.0
8,167,1413.0,2023.0
8,168,1413.0,2023.0
8,169,1413.0,2023.0
8,170,1413.0,2023.0
8,171,1413.0,2023.0
8,172,1413.0,2023.0
8,173,1413.0,2023.0
8,174,1413.0,2023.0
8,175,1413.0,2023.0
8,176,1413.0,2023.0
8,177,1413.0,2023.0
8,178,1413.0,2023.0
8,179,1413.0,2023.0
8,180,1413.0,2023.0
8,181,1413.0,2023.0
8,182,1413.0,2023.0
8,183,1413.0,2023.0
8,184,1413.0,2023.0
8,185,1413.0,2023.0
8,186,1413.0,2023.0
8,187,1413.0,2023.0
8,188,1413.0,2023.0
8,189,1413.0,2023.0
8,190,1413.0,2023.0
8,191,1413.0,2023.0
8,192,1413.0,2023.0
8,193,1413.0,2023.0
8,194,1413.0,2023.0
8,195,1413.0,2023.0
8,196,1413.0,2023.0
8,197,1413.0,2023.0
8,198,1413.0,2023.0
8,199,1413.0,2023.0
8,200,1413.0,2023.0
8,201,1413.0,2023.0
8,202,1413.0,2023.0
8,203,1413.0,2023.0
8,204,1413.0,2023.0
8,205,1413.0,2023.0
8,206,1413.0,2023.0
8,207,1413.0,2023.0
8,208,1413.0,2023.0
8,209,1413.0,2023.0
8,210,1413.0,2023.0
8,211,1413.0,2023.0
8,212,1413.0,2023.0
8,213,1413.0,2023.0
8,214,1413.0,2023.0
8,215,1413.0,2023.0
8,216,1413.0,2023.0
8,217,1413.0,2023.0
8,218,1413.0,2023.0
8,219,1413.0,2023.0
8,220,1413.0,2023.0
8,221,1413.0,2023.0
8,222,1413.0,2023.0
8,223,1413.0,2023.0
8,224,1413.0,2023.0
8,225,1413.0,2023.0
8,226,1413.0,2023.0
8,227,1413.0,2023.0
8,228,1413.0,2023.0
8,229,1413.0,2023.0
8,230,1413.0,2023.0
8,231,1413.0,2023.0
8,232,1413.0,2023.0
8,233,1413.0,2023.0
8,234,1413.0,2023.0
8,235,1413.0,2023.0
8,236,1413.0,2023.0
8,237,1413.0,2023.0
8,238,1413.0,2023.0
8,239,1413.0,2023.0
8,240,1413.0,2023.0
8,241,1413.0,2023.0
8,242,1413.0,2023.0
8,243,1413.0,2023.0
8,244,1413.0,2023.0
8,245,1413.0,2023.0
8,246,1413.0,2023.0
8,247,1413.0,2023.0
8,248,1413.0,2023.0
8,249,1413.0,2023.0
8,250,1413.0,2023.0
8,251,1413.0,2023.0
8,252,1413.0,2023.0
8,253,1413.0,2023.0
8,254,1413.0,2023.0
8,255,1413.0,2023.0
8,256,1413.0,2023.0
8,257,1413.0,2023.0
8,258,1413.0,2023.0
8,259,1413.0,2023.0
8,260,1413.0,2023.0
8,261,1413.0,2023.0
8,262,1413.0,2023.0
8,263,1413.0,2023.0
8,264,1413.0,2023.0
8,265,1413.0,2023.0
8,266,1413.0,2023.0
8,267,1413.0,2023.0
8,268,1413.0,2023.0
8,269,1413.0,2023.0
8,270,1413.0,2023.0
8,271,1413.0,2023.0
8,272,1413.0,2023.0
8,273,1413.0,2023.0
8,274,1413.0,2023.0
8,275,1413.0,2023.0
8,276,1413.0,2023.0
8,277,1413.0,2023.0
8,278,1413.0,2023.0
8,279,1413.0,2023.0
8,280,1413.0,2023.0
8,281,1413.0,2023.0
8,282,1413.0,2023.0
8,283,1413.0,2023.0
8,284,1413.0,2023.0
8,285,1413.0,2023.0
8,286,1413.0,2023.0
8,287,1413.0,2023.0
8,288,1413.0,2023.0
8,289,1413.0,2023.0
8,290,1413.0,2023.0
8,291,1413.0,2023.0
8,292,1413.0,2023.0
8,293,1413.0,2023.0
8,294,1413.0,2023.0
8,295,1413.0,2023.0
8,296,1413.0,2023.0
8,297,1413.0,2023.0
8,298,1413.0,2023.0
8,299,1413.0,2023.0
8,300,1413.0,2023.0
8,301,1413.0,2023.0
8,302,1413.0,2023.0
8,303,1413.0,2023.0
8,304,1413.0,2023.0
8,305,1413.0,2023.0
8,306,1413.0,2023.0
8,307,1413.0,2023.0
8,308,1413.0,2023.0
8,309,1413.0,2023.0
8,310,1413.0,2023.0
8,311,1413.0,2023.0
8,312,1413.0,2023.0
8,313,1413.0,2023.0
8,314,1413.0,2023.0
8,315,1413.0,2023.0
8,316,1413.0,2023.0
8,317,1413.0,2023.0
8,318,1413.0,2023.0
8,319,1413.0,2023.0
8,320,1413.0,2023.0
8,321,1413.0,2023.0
8,322,1413.0,2023.0
8,323,1413.0,2023.0
8,324,1413.0,2023.0
8,325,1413.0,2023.0
8,326,1413.0,2023.0
8,327,1413.0,2023.0
8,328,1413.0,2023.0
8,329,1413.0,2023.0
8,330,1413.0,2023.0
8,331,1413.0,2023.0
8,332,1413.0,2023.0
8,333,1413.0,2023.0
8,334,1413.0,2023.0
8,335,1413.0,2023.0
8,336,1413.0,2023.0
8,337,1413.0,2023.0
8,338,1413.0,2023.0
8,339,1413.0,2023.0
8,340,1413.0,2023.0
8,341,1413.0,2023.0
8,342,1413.0,2023.0
8,343,1413.0,2023.0
8,344,1413.0,2023.0
8,345,1413.0,2023.0
8,346,1413.0,2023.0
8,347,1413.0,2023.0
8,348,1413.0,2023.0
8,349,1413.0,2023.0
8,350,1413.0,2023.0
8,351,1413.0,2023.0
8,352,1413.0,2023.0
8,353,1413.0,2023.0
8,354,1413.0,2023.0
8,355,1413.0,2023.0
8,356,1413.0,2023.0
8,357,1413.0,2023.0
8,358,1413.0,2023.0
8,359,1413.0,2023.0
9,0,2460.0,1674.0
9,1,2460.0,1674.0
9,2,2460.0,1674.0
9,3,2460.0,1674.0
9,4,2460.0,1674.0
9,5,2460.0,1674.0
9,6,2460.0,1674.0
9,7,2460.0,1674.0
9,8,2460.0,1674.0
9,9,2460.0,1674.0
9,10,2460.0,1674.0
9,11,2460.0,1674.0
9,12,2460.0,1674.0
9,13,2460.0,1674.0
9,14,2460.0,1674.0
9,15,2460.0,1674.0
9,16,2460.0,1674.0
9,17,2460.0,1674.0
9,18,2460.0,1674.0
9,19,2460.0,1674.0
9,20,2460.0,1674.0
9,21,2460.0,1674.0
9,22,2460.0,1674.0
9,23,2460.0,1674.0
9,24,2460.0,1674.0
9,25,2460.0,1674.0
9,26,2460.0,1674.0
9,27,2460.0,1674.0
9,28,2460.0,1674.0
9,29,2460.0,1674.0
9,30,2460.0,1674.0
9,31,2460.0,1674.0
9,32,2460.0,1674.0
9,33,2460.0,1674.0
9,34,2460.0,1674.0
9,35,2460.0,1674.0
9,36,2460.0,1674.0
9,37,2460.0,1674.0
9,38,2460.0,1674.0
9,39,2460.0,1674.0
9,40,2460.0,1674.0
9,41,2460.0,1674.0
9,42,2460.0,1674.0
9,43,2460.0,1674.0
9,44,2460.0,1674.0
9,45,2460.0,1674.0
9,46,2460.0,1674.0
9,47,2460.0,1674.0
9,48,2460.0,1674.0
9,49,2460.0,1674.0
9,50,2460.0,1674.0
9,51,2460.0,1674.0
9,52,2460.0,1674.0
9,53,2460.0,1674.0
9,54,2460.0,1674.0
9,55,2460.0,1674.0
9,56,2460.0,1674.0
9,57,2460.0,1674.0
9,58,2460.0,1674.0
9,59,2460.0,1674.0
9,60,2460.0,1674.0
9,61,2460.0,1674.0
9,62,2460.0,1674.0
9,63,2460.0,1674.0
9,64,2460.0,1674.0
9,65,2460.0,1674.0
9,66,2460.0,1674.0
9,67,2460.0,1674.0
9,68,2460.0,1674.0
9,69,2460.0,1674.0
9,70,2460.0,1674.0
9,71,2460.0,1674.0
9,72,2460.0,1674.0
9,73,2460.0,1674.0
9,74,2460.0,1674.0
9,75,2460.0,1674.0
9,76,2460.0,1674.0
9,77,2460.0,1674.0
9,78,2460.0,1674.0
9,79,2460.0,1674.0
9,80,2460.0,1674.0
9,81,2460.0,1674.0
9,82,2460.0,1674.0
9,83,2460.0,1674.0
9,84,2460.0,1674.0
9,85,2460.0,1674.0
9,86,2460.0,1674.0
9,87,2460.0,1674.0
9,88,2460.0,1674.0
9,89,2460.0,1674.0
9,90,2460.0,1674.0
9,91,2460.0,1674.0
9,92,2460.0,1674.0
9,93,2460.0,1674.0
9,94,2460.0,1674.0
9,95,2460.0,1674.0
9,96,2460.0,1674.0
9,97,2460.0,1674.0
9,98,2460.0,1674.0
9,99,2460.0,1674.0
9,100,2460.0,1674.0
9,101,2460.0,1674.0
9,102,2460.0,1674.0
9,103,2460.0,1674.0
9,104,2460.0,1674.0
9,105,2460.0,1674.0
9,106,2460.0,1674.0
9,107,2460.0,1674.0
9,108,2460.0,1674.0
9,109,2460.0,1674.0
9,110,2460.0,1674.0
9,111,2460.0,1674.0
9,112,2460.0,1674.0
9,113,2460.0,1674.0
9,114,2460.0,1674.0
9,115,2460.0,1674.0
9,116,2460.0,1674.0
9,117,2460.0,1674.0
9,118,2460.0,1674.0
9,119,2460.0,1674.0
9,120,2460.0,1674.0
9,121,2460.0,1674.0
9,122,2460.0,1674.0
9,123,2460.0,1674.0
9,124,2460.0,1674.0
9,125,2460.0,1674.0
9,126,2460.0,1674.0
9,127,2460.0,1674.0
9,128,2460.0,1674.0
9,129,2460.0,1674.0
9,130,2460.0,1674.0
9,131,2460.0,1674.0
9,132,2460.0,1674.0
9,133,2460.0,1674.0
9,134,2460.0,1674.0
9,135,2460.0,1674.0
9,136,2460.0,1674.0
9,137,2460.0,1674.0
9,138,2460.0,1674.0
9,139,2460.0,1674.0
9,140,2460.0,1674.0
9,141,2460.0,1674.0
9,142,2460.0,1674.0
9,143,2460.0,1674.0
9,144,2460.0,1674.0
9,145,2460.0,1674.0
9,146,2460.0,1674.0
9,147,2460.0,1674.0
9,148,2460.0,1674.0
9,149,2460.0,1674.0
9,150,2460.0,1674.0
9,151,2460.0,1674.0
9,152,2460.0,1674.0
9,153,2460.0,1674.0
9,154,2460.0,1674.0
9,155,2460.0,1674.0
9,156,2460.0,1674.0
9,157,2460.0,1674.0
9,158,2460.0,1674.0
9,159,2460.0,1674.0
9,160,2460.0,1674.0
9,161,2460.0,1674.0
9,162,2460.0,1674.0
9,163,2460.0,1674.0
9,164,2460.0,1674.0
9,165,2460.0,1674.0
9,166,2460.0,1674.0
9,167,2460.0,1674.0
9,168,2460.0,1674.0
9,169,2460.0,1674.0
9,170,2460.0,1674.0
9,171,2460.0,1674.0
9,172,2460.0,1674.0
9,173,2460.0,1674.0
9,174,2460.0,1674.0
9,175,2460.0,1674.0
9,176,2460.0,1674.0
9,177,2460.0,1674.0
9,178,2460.0,1674.0
9,179,2460.0,1674.0
9,180,2460.0,1674.0
9,181,2460.0,1674.0
9,182,2460.0,1674.0
9,183,2460.0,1674.0
9,184,2460.0,1674.0
9,185,2460.0,1674.0
9,186,2460.0,1674.0
9,187,2460.0,1674.0
9,188,2460.0,1674.0
9,189,2460.0,1674.0
9,190,2460.0,1674.0
9,191,2460.0,1674.0
9,192,2460.0,1674.0
9,193,2460.0,1674.0
9,194,2460.0,1674.0
9,195,2460.0,1674.0
9,196,2460.0,1674.0
9,197,2460.0,1674.0
9,198,2460.0,1674.0
9,199,2460.0,1674.0
9,200,2460.0,1674.0
9,201,2460.0,1674.0
9,202,2460.0,1674.0
9,203,2460.0,1674.0
9,204,2460.0,1674.0
9,205,2460.0,1674.0
9,206,2460.0,1674.0
9,207,2460.0,1674.0
9,208,2460.0,1674.0
9,209,2460.0,1674.0
9,210,2460.0,1674.0
9,211,2460.0,1674.0
9,212,2460.0,1674.0
9,213,2460.0,1674.0
9,214,2460.0,1674.0
9,215,2460.0,1674.0
9,216,2460.0,1674.0
9,217,2460.0,1674.0
9,218,2460.0,1674.0
9,219,2460.0,1674.0
9,220,2460.0,1674.0
9,221,2460.0,1674.0
9,222,2460.0,1674.0
9,223,2460.0,1674.0
9,224,2460.0,1674.0
9,225,2460.0,1674.0
9,226,2460.0,1674.0
9,227,2460.0,1674.0
9,228,2460.0,1674.0
9,229,2460.0,1674.0
9,230,2460.0,1674.0
9,231,2460.0,1674.0
9,232,2460.0,1674.0
9,233,2460.0,1674.0
9,234,2460.0,1674.0
9,235,2460.0,1674.0
9,236,2460.0,1674.0
9,237,2460.0,1674.0
9,238,2460.0,1674.0
9,239,2460.0,1674.0
9,240,2460.0,1674.0
9,241,2460.0,1674.0
9,242,2460.0,1674.0
9,243,2460.0,1674.0
9,244,2460.0,1674.0
9,245,2460.0,1674.0
9,246,2460.0,1674.0
9,247,2460.0,1674.0
9,248,2460.0,1674.0
9,249,2460.0,1674.0
9,250,2460.0,1674.0
9,251,2460.0,1674.0
9,252,2460.0,1674.0
9,253,2460.0,1674.0
9,254,2460.0,1674.0
9,255,2460.0,1674.0
9,256,2460.0,1674.0
9,257,2460.0,1674.0
9,258,2460.0,1674.0
9,259,2460.0,1674.0
9,260,2460.0,1674.0
9,261,2460.0,1674.0
9,262,2460.0,1674.0
9,263,2460.0,1674.0
9,264,2460.0,1674.0
9,265,2460.0,1674.0
9,266,2460.0,1674.0
9,267,2460.0,1674.0
9,268,2460.0,1674.0
9,269,2460.0,1674.0
9,270,2460.0,1674.0
9,271,2460.0,1674.0
9,272,2460.0,1674.0
9,273,2460.0,1674.0
9,274,2460.0,1674.0
9,275,2460.0,1674.0
9,276,2460.0,1674.0
9,277,2460.0,1674.0
9,278,2460.0,1674.0
9,279,2460.0,1674.0
9,280,2460.0,1674.0
9,281,2460.0,1674.0
9,282,2460.0,1674.0
9,283,2460.0,1674.0
9,284,2460.0,1674.0
9,285,2460.0,1674.0
9,286,2460.0,1674.0
9,287,2460.0,1674.0
9,288,2460.0,1674.0
9,289,2460.0,1674.0
9,290,2460.0,1674.0
9,291,2460.0,1674.0
9,292,2460.0,1674.0
9,293,2460.0,1674.0
9,294,2460.0,1674.0
9,295,2460.0,1674.0
9,296,2460.0,1674.0
9,297,2460.0,1674.0
9,298,2460.0,1674.0
9,299,2460.0,1674.0
9,300,2460.0,1674.0
9,301,2460.0,1674.0
9,302,2460.0,1674.0
9,303,2460.0,1674.0
9,304,2460.0,1674.0
9,305,2460.0,1674.0
9,306,2460.0,1674.0
9,307,2460.0,1674.0
9,308,2460.0,1674.0
9,309,2460.0,1674.0
9,310,2460.0,1674.0
9,311,2460.0,1674.0
9,312,2460.0,1674.0
9,313,2460.0,1674.0
9,314,2460.0,1674.0
9,315,2460.0,1674.0
9,316,2460.0,1674.0
9,317,2460.0,1674.0
9,318,2460.0,1674.0
9,319,2460.0,1674.0
9,320,2460.0,1674.0
9,321,2460.0,1674.0
9,322,2460.0,1674.0
9,323,2460.0,1674.0
9,324,2460.0,1674.0
9,325,2460.0,1674.0
9,326,2460.0,1674.0
9,327,2460.0,1674.0
9,328,2460.0,1674.0
9,329,2460.0,1674.0
9,330,2460.0,1674.0
9,331,2460.0,1674.0
9,332,2460.0,1674.0
9,333,2460.0,1674.0
9,334,2460.0,1674.0
9,335,2460.0,1674.0
9,336,2460.0,1674.0
9,337,2460.0,1674.0
9,338,2460.0,1674.0
9,339,2460.0,1674.0
9,340,2460.0,1674.0
9,341,2460.0,1674.0
9,342,2460.0,1674.0
9,343,2460.0,1674.0
9,344,2460.0,1674.0
9,345,2460.0,1674.0
9,346,2460.0,1674.0
9,347,2460.0,1674.0
9,348,2460.0,1674.0
9,349,2460.0,1674.0
9,350,2460.0,1674.0
9,351,2460.0,1674.0
9,352,2460.0,1674.0
9,353,2460.0,1674.0
9,354,2460.0,1674.0
9,355,2460.0,1674.0
9,356,2460.0,1674.0
9,357,2460.0,1674.0
9,358,2460.0,1674.0
9,359,2460.0,1674.0
10,0,1525.0,1740.0
10,1,1525.0,1740.0
10,2,1525.0,1740.0
10,3,1525.0,1740.0
10,4,1525.0,1740.0
10,5,1525.0,1740.0
10,6,1525.0,1740.0
10,7,1525.0,1740.0
10,8,1525.0,1740.0
10,9,1525.0,1740.0
10,10,1525.0,1740.0
10,11,1525.0,1740.0
10,12,1525.0,1740.0
10,13,1525.0,1740.0
10,14,1525.0,1740.0
10,15,1525.0,1740.0
10,16,1525.0,1740.0
10,17,1525.0,1740.0
10,18,1525.0,1740.0
10,19,1525.0,1740.0
10,20,1525.0,1740.0
10,21,1525.0,1740.0
10,22,1525.0,1740.0
10,23,1525.0,1740.0
10,24,1525.0,1740.0
10,25,1525.0,1740.0
10,26,1525.0,1740.0
10,27,1525.0,1740.0
10,28,1525.0,1740.0
10,29,1525.0,1740.0
10,30,1525.0,1740.0
10,31,1525.0,1740.0
10,32,1525.0,1740.0
10,33,1525.0,1740.0
10,34,1525.0,1740.0
10,35,1525.0,1740.0
10,36,1525.0,1740.0
10,37,1525.0,1740.0
10,38,1525.0,1740.0
10,39,1525.0,1740.0
10,40,1525.0,1740.0
10,41,1525.0,1740.0
10,42,1525.0,1740.0
10,43,1525.0,1740.0
10,44,1525.0,1740.0
10,45,1525.0,1740.0
10,46,1525.0,1740.0
10,47,1525.0,1740.0
10,48,1525.0,1740.0
10,49,1525.0,1740.0
10,50,1525.0,1740.0
10,51,1525.0,1740.0
10,52,1525.0,1740.0
10,53,1525.0,1740.0
10,54,1525.0,1740.0
10,55,1525.0,1740.0
10,56,1525.0,1740.0
10,57,1525.0,1740.0
10,58,1525.0,1740.0
10,59,1525.0,1740.0
10,60,1525.0,1740.0
10,61,1525.0,1740.0
10,62,1525.0,1740.0
10,63,1525.0,1740.0
10,64,1525.0,1740.0
10,65,1525.0,1740.0
10,66,1525.0,1740.0
10,67,1525.0,1740.0
10,68,1525.0,1740.0
10,69,1525.0,1740.0
10,70,1525.0,1740.0
10,71,1525.0,1740.0
10,72,1525.0,1740.0
10,73,1525.0,1740.0
10,74,1525.0,1740.0
10,75,1525.0,1740.0
10,76,1525.0,1740.0
10,77,1525.0,1740.0
10,78,1525.0,1740.0
10,79,1525.0,1740.0
10,80,1525.0,1740.0
10,81,1525.0,1740.0
10,82,1525.0,1740.0
10,83,1525.0,1740.0
10,84,1525.0,1740.0
10,85,1525.0,1740.0
10,86,1525.0,1740.0
10,87,1525.0,1740.0
10,88,1525.0,1740.0
10,89,1525.0,1740.0
10,90,1525.0,1740.0
10,91,1525.0,1740.0
10,92,1525.0,1740.0
10,93,1525.0,1740.0
10,94,1525.0,1740.0
10,95,1525.0,1740.0
10,96,1525.0,1740.0
10,97,1525.0,1740.0
10,98,1525.0,1740.0
10,99,1525.0,1740.0
10,100,1525.0,1740.0
10,101,1525.0,1740.0
10,102,1525.0,1740.0
10,103,1525.0,1740.0
10,104,1525.0,1740.0
10,105,1525.0,1740.0
10,106,1525.0,1740.0
10,107,1525.0,1740.0
10,108,1525.0,1740.0
10,109,1525.0,1740.0
10,110,1525.0,1740.0
10,111,1525.0,1740.0
10,112,1525.0,1740.0
10,113,1525.0,1740.0
10,114,1525.0,1740.0
10,115,1525.0,1740.0
10,116,1525.0,1740.0
10,117,1525.0,1740.0
10,118,1525.0,1740.0
10,119,1525.0,1740.0
10,120,1525.0,1740.0
10,121,1525.0,1740.0
10,122,1525.0,1740.0
10,123,1525.0,1740.0
10,124,1525.0,1740.0
10,125,1525.0,1740.0
10,126,1525.0,1740.0
10,127,1525.0,1740.0
10,128,1525.0,1740.0
10,129,1525.0,1740.0
10,130,1525.0,1740.0
10,131,1525.0,1740.0
10,132,1525.0,1740.0
10,133,1525.0,1740.0
10,134,1525.0,1740.0
10,135,1525.0,1740.0
10,136,1525.0,1740.0
10,137,1525.0,1740.0
10,138,1525.0,1740.0
10,139,1525.0,1740.0
10,140,1525.0,1740.0
10,141,1525.0,1740.0
10,142,1525.0,1740.0
10,143,1525.0,1740.0
10,144,1525.0,1740.0
10,145,1525.0,1740.0
10,146,1525.0,1740.0
10,147,1525.0,1740.0
10,148,1525.0,1740.0
10,149,1525.0,1740.0
10,150,1525.0,1740.0
10,151,1525.0,1740.0
10,152,1525.0,1740.0
10,153,1525.0,1740.0
10,154,1525.0,1740.0
10,155,1525.0,1740.0
10,156,1525.0,1740.0
10,157,1525.0,1740.0
10,158,1525.0,1740.0
10,159,1525.0,1740.0
10,160,1525.0,1740.0
10,161,1525.0,1740.0
10,162,1525.0,1740.0
10,163,1525.0,1740.0
10,164,1525.0,1740.0
10,165,1525.0,1740.0
10,166,1525.0,1740.0
10,167,1525.0,1740.0
10,168,1525.0,1740.0
10,169,1525.0,1740.0
10,170,1525.0,1740.0
10,171,1525.0,1740.0
10,172,1525.0,1740.0
10,173,1525.0,1740.0
10,174,1525.0,1740.0
10,175,1525.0,1740.0
10,176,1525.0,1740.0
10,177,1525.0,1740.0
10,178,1525.0,1740.0
10,179,1525.0,1740.0
10,180,1525.0,1740.0
10,181,1525.0,1740.0
10,182,1525.0,1740.0
10,183,1525.0,1740.0
10,184,1525.0,1740.0
10,185,1525.0,1740.0
10,186,1525.0,1740.0
10,187,1525.0,1740.0
10,188,1525.0,1740.0
10,189,1525.0,1740.0
10,190,1525.0,1740.0
10,191,1525.0,1740.0
10,192,1525.0,1740.0
10,193,1525.0,1740.0
10,194,1525.0,1740.0
10,195,1525.0,1740.0
10,196,1525.0,1740.0
10,197,1525.0,1740.0
10,198,1525.0,1740.0
10,199,1525.0,1740.0
10,200,1525.0,1740.0
10,201,1525.0,1740.0
10,202,1525.0,1740.0
10,203,1525.0,1740.0
10,204,1525.0,1740.0
10,205,1525.0,1740.0
10,206,1525.0,1740.0
10,207,1525.0,1740.0
10,208,1525.0,1740.0
10,209,1525.0,1740.0
10,210,1525.0,1740.0
10,211,1525.0,1740.0
10,212,1525.0,1740.0
10,213,1525.0,1740.0
10,214,1525.0,1740.0
10,215,1525.0,1740.0
10,216,1525.0,1740.0
10,217,1525.0,1740.0
10,218,1525.0,1740.0
10,219,1525.0,1740.0
10,220,1525.0,1740.0
10,221,1525.0,1740.0
10,222,1525.0,1740.0
10,223,1525.0,1740.0
10,224,1525.0,1740.0
10,225,1525.0,1740.0
10,226,1525.0,1740.0
10,227,1525.0,1740.0
10,228,1525.0,1740.0
10,229,1525.0,1740.0
10,230,1525.0,1740.0
10,231,1525.0,1740.0
10,232,1525.0,1740.0
10,233,1525.0,1740.0
10,234,1525.0,1740.0
10,235,1525.0,1740.0
10,236,1525.0,1740.0
10,237,1525.0,1740.0
10,238,1525.0,1740.0
10,239,1525.0,1740.0
10,240,1525.0,1740.0
10,241,1525.0,1740.0
10,242,1525.0,1740.0
10,243,1525.0,1740.0
10,244,1525.0,1740.0
10,245,1525.0,1740.0
10,246,1525.0,1740.0
10,247,1525.0,1740.0
10,248,1525.0,1740.0
10,249,1525.0,1740.0
10,250,1525.0,1740.0
10,251,1525.0,1740.0
10,252,1525.0,1740.0
10,253,1525.0,1740.0
10,254,1525.0,1740.0
10,255,1525.0,1740.0
10,256,1525.0,1740.0
10,257,1525.0,1740.0
10,258,1525.0,1740.0
10,259,1525.0,1740.0
10,260,1525.0,1740.0
10,261,1525.0,1740.0
10,262,1525.0,1740.0
10,263,1525.0,1740.0
10,264,1525.0,1740.0
10,265,1525.0,1740.0
10,266,1525.0,1740.0
10,267,1525.0,1740.0
10,268,1525.0,1740.0
10,269,1525.0,1740.0
10,270,1525.0,1740.0
10,271,1525.0,1740.0
10,272,1525.0,1740.0
10,273,1525.0,1740.0
10,274,1525.0,1740.0
10,275,1525.0,1740.0
10,276,1525.0,1740.0
10,277,1525.0,1740.0
10,278,1525.0,1740.0
10,279,1525.0,1740.0
10,280,1525.0,1740.0
10,281,1525.0,1740.0
10,282,1525.0,1740.0
10,283,1525.0,1740.0
10,284,1525.0,1740.0
10,285,1525.0,1740.0
10,286,1525.0,1740.0
10,287,1525.0,1740.0
10,288,1525.0,1740.0
10,289,1525.0,1740.0
10,290,1525.0,1740.0
10,291,1525.0,1740.0
10,292,1525.0,1740.0
10,293,1525.0,1740.0
10,294,1525.0,1740.0
10,295,1525.0,1740.0
10,296,1525.0,1740.0
10,297,1525.0,1740.0
10,298,1525.0,1740.0
10,299,1525.0,1740.0
10,300,1525.0,1740.0
10,301,1525.0,1740.0
10,302,1525.0,1740.0
10,303,1525.0,1740.0
10,304,1525.0,1740.0
10,305,1525.0,1740.0
10,306,1525.0,1740.0
10,307,1525.0,1740.0
10,308,1525.0,1740.0
10,309,1525.0,1740.0
10,310,1525.0,1740.0
10,311,1525.0,1740.0
10,312,1525.0,1740.0
10,313,1525.0,1740.0
10,314,1525.0,1740.0
10,315,1525.0,1740.0
10,316,1525.0,1740.0
10,317,1525.0,1740.0
10,318,1525.0,1740.0
10,319,1525.0,1740.0
10,320,1525.0,1740.0
10,321,1525.0,1740.0
10,322,1525.0,1740.0
10,323,1525.0,1740.0
10,324,1525.0,1740.0
10,325,1525.0,1740.0
10,326,1525.0,1740.0
10,327,1525.0,1740.0
10,328,1525.0,1740.0
10,329,1525.0,1740.0
10,330,1525.0,1740.0
10,331,1525.0,1740.0
10,332,1525.0,1740.0
10,333,1525.0,1740.0
10,334,1525.0,1740.0
10,335,1525.0,1740.0
10,336,1525.0,1740.0
10,337,1525.0,1740.0
10,338,1525.0,1740.0
10,339,1525.0,1740.0
10,340,1525.0,1740.0
10,341,1525.0,1740.0
10,342,1525.0,1740.0
10,343,1525.0,1740.0
10,344,1525.0,1740.0
10,345,1525.0,1740.0
10,346,1525.0,1740.0
10,347,1525.0,1740.0
10,348,1525.0,1740.0
10,349,1525.0,1740.0
10,350,1525.0,1740.0
10,351,1525.0,1740.0
10,352,1525.0,1740.0
10,353,1525.0,1740.0
10,354,1525.0,1740.0
10,355,1525.0,1740.0
10,356,1525.0,1740.0
10,357,1525.0,1740.0
10,358,1525.0,1740.0
10,359,1525.0,1740.0
11,0,1742.0,2437.0
11,1,1742.0,2437.0
11,2,1742.0,2437.0
11,3,1742.0,2437.0
11,4,1742.0,2437.0
11,5,1742.0,2437.0
11,6,1742.0,2437.0
11,7,1742.0,2437.0
11,8,1742.0,2437.0
11,9,1742.0,2437.0
11,10,1742.0,2437.0
11,11,1742.0,2437.0
11,12,1742.0,2437.0
11,13,1742.0,2437.0
11,14,1742.0,2437.0
11,15,1742.0,2437.0
11,16,1742.0,2437.0
11,17,1742.0,2437.0
11,18,1742.0,2437.0
11,19,1742.0,2437.0
11,20,1742.0,2437.0
11,21,1742.0,2437.0
11,22,1742.0,2437.0
11,23,1742.0,2437.0
11,24,1742.0,2437.0
11,25,1742.0,2437.0
11,26,1742.0,2437.0
11,27,1742.0,2437.0
11,28,1742.0,2437.0
11,29,1742.0,2437.0
11,30,1742.0,2437.0
11,31,1742.0,2437.0
11,32,1742.0,2437.0
11,33,1742.0,2437.0
11,34,1742.0,2437.0
11,35,1742.0,2437.0
11,36,1742.0,2437.0
11,37,1742.0,2437.0
11,38,1742.0,2437.0
11,39,1742.0,2437.0
11,40,1742.0,2437.0
11,41,1742.0,2437.0
11,42,1742.0,2437.0
11,43,1742.0,2437.0
11,44,1742.0,2437.0
11,45,1742.0,2437.0
11,46,1742.0,2437.0
11,47,1742.0,2437.0
11,48,1742.0,2437.0
11,49,1742.0,2437.0
11,50,1742.0,2437.0
11,51,1742.0,2437.0
11,52,1742.0,2437.0
11,53,1742.0,2437.0
11,54,1742.0,2437.0
11,55,1742.0,2437.0
11,56,1742.0,2437.0
11,57,1742.0,2437.0
11,58,1742.0,2437.0
11,59,1742.0,2437.0
11,60,1742.0,2437.0
11,61,1742.0,2437.0
11,62,1742.0,2437.0
11,63,1742.0,2437.0
11,64,1742.0,2437.0
11,65,1742.0,2437.0
11,66,1742.0,2437.0
11,67,1742.0,2437.0
11,68,1742.0,2437.0
11,69,1742.0,2437.0
11,70,1742.0,2437.0
11,71,1742.0,2437.0
11,72,1742.0,2437.0
11,73,1742.0,2437.0
11,74,1742.0,2437.0
11,75,1742.0,2437.0
11,76,1742.0,2437.0
11,77,1742.0,2437.0
11,78,1742.0,2437.0
11,79,1742.0,2437.0
11,80,1742.0,2437.0
11,81,1742.0,2437.0
11,82,1742.0,2437.0
11,83,1742.0,2437.0
11,84,1742.0,2437.0
11,85,1742.0,2437.0
11,86,1742.0,2437.0
11,87,1742.0,2437.0
11,88,1742.0,2437.0
11,89,1742.0,2437.0
11,90,1742.0,2437.0
11,91,1742.0,2437.0
11,92,1742.0,2437.0
11,93,1742.0,2437.0
11,94,1742.0,2437.0
11,95,1742.0,2437.0
11,96,1742.0,2437.0
11,97,1742.0,2437.0
11,98,1742.0,2437.0
11,99,1742.0,2437.0
11,100,1742.0,2437.0
11,101,1742.0,2437.0
11,102,1742.0,2437.0
11,103,1742.0,2437.0
11,104,1742.0,2437.0
11,105,1742.0,2437.0
11,106,1742.0,2437.0
11,107,1742.0,2437.0
11,108,1742.0,2437.0
11,109,1742.0,2437.0
11,110,1742.0,2437.0
11,111,1742.0,2437.0
11,112,1742.0,2437.0
11,113,1742.0,2437.0
11,114,1742.0,2437.0
11,115,1742.0,2437.0
11,116,1742.0,2437.0
11,117,1742.0,2437.0
11,118,1742.0,2437.0
11,119,1742.0,2437.0
11,120,1742.0,2437.0
11,121,1742.0,2437.0
11,122,1742.0,2437.0
11,123,1742.0,2437.0
11,124,1742.0,2437.0
11,125,1742.0,2437.0
11,126,1742.0,2437.0
11,127,1742.0,2437.0
11,128,1742.0,2437.0
11,129,1742.0,2437.0
11,130,1742.0,2437.0
11,131,1742.0,2437.0
11,132,1742.0,2437.0
11,133,1742.0,2437.0
11,134,1742.0,2437.0
11,135,1742.0,2437.0
11,136,1742.0,2437.0
11,137,1742.0,2437.0
11,138,1742.0,2437.0
11,139,1742.0,2437.0
11,140,1742.0,2437.0
11,141,1742.0,2437.0
11,142,1742.0,2437.0
11,143,1742.0,2437.0
11,144,1742.0,2437.0
11,145,1742.0,2437.0
11,146,1742.0,2437.0
11,147,1742.0,2437.0
11,148,1742.0,2437.0
11,149,1742.0,2437.0
11,150,1742.0,2437.0
11,151,1742.0,2437.0
11,152,1742.0,2437.0
11,153,1742.0,2437.0
11,154,1742.0,2437.0
11,155,1742.0,2437.0
11,156,1742.0,2437.0
11,157,1742.0,2437.0
11,158,1742.0,2437.0
11,159,1742.0,2437.0
11,160,1742.0,2437.0
11,161,1742.0,2437.0
11,162,1742.0,2437.0
11,163,1742.0,2437.0
11,164,1742.0,2437.0
11,165,1742.0,2437.0
11,166,1742.0,2437.0
11,167,1742.0,2437.0
11,168,1742.0,2437.0
11,169,1742.0,2437.0
11,170,1742.0,2437.0
11,171,1742.0,2437.0
11,172,1742.0,2437.0
11,173,1742.0,2437.0
11,174,1742.0,2437.0
11,175,1742.0,2437.0
11,176,1742.0,2437.0
11,177,1742.0,2437.0
11,178,1742.0,2437.0
11,179,1742.0,2437.0
11,180,1742.0,2437.0
11,181,1742.0,2437.0
11,182,1742.0,2437.0
11,183,1742.0,2437.0
11,184,1742.0,2437.0
11,185,1742.0,2437.0
11,186,1742.0,2437.0
11,187,1742.0,2437.0
11,188,1742.0,2437.0
11,189,1742.0,2437.0
11,190,1742.0,2437.0
11,191,1742.0,2437.0
11,192,1742.0,2437.0
11,193,1742.0,2437.0
11,194,1742.0,2437.0
11,195,1742.0,2437.0
11,196,1742.0,2437.0
11,197,1742.0,2437.0
11,198,1742.0,2437.0
11,199,1742.0,2437.0
11,200,1742.0,2437.0
11,201,1742.0,2437.0
11,202,1742.0,2437.0
11,203,1742.0,2437.0
11,204,1742.0,2437.0
11,205,1742.0,2437.0
11,206,1742.0,2437.0
11,207,1742.0,2437.0
11,208,1742.0,2437.0
11,209,1742.0,2437.0
11,210,1742.0,2437.0
11,211,1742.0,2437.0
11,212,1742.0,2437.0
11,213,1742.0,2437.0
11,214,1742.0,2437.0
11,215,1742.0,2437.0
11,216,1742.0,2437.0
11,217,1742.0,2437.0
11,218,1742.0,2437.0
11,219,1742.0,2437.0
11,220,1742.0,2437.0
11,221,1742.0,2437.0
11,222,1742.0,2437.0
11,223,1742.0,2437.0
11,224,1742.0,2437.0
11,225,1742.0,2437.0
11,226,1742.0,2437.0
11,227,1742.0,2437.0
11,228,1742.0,2437.0
11,229,1742.0,2437.0
11,230,1742.0,2437.0
11,231,1742.0,2437.0
11,232,1742.0,2437.0
11,233,1742.0,2437.0
11,234,1742.0,2437.0
11,235,1742.0,2437.0
11,236,1742.0,2437.0
11,237,1742.0,2437.0
11,238,1742.0,2437.0
11,239,1742.0,2437.0
11,240,1742.0,2437.0
11,241,1742.0,2437.0
11,242,1742.0,2437.0
11,243,1742.0,2437.0
11,244,1742.0,2437.0
11,245,1742.0,2437.0
11,246,1742.0,2437.0
11,247,1742.0,2437.0
11,248,1742.0,2437.0
11,249,1742.0,2437.0
11,250,1742.0,2437.0
11,251,1742.0,2437.0
11,252,1742.0,2437.0
11,253,1742.0,2437.0
11,254,1742.0,2437.0
11,255,1742.0,2437.0
11,256,1742.0,2437.0
11,257,1742.0,2437.0
11,258,1742.0,2437.0
11,259,1742.0,2437.0
11,260,1742.0,2437.0
11,261,1742.0,2437.0
11,262,1742.0,2437.0
11,263,1742.0,2437.0
11,264,1742.0,2437.0
11,265,1742.0,2437.0
11,266,1742.0,2437.0
11,267,1742.0,2437.0
11,268,1742.0,2437.0
11,269,1742.0,2437.0
11,270,1742.0,2437.0
11,271,1742.0,2437.0
11,272,1742.0,2437.0
11,273,1742.0,2437.0
11,274,1742.0,2437.0
11,275,1742.0,2437.0
11,276,1742.0,2437.0
11,277,1742.0,2437.0
11,278,1742.0,2437.0
11,279,1742.0,2437.0
11,280,1742.0,2437.0
11,281,1742.0,2437.0
11,282,1742.0,2437.0
11,283,1742.0,2437.0
11,284,1742.0,2437.0
11,285,1742.0,2437.0
11,286,1742.0,2437.0
11,287,1742.0,2437.0
11,288,1742.0,2437.0
11,289,1742.0,2437.0
11,290,1742.0,2437.0
11,291,1742.0,2437.0
11,292,1742.0,2437.0
11,293,1742.0,2437.0
11,294,1742.0,2437.0
11,295,1742.0,2437.0
11,296,1742.0,2437.0
11,297,1742.0,2437.0
11,298,1742.0,2437.0
11,299,1742.0,2437.0
11,300,1742.0,2437.0
11,301,1742.0,2437.0
11,302,1742.0,2437.0
11,303,1742.0,2437.0
11,304,1742.0,2437.0
11,305,1742.0,2437.0
11,306,1742.0,2437.0
11,307,1742.0,2437.0
11,308,1742.0,2437.0
11,309,1742.0,2437.0
11,310,1742.0,2437.0
11,311,1742.0,2437.0
11,312,1742.0,2437.0
11,313,1742.0,2437.0
11,314,1742.0,2437.0
11,315,1742.0,2437.0
11,316,1742.0,2437.0
11,317,1742.0,2437.0
11,318,1742.0,2437.0
11,319,1742.0,2437.0
11,320,1742.0,2437.0
11,321,1742.0,2437.0
11,322,1742.0,2437.0
11,323,1742.0,2437.0
11,324,1742.0,2437.0
11,325,1742.0,2437.0
11,326,1742.0,2437.0
11,327,1742.0,2437.0
11,328,1742.0,2437.0
11,329,1742.0,2437.0
11,330,1742.0,2437.0
11,331,1742.0,2437.0
11,332,1742.0,2437.0
11,333,1742.0,2437.0
11,334,1742.0,2437.0
11,335,1742.0,2437.0
11,336,1742.0,2437.0
11,337,1742.0,2437.0
11,338,1742.0,2437.0
11,339,1742.0,2437.0
11,340,1742.0,2437.0
11,341,1742.0,2437.0
11,342,1742.0,2437.0
11,343,1742.0,2437.0
11,344,1742.0,2437.0
11,345,1742.0,2437.0
11,346,1742.0,2437.0
11,347,1742.0,2437.0
11,348,1742.0,2437.0
11,349,1742.0,2437.0
11,350,1742.0,2437.0
11,351,1742.0,2437.0
11,352,1742.0,2437.0
11,353,1742.0,2437.0
11,354,1742.0,2437.0
11,355,1742.0,2437.0
11,356,1742.0,2437.0
11,357,1742.0,2437.0
11,358,1742.0,2437.0
11,359,1742.0,2437.0
12,0,1489.0,2123.0
12,1,1489.0,2123.0
12,2,1489.0,2123.0
12,3,1489.0,2123.0
12,4,1489.0,2123.0
12,5,1489.0,2123.0
12,6,1489.0,2123.0
12,7,1489.0,2123.0
12,8,1489.0,2123.0
12,9,1489.0,2123.0
12,10,1489.0,2123.0
12,11,1489.0,2123.0
12,12,1489.0,2123.0
12,13,1489.0,2123.0
12,14,1489.0,2123.0
12,15,1489.0,2123.0
12,16,1489.0,2123.0
12,17,1489.0,2123.0
12,18,1489.0,2123.0
12,19,1489.0,2123.0
12,20,1489.0,2123.0
12,21,1489.0,2123.0
12,22,1489.0,2123.0
12,23,1489.0,2123.0
12,24,1489.0,2123.0
12,25,1489.0,2123.0
12,26,1489.0,2123.0
12,27,1489.0,2123.0
12,28,1489.0,2123.0
12,29,1489.0,2123.0
12,30,1489.0,2123.0
12,31,1489.0,2123.0
12,32,1489.0,2123.0
12,33,1489.0,2123.0
12,34,1489.0,2123.0
12,35,1489.0,2123.0
12,36,1489.0,2123.0
12,37,1489.0,2123.0
12,38,1489.0,2123.0
12,39,1489.0,2123.0
12,40,1489.0,2123.0
12,41,1489.0,2123.0
12,42,1489.0,2123.0
12,43,1489.0,2123.0
12,44,1489.0,2123.0
12,45,1489.0,2123.0
12,46,1489.0,2123.0
12,47,1489.0,2123.0
12,48,1489.0,2123.0
12,49,1489.0,2123.0
12,50,1489.0,2123.0
12,51,1489.0,2123.0
12,52,1489.0,2123.0
12,53,1489.0,2123.0
12,54,1489.0,2123.0
12,55,1489.0,2123.0
12,56,1489.0,2123.0
12,57,1489.0,2123.0
12,58,1489.0,2123.0
12,59,1489.0,2123.0
12,60,1489.0,2123.0
12,61,1489.0,2123.0
12,62,1489.0,2123.0
12,63,1489.0,2123.0
12,64,1489.0,2123.0
12,65,1489.0,2123.0
12,66,1489.0,2123.0
12,67,1489.0,2123.0
12,68,1489.0,2123.0
12,69,1489.0,2123.0
12,70,1489.0,2123.0
12,71,1489.0,2123.0
12,72,1489.0,2123.0
12,73,1489.0,2123.0
12,74,1489.0,2123.0
12,75,1489.0,2123.0
12,76,1489.0,2123.0
12,77,1489.0,2123.0
12,78,1489.0,2123.0
12,79,1489.0,2123.0
12,80,1489.0,2123.0
12,81,1489.0,2123.0
12,82,1489.0,2123.0
12,83,1489.0,2123.0
12,84,1489.0,2123.0
12,85,1489.0,2123.0
12,86,1489.0,2123.0
12,87,1489.0,2123.0
12,88,1489.0,2123.0
12,89,1489.0,2123.0
12,90,1489.0,2123.0
12,91,1489.0,2123.0
12,92,1489.0,2123.0
12,93,1489.0,2123.0
12,94,1489.0,2123.0
12,95,1489.0,2123.0
12,96,1489.0,2123.0
12,97,1489.0,2123.0
12,98,1489.0,2123.0
12,99,1489.0,2123.0
12,100,1489.0,2123.0
12,101,1489.0,2123.0
12,102,1489.0,2123.0
12,103,1489.0,2123.0
12,104,1489.0,2123.0
12,105,1489.0,2123.0
12,106,1489.0,2123.0
12,107,1489.0,2123.0
12,108,1489.0,2123.0
12,109,1489.0,2123.0
12,110,1489.0,2123.0
12,111,1489.0,2123.0
12,112,1489.0,2123.0
12,113,1489.0,2123.0
12,114,1489.0,2123.0
12,115,1489.0,2123.0
12,116,1489.0,2123.0
12,117,1489.0,2123.0
12,118,1489.0,2123.0
12,119,1489.0,2123.0
12,120,1489.0,2123.0
12,121,1489.0,2123.0
12,122,1489.0,2123.0
12,123,1489.0,2123.0
12,124,1489.0,2123.0
12,125,1489.0,2123.0
12,126,1489.0,2123.0
12,127,1489.0,2123.0
12,128,1489.0,2123.0
12,129,1489.0,2123.0
12,130,1489.0,2123.0
12,131,1489.0,2123.0
12,132,1489.0,2123.0
12,133,1489.0,2123.0
12,134,1489.0,2123.0
12,135,1489.0,2123.0
12,136,1489.0,2123.0
12,137,1489.0,2123.0
12,138,1489.0,2123.0
12,139,1489.0,2123.0
12,140,1489.0,2123.0
12,141,1489.0,2123.0
12,142,1489.0,2123.0
12,143,1489.0,2123.0
12,144,1489.0,2123.0
12,145,1489.0,2123.0
12,146,1489.0,2123.0
12,147,1489.0,2123.0
12,148,1489.0,2123.0
12,149,1489.0,2123.0
12,150,1489.0,2123.0
12,151,1489.0,2123.0
12,152,1489.0,2123.0
12,153,1489.0,2123.0
12,154,1489.0,2123.0
12,155,1489.0,2123.0
12,156,1489.0,2123.0
12,157,1489.0,2123.0
12,158,1489.0,2123.0
12,159,1489.0,2123.0
12,160,1489.0,2123.0
12,161,1489.0,2123.0
12,162,1489.0,2123.0
12,163,1489.0,2123.0
12,164,1489.0,2123.0
12,165,1489.0,2123.0
12,166,1489.0,2123.0
12,167,1489.0,2123.0
12,168,1489.0,2123.0
12,169,1489.0,2123.0
12,170,1489.0,2123.0
12,171,1489.0,2123.0
12,172,1489.0,2123.0
12,173,1489.0,2123.0
12,174,1489.0,2123.0
12,175,1489.0,2123.0
12,176,1489.0,2123.0
12,177,1489.0,2123.0
12,178,1489.0,2123.0
12,179,1489.0,2123.0
12,180,1489.0,2123.0
12,181,1489.0,2123.0
12,182,1489.0,2123.0
12,183,1489.0,2123.0
12,184,1489.0,2123.0
12,185,1489.0,2123.0
12,186,1489.0,2123.0
12,187,1489.0,2123.0
12,188,1489.0,2123.0
12,189,1489.0,2123.0
12,190,1489.0,2123.0
12,191,1489.0,2123.0
12,192,1489.0,2123.0
12,193,1489.0,2123.0
12,194,1489.0,2123.0
12,195,1489.0,2123.0
12,196,1489.0,2123.0
12,197,1489.0,2123.0
12,198,1489.0,2123.0
12,199,1489.0,2123.0
12,200,1489.0,2123.0
12,201,1489.0,2123.0
12,202,1489.0,2123.0
12,203,1489.0,2123.0
12,204,1489.0,2123.0
12,205,1489.0,2123.0
12,206,1489.0,2123.0
12,207,1489.0,2123.0
12,208,1489.0,2123.0
12,209,1489.0,2123.0
12,210,1489.0,2123.0
12,211,1489.0,2123.0
12,212,1489.0,2123.0
12,213,1489.0,2123.0
12,214,1489.0,2123.0
12,215,1489.0,2123.0
12,216,1489.0,2123.0
12,217,1489.0,2123.0
12,218,1489.0,2123.0
12,219,1489.0,2123.0
12,220,1489.0,2123.0
12,221,1489.0,2123.0
12,222,1489.0,2123.0
12,223,1489.0,2123.0
12,224,1489.0,2123.0
12,225,1489.0,2123.0
12,226,1489.0,2123.0
12,227,1489.0,2123.0
12,228,1489.0,2123.0
12,229,1489.0,2123.0
12,230,1489.0,2123.0
12,231,1489.0,2123.0
12,232,1489.0,2123.0
12,233,1489.0,2123.0
12,234,1489.0,2123.0
12,235,1489.0,2123.0
12,236,1489.0,2123.0
12,237,1489.0,2123.0
12,238,1489.0,2123.0
12,239,1489.0,2123.0
12,240,1489.0,2123.0
12,241,1489.0,2123.0
12,242,1489.0,2123.0
12,243,1489.0,2123.0
12,244,1489.0,2123.0
12,245,1489.0,2123.0
12,246,1489.0,2123.0
12,247,1489.0,2123.0
12,248,1489.0,2123.0
12,249,1489.0,2123.0
12,250,1489.0,2123.0
12,251,1489.0,2123.0
12,252,1489.0,2123.0
12,253,1489.0,2123.0
12,254,1489.0,2123.0
12,255,1489.0,2123.0
12,256,1489.0,2123.0
12,257,1489.0,2123.0
12,258,1489.0,2123.0
12,259,1489.0,2123.0
12,260,1489.0,2123.0
12,261,1489.0,2123.0
12,262,1489.0,2123.0
12,263,1489.0,2123.0
12,264,1489.0,2123.0
12,265,1489.0,2123.0
12,266,1489.0,2123.0
12,267,1489.0,2123.0
12,268,1489.0,2123.0
12,269,1489.0,2123.0
12,270,1489.0,2123.0
12,271,1489.0,2123.0
12,272,1489.0,2123.0
12,273,1489.0,2123.0
12,274,1489.0,2123.0
12,275,1489.0,2123.0
12,276,1489.0,2123.0
12,277,1489.0,2123.0
12,278,1489.0,2123.0
12,279,1489.0,2123.0
12,280,1489.0,2123.0
12,281,1489.0,2123.0
12,282,1489.0,2123.0
12,283,1489.0,2123.0
12,284,1489.0,2123.0
12,285,1489.0,2123.0
12,286,1489.0,2123.0
12,287,1489.0,2123.0
12,288,1489.0,2123.0
12,289,1489.0,2123.0
12,290,1489.0,2123.0
12,291,1489.0,2123.0
12,292,1489.0,2123.0
12,293,1489.0,2123.0
12,294,1489.0,2123.0
12,295,1489.0,2123.0
12,296,1489.0,2123.0
12,297,1489.0,2123.0
12,298,1489.0,2123.0
12,299,1489.0,2123.0
12,300,1489.0,2123.0
12,301,1489.0,2123.0
12,302,1489.0,2123.0
12,303,1489.0,2123.0
12,304,1489.0,2123.0
12,305,1489.0,2123.0
12,306,1489.0,2123.0
12,307,1489.0,2123.0
12,308,1489.0,2123.0
12,309,1489.0,2123.0
12,310,1489.0,2123.0
12,311,1489.0,2123.0
12,312,1489.0,2123.0
12,313,1489.0,2123.0
12,314,1489.0,2123.0
12,315,1489.0,2123.0
12,316,1489.0,2123.0
12,317,1489.0,2123.0
12,318,1489.0,2123.0
12,319,1489.0,2123.0
12,320,1489.0,2123.0
12,321,1489.0,2123.0
12,322,1489.0,2123.0
12,323,1489.0,2123.0
12,324,1489.0,2123.0
12,325,1489.0,2123.0
12,326,1489.0,2123.0
12,327,1489.0,2123.0
12,328,1489.0,2123.0
12,329,1489.0,2123.0
12,330,1489.0,2123.0
12,331,1489.0,2123.0
12,332,1489.0,2123.0
12,333,1489.0,2123.0
12,334,1489.0,2123.0
12,335,1489.0,2123.0
12,336,1489.0,2123.0
12,337,1489.0,2123.0
12,338,1489.0,2123.0
12,339,1489.0,2123.0
12,340,1489.0,2123.0
12,341,1489.0,2123.0
12,342,1489.0,2123.0
12,343,1489.0,2123.0
12,344,1489.0,2123.0
12,345,1489.0,2123.0
12,346,1489.0,2123.0
12,347,1489.0,2123.0
12,348,1489.0,2123.0
12,349,1489.0,2123.0
12,350,1489.0,2123.0
12,351,1489.0,2123.0
12,352,1489.0,2123.0
12,353,1489.0,2123.0
12,354,1489.0,2123.0
12,355,1489.0,2123.0
12,356,1489.0,2123.0
12,357,1489.0,2123.0
12,358,1489.0,2123.0
12,359,1489.0,2123.0
13,0,2550.0,1876.0
13,1,2550.0,1876.0
13,2,2550.0,1876.0
13,3,2550.0,1876.0
13,4,2550.0,1876.0
13,5,2550.0,1876.0
13,6,2550.0,1876.0
13,7,2550.0,1876.0
13,8,2550.0,1876.0
13,9,2550.0,1876.0
13,10,2550.0,1876.0
13,11,2550.0,1876.0
13,12,2550.0,1876.0
13,13,2550.0,1876.0
13,14,2550.0,1876.0
13,15,2550.0,1876.0
13,16,2550.0,1876.0
13,17,2550.0,1876.0
13,18,2550.0,1876.0
13,19,2550.0,1876.0
13,20,2550.0,1876.0
13,21,2550.0,1876.0
13,22,2550.0,1876.0
13,23,2550.0,1876.0
13,24,2550.0,1876.0
13,25,2550.0,1876.0
13,26,2550.0,1876.0
13,27,2550.0,1876.0
13,28,2550.0,1876.0
13,29,2550.0,1876.0
13,30,2550.0,1876.0
13,31,2550.0,1876.0
13,32,2550.0,1876.0
13,33,2550.0,1876.0
13,34,2550.0,1876.0
13,35,2550.0,1876.0
13,36,2550.0,1876.0
13,37,2550.0,1876.0
13,38,2550.0,1876.0
13,39,2550.0,1876.0
13,40,2550.0,1876.0
13,41,2550.0,1876.0
13,42,2550.0,1876.0
13,43,2550.0,1876.0
13,44,2550.0,1876.0
13,45,2550.0,1876.0
13,46,2550.0,1876.0
13,47,2550.0,1876.0
13,48,2550.0,1876.0
13,49,2550.0,1876.0
13,50,2550.0,1876.0
13,51,2550.0,1876.0
13,52,2550.0,1876.0
13,53,2550.0,1876.0
13,54,2550.0,1876.0
13,55,2550.0,1876.0
13,56,2550.0,1876.0
13,57,2550.0,1876.0
13,58,2550.0,1876.0
13,59,2550.0,1876.0
13,60,2550.0,1876.0
13,61,2550.0,1876.0
13,62,2550.0,1876.0
13,63,2550.0,1876.0
13,64,2550.0,1876.0
13,65,2550.0,1876.0
13,66,2550.0,1876.0
13,67,2550.0,1876.0
13,68,2550.0,1876.0
13,69,2550.0,1876.0
13,70,2550.0,1876.0
13,71,2550.0,1876.0
13,72,2550.0,1876.0
13,73,2550.0,1876.0
13,74,2550.0,1876.0
13,75,2550.0,1876.0
13,76,2550.0,1876.0
13,77,2550.0,1876.0
13,78,2550.0,1876.0
13,79,2550.0,1876.0
13,80,2550.0,1876.0
13,81,2550.0,1876.0
13,82,2550.0,1876.0
13,83,2550.0,1876.0
13,84,2550.0,1876.0
13,85,2550.0,1876.0
13,86,2550.0,1876.0
13,87,2550.0,1876.0
13,88,2550.0,1876.0
13,89,2550.0,1876.0
13,90,2550.0,1876.0
13,91,2550.0,1876.0
13,92,2550.0,1876.0
13,93,2550.0,1876.0
13,94,2550.0,1876.0
13,95,2550.0,1876.0
13,96,2550.0,1876.0
13,97,2550.0,1876.0
13,98,2550.0,1876.0
13,99,2550.0,1876.0
13,100,2550.0,1876.0
13,101,2550.0,1876.0
13,102,2550.0,1876.0
13,103,2550.0,1876.0
13,104,2550.0,1876.0
13,105,2550.0,1876.0
13,106,2550.0,1876.0
13,107,2550.0,1876.0
13,108,2550.0,1876.0
13,109,2550.0,1876.0
13,110,2550.0,1876.0
13,111,2550.0,1876.0
13,112,2550.0,1876.0
13,113,2550.0,1876.0
13,114,2550.0,1876.0
13,115,2550.0,1876.0
13,116,2550.0,1876.0
13,117,2550.0,1876.0
13,118,2550.0,1876.0
13,119,2550.0,1876.0
13,120,2550.0,1876.0
13,121,2550.0,1876.0
13,122,2550.0,1876.0
13,123,2550.0,1876.0
13,124,2550.0,1876.0
13,125,2550.0,1876.0
13,126,2550.0,1876.0
13,127,2550.0,1876.0
13,128,2550.0,1876.0
13,129,2550.0,1876.0
13,130,2550.0,1876.0
13,131,2550.0,1876.0
13,132,2550.0,1876.0
13,133,2550.0,1876.0
13,134,2550.0,1876.0
13,135,2550.0,1876.0
13,136,2550.0,1876.0
13,137,2550.0,1876.0
13,138,2550.0,1876.0
13,139,2550.0,1876.0
13,140,2550.0,1876.0
13,141,2550.0,1876.0
13,142,2550.0,1876.0
13,143,2550.0,1876.0
13,144,2550.0,1876.0
13,145,2550.0,1876.0
13,146,2550.0,1876.0
13,147,2550.0,1876.0
13,148,2550.0,1876.0
13,149,2550.0,1876.0
13,150,2550.0,1876.0
13,151,2550.0,1876.0
13,152,2550.0,1876.0
13,153,2550.0,1876.0
13,154,2550.0,1876.0
13,155,2550.0,1876.0
13,156,2550.0,1876.0
13,157,2550.0,1876.0
13,158,2550.0,1876.0
13,159,2550.0,1876.0
13,160,2550.0,1876.0
13,161,2550.0,1876.0
13,162,2550.0,1876.0
13,163,2550.0,1876.0
13,164,2550.0,1876.0
13,165,2550.0,1876.0
13,166,2550.0,1876.0
13,167,2550.0,1876.0
13,168,2550.0,1876.0
13,169,2550.0,1876.0
13,170,2550.0,1876.0
13,171,2550.0,1876.0
13,172,2550.0,1876.0
13,173,2550.0,1876.0
13,174,2550.0,1876.0
13,175,2550.0,1876.0
13,176,2550.0,1876.0
13,177,2550.0,1876.0
13,178,2550.0,1876.0
13,179,2550.0,1876.0
13,180,2550.0,1876.0
13,181,2550.0,1876.0
13,182,2550.0,1876.0
13,183,2550.0,1876.0
13,184,2550.0,1876.0
13,185,2550.0,1876.0
13,186,2550.0,1876.0
13,187,2550.0,1876.0
13,188,2550.0,1876.0
13,189,2550.0,1876.0
13,190,2550.0,1876.0
13,191,2550.0,1876.0
13,192,2550.0,1876.0
13,193,2550.0,1876.0
13,194,2550.0,1876.0
13,195,2550.0,1876.0
13,196,2550.0,1876.0
13,197,2550.0,1876.0
13,198,2550.0,1876.0
13,199,2550.0,1876.0
13,200,2550.0,1876.0
13,201,2550.0,1876.0
13,202,2550.0,1876.0
13,203,2550.0,1876.0
13,204,2550.0,1876.0
13,205,2550.0,1876.0
13,206,2550.0,1876.0
13,207,2550.0,1876.0
13,208,2550.0,1876.0
13,209,2550.0,1876.0
13,210,2550.0,1876.0
13,211,2550.0,1876.0
13,212,2550.0,1876.0
13,213,2550.0,1876.0
13,214,2550.0,1876.0
13,215,2550.0,1876.0
13,216,2550.0,1876.0
13,217,2550.0,1876.0
13,218,2550.0,1876.0
13,219,2550.0,1876.0
13,220,2550.0,1876.0
13,221,2550.0,1876.0
13,222,2550.0,1876.0
13,223,2550.0,1876.0
13,224,2550.0,1876.0
13,225,2550.0,1876.0
13,226,2550.0,1876.0
13,227,2550.0,1876.0
13,228,2550.0,1876.0
13,229,2550.0,1876.0
13,230,2550.0,1876.0
13,231,2550.0,1876.0
13,232,2550.0,1876.0
13,233,2550.0,1876.0
13,234,2550.0,1876.0
13,235,2550.0,1876.0
13,236,2550.0,1876.0
13,237,2550.0,1876.0
13,238,2550.0,1876.0
13,239,2550.0,1876.0
13,240,2550.0,1876.0
13,241,2550.0,1876.0
13,242,2550.0,1876.0
13,243,2550.0,1876.0
13,244,2550.0,1876.0
13,245,2550.0,1876.0
13,246,2550.0,1876.0
13,247,2550.0,1876.0
13,248,2550.0,1876.0
13,249,2550.0,1876.0
13,250,2550.0,1876.0
13,251,2550.0,1876.0
13,252,2550.0,1876.0
13,253,2550.0,1876.0
13,254,2550.0,1876.0
13,255,2550.0,1876.0
13,256,2550.0,1876.0
13,257,2550.0,1876.0
13,258,2550.0,1876.0
13,259,2550.0,1876.0
13,260,2550.0,1876.0
13,261,2550.0,1876.0
13,262,2550.0,1876.0
13,263,2550.0,1876.0
13,264,2550.0,1876.0
13,265,2550.0,1876.0
13,266,2550.0,1876.0
13,267,2550.0,1876.0
13,268,2550.0,1876.0
13,269,2550.0,1876.0
13,270,2550.0,1876.0
13,271,2550.0,1876.0
13,272,2550.0,1876.0
13,273,2550.0,1876.0
13,274,2550.0,1876.0
13,275,2550.0,1876.0
13,276,2550.0,1876.0
13,277,2550.0,1876.0
13,278,2550.0,1876.0
13,279,2550.0,1876.0
13,280,2550.0,1876.0
13,281,2550.0,1876.0
13,282,2550.0,1876.0
13,283,2550.0,1876.0
13,284,2550.0,1876.0
13,285,2550.0,1876.0
13,286,2550.0,1876.0
13,287,2550.0,1876.0
13,288,2550.0,1876.0
13,289,2550.0,1876.0
13,290,2550.0,1876.0
13,291,2550.0,1876.0
13,292,2550.0,1876.0
13,293,2550.0,1876.0
13,294,2550.0,1876.0
13,295,2550.0,1876.0
13,296,2550.0,1876.0
13,297,2550.0,1876.0
13,298,2550.0,1876.0
13,299,2550.0,1876.0
13,300,2550.0,1876.0
13,301,2550.0,1876.0
13,302,2550.0,1876.0
13,303,2550.0,1876.0
13,304,2550.0,1876.0
13,305,2550.0,1876.0
13,306,2550.0,1876.0
13,307,2550.0,1876.0
13,308,2550.0,1876.0
13,309,2550.0,1876.0
13,310,2550.0,1876.0
13,311,2550.0,1876.0
13,312,2550.0,1876.0
13,313,2550.0,1876.0
13,314,2550.0,1876.0
13,315,2550.0,1876.0
13,316,2550.0,1876.0
13,317,2550.0,1876.0
13,318,2550.0,1876.0
13,319,2550.0,1876.0
13,320,2550.0,1876.0
13,321,2550.0,1876.0
13,322,2550.0,1876.0
13,323,2550.0,1876.0
13,324,2550.0,1876.0
13,325,2550.0,1876.0
13,326,2550.0,1876.0
13,327,2550.0,1876.0
13,328,2550.0,1876.0
13,329,2550.0,1876.0
13,330,2550.0,1876.0
13,331,2550.0,1876.0
13,332,2550.0,1876.0
13,333,2550.0,1876.0
13,334,2550.0,1876.0
13,335,2550.0,1876.0
13,336,2550.0,1876.0
13,337,2550.0,1876.0
13,338,2550.0,1876.0
13,339,2550.0,1876.0
13,340,2550.0,1876.0
13,341,2550.0,1876.0
13,342,2550.0,1876.0
13,343,2550.0,1876.0
13,344,2550.0,1876.0
13,345,2550.0,1876.0
13,346,2550.0,1876.0
13,347,2550.0,1876.0
13,348,2550.0,1876.0
13,349,2550.0,1876.0
13,350,2550.0,1876.0
13,351,2550.0,1876.0
13,352,2550.0,1876.0
13,353,2550.0,1876.0
13,354,2550.0,1876.0
13,355,2550.0,1876.0
13,356,2550.0,1876.0
13,357,2550.0,1876.0
13,358,2550.0,1876.0
13,359,2550.0,1876.0
14,0,1322.0,1732.0
14,1,1322.0,1732.0
14,2,1322.0,1732.0
14,3,1322.0,1732.0
14,4,1322.0,1732.0
14,5,1322.0,1732.0
14,6,1322.0,1732.0
14,7,1322.0,1732.0
14,8,1322.0,1732.0
14,9,1322.0,1732.0
14,10,1322.0,1732.0
14,11,1322.0,1732.0
14,12,1322.0,1732.0
14,13,1322.0,1732.0
14,14,1322.0,1732.0
14,15,1322.0,1732.0
14,16,1322.0,1732.0
14,17,1322.0,1732.0
14,18,1322.0,1732.0
14,19,1322.0,1732.0
14,20,1322.0,1732.0
14,21,1322.0,1732.0
14,22,1322.0,1732.0
14,23,1322.0,1732.0
14,24,1322.0,1732.0
14,25,1322.0,1732.0
14,26,1322.0,1732.0
14,27,1322.0,1732.0
14,28,1322.0,1732.0
14,29,1322.0,1732.0
14,30,1322.0,1732.0
14,31,1322.0,1732.0
14,32,1322.0,1732.0
14,33,1322.0,1732.0
14,34,1322.0,1732.0
14,35,1322.0,1732.0
14,36,1322.0,1732.0
14,37,1322.0,1732.0
14,38,1322.0,1732.0
14,39,1322.0,1732.0
14,40,1322.0,1732.0
14,41,1322.0,1732.0
14,42,1322.0,1732.0
14,43,1322.0,1732.0
14,44,1322.0,1732.0
14,45,1322.0,1732.0
14,46,1322.0,1732.0
14,47,1322.0,1732.0
14,48,1322.0,1732.0
14,49,1322.0,1732.0
14,50,1322.0,1732.0
14,51,1322.0,1732.0
14,52,1322.0,1732.0
14,53,1322.0,1732.0
14,54,1322.0,1732.0
14,55,1322.0,1732.0
14,56,1322.0,1732.0
14,57,1322.0,1732.0
14,58,1322.0,1732.0
14,59,1322.0,1732.0
14,60,1322.0,1732.0
14,61,1322.0,1732.0
14,62,1322.0,1732.0
14,63,1322.0,1732.0
14,64,1322.0,1732.0
14,65,1322.0,1732.0
14,66,1322.0,1732.0
14,67,1322.0,1732.0
14,68,1322.0,1732.0
14,69,1322.0,1732.0
14,70,1322.0,1732.0
14,71,1322.0,1732.0
14,72,1322.0,1732.0
14,73,1322.0,1732.0
14,74,1322.0,1732.0
14,75,1322.0,1732.0
14,76,1322.0,1732.0
14,77,1322.0,1732.0
14,78,1322.0,1732.0
14,79,1322.0,1732.0
14,80,1322.0,1732.0
14,81,1322.0,1732.0
14,82,1322.0,1732.0
14,83,1322.0,1732.0
14,84,1322.0,1732.0
14,85,1322.0,1732.0
14,86,1322.0,1732.0
14,87,1322.0,1732.0
14,88,1322.0,1732.0
14,89,1322.0,1732.0
14,90,1322.0,1732.0
14,91,1322.0,1732.0
14,92,1322.0,1732.0
14,93,1322.0,1732.0
14,94,1322.0,1732.0
14,95,1322.0,1732.0
14,96,1322.0,1732.0
14,97,1322.0,1732.0
14,98,1322.0,1732.0
14,99,1322.0,1732.0
14,100,1322.0,1732.0
14,101,1322.0,1732.0
14,102,1322.0,1732.0
14,103,1322.0,1732.0
14,104,1322.0,1732.0
14,105,1322.0,1732.0
14,106,1322.0,1732.0
14,107,1322.0,1732.0
14,108,1322.0,1732.0
14,109,1322.0,1732.0
14,110,1322.0,1732.0
14,111,1322.0,1732.0
14,112,1322.0,1732.0
14,113,1322.0,1732.0
14,114,1322.0,1732.0
14,115,1322.0,1732.0
14,116,1322.0,1732.0
14,117,1322.0,1732.0
14,118,1322.0,1732.0
14,119,1322.0,1732.0
14,120,1322.0,1732.0
14,121,1322.0,1732.0
14,122,1322.0,1732.0
14,123,1322.0,1732.0
14,124,1322.0,1732.0
14,125,1322.0,1732.0
14,126,1322.0,1732.0
14,127,1322.0,1732.0
14,128,1322.0,1732.0
14,129,1322.0,1732.0
14,130,1322.0,1732.0
14,131,1322.0,1732.0
14,132,1322.0,1732.0
14,133,1322.0,1732.0
14,134,1322.0,1732.0
14,135,1322.0,1732.0
14,136,1322.0,1732.0
14,137,1322.0,1732.0
14,138,1322.0,1732.0
14,139,1322.0,1732.0
14,140,1322.0,1732.0
14,141,1322.0,1732.0
14,142,1322.0,1732.0
14,143,1322.0,1732.0
14,144,1322.0,1732.0
14,145,1322.0,1732.0
14,146,1322.0,1732.0
14,147,1322.0,1732.0
14,148,1322.0,1732.0
14,149,1322.0,1732.0
14,150,1322.0,1732.0
14,151,1322.0,1732.0
14,152,1322.0,1732.0
14,153,1322.0,1732.0
14,154,1322.0,1732.0
14,155,1322.0,1732.0
14,156,1322.0,1732.0
14,157,1322.0,1732.0
14,158,1322.0,1732.0
14,159,1322.0,1732.0
14,160,1322.0,1732.0
14,161,1322.0,1732.0
14,162,1322.0,1732.0
14,163,1322.0,1732.0
14,164,1322.0,1732.0
14,165,1322.0,1732.0
14,166,1322.0,1732.0
14,167,1322.0,1732.0
14,168,1322.0,1732.0
14,169,1322.0,1732.0
14,170,1322.0,1732.0
14,171,1322.0,1732.0
14,172,1322.0,1732.0
14,173,1322.0,1732.0
14,174,1322.0,1732.0
14,175,1322.0,1732.0
14,176,1322.0,1732.0
14,177,1322.0,1732.0
14,178,1322.0,1732.0
14,179,1322.0,1732.0
14,180,1322.0,1732.0
14,181,1322.0,1732.0
14,182,1322.0,1732.0
14,183,1322.0,1732.0
14,184,1322.0,1732.0
14,185,1322.0,1732.0
14,186,1322.0,1732.0
14,187,1322.0,1732.0
14,188,1322.0,1732.0
14,189,1322.0,1732.0
14,190,1322.0,1732.0
14,191,1322.0,1732.0
14,192,1322.0,1732.0
14,193,1322.0,1732.0
14,194,1322.0,1732.0
14,195,1322.0,1732.0
14,196,1322.0,1732.0
14,197,1322.0,1732.0
14,198,1322.0,1732.0
14,199,1322.0,1732.0
14,200,1322.0,1732.0
14,201,1322.0,1732.0
14,202,1322.0,1732.0
14,203,1322.0,1732.0
14,204,1322.0,1732.0
14,205,1322.0,1732.0
14,206,1322.0,1732.0
14,207,1322.0,1732.0
14,208,1322.0,1732.0
14,209,1322.0,1732.0
14,210,1322.0,1732.0
14,211,1322.0,1732.0
14,212,1322.0,1732.0
14,213,1322.0,1732.0
14,214,1322.0,1732.0
14,215,1322.0,1732.0
14,216,1322.0,1732.0
14,217,1322.0,1732.0
14,218,1322.0,1732.0
14,219,1322.0,1732.0
14,220,1322.0,1732.0
14,221,1322.0,1732.0
14,222,1322.0,1732.0
14,223,1322.0,1732.0
14,224,1322.0,1732.0
14,225,1322.0,1732.0
14,226,1322.0,1732.0
14,227,1322.0,1732.0
14,228,1322.0,1732.0
14,229,1322.0,1732.0
14,230,1322.0,1732.0
14,231,1322.0,1732.0
14,232,1322.0,1732.0
14,233,1322.0,1732.0
14,234,1322.0,1732.0
14,235,1322.0,1732.0
14,236,1322.0,1732.0
14,237,1322.0,1732.0
14,238,1322.0,1732.0
14,239,1322.0,1732.0
14,240,1322.0,1732.0
14,241,1322.0,1732.0
14,242,1322.0,1732.0
14,243,1322.0,1732.0
14,244,1322.0,1732.0
14,245,1322.0,1732.0
14,246,1322.0,1732.0
14,247,1322.0,1732.0
14,248,1322.0,1732.0
14,249,1322.0,1732.0
14,250,1322.0,1732.0
14,251,1322.0,1732.0
14,252,1322.0,1732.0
14,253,1322.0,1732.0
14,254,1322.0,1732.0
14,255,1322.0,1732.0
14,256,1322.0,1732.0
14,257,1322.0,1732.0
14,258,1322.0,1732.0
14,259,1322.0,1732.0
14,260,1322.0,1732.0
14,261,1322.0,1732.0
14,262,1322.0,1732.0
14,263,1322.0,1732.0
14,264,1322.0,1732.0
14,265,1322.0,1732.0
14,266,1322.0,1732.0
14,267,1322.0,1732.0
14,268,1322.0,1732.0
14,269,1322.0,1732.0
14,270,1322.0,1732.0
14,271,1322.0,1732.0
14,272,1322.0,1732.0
14,273,1322.0,1732.0
14,274,1322.0,1732.0
14,275,1322.0,1732.0
14,276,1322.0,1732.0
14,277,1322.0,1732.0
14,278,1322.0,1732.0
14,279,1322.0,1732.0
14,280,1322.0,1732.0
14,281,1322.0,1732.0
14,282,1322.0,1732.0
14,283,1322.0,1732.0
14,284,1322.0,1732.0
14,285,1322.0,1732.0
14,286,1322.0,1732.0
14,287,1322.0,1732.0
14,288,1322.0,1732.0
14,289,1322.0,1732.0
14,290,1322.0,1732.0
14,291,1322.0,1732.0
14,292,1322.0,1732.0
14,293,1322.0,1732.0
14,294,1322.0,1732.0
14,295,1322.0,1732.0
14,296,1322.0,1732.0
14,297,1322.0,1732.0
14,298,1322.0,1732.0
14,299,1322.0,1732.0
14,300,1322.0,1732.0
14,301,1322.0,1732.0
14,302,1322.0,1732.0
14,303,1322.0,1732.0
14,304,1322.0,1732.0
14,305,1322.0,1732.0
14,306,1322.0,1732.0
14,307,1322.0,1732.0
14,308,1322.0,1732.0
14,309,1322.0,1732.0
14,310,1322.0,1732.0
14,311,1322.0,1732.0
14,312,1322.0,1732.0
14,313,1322.0,1732.0
14,314,1322.0,1732.0
14,315,1322.0,1732.0
14,316,1322.0,1732.0
14,317,1322.0,1732.0
14,318,1322.0,1732.0
14,319,1322.0,1732.0
14,320,1322.0,1732.0
14,321,1322.0,1732.0
14,322,1322.0,1732.0
14,323,1322.0,1732.0
14,324,1322.0,1732.0
14,325,1322.0,1732.0
14,326,1322.0,1732.0
14,327,1322.0,1732.0
14,328,1322.0,1732.0
14,329,1322.0,1732.0
14,330,1322.0,1732.0
14,331,1322.0,1732.0
14,332,1322.0,1732.0
14,333,1322.0,1732.0
14,334,1322.0,1732.0
14,335,1322.0,1732.0
14,336,1322.0,1732.0
14,337,1322.0,1732.0
14,338,1322.0,1732.0
14,339,1322.0,1732.0
14,340,1322.0,1732.0
14,341,1322.0,1732.0
14,342,1322.0,1732.0
14,343,1322.0,1732.0
14,344,1322.0,1732.0
14,345,1322.0,1732.0
14,346,1322.0,1732.0
14,347,1322.0,1732.0
14,348,1322.0,1732.0
14,349,1322.0,1732.0
14,350,1322.0,1732.0
14,351,1322.0,1732.0
14,352,1322.0,1732.0
14,353,1322.0,1732.0
14,354,1322.0,1732.0
14,355,1322.0,1732.0
14,356,1322.0,1732.0
14,357,1322.0,1732.0
14,358,1322.0,1732.0
14,359,1322.0,1732.0
15,0,1717.0,2057.0
15,1,1717.0,2057.0
15,2,1717.0,2057.0
15,3,1717.0,2057.0
15,4,1717.0,2057.0
15,5,1717.0,2057.0
15,6,1717.0,2057.0
15,7,1717.0,2057.0
15,8,1717.0,2057.0
15,9,1717.0,2057.0
15,10,1717.0,2057.0
15,11,1717.0,2057.0
15,12,1717.0,2057.0
15,13,1717.0,2057.0
15,14,1717.0,2057.0
15,15,1717.0,2057.0
15,16,1717.0,2057.0
15,17,1717.0,2057.0
15,18,1717.0,2057.0
15,19,1717.0,2057.0
15,20,1717.0,2057.0
15,21,1717.0,2057.0
15,22,1717.0,2057.0
15,23,1717.0,2057.0
15,24,1717.0,2057.0
15,25,1717.0,2057.0
15,26,1717.0,2057.0
15,27,1717.0,2057.0
15,28,1717.0,2057.0
15,29,1717.0,2057.0
15,30,1717.0,2057.0
15,31,1717.0,2057.0
15,32,1717.0,2057.0
15,33,1717.0,2057.0
15,34,1717.0,2057.0
15,35,1717.0,2057.0
15,36,1717.0,2057.0
15,37,1717.0,2057.0
15,38,1717.0,2057.0
15,39,1717.0,2057.0
15,40,1717.0,2057.0
15,41,1717.0,2057.0
15,42,1717.0,2057.0
15,43,1717.0,2057.0
15,44,1717.0,2057.0
15,45,1717.0,2057.0
15,46,1717.0,2057.0
15,47,1717.0,2057.0
15,48,1717.0,2057.0
15,49,1717.0,2057.0
15,50,1717.0,2057.0
15,51,1717.0,2057.0
15,52,1717.0,2057.0
15,53,1717.0,2057.0
15,54,1717.0,2057.0
15,55,1717.0,2057.0
15,56,1717.0,2057.0
15,57,1717.0,2057.0
15,58,1717.0,2057.0
15,59,1717.0,2057.0
15,60,1717.0,2057.0
15,61,1717.0,2057.0
15,62,1717.0,2057.0
15,63,1717.0,2057.0
15,64,1717.0,2057.0
15,65,1717.0,2057.0
15,66,1717.0,2057.0
15,67,1717.0,2057.0
15,68,1717.0,2057.0
15,69,1717.0,2057.0
15,70,1717.0,2057.0
15,71,1717.0,2057.0
15,72,1717.0,2057.0
15,73,1717.0,2057.0
15,74,1717.0,2057.0
15,75,1717.0,2057.0
15,76,1717.0,2057.0
15,77,1717.0,2057.0
15,78,1717.0,2057.0
15,79,1717.0,2057.0
15,80,1717.0,2057.0
15,81,1717.0,2057.0
15,82,1717.0,2057.0
15,83,1717.0,2057.0
15,84,1717.0,2057.0
15,85,1717.0,2057.0
15,86,1717.0,2057.0
15,87,1717.0,2057.0
15,88,1717.0,2057.0
15,89,1717.0,2057.0
15,90,1717.0,2057.0
15,91,1717.0,2057.0
15,92,1717.0,2057.0
15,93,1717.0,2057.0
15,94,1717.0,2057.0
15,95,1717.0,2057.0
15,96,1717.0,2057.0
15,97,1717.0,2057.0
15,98,1717.0,2057.0
15,99,1717.0,2057.0
15,100,1717.0,2057.0
15,101,1717.0,2057.0
15,102,1717.0,2057.0
15,103,1717.0,2057.0
15,104,1717.0,2057.0
15,105,1717.0,2057.0
15,106,1717.0,2057.0
15,107,1717.0,2057.0
15,108,1717.0,2057.0
15,109,1717.0,2057.0
15,110,1717.0,2057.0
15,111,1717.0,2057.0
15,112,1717.0,2057.0
15,113,1717.0,2057.0
15,114,1717.0,2057.0
15,115,1717.0,2057.0
15,116,1717.0,2057.0
15,117,1717.0,2057.0
15,118,1717.0,2057.0
15,119,1717.0,2057.0
15,120,1717.0,2057.0
15,121,1717.0,2057.0
15,122,1717.0,2057.0
15,123,1717.0,2057.0
15,124,1717.0,2057.0
15,125,1717.0,2057.0
15,126,1717.0,2057.0
15,127,1717.0,2057.0
15,128,1717.0,2057.0
15,129,1717.0,2057.0
15,130,1717.0,2057.0
15,131,1717.0,2057.0
15,132,1717.0,2057.0
15,133,1717.0,2057.0
15,134,1717.0,2057.0
15,135,1717.0,2057.0
15,136,1717.0,2057.0
15,137,1717.0,2057.0
15,138,1717.0,2057.0
15,139,1717.0,2057.0
15,140,1717.0,2057.0
15,141,1717.0,2057.0
15,142,1717.0,2057.0
15,143,1717.0,2057.0
15,144,1717.0,2057.0
15,145,1717.0,2057.0
15,146,1717.0,2057.0
15,147,1717.0,2057.0
15,148,1717.0,2057.0
15,149,1717.0,2057.0
15,150,1717.0,2057.0
15,151,1717.0,2057.0
15,152,1717.0,2057.0
15,153,1717.0,2057.0
15,154,1717.0,2057.0
15,155,1717.0,2057.0
15,156,1717.0,2057.0
15,157,1717.0,2057.0
15,158,1717.0,2057.0
15,159,1717.0,2057.0
15,160,1717.0,2057.0
15,161,1717.0,2057.0
15,162,1717.0,2057.0
15,163,1717.0,2057.0
15,164,1717.0,2057.0
15,165,1717.0,2057.0
15,166,1717.0,2057.0
15,167,1717.0,2057.0
15,168,1717.0,2057.0
15,169,1717.0,2057.0
15,170,1717.0,2057.0
15,171,1717.0,2057.0
15,172,1717.0,2057.0
15,173,1717.0,2057.0
15,174,1717.0,2057.0
15,175,1717.0,2057.0
15,176,1717.0,2057.0
15,177,1717.0,2057.0
15,178,1717.0,2057.0
15,179,1717.0,2057.0
15,180,1717.0,2057.0
15,181,1717.0,2057.0
15,182,1717.0,2057.0
15,183,1717.0,2057.0
15,184,1717.0,2057.0
15,185,1717.0,2057.0
15,186,1717.0,2057.0
15,187,1717.0,2057.0
15,188,1717.0,2057.0
15,189,1717.0,2057.0
15,190,1717.0,2057.0
15,191,1717.0,2057.0
15,192,1717.0,2057.0
15,193,1717.0,2057.0
15,194,1717.0,2057.0
15,195,1717.0,2057.0
15,196,1717.0,2057.0
15,197,1717.0,2057.0
15,198,1717.0,2057.0
15,199,1717.0,2057.0
15,200,1717.0,2057.0
15,201,1717.0,2057.0
15,202,1717.0,2057.0
15,203,1717.0,2057.0
15,204,1717.0,2057.0
15,205,1717.0,2057.0
15,206,1717.0,2057.0
15,207,1717.0,2057.0
15,208,1717.0,2057.0
15,209,1717.0,2057.0
15,210,1717.0,2057.0
15,211,1717.0,2057.0
15,212,1717.0,2057.0
15,213,1717.0,2057.0
15,214,1717.0,2057.0
15,215,1717.0,2057.0
15,216,1717.0,2057.0
15,217,1717.0,2057.0
15,218,1717.0,2057.0
15,219,1717.0,2057.0
15,220,1717.0,2057.0
15,221,1717.0,2057.0
15,222,1717.0,2057.0
15,223,1717.0,2057.0
15,224,1717.0,2057.0
15,225,1717.0,2057.0
15,226,1717.0,2057.0
15,227,1717.0,2057.0
15,228,1717.0,2057.0
15,229,1717.0,2057.0
15,230,1717.0,2057.0
15,231,1717.0,2057.0
15,232,1717.0,2057.0
15,233,1717.0,2057.0
15,234,1717.0,2057.0
15,235,1717.0,2057.0
15,236,1717.0,2057.0
15,237,1717.0,2057.0
15,238,1717.0,2057.0
15,239,1717.0,2057.0
15,240,1717.0,2057.0
15,241,1717.0,2057.0
15,242,1717.0,2057.0
15,243,1717.0,2057.0
15,244,1717.0,2057.0
15,245,1717.0,2057.0
15,246,1717.0,2057.0
15,247,1717.0,2057.0
15,248,1717.0,2057.0
15,249,1717.0,2057.0
15,250,1717.0,2057.0
15,251,1717.0,2057.0
15,252,1717.0,2057.0
15,253,1717.0,2057.0
15,254,1717.0,2057.0
15,255,1717.0,2057.0
15,256,1717.0,2057.0
15,257,1717.0,2057.0
15,258,1717.0,2057.0
15,259,1717.0,2057.0
15,260,1717.0,2057.0
15,261,1717.0,2057.0
15,262,1717.0,2057.0
15,263,1717.0,2057.0
15,264,1717.0,2057.0
15,265,1717.0,2057.0
15,266,1717.0,2057.0
15,267,1717.0,2057.0
15,268,1717.0,2057.0
15,269,1717.0,2057.0
15,270,1717.0,2057.0
15,271,1717.0,2057.0
15,272,1717.0,2057.0
15,273,1717.0,2057.0
15,274,1717.0,2057.0
15,275,1717.0,2057.0
15,276,1717.0,2057.0
15,277,1717.0,2057.0
15,278,1717.0,2057.0
15,279,1717.0,2057.0
15,280,1717.0,2057.0
15,281,1717.0,2057.0
15,282,1717.0,2057.0
15,283,1717.0,2057.0
15,284,1717.0,2057.0
15,285,1717.0,2057.0
15,286,1717.0,2057.0
15,287,1717.0,2057.0
15,288,1717.0,2057.0
15,289,1717.0,2057.0
15,290,1717.0,2057.0
15,291,1717.0,2057.0
15,292,1717.0,2057.0
15,293,1717.0,2057.0
15,294,1717.0,2057.0
15,295,1717.0,2057.0
15,296,1717.0,2057.0
15,297,1717.0,2057.0
15,298,1717.0,2057.0
15,299,1717.0,2057.0
15,300,1717.0,2057.0
15,301,1717.0,2057.0
15,302,1717.0,2057.0
15,303,1717.0,2057.0
15,304,1717.0,2057.0
15,305,1717.0,2057.0
15,306,1717.0,2057.0
15,307,1717.0,2057.0
15,308,1717.0,2057.0
15,309,1717.0,2057.0
15,310,1717.0,2057.0
15,311,1717.0,2057.0
15,312,1717.0,2057.0
15,313,1717.0,2057.0
15,314,1717.0,2057.0
15,315,1717.0,2057.0
15,316,1717.0,2057.0
15,317,1717.0,2057.0
15,318,1717.0,2057.0
15,319,1717.0,2057.0
15,320,1717.0,2057.0
15,321,1717.0,2057.0
15,322,1717.0,2057.0
15,323,1717.0,2057.0
15,324,1717.0,2057.0
15,325,1717.0,2057.0
15,326,1717.0,2057.0
15,327,1717.0,2057.0
15,328,1717.0,2057.0
15,329,1717.0,2057.0
15,330,1717.0,2057.0
15,331,1717.0,2057.0
15,332,1717.0,2057.0
15,333,1717.0,2057.0
15,334,1717.0,2057.0
15,335,1717.0,2057.0
15,336,1717.0,2057.0
15,337,1717.0,2057.0
15,338,1717.0,2057.0
15,339,1717.0,2057.0
15,340,1717.0,2057.0
15,341,1717.0,2057.0
15,342,1717.0,2057.0
15,343,1717.0,2057.0
15,344,1717.0,2057.0
15,345,1717.0,2057.0
15,346,1717.0,2057.0
15,347,1717.0,2057.0
15,348,1717.0,2057.0
15,349,1717.0,2057.0
15,350,1717.0,2057.0
15,351,1717.0,2057.0
15,352,1717.0,2057.0
15,353,1717.0,2057.0
15,354,1717.0,2057.0
15,355,1717.0,2057.0
15,356,1717.0,2057.0
15,357,1717.0,2057.0
15,358,1717.0,2057.0
15,359,1717.0,2057.0
16,0,1542.0,2203.0
16,1,1542.0,2203.0
16,2,1542.0,2203.0
16,3,1542.0,2203.0
16,4,1542.0,2203.0
16,5,1542.0,2203.0
16,6,1542.0,2203.0
16,7,1542.0,2203.0
16,8,1542.0,2203.0
16,9,1542.0,2203.0
16,10,1542.0,2203.0
16,11,1542.0,2203.0
16,12,1542.0,2203.0
16,13,1542.0,2203.0
16,14,1542.0,2203.0
16,15,1542.0,2203.0
16,16,1542.0,2203.0
16,17,1542.0,2203.0
16,18,1542.0,2203.0
16,19,1542.0,2203.0
16,20,1542.0,2203.0
16,21,1542.0,2203.0
16,22,1542.0,2203.0
16,23,1542.0,2203.0
16,24,1542.0,2203.0
16,25,1542.0,2203.0
16,26,1542.0,2203.0
16,27,1542.0,2203.0
16,28,1542.0,2203.0
16,29,1542.0,2203.0
16,30,1542.0,2203.0
16,31,1542.0,2203.0
16,32,1542.0,2203.0
16,33,1542.0,2203.0
16,34,1542.0,2203.0
16,35,1542.0,2203.0
16,36,1542.0,2203.0
16,37,1542.0,2203.0
16,38,1542.0,2203.0
16,39,1542.0,2203.0
16,40,1542.0,2203.0
16,41,1542.0,2203.0
16,42,1542.0,2203.0
16,43,1542.0,2203.0
16,44,1542.0,2203.0
16,45,1542.0,2203.0
16,46,1542.0,2203.0
16,47,1542.0,2203.0
16,48,1542.0,2203.0
16,49,1542.0,2203.0
16,50,1542.0,2203.0
16,51,1542.0,2203.0
16,52,1542.0,2203.0
16,53,1542.0,2203.0
16,54,1542.0,2203.0
16,55,1542.0,2203.0
16,56,1542.0,2203.0
16,57,1542.0,2203.0
16,58,1542.0,2203.0
16,59,1542.0,2203.0
16,60,1542.0,2203.0
16,61,1542.0,2203.0
16,62,1542.0,2203.0
16,63,1542.0,2203.0
16,64,1542.0,2203.0
16,65,1542.0,2203.0
16,66,1542.0,2203.0
16,67,1542.0,2203.0
16,68,1542.0,2203.0
16,69,1542.0,2203.0
16,70,1542.0,2203.0
16,71,1542.0,2203.0
16,72,1542.0,2203.0
16,73,1542.0,2203.0
16,74,1542.0,2203.0
16,75,1542.0,2203.0
16,76,1542.0,2203.0
16,77,1542.0,2203.0
16,78,1542.0,2203.0
16,79,1542.0,2203.0
16,80,1542.0,2203.0
16,81,1542.0,2203.0
16,82,1542.0,2203.0
16,83,1542.0,2203.0
16,84,1542.0,2203.0
16,85,1542.0,2203.0
16,86,1542.0,2203.0
16,87,1542.0,2203.0
16,88,1542.0,2203.0
16,89,1542.0,2203.0
16,90,1542.0,2203.0
16,91,1542.0,2203.0
16,92,1542.0,2203.0
16,93,1542.0,2203.0
16,94,1542.0,2203.0
16,95,1542.0,2203.0
16,96,1542.0,2203.0
16,97,1542.0,2203.0
16,98,1542.0,2203.0
16,99,1542.0,2203.0
16,100,1542.0,2203.0
16,101,1542.0,2203.0
16,102,1542.0,2203.0
16,103,1542.0,2203.0
16,104,1542.0,2203.0
16,105,1542.0,2203.0
16,106,1542.0,2203.0
16,107,1542.0,2203.0
16,108,1542.0,2203.0
16,109,1542.0,2203.0
16,110,1542.0,2203.0
16,111,1542.0,2203.0
16,112,1542.0,2203.0
16,113,1542.0,2203.0
16,114,1542.0,2203.0
16,115,1542.0,2203.0
16,116,1542.0,2203.0
16,117,1542.0,2203.0
16,118,1542.0,2203.0
16,119,1542.0,2203.0
16,120,1542.0,2203.0
16,121,1542.0,2203.0
16,122,1542.0,2203.0
16,123,1542.0,2203.0
16,124,1542.0,2203.0
16,125,1542.0,2203.0
16,126,1542.0,2203.0
16,127,1542.0,2203.0
16,128,1542.0,2203.0
16,129,1542.0,2203.0
16,130,1542.0,2203.0
16,131,1542.0,2203.0
16,132,1542.0,2203.0
16,133,1542.0,2203.0
16,134,1542.0,2203.0
16,135,1542.0,2203.0
16,136,1542.0,2203.0
16,137,1542.0,2203.0
16,138,1542.0,2203.0
16,139,1542.0,2203.0
16,140,1542.0,2203.0
16,141,1542.0,2203.0
16,142,1542.0,2203.0
16,143,1542.0,2203.0
16,144,1542.0,2203.0
16,145,1542.0,2203.0
16,146,1542.0,2203.0
16,147,1542.0,2203.0
16,148,1542.0,2203.0
16,149,1542.0,2203.0
16,150,1542.0,2203.0
16,151,1542.0,2203.0
16,152,1542.0,2203.0
16,153,1542.0,2203.0
16,154,1542.0,2203.0
16,155,1542.0,2203.0
16,156,1542.0,2203.0
16,157,1542.0,2203.0
16,158,1542.0,2203.0
16,159,1542.0,2203.0
16,160,1542.0,2203.0
16,161,1542.0,2203.0
16,162,1542.0,2203.0
16,163,1542.0,2203.0
16,164,1542.0,2203.0
16,165,1542.0,2203.0
16,166,1542.0,2203.0
16,167,1542.0,2203.0
16,168,1542.0,2203.0
16,169,1542.0,2203.0
16,170,1542.0,2203.0
16,171,1542.0,2203.0
16,172,1542.0,2203.0
16,173,1542.0,2203.0
16,174,1542.0,2203.0
16,175,1542.0,2203.0
16,176,1542.0,2203.0
16,177,1542.0,2203.0
16,178,1542.0,2203.0
16,179,1542.0,2203.0
16,180,1542.0,2203.0
16,181,1542.0,2203.0
16,182,1542.0,2203.0
16,183,1542.0,2203.0
16,184,1542.0,2203.0
16,185,1542.0,2203.0
16,186,1542.0,2203.0
16,187,1542.0,2203.0
16,188,1542.0,2203.0
16,189,1542.0,2203.0
16,190,1542.0,2203.0
16,191,1542.0,2203.0
16,192,1542.0,2203.0
16,193,1542.0,2203.0
16,194,1542.0,2203.0
16,195,1542.0,2203.0
16,196,1542.0,2203.0
16,197,1542.0,2203.0
16,198,1542.0,2203.0
16,199,1542.0,2203.0
16,200,1542.0,2203.0
16,201,1542.0,2203.0
16,202,1542.0,2203.0
16,203,1542.0,2203.0
16,204,1542.0,2203.0
16,205,1542.0,2203.0
16,206,1542.0,2203.0
16,207,1542.0,2203.0
16,208,1542.0,2203.0
16,209,1542.0,2203.0
16,210,1542.0,2203.0
16,211,1542.0,2203.0
16,212,1542.0,2203.0
16,213,1542.0,2203.0
16,214,1542.0,2203.0
16,215,1542.0,2203.0
16,216,1542.0,2203.0
16,217,1542.0,2203.0
16,218,1542.0,2203.0
16,219,1542.0,2203.0
16,220,1542.0,2203.0
16,221,1542.0,2203.0
16,222,1542.0,2203.0
16,223,1542.0,2203.0
16,224,1542.0,2203.0
16,225,1542.0,2203.0
16,226,1542.0,2203.0
16,227,1542.0,2203.0
16,228,1542.0,2203.0
16,229,1542.0,2203.0
16,230,1542.0,2203.0
16,231,1542.0,2203.0
16,232,1542.0,2203.0
16,233,1542.0,2203.0
16,234,1542.0,2203.0
16,235,1542.0,2203.0
16,236,1542.0,2203.0
16,237,1542.0,2203.0
16,238,1542.0,2203.0
16,239,1542.0,2203.0
16,240,1542.0,2203.0
16,241,1542.0,2203.0
16,242,1542.0,2203.0
16,243,1542.0,2203.0
16,244,1542.0,2203.0
16,245,1542.0,2203.0
16,246,1542.0,2203.0
16,247,1542.0,2203.0
16,248,1542.0,2203.0
16,249,1542.0,2203.0
16,250,1542.0,2203.0
16,251,1542.0,2203.0
16,252,1542.0,2203.0
16,253,1542.0,2203.0
16,254,1542.0,2203.0
16,255,1542.0,2203.0
16,256,1542.0,2203.0
16,257,1542.0,2203.0
16,258,1542.0,2203.0
16,259,1542.0,2203.0
16,260,1542.0,2203.0
16,261,1542.0,2203.0
16,262,1542.0,2203.0
16,263,1542.0,2203.0
16,264,1542.0,2203.0
16,265,1542.0,2203.0
16,266,1542.0,2203.0
16,267,1542.0,2203.0
16,268,1542.0,2203.0
16,269,1542.0,2203.0
16,270,1542.0,2203.0
16,271,1542.0,2203.0
16,272,1542.0,2203.0
16,273,1542.0,2203.0
16,274,1542.0,2203.0
16,275,1542.0,2203.0
16,276,1542.0,2203.0
16,277,1542.0,2203.0
16,278,1542.0,2203.0
16,279,1542.0,2203.0
16,280,1542.0,2203.0
16,281,1542.0,2203.0
16,282,1542.0,2203.0
16,283,1542.0,2203.0
16,284,1542.0,2203.0
16,285,1542.0,2203.0
16,286,1542.0,2203.0
16,287,1542.0,2203.0
16,288,1542.0,2203.0
16,289,1542.0,2203.0
16,290,1542.0,2203.0
16,291,1542.0,2203.0
16,292,1542.0,2203.0
16,293,1542.0,2203.0
16,294,1542.0,2203.0
16,295,1542.0,2203.0
16,296,1542.0,2203.0
16,297,1542.0,2203.0
16,298,1542.0,2203.0
16,299,1542.0,2203.0
16,300,1542.0,2203.0
16,301,1542.0,2203.0
16,302,1542.0,2203.0
16,303,1542.0,2203.0
16,304,1542.0,2203.0
16,305,1542.0,2203.0
16,306,1542.0,2203.0
16,307,1542.0,2203.0
16,308,1542.0,2203.0
16,309,1542.0,2203.0
16,310,1542.0,2203.0
16,311,1542.0,2203.0
16,312,1542.0,2203.0
16,313,1542.0,2203.0
16,314,1542.0,2203.0
16,315,1542.0,2203.0
16,316,1542.0,2203.0
16,317,1542.0,2203.0
16,318,1542.0,2203.0
16,319,1542.0,2203.0
16,320,1542.0,2203.0
16,321,1542.0,2203.0
16,322,1542.0,2203.0
16,323,1542.0,2203.0
16,324,1542.0,2203.0
16,325,1542.0,2203.0
16,326,1542.0,2203.0
16,327,1542.0,2203.0
16,328,1542.0,2203.0
16,329,1542.0,2203.0
16,330,1542.0,2203.0
16,331,1542.0,2203.0
16,332,1542.0,2203.0
16,333,1542.0,2203.0
16,334,1542.0,2203.0
16,335,1542.0,2203.0
16,336,1542.0,2203.0
16,337,1542.0,2203.0
16,338,1542.0,2203.0
16,339,1542.0,2203.0
16,340,1542.0,2203.0
16,341,1542.0,2203.0
16,342,1542.0,2203.0
16,343,1542.0,2203.0
16,344,1542.0,2203.0
16,345,1542.0,2203.0
16,346,1542.0,2203.0
16,347,1542.0,2203.0
16,348,1542.0,2203.0
16,349,1542.0,2203.0
16,350,1542.0,2203.0
16,351,1542.0,2203.0
16,352,1542.0,2203.0
16,353,1542.0,2203.0
16,354,1542.0,2203.0
16,355,1542.0,2203.0
16,356,1542.0,2203.0
16,357,1542.0,2203.0
16,358,1542.0,2203.0
16,359,1542.0,2203.0
17,0,2537.0,1974.0
17,1,2537.0,1974.0
17,2,2537.0,1974.0
17,3,2537.0,1974.0
17,4,2537.0,1974.0
17,5,2537.0,1974.0
17,6,2537.0,1974.0
17,7,2537.0,1974.0
17,8,2537.0,1974.0
17,9,2537.0,1974.0
17,10,2537.0,1974.0
17,11,2537.0,1974.0
17,12,2537.0,1974.0
17,13,2537.0,1974.0
17,14,2537.0,1974.0
17,15,2537.0,1974.0
17,16,2537.0,1974.0
17,17,2537.0,1974.0
17,18,2537.0,1974.0
17,19,2537.0,1974.0
17,20,2537.0,1974.0
17,21,2537.0,1974.0
17,22,2537.0,1974.0
17,23,2537.0,1974.0
17,24,2537.0,1974.0
17,25,2537.0,1974.0
17,26,2537.0,1974.0
17,27,2537.0,1974.0
17,28,2537.0,1974.0
17,29,2537.0,1974.0
17,30,2537.0,1974.0
17,31,2537.0,1974.0
17,32,2537.0,1974.0
17,33,2537.0,1974.0
17,34,2537.0,1974.0
17,35,2537.0,1974.0
17,36,2537.0,1974.0
17,37,2537.0,1974.0
17,38,2537.0,1974.0
17,39,2537.0,1974.0
17,40,2537.0,1974.0
17,41,2537.0,1974.0
17,42,2537.0,1974.0
17,43,2537.0,1974.0
17,44,2537.0,1974.0
17,45,2537.0,1974.0
17,46,2537.0,1974.0
17,47,2537.0,1974.0
17,48,2537.0,1974.0
17,49,2537.0,1974.0
17,50,2537.0,1974.0
17,51,2537.0,1974.0
17,52,2537.0,1974.0
17,53,2537.0,1974.0
17,54,2537.0,1974.0
17,55,2537.0,1974.0
17,56,2537.0,1974.0
17,57,2537.0,1974.0
17,58,2537.0,1974.0
17,59,2537.0,1974.0
17,60,2537.0,1974.0
17,61,2537.0,1974.0
17,62,2537.0,1974.0
17,63,2537.0,1974.0
17,64,2537.0,1974.0
17,65,2537.0,1974.0
17,66,2537.0,1974.0
17,67,2537.0,1974.0
17,68,2537.0,1974.0
17,69,2537.0,1974.0
17,70,2537.0,1974.0
17,71,2537.0,1974.0
17,72,2537.0,1974.0
17,73,2537.0,1974.0
17,74,2537.0,1974.0
17,75,2537.0,1974.0
17,76,2537.0,1974.0
17,77,2537.0,1974.0
17,78,2537.0,1974.0
17,79,2537.0,1974.0
17,80,2537.0,1974.0
17,81,2537.0,1974.0
17,82,2537.0,1974.0
17,83,2537.0,1974.0
17,84,2537.0,1974.0
17,85,2537.0,1974.0
17,86,2537.0,1974.0
17,87,2537.0,1974.0
17,88,2537.0,1974.0
17,89,2537.0,1974.0
17,90,2537.0,1974.0
17,91,2537.0,1974.0
17,92,2537.0,1974.0
17,93,2537.0,1974.0
17,94,2537.0,1974.0
17,95,2537.0,1974.0
17,96,2537.0,1974.0
17,97,2537.0,1974.0
17,98,2537.0,1974.0
17,99,2537.0,1974.0
17,100,2537.0,1974.0
17,101,2537.0,1974.0
17,102,2537.0,1974.0
17,103,2537.0,1974.0
17,104,2537.0,1974.0
17,105,2537.0,1974.0
17,106,2537.0,1974.0
17,107,2537.0,1974.0
17,108,2537.0,1974.0
17,109,2537.0,1974.0
17,110,2537.0,1974.0
17,111,2537.0,1974.0
17,112,2537.0,1974.0
17,113,2537.0,1974.0
17,114,2537.0,1974.0
17,115,2537.0,1974.0
17,116,2537.0,1974.0
17,117,2537.0,1974.0
17,118,2537.0,1974.0
17,119,2537.0,1974.0
17,120,2537.0,1974.0
17,121,2537.0,1974.0
17,122,2537.0,1974.0
17,123,2537.0,1974.0
17,124,2537.0,1974.0
17,125,2537.0,1974.0
17,126,2537.0,1974.0
17,127,2537.0,1974.0
17,128,2537.0,1974.0
17,129,2537.0,1974.0
17,130,2537.0,1974.0
17,131,2537.0,1974.0
17,132,2537.0,1974.0
17,133,2537.0,1974.0
17,134,2537.0,1974.0
17,135,2537.0,1974.0
17,136,2537.0,1974.0
17,137,2537.0,1974.0
17,138,2537.0,1974.0
17,139,2537.0,1974.0
17,140,2537.0,1974.0
17,141,2537.0,1974.0
17,142,2537.0,1974.0
17,143,2537.0,1974.0
17,144,2537.0,1974.0
17,145,2537.0,1974.0
17,146,2537.0,1974.0
17,147,2537.0,1974.0
17,148,2537.0,1974.0
17,149,2537.0,1974.0
17,150,2537.0,1974.0
17,151,2537.0,1974.0
17,152,2537.0,1974.0
17,153,2537.0,1974.0
17,154,2537.0,1974.0
17,155,2537.0,1974.0
17,156,2537.0,1974.0
17,157,2537.0,1974.0
17,158,2537.0,1974.0
17,159,2537.0,1974.0
17,160,2537.0,1974.0
17,161,2537.0,1974.0
17,162,2537.0,1974.0
17,163,2537.0,1974.0
17,164,2537.0,1974.0
17,165,2537.0,1974.0
17,166,2537.0,1974.0
17,167,2537.0,1974.0
17,168,2537.0,1974.0
17,169,2537.0,1974.0
17,170,2537.0,1974.0
17,171,2537.0,1974.0
17,172,2537.0,1974.0
17,173,2537.0,1974.0
17,174,2537.0,1974.0
17,175,2537.0,1974.0
17,176,2537.0,1974.0
17,177,2537.0,1974.0
17,178,2537.0,1974.0
17,179,2537.0,1974.0
17,180,2537.0,1974.0
17,181,2537.0,1974.0
17,182,2537.0,1974.0
17,183,2537.0,1974.0
17,184,2537.0,1974.0
17,185,2537.0,1974.0
17,186,2537.0,1974.0
17,187,2537.0,1974.0
17,188,2537.0,1974.0
17,189,2537.0,1974.0
17,190,2537.0,1974.0
17,191,2537.0,1974.0
17,192,2537.0,1974.0
17,193,2537.0,1974.0
17,194,2537.0,1974.0
17,195,2537.0,1974.0
17,196,2537.0,1974.0
17,197,2537.0,1974.0
17,198,2537.0,1974.0
17,199,2537.0,1974.0
17,200,2537.0,1974.0
17,201,2537.0,1974.0
17,202,2537.0,1974.0
17,203,2537.0,1974.0
17,204,2537.0,1974.0
17,205,2537.0,1974.0
17,206,2537.0,1974.0
17,207,2537.0,1974.0
17,208,2537.0,1974.0
17,209,2537.0,1974.0
17,210,2537.0,1974.0
17,211,2537.0,1974.0
17,212,2537.0,1974.0
17,213,2537.0,1974.0
17,214,2537.0,1974.0
17,215,2537.0,1974.0
17,216,2537.0,1974.0
17,217,2537.0,1974.0
17,218,2537.0,1974.0
17,219,2537.0,1974.0
17,220,2537.0,1974.0
17,221,2537.0,1974.0
17,222,2537.0,1974.0
17,223,2537.0,1974.0
17,224,2537.0,1974.0
17,225,2537.0,1974.0
17,226,2537.0,1974.0
17,227,2537.0,1974.0
17,228,2537.0,1974.0
17,229,2537.0,1974.0
17,230,2537.0,1974.0
17,231,2537.0,1974.0
17,232,2537.0,1974.0
17,233,2537.0,1974.0
17,234,2537.0,1974.0
17,235,2537.0,1974.0
17,236,2537.0,1974.0
17,237,2537.0,1974.0
17,238,2537.0,1974.0
17,239,2537.0,1974.0
17,240,2537.0,1974.0
17,241,2537.0,1974.0
17,242,2537.0,1974.0
17,243,2537.0,1974.0
17,244,2537.0,1974.0
17,245,2537.0,1974.0
17,246,2537.0,1974.0
17,247,2537.0,1974.0
17,248,2537.0,1974.0
17,249,2537.0,1974.0
17,250,2537.0,1974.0
17,251,2537.0,1974.0
17,252,2537.0,1974.0
17,253,2537.0,1974.0
17,254,2537.0,1974.0
17,255,2537.0,1974.0
17,256,2537.0,1974.0
17,257,2537.0,1974.0
17,258,2537.0,1974.0
17,259,2537.0,1974.0
17,260,2537.0,1974.0
17,261,2537.0,1974.0
17,262,2537.0,1974.0
17,263,2537.0,1974.0
17,264,2537.0,1974.0
17,265,2537.0,1974.0
17,266,2537.0,1974.0
17,267,2537.0,1974.0
17,268,2537.0,1974.0
17,269,2537.0,1974.0
17,270,2537.0,1974.0
17,271,2537.0,1974.0
17,272,2537.0,1974.0
17,273,2537.0,1974.0
17,274,2537.0,1974.0
17,275,2537.0,1974.0
17,276,2537.0,1974.0
17,277,2537.0,1974.0
17,278,2537.0,1974.0
17,279,2537.0,1974.0
17,280,2537.0,1974.0
17,281,2537.0,1974.0
17,282,2537.0,1974.0
17,283,2537.0,1974.0
17,284,2537.0,1974.0
17,285,2537.0,1974.0
17,286,2537.0,1974.0
17,287,2537.0,1974.0
17,288,2537.0,1974.0
17,289,2537.0,1974.0
17,290,2537.0,1974.0
17,291,2537.0,1974.0
17,292,2537.0,1974.0
17,293,2537.0,1974.0
17,294,2537.0,1974.0
17,295,2537.0,1974.0
17,296,2537.0,1974.0
17,297,2537.0,1974.0
17,298,2537.0,1974.0
17,299,2537.0,1974.0
17,300,2537.0,1974.0
17,301,2537.0,1974.0
17,302,2537.0,1974.0
17,303,2537.0,1974.0
17,304,2537.0,1974.0
17,305,2537.0,1974.0
17,306,2537.0,1974.0
17,307,2537.0,1974.0
17,308,2537.0,1974.0
17,309,2537.0,1974.0
17,310,2537.0,1974.0
17,311,2537.0,1974.0
17,312,2537.0,1974.0
17,313,2537.0,1974.0
17,314,2537.0,1974.0
17,315,2537.0,1974.0
17,316,2537.0,1974.0
17,317,2537.0,1974.0
17,318,2537.0,1974.0
17,319,2537.0,1974.0
17,320,2537.0,1974.0
17,321,2537.0,1974.0
17,322,2537.0,1974.0
17,323,2537.0,1974.0
17,324,2537.0,1974.0
17,325,2537.0,1974.0
17,326,2537.0,1974.0
17,327,2537.0,1974.0
17,328,2537.0,1974.0
17,329,2537.0,1974.0
17,330,2537.0,1974.0
17,331,2537.0,1974.0
17,332,2537.0,1974.0
17,333,2537.0,1974.0
17,334,2537.0,1974.0
17,335,2537.0,1974.0
17,336,2537.0,1974.0
17,337,2537.0,1974.0
17,338,2537.0,1974.0
17,339,2537.0,1974.0
17,340,2537.0,1974.0
17,341,2537.0,1974.0
17,342,2537.0,1974.0
17,343,2537.0,1974.0
17,344,2537.0,1974.0
17,345,2537.0,1974.0
17,346,2537.0,1974.0
17,347,2537.0,1974.0
17,348,2537.0,1974.0
17,349,2537.0,1974.0
17,350,2537.0,1974.0
17,351,2537.0,1974.0
17,352,2537.0,1974.0
17,353,2537.0,1974.0
17,354,2537.0,1974.0
17,355,2537.0,1974.0
17,356,2537.0,1974.0
17,357,2537.0,1974.0
17,358,2537.0,1974.0
17,359,2537.0,1974.0
18,0,937.0,2143.0
18,1,937.0,2143.0
18,2,937.0,2143.0
18,3,937.0,2143.0
18,4,937.0,2143.0
18,5,937.0,2143.0
18,6,937.0,2143.0
18,7,937.0,2143.0
18,8,937.0,2143.0
18,9,937.0,2143.0
18,10,937.0,2143.0
18,11,937.0,2143.0
18,12,937.0,2143.0
18,13,937.0,2143.0
18,14,937.0,2143.0
18,15,937.0,2143.0
18,16,937.0,2143.0
18,17,937.0,2143.0
18,18,937.0,2143.0
18,19,937.0,2143.0
18,20,937.0,2143.0
18,21,937.0,2143.0
18,22,937.0,2143.0
18,23,937.0,2143.0
18,24,937.0,2143.0
18,25,937.0,2143.0
18,26,937.0,2143.0
18,27,937.0,2143.0
18,28,937.0,2143.0
18,29,937.0,2143.0
18,30,937.0,2143.0
18,31,937.0,2143.0
18,32,937.0,2143.0
18,33,937.0,2143.0
18,34,937.0,2143.0
18,35,937.0,2143.0
18,36,937.0,2143.0
18,37,937.0,2143.0
18,38,937.0,2143.0
18,39,937.0,2143.0
18,40,937.0,2143.0
18,41,937.0,2143.0
18,42,937.0,2143.0
18,43,937.0,2143.0
18,44,937.0,2143.0
18,45,937.0,2143.0
18,46,937.0,2143.0
18,47,937.0,2143.0
18,48,937.0,2143.0
18,49,937.0,2143.0
18,50,937.0,2143.0
18,51,937.0,2143.0
18,52,937.0,2143.0
18,53,937.0,2143.0
18,54,937.0,2143.0
18,55,937.0,2143.0
18,56,937.0,2143.0
18,57,937.0,2143.0
18,58,937.0,2143.0
18,59,937.0,2143.0
18,60,937.0,2143.0
18,61,937.0,2143.0
18,62,937.0,2143.0
18,63,937.0,2143.0
18,64,937.0,2143.0
18,65,937.0,2143.0
18,66,937.0,2143.0
18,67,937.0,2143.0
18,68,937.0,2143.0
18,69,937.0,2143.0
18,70,937.0,2143.0
18,71,937.0,2143.0
18,72,937.0,2143.0
18,73,937.0,2143.0
18,74,937.0,2143.0
18,75,937.0,2143.0
18,76,937.0,2143.0
18,77,937.0,2143.0
18,78,937.0,2143.0
18,79,937.0,2143.0
18,80,937.0,2143.0
18,81,937.0,2143.0
18,82,937.0,2143.0
18,83,937.0,2143.0
18,84,937.0,2143.0
18,85,937.0,2143.0
18,86,937.0,2143.0
18,87,937.0,2143.0
18,88,937.0,2143.0
18,89,937.0,2143.0
18,90,937.0,2143.0
18,91,937.0,2143.0
18,92,937.0,2143.0
18,93,937.0,2143.0
18,94,937.0,2143.0
18,95,937.0,2143.0
18,96,937.0,2143.0
18,97,937.0,2143.0
18,98,937.0,2143.0
18,99,937.0,2143.0
18,100,937.0,2143.0
18,101,937.0,2143.0
18,102,937.0,2143.0
18,103,937.0,2143.0
18,104,937.0,2143.0
18,105,937.0,2143.0
18,106,937.0,2143.0
18,107,937.0,2143.0
18,108,937.0,2143.0
18,109,937.0,2143.0
18,110,937.0,2143.0
18,111,937.0,2143.0
18,112,937.0,2143.0
18,113,937.0,2143.0
18,114,937.0,2143.0
18,115,937.0,2143.0
18,116,937.0,2143.0
18,117,937.0,2143.0
18,118,937.0,2143.0
18,119,937.0,2143.0
18,120,937.0,2143.0
18,121,937.0,2143.0
18,122,937.0,2143.0
18,123,937.0,2143.0
18,124,937.0,2143.0
18,125,937.0,2143.0
18,126,937.0,2143.0
18,127,937.0,2143.0
18,128,937.0,2143.0
18,129,937.0,2143.0
18,130,937.0,2143.0
18,131,937.0,2143.0
18,132,937.0,2143.0
18,133,937.0,2143.0
18,134,937.0,2143.0
18,135,937.0,2143.0
18,136,937.0,2143.0
18,137,937.0,2143.0
18,138,937.0,2143.0
18,139,937.0,2143.0
18,140,937.0,2143.0
18,141,937.0,2143.0
18,142,937.0,2143.0
18,143,937.0,2143.0
18,144,937.0,2143.0
18,145,937.0,2143.0
18,146,937.0,2143.0
18,147,937.0,2143.0
18,148,937.0,2143.0
18,149,937.0,2143.0
18,150,937.0,2143.0
18,151,937.0,2143.0
18,152,937.0,2143.0
18,153,937.0,2143.0
18,154,937.0,2143.0
18,155,937.0,2143.0
18,156,937.0,2143.0
18,157,937.0,2143.0
18,158,937.0,2143.0
18,159,937.0,2143.0
18,160,937.0,2143.0
18,161,937.0,2143.0
18,162,937.0,2143.0
18,163,937.0,2143.0
18,164,937.0,2143.0
18,165,937.0,2143.0
18,166,937.0,2143.0
18,167,937.0,2143.0
18,168,937.0,2143.0
18,169,937.0,2143.0
18,170,937.0,2143.0
18,171,937.0,2143.0
18,172,937.0,2143.0
18,173,937.0,2143.0
18,174,937.0,2143.0
18,175,937.0,2143.0
18,176,937.0,2143.0
18,177,937.0,2143.0
18,178,937.0,2143.0
18,179,937.0,2143.0
18,180,937.0,2143.0
18,181,937.0,2143.0
18,182,937.0,2143.0
18,183,937.0,2143.0
18,184,937.0,2143.0
18,185,937.0,2143.0
18,186,937.0,2143.0
18,187,937.0,2143.0
18,188,937.0,2143.0
18,189,937.0,2143.0
18,190,937.0,2143.0
18,191,937.0,2143.0
18,192,937.0,2143.0
18,193,937.0,2143.0
18,194,937.0,2143.0
18,195,937.0,2143.0
18,196,937.0,2143.0
18,197,937.0,2143.0
18,198,937.0,2143.0
18,199,937.0,2143.0
18,200,937.0,2143.0
18,201,937.0,2143.0
18,202,937.0,2143.0
18,203,937.0,2143.0
18,204,937.0,2143.0
18,205,937.0,2143.0
18,206,937.0,2143.0
18,207,937.0,2143.0
18,208,937.0,2143.0
18,209,937.0,2143.0
18,210,937.0,2143.0
18,211,937.0,2143.0
18,212,937.0,2143.0
18,213,937.0,2143.0
18,214,937.0,2143.0
18,215,937.0,2143.0
18,216,937.0,2143.0
18,217,937.0,2143.0
18,218,937.0,2143.0
18,219,937.0,2143.0
18,220,937.0,2143.0
18,221,937.0,2143.0
18,222,937.0,2143.0
18,223,937.0,2143.0
18,224,937.0,2143.0
18,225,937.0,2143.0
18,226,937.0,2143.0
18,227,937.0,2143.0
18,228,937.0,2143.0
18,229,937.0,2143.0
18,230,937.0,2143.0
18,231,937.0,2143.0
18,232,937.0,2143.0
18,233,937.0,2143.0
18,234,937.0,2143.0
18,235,937.0,2143.0
18,236,937.0,2143.0
18,237,937.0,2143.0
18,238,937.0,2143.0
18,239,937.0,2143.0
18,240,937.0,2143.0
18,241,937.0,2143.0
18,242,937.0,2143.0
18,243,937.0,2143.0
18,244,937.0,2143.0
18,245,937.0,2143.0
18,246,937.0,2143.0
18,247,937.0,2143.0
18,248,937.0,2143.0
18,249,937.0,2143.0
18,250,937.0,2143.0
18,251,937.0,2143.0
18,252,937.0,2143.0
18,253,937.0,2143.0
18,254,937.0,2143.0
18,255,937.0,2143.0
18,256,937.0,2143.0
18,257,937.0,2143.0
18,258,937.0,2143.0
18,259,937.0,2143.0
18,260,937.0,2143.0
18,261,937.0,2143.0
18,262,937.0,2143.0
18,263,937.0,2143.0
18,264,937.0,2143.0
18,265,937.0,2143.0
18,266,937.0,2143.0
18,267,937.0,2143.0
18,268,937.0,2143.0
18,269,937.0,2143.0
18,270,937.0,2143.0
18,271,937.0,2143.0
18,272,937.0,2143.0
18,273,937.0,2143.0
18,274,937.0,2143.0
18,275,937.0,2143.0
18,276,937.0,2143.0
18,277,937.0,2143.0
18,278,937.0,2143.0
18,279,937.0,2143.0
18,280,937.0,2143.0
18,281,937.0,2143.0
18,282,937.0,2143.0
18,283,937.0,2143.0
18,284,937.0,2143.0
18,285,937.0,2143.0
18,286,937.0,2143.0
18,287,937.0,2143.0
18,288,937.0,2143.0
18,289,937.0,2143.0
18,290,937.0,2143.0
18,291,937.0,2143.0
18,292,937.0,2143.0
18,293,937.0,2143.0
18,294,937.0,2143.0
18,295,937.0,2143.0
18,296,937.0,2143.0
18,297,937.0,2143.0
18,298,937.0,2143.0
18,299,937.0,2143.0
18,300,937.0,2143.0
18,301,937.0,2143.0
18,302,937.0,2143.0
18,303,937.0,2143.0
18,304,937.0,2143.0
18,305,937.0,2143.0
18,306,937.0,2143.0
18,307,937.0,2143.0
18,308,937.0,2143.0
18,309,937.0,2143.0
18,310,937.0,2143.0
18,311,937.0,2143.0
18,312,937.0,2143.0
18,313,937.0,2143.0
18,314,937.0,2143.0
18,315,937.0,2143.0
18,316,937.0,2143.0
18,317,937.0,2143.0
18,318,937.0,2143.0
18,319,937.0,2143.0
18,320,937.0,2143.0
18,321,937.0,2143.0
18,322,937.0,2143.0
18,323,937.0,2143.0
18,324,937.0,2143.0
18,325,937.0,2143.0
18,326,937.0,2143.0
18,327,937.0,2143.0
18,328,937.0,2143.0
18,329,937.0,2143.0
18,330,937.0,2143.0
18,331,937.0,2143.0
18,332,937.0,2143.0
18,333,937.0,2143.0
18,334,937.0,2143.0
18,335,937.0,2143.0
18,336,937.0,2143.0
18,337,937.0,2143.0
18,338,937.0,2143.0
18,339,937.0,2143.0
18,340,937.0,2143.0
18,341,937.0,2143.0
18,342,937.0,2143.0
18,343,937.0,2143.0
18,344,937.0,2143.0
18,345,937.0,2143.0
18,346,937.0,2143.0
18,347,937.0,2143.0
18,348,937.0,2143.0
18,349,937.0,2143.0
18,350,937.0,2143.0
18,351,937.0,2143.0
18,352,937.0,2143.0
18,353,937.0,2143.0
18,354,937.0,2143.0
18,355,937.0,2143.0
18,356,937.0,2143.0
18,357,937.0,2143.0
18,358,937.0,2143.0
18,359,937.0,2143.0
19,0,1877.0,2144.0
19,1,1877.0,2144.0
19,2,1877.0,2144.0
19,3,1877.0,2144.0
19,4,1877.0,2144.0
19,5,1877.0,2144.0
19,6,1877.0,2144.0
19,7,1877.0,2144.0
19,8,1877.0,2144.0
19,9,1877.0,2144.0
19,10,1877.0,2144.0
19,11,1877.0,2144.0
19,12,1877.0,2144.0
19,13,1877.0,2144.0
19,14,1877.0,2144.0
19,15,1877.0,2144.0
19,16,1877.0,2144.0
19,17,1877.0,2144.0
19,18,1877.0,2144.0
19,19,1877.0,2144.0
19,20,1877.0,2144.0
19,21,1877.0,2144.0
19,22,1877.0,2144.0
19,23,1877.0,2144.0
19,24,1877.0,2144.0
19,25,1877.0,2144.0
19,26,1877.0,2144.0
19,27,1877.0,2144.0
19,28,1877.0,2144.0
19,29,1877.0,2144.0
19,30,1877.0,2144.0
19,31,1877.0,2144.0
19,32,1877.0,2144.0
19,33,1877.0,2144.0
19,34,1877.0,2144.0
19,35,1877.0,2144.0
19,36,1877.0,2144.0
19,37,1877.0,2144.0
19,38,1877.0,2144.0
19,39,1877.0,2144.0
19,40,1877.0,2144.0
19,41,1877.0,2144.0
19,42,1877.0,2144.0
19,43,1877.0,2144.0
19,44,1877.0,2144.0
19,45,1877.0,2144.0
19,46,1877.0,2144.0
19,47,1877.0,2144.0
19,48,1877.0,2144.0
19,49,1877.0,2144.0
19,50,1877.0,2144.0
19,51,1877.0,2144.0
19,52,1877.0,2144.0
19,53,1877.0,2144.0
19,54,1877.0,2144.0
19,55,1877.0,2144.0
19,56,1877.0,2144.0
19,57,1877.0,2144.0
19,58,1877.0,2144.0
19,59,1877.0,2144.0
19,60,1877.0,2144.0
19,61,1877.0,2144.0
19,62,1877.0,2144.0
19,63,1877.0,2144.0
19,64,1877.0,2144.0
19,65,1877.0,2144.0
19,66,1877.0,2144.0
19,67,1877.0,2144.0
19,68,1877.0,2144.0
19,69,1877.0,2144.0
19,70,1877.0,2144.0
19,71,1877.0,2144.0
19,72,1877.0,2144.0
19,73,1877.0,2144.0
19,74,1877.0,2144.0
19,75,1877.0,2144.0
19,76,1877.0,2144.0
19,77,1877.0,2144.0
19,78,1877.0,2144.0
19,79,1877.0,2144.0
19,80,1877.0,2144.0
19,81,1877.0,2144.0
19,82,1877.0,2144.0
19,83,1877.0,2144.0
19,84,1877.0,2144.0
19,85,1877.0,2144.0
19,86,1877.0,2144.0
19,87,1877.0,2144.0
19,88,1877.0,2144.0
19,89,1877.0,2144.0
19,90,1877.0,2144.0
19,91,1877.0,2144.0
19,92,1877.0,2144.0
19,93,1877.0,2144.0
19,94,1877.0,2144.0
19,95,1877.0,2144.0
19,96,1877.0,2144.0
19,97,1877.0,2144.0
19,98,1877.0,2144.0
19,99,1877.0,2144.0
19,100,1877.0,2144.0
19,101,1877.0,2144.0
19,102,1877.0,2144.0
19,103,1877.0,2144.0
19,104,1877.0,2144.0
19,105,1877.0,2144.0
19,106,1877.0,2144.0
19,107,1877.0,2144.0
19,108,1877.0,2144.0
19,109,1877.0,2144.0
19,110,1877.0,2144.0
19,111,1877.0,2144.0
19,112,1877.0,2144.0
19,113,1877.0,2144.0
19,114,1877.0,2144.0
19,115,1877.0,2144.0
19,116,1877.0,2144.0
19,117,1877.0,2144.0
19,118,1877.0,2144.0
19,119,1877.0,2144.0
19,120,1877.0,2144.0
19,121,1877.0,2144.0
19,122,1877.0,2144.0
19,123,1877.0,2144.0
19,124,1877.0,2144.0
19,125,1877.0,2144.0
19,126,1877.0,2144.0
19,127,1877.0,2144.0
19,128,1877.0,2144.0
19,129,1877.0,2144.0
19,130,1877.0,2144.0
19,131,1877.0,2144.0
19,132,1877.0,2144.0
19,133,1877.0,2144.0
19,134,1877.0,2144.0
19,135,1877.0,2144.0
19,136,1877.0,2144.0
19,137,1877.0,2144.0
19,138,1877.0,2144.0
19,139,1877.0,2144.0
19,140,1877.0,2144.0
19,141,1877.0,2144.0
19,142,1877.0,2144.0
19,143,1877.0,2144.0
19,144,1877.0,2144.0
19,145,1877.0,2144.0
19,146,1877.0,2144.0
19,147,1877.0,2144.0
19,148,1877.0,2144.0
19,149,1877.0,2144.0
19,150,1877.0,2144.0
19,151,1877.0,2144.0
19,152,1877.0,2144.0
19,153,1877.0,2144.0
19,154,1877.0,2144.0
19,155,1877.0,2144.0
19,156,1877.0,2144.0
19,157,1877.0,2144.0
19,158,1877.0,2144.0
19,159,1877.0,2144.0
19,160,1877.0,2144.0
19,161,1877.0,2144.0
19,162,1877.0,2144.0
19,163,1877.0,2144.0
19,164,1877.0,2144.0
19,165,1877.0,2144.0
19,166,1877.0,2144.0
19,167,1877.0,2144.0
19,168,1877.0,2144.0
19,169,1877.0,2144.0
19,170,1877.0,2144.0
19,171,1877.0,2144.0
19,172,1877.0,2144.0
19,173,1877.0,2144.0
19,174,1877.0,2144.0
19,175,1877.0,2144.0
19,176,1877.0,2144.0
19,177,1877.0,2144.0
19,178,1877.0,2144.0
19,179,1877.0,2144.0
19,180,1877.0,2144.0
19,181,1877.0,2144.0
19,182,1877.0,2144.0
19,183,1877.0,2144.0
19,184,1877.0,2144.0
19,185,1877.0,2144.0
19,186,1877.0,2144.0
19,187,1877.0,2144.0
19,188,1877.0,2144.0
19,189,1877.0,2144.0
19,190,1877.0,2144.0
19,191,1877.0,2144.0
19,192,1877.0,2144.0
19,193,1877.0,2144.0
19,194,1877.0,2144.0
19,195,1877.0,2144.0
19,196,1877.0,2144.0
19,197,1877.0,2144.0
19,198,1877.0,2144.0
19,199,1877.0,2144.0
19,200,1877.0,2144.0
19,201,1877.0,2144.0
19,202,1877.0,2144.0
19,203,1877.0,2144.0
19,204,1877.0,2144.0
19,205,1877.0,2144.0
19,206,1877.0,2144.0
19,207,1877.0,2144.0
19,208,1877.0,2144.0
19,209,1877.0,2144.0
19,210,1877.0,2144.0
19,211,1877.0,2144.0
19,212,1877.0,2144.0
19,213,1877.0,2144.0
19,214,1877.0,2144.0
19,215,1877.0,2144.0
19,216,1877.0,2144.0
19,217,1877.0,2144.0
19,218,1877.0,2144.0
19,219,1877.0,2144.0
19,220,1877.0,2144.0
19,221,1877.0,2144.0
19,222,1877.0,2144.0
19,223,1877.0,2144.0
19,224,1877.0,2144.0
19,225,1877.0,2144.0
19,226,1877.0,2144.0
19,227,1877.0,2144.0
19,228,1877.0,2144.0
19,229,1877.0,2144.0
19,230,1877.0,2144.0
19,231,1877.0,2144.0
19,232,1877.0,2144.0
19,233,1877.0,2144.0
19,234,1877.0,2144.0
19,235,1877.0,2144.0
19,236,1877.0,2144.0
19,237,1877.0,2144.0
19,238,1877.0,2144.0
19,239,1877.0,2144.0
19,240,1877.0,2144.0
19,241,1877.0,2144.0
19,242,1877.0,2144.0
19,243,1877.0,2144.0
19,244,1877.0,2144.0
19,245,1877.0,2144.0
19,246,1877.0,2144.0
19,247,1877.0,2144.0
19,248,1877.0,2144.0
19,249,1877.0,2144.0
19,250,1877.0,2144.0
19,251,1877.0,2144.0
19,252,1877.0,2144.0
19,253,1877.0,2144.0
19,254,1877.0,2144.0
19,255,1877.0,2144.0
19,256,1877.0,2144.0
19,257,1877.0,2144.0
19,258,1877.0,2144.0
19,259,1877.0,2144.0
19,260,1877.0,2144.0
19,261,1877.0,2144.0
19,262,1877.0,2144.0
19,263,1877.0,2144.0
19,264,1877.0,2144.0
19,265,1877.0,2144.0
19,266,1877.0,2144.0
19,267,1877.0,2144.0
19,268,1877.0,2144.0
19,269,1877.0,2144.0
19,270,1877.0,2144.0
19,271,1877.0,2144.0
19,272,1877.0,2144.0
19,273,1877.0,2144.0
19,274,1877.0,2144.0
19,275,1877.0,2144.0
19,276,1877.0,2144.0
19,277,1877.0,2144.0
19,278,1877.0,2144.0
19,279,1877.0,2144.0
19,280,1877.0,2144.0
19,281,1877.0,2144.0
19,282,1877.0,2144.0
19,283,1877.0,2144.0
19,284,1877.0,2144.0
19,285,1877.0,2144.0
19,286,1877.0,2144.0
19,287,1877.0,2144.0
19,288,1877.0,2144.0
19,289,1877.0,2144.0
19,290,1877.0,2144.0
19,291,1877.0,2144.0
19,292,1877.0,2144.0
19,293,1877.0,2144.0
19,294,1877.0,2144.0
19,295,1877.0,2144.0
19,296,1877.0,2144.0
19,297,1877.0,2144.0
19,298,1877.0,2144.0
19,299,1877.0,2144.0
19,300,1877.0,2144.0
19,301,1877.0,2144.0
19,302,1877.0,2144.0
19,303,1877.0,2144.0
19,304,1877.0,2144.0
19,305,1877.0,2144.0
19,306,1877.0,2144.0
19,307,1877.0,2144.0
19,308,1877.0,2144.0
19,309,1877.0,2144.0
19,310,1877.0,2144.0
19,311,1877.0,2144.0
19,312,1877.0,2144.0
19,313,1877.0,2144.0
19,314,1877.0,2144.0
19,315,1877.0,2144.0
19,316,1877.0,2144.0
19,317,1877.0,2144.0
19,318,1877.0,2144.0
19,319,1877.0,2144.0
19,320,1877.0,2144.0
19,321,1877.0,2144.0
19,322,1877.0,2144.0
19,323,1877.0,2144.0
19,324,1877.0,2144.0
19,325,1877.0,2144.0
19,326,1877.0,2144.0
19,327,1877.0,2144.0
19,328,1877.0,2144.0
19,329,1877.0,2144.0
19,330,1877.0,2144.0
19,331,1877.0,2144.0
19,332,1877.0,2144.0
19,333,1877.0,2144.0
19,334,1877.0,2144.0
19,335,1877.0,2144.0
19,336,1877.0,2144.0
19,337,1877.0,2144.0
19,338,1877.0,2144.0
19,339,1877.0,2144.0
19,340,1877.0,2144.0
19,341,1877.0,2144.0
19,342,1877.0,2144.0
19,343,1877.0,2144.0
19,344,1877.0,2144.0
19,345,1877.0,2144.0
19,346,1877.0,2144.0
19,347,1877.0,2144.0
19,348,1877.0,2144.0
19,349,1877.0,2144.0
19,350,1877.0,2144.0
19,351,1877.0,2144.0
19,352,1877.0,2144.0
19,353,1877.0,2144.0
19,354,1877.0,2144.0
19,355,1877.0,2144.0
19,356,1877.0,2144.0
19,357,1877.0,2144.0
19,358,1877.0,2144.0
19,359,1877.0,2144.0
20,0,2686.0,1829.0
20,1,2686.0,1829.0
20,2,2686.0,1829.0
20,3,2686.0,1829.0
20,4,2686.0,1829.0
20,5,2686.0,1829.0
20,6,2686.0,1829.0
20,7,2686.0,1829.0
20,8,2686.0,1829.0
20,9,2686.0,1829.0
20,10,2686.0,1829.0
20,11,2686.0,1829.0
20,12,2686.0,1829.0
20,13,2686.0,1829.0
20,14,2686.0,1829.0
20,15,2686.0,1829.0
20,16,2686.0,1829.0
20,17,2686.0,1829.0
20,18,2686.0,1829.0
20,19,2686.0,1829.0
20,20,2686.0,1829.0
20,21,2686.0,1829.0
20,22,2686.0,1829.0
20,23,2686.0,1829.0
20,24,2686.0,1829.0
20,25,2686.0,1829.0
20,26,2686.0,1829.0
20,27,2686.0,1829.0
20,28,2686.0,1829.0
20,29,2686.0,1829.0
20,30,2686.0,1829.0
20,31,2686.0,1829.0
20,32,2686.0,1829.0
20,33,2686.0,1829.0
20,34,2686.0,1829.0
20,35,2686.0,1829.0
20,36,2686.0,1829.0
20,37,2686.0,1829.0
20,38,2686.0,1829.0
20,39,2686.0,1829.0
20,40,2686.0,1829.0
20,41,2686.0,1829.0
20,42,2686.0,1829.0
20,43,2686.0,1829.0
20,44,2686.0,1829.0
20,45,2686.0,1829.0
20,46,2686.0,1829.0
20,47,2686.0,1829.0
20,48,2686.0,1829.0
20,49,2686.0,1829.0
20,50,2686.0,1829.0
20,51,2686.0,1829.0
20,52,2686.0,1829.0
20,53,2686.0,1829.0
20,54,2686.0,1829.0
20,55,2686.0,1829.0
20,56,2686.0,1829.0
20,57,2686.0,1829.0
20,58,2686.0,1829.0
20,59,2686.0,1829.0
20,60,2686.0,1829.0
20,61,2686.0,1829.0
20,62,2686.0,1829.0
20,63,2686.0,1829.0
20,64,2686.0,1829.0
20,65,2686.0,1829.0
20,66,2686.0,1829.0
20,67,2686.0,1829.0
20,68,2686.0,1829.0
20,69,2686.0,1829.0
20,70,2686.0,1829.0
20,71,2686.0,1829.0
20,72,2686.0,1829.0
20,73,2686.0,1829.0
20,74,2686.0,1829.0
20,75,2686.0,1829.0
20,76,2686.0,1829.0
20,77,2686.0,1829.0
20,78,2686.0,1829.0
20,79,2686.0,1829.0
20,80,2686.0,1829.0
20,81,2686.0,1829.0
20,82,2686.0,1829.0
20,83,2686.0,1829.0
20,84,2686.0,1829.0
20,85,2686.0,1829.0
20,86,2686.0,1829.0
20,87,2686.0,1829.0
20,88,2686.0,1829.0
20,89,2686.0,1829.0
20,90,2686.0,1829.0
20,91,2686.0,1829.0
20,92,2686.0,1829.0
20,93,2686.0,1829.0
20,94,2686.0,1829.0
20,95,2686.0,1829.0
20,96,2686.0,1829.0
20,97,2686.0,1829.0
20,98,2686.0,1829.0
20,99,2686.0,1829.0
20,100,2686.0,1829.0
20,101,2686.0,1829.0
20,102,2686.0,1829.0
20,103,2686.0,1829.0
20,104,2686.0,1829.0
20,105,2686.0,1829.0
20,106,2686.0,1829.0
20,107,2686.0,1829.0
20,108,2686.0,1829.0
20,109,2686.0,1829.0
20,110,2686.0,1829.0
20,111,2686.0,1829.0
20,112,2686.0,1829.0
20,113,2686.0,1829.0
20,114,2686.0,1829.0
20,115,2686.0,1829.0
20,116,2686.0,1829.0
20,117,2686.0,1829.0
20,118,2686.0,1829.0
20,119,2686.0,1829.0
20,120,2686.0,1829.0
20,121,2686.0,1829.0
20,122,2686.0,1829.0
20,123,2686.0,1829.0
20,124,2686.0,1829.0
20,125,2686.0,1829.0
20,126,2686.0,1829.0
20,127,2686.0,1829.0
20,128,2686.0,1829.0
20,129,2686.0,1829.0
20,130,2686.0,1829.0
20,131,2686.0,1829.0
20,132,2686.0,1829.0
20,133,2686.0,1829.0
20,134,2686.0,1829.0
20,135,2686.0,1829.0
20,136,2686.0,1829.0
20,137,2686.0,1829.0
20,138,2686.0,1829.0
20,139,2686.0,1829.0
20,140,2686.0,1829.0
20,141,2686.0,1829.0
20,142,2686.0,1829.0
20,143,2686.0,1829.0
20,144,2686.0,1829.0
20,145,2686.0,1829.0
20,146,2686.0,1829.0
20,147,2686.0,1829.0
20,148,2686.0,1829.0
20,149,2686.0,1829.0
20,150,2686.0,1829.0
20,151,2686.0,1829.0
20,152,2686.0,1829.0
20,153,2686.0,1829.0
20,154,2686.0,1829.0
20,155,2686.0,1829.0
20,156,2686.0,1829.0
20,157,2686.0,1829.0
20,158,2686.0,1829.0
20,159,2686.0,1829.0
20,160,2686.0,1829.0
20,161,2686.0,1829.0
20,162,2686.0,1829.0
20,163,2686.0,1829.0
20,164,2686.0,1829.0
20,165,2686.0,1829.0
20,166,2686.0,1829.0
20,167,2686.0,1829.0
20,168,2686.0,1829.0
20,169,2686.0,1829.0
20,170,2686.0,1829.0
20,171,2686.0,1829.0
20,172,2686.0,1829.0
20,173,2686.0,1829.0
20,174,2686.0,1829.0
20,175,2686.0,1829.0
20,176,2686.0,1829.0
20,177,2686.0,1829.0
20,178,2686.0,1829.0
20,179,2686.0,1829.0
20,180,2686.0,1829.0
20,181,2686.0,1829.0
20,182,2686.0,1829.0
20,183,2686.0,1829.0
20,184,2686.0,1829.0
20,185,2686.0,1829.0
20,186,2686.0,1829.0
20,187,2686.0,1829.0
20,188,2686.0,1829.0
20,189,2686.0,1829.0
20,190,2686.0,1829.0
20,191,2686.0,1829.0
20,192,2686.0,1829.0
20,193,2686.0,1829.0
20,194,2686.0,1829.0
20,195,2686.0,1829.0
20,196,2686.0,1829.0
20,197,2686.0,1829.0
20,198,2686.0,1829.0
20,199,2686.0,1829.0
20,200,2686.0,1829.0
20,201,2686.0,1829.0
20,202,2686.0,1829.0
20,203,2686.0,1829.0
20,204,2686.0,1829.0
20,205,2686.0,1829.0
20,206,2686.0,1829.0
20,207,2686.0,1829.0
20,208,2686.0,1829.0
20,209,2686.0,1829.0
20,210,2686.0,1829.0
20,211,2686.0,1829.0
20,212,2686.0,1829.0
20,213,2686.0,1829.0
20,214,2686.0,1829.0
20,215,2686.0,1829.0
20,216,2686.0,1829.0
20,217,2686.0,1829.0
20,218,2686.0,1829.0
20,219,2686.0,1829.0
20,220,2686.0,1829.0
20,221,2686.0,1829.0
20,222,2686.0,1829.0
20,223,2686.0,1829.0
20,224,2686.0,1829.0
20,225,2686.0,1829.0
20,226,2686.0,1829.0
20,227,2686.0,1829.0
20,228,2686.0,1829.0
20,229,2686.0,1829.0
20,230,2686.0,1829.0
20,231,2686.0,1829.0
20,232,2686.0,1829.0
20,233,2686.0,1829.0
20,234,2686.0,1829.0
20,235,2686.0,1829.0
20,236,2686.0,1829.0
20,237,2686.0,1829.0
20,238,2686.0,1829.0
20,239,2686.0,1829.0
20,240,2686.0,1829.0
20,241,2686.0,1829.0
20,242,2686.0,1829.0
20,243,2686.0,1829.0
20,244,2686.0,1829.0
20,245,2686.0,1829.0
20,246,2686.0,1829.0
20,247,2686.0,1829.0
20,248,2686.0,1829.0
20,249,2686.0,1829.0
20,250,2686.0,1829.0
20,251,2686.0,1829.0
20,252,2686.0,1829.0
20,253,2686.0,1829.0
20,254,2686.0,1829.0
20,255,2686.0,1829.0
20,256,2686.0,1829.0
20,257,2686.0,1829.0
20,258,2686.0,1829.0
20,259,2686.0,1829.0
20,260,2686.0,1829.0
20,261,2686.0,1829.0
20,262,2686.0,1829.0
20,263,2686.0,1829.0
20,264,2686.0,1829.0
20,265,2686.0,1829.0
20,266,2686.0,1829.0
20,267,2686.0,1829.0
20,268,2686.0,1829.0
20,269,2686.0,1829.0
20,270,2686.0,1829.0
20,271,2686.0,1829.0
20,272,2686.0,1829.0
20,273,2686.0,1829.0
20,274,2686.0,1829.0
20,275,2686.0,1829.0
20,276,2686.0,1829.0
20,277,2686.0,1829.0
20,278,2686.0,1829.0
20,279,2686.0,1829.0
20,280,2686.0,1829.0
20,281,2686.0,1829.0
20,282,2686.0,1829.0
20,283,2686.0,1829.0
20,284,2686.0,1829.0
20,285,2686.0,1829.0
20,286,2686.0,1829.0
20,287,2686.0,1829.0
20,288,2686.0,1829.0
20,289,2686.0,1829.0
20,290,2686.0,1829.0
20,291,2686.0,1829.0
20,292,2686.0,1829.0
20,293,2686.0,1829.0
20,294,2686.0,1829.0
20,295,2686.0,1829.0
20,296,2686.0,1829.0
20,297,2686.0,1829.0
20,298,2686.0,1829.0
20,299,2686.0,1829.0
20,300,2686.0,1829.0
20,301,2686.0,1829.0
20,302,2686.0,1829.0
20,303,2686.0,1829.0
20,304,2686.0,1829.0
20,305,2686.0,1829.0
20,306,2686.0,1829.0
20,307,2686.0,1829.0
20,308,2686.0,1829.0
20,309,2686.0,1829.0
20,310,2686.0,1829.0
20,311,2686.0,1829.0
20,312,2686.0,1829.0
20,313,2686.0,1829.0
20,314,2686.0,1829.0
20,315,2686.0,1829.0
20,316,2686.0,1829.0
20,317,2686.0,1829.0
20,318,2686.0,1829.0
20,319,2686.0,1829.0
20,320,2686.0,1829.0
20,321,2686.0,1829.0
20,322,2686.0,1829.0
20,323,2686.0,1829.0
20,324,2686.0,1829.0
20,325,2686.0,1829.0
20,326,2686.0,1829.0
20,327,2686.0,1829.0
20,328,2686.0,1829.0
20,329,2686.0,1829.0
20,330,2686.0,1829.0
20,331,2686.0,1829.0
20,332,2686.0,1829.0
20,333,2686.0,1829.0
20,334,2686.0,1829.0
20,335,2686.0,1829.0
20,336,2686.0,1829.0
20,337,2686.0,1829.0
20,338,2686.0,1829.0
20,339,2686.0,1829.0
20,340,2686.0,1829.0
20,341,2686.0,1829.0
20,342,2686.0,1829.0
20,343,2686.0,1829.0
20,344,2686.0,1829.0
20,345,2686.0,1829.0
20,346,2686.0,1829.0
20,347,2686.0,1829.0
20,348,2686.0,1829.0
20,349,2686.0,1829.0
20,350,2686.0,1829.0
20,351,2686.0,1829.0
20,352,2686.0,1829.0
20,353,2686.0,1829.0
20,354,2686.0,1829.0
20,355,2686.0,1829.0
20,356,2686.0,1829.0
20,357,2686.0,1829.0
20,358,2686.0,1829.0
20,359,2686.0,1829.0
21,0,984.0,1975.0
21,1,984.0,1975.0
21,2,984.0,1975.0
21,3,984.0,1975.0
21,4,984.0,1975.0
21,5,984.0,1975.0
21,6,984.0,1975.0
21,7,984.0,1975.0
21,8,984.0,1975.0
21,9,984.0,1975.0
21,10,984.0,1975.0
21,11,984.0,1975.0
21,12,984.0,1975.0
21,13,984.0,1975.0
21,14,984.0,1975.0
21,15,984.0,1975.0
21,16,984.0,1975.0
21,17,984.0,1975.0
21,18,984.0,1975.0
21,19,984.0,1975.0
21,20,984.0,1975.0
21,21,984.0,1975.0
21,22,984.0,1975.0
21,23,984.0,1975.0
21,24,984.0,1975.0
21,25,984.0,1975.0
21,26,984.0,1975.0
21,27,984.0,1975.0
21,28,984.0,1975.0
21,29,984.0,1975.0
21,30,984.0,1975.0
21,31,984.0,1975.0
21,32,984.0,1975.0
21,33,984.0,1975.0
21,34,984.0,1975.0
21,35,984.0,1975.0
21,36,984.0,1975.0
21,37,984.0,1975.0
21,38,984.0,1975.0
21,39,984.0,1975.0
21,40,984.0,1975.0
21,41,984.0,1975.0
21,42,984.0,1975.0
21,43,984.0,1975.0
21,44,984.0,1975.0
21,45,984.0,1975.0
21,46,984.0,1975.0
21,47,984.0,1975.0
21,48,984.0,1975.0
21,49,984.0,1975.0
21,50,984.0,1975.0
21,51,984.0,1975.0
21,52,984.0,1975.0
21,53,984.0,1975.0
21,54,984.0,1975.0
21,55,984.0,1975.0
21,56,984.0,1975.0
21,57,984.0,1975.0
21,58,984.0,1975.0
21,59,984.0,1975.0
21,60,984.0,1975.0
21,61,984.0,1975.0
21,62,984.0,1975.0
21,63,984.0,1975.0
21,64,984.0,1975.0
21,65,984.0,1975.0
21,66,984.0,1975.0
21,67,984.0,1975.0
21,68,984.0,1975.0
21,69,984.0,1975.0
21,70,984.0,1975.0
21,71,984.0,1975.0
21,72,984.0,1975.0
21,73,984.0,1975.0
21,74,984.0,1975.0
21,75,984.0,1975.0
21,76,984.0,1975.0
21,77,984.0,1975.0
21,78,984.0,1975.0
21,79,984.0,1975.0
21,80,984.0,1975.0
21,81,984.0,1975.0
21,82,984.0,1975.0
21,83,984.0,1975.0
21,84,984.0,1975.0
21,85,984.0,1975.0
21,86,984.0,1975.0
21,87,984.0,1975.0
21,88,984.0,1975.0
21,89,984.0,1975.0
21,90,984.0,1975.0
21,91,984.0,1975.0
21,92,984.0,1975.0
21,93,984.0,1975.0
21,94,984.0,1975.0
21,95,984.0,1975.0
21,96,984.0,1975.0
21,97,984.0,1975.0
21,98,984.0,1975.0
21,99,984.0,1975.0
21,100,984.0,1975.0
21,101,984.0,1975.0
21,102,984.0,1975.0
21,103,984.0,1975.0
21,104,984.0,1975.0
21,105,984.0,1975.0
21,106,984.0,1975.0
21,107,984.0,1975.0
21,108,984.0,1975.0
21,109,984.0,1975.0
21,110,984.0,1975.0
21,111,984.0,1975.0
21,112,984.0,1975.0
21,113,984.0,1975.0
21,114,984.0,1975.0
21,115,984.0,1975.0
21,116,984.0,1975.0
21,117,984.0,1975.0
21,118,984.0,1975.0
21,119,984.0,1975.0
21,120,984.0,1975.0
21,121,984.0,1975.0
21,122,984.0,1975.0
21,123,984.0,1975.0
21,124,984.0,1975.0
21,125,984.0,1975.0
21,126,984.0,1975.0
21,127,984.0,1975.0
21,128,984.0,1975.0
21,129,984.0,1975.0
21,130,984.0,1975.0
21,131,984.0,1975.0
21,132,984.0,1975.0
21,133,984.0,1975.0
21,134,984.0,1975.0
21,135,984.0,1975.0
21,136,984.0,1975.0
21,137,984.0,1975.0
21,138,984.0,1975.0
21,139,984.0,1975.0
21,140,984.0,1975.0
21,141,984.0,1975.0
21,142,984.0,1975.0
21,143,984.0,1975.0
21,144,984.0,1975.0
21,145,984.0,1975.0
21,146,984.0,1975.0
21,147,984.0,1975.0
21,148,984.0,1975.0
21,149,984.0,1975.0
21,150,984.0,1975.0
21,151,984.0,1975.0
21,152,984.0,1975.0
21,153,984.0,1975.0
21,154,984.0,1975.0
21,155,984.0,1975.0
21,156,984.0,1975.0
21,157,984.0,1975.0
21,158,984.0,1975.0
21,159,984.0,1975.0
21,160,984.0,1975.0
21,161,984.0,1975.0
21,162,984.0,1975.0
21,163,984.0,1975.0
21,164,984.0,1975.0
21,165,984.0,1975.0
21,166,984.0,1975.0
21,167,984.0,1975.0
21,168,984.0,1975.0
21,169,984.0,1975.0
21,170,984.0,1975.0
21,171,984.0,1975.0
21,172,984.0,1975.0
21,173,984.0,1975.0
21,174,984.0,1975.0
21,175,984.0,1975.0
21,176,984.0,1975.0
21,177,984.0,1975.0
21,178,984.0,1975.0
21,179,984.0,1975.0
21,180,984.0,1975.0
21,181,984.0,1975.0
21,182,984.0,1975.0
21,183,984.0,1975.0
21,184,984.0,1975.0
21,185,984.0,1975.0
21,186,984.0,1975.0
21,187,984.0,1975.0
21,188,984.0,1975.0
21,189,984.0,1975.0
21,190,984.0,1975.0
21,191,984.0,1975.0
21,192,984.0,1975.0
21,193,984.0,1975.0
21,194,984.0,1975.0
21,195,984.0,1975.0
21,196,984.0,1975.0
21,197,984.0,1975.0
21,198,984.0,1975.0
21,199,984.0,1975.0
21,200,984.0,1975.0
21,201,984.0,1975.0
21,202,984.0,1975.0
21,203,984.0,1975.0
21,204,984.0,1975.0
21,205,984.0,1975.0
21,206,984.0,1975.0
21,207,984.0,1975.0
21,208,984.0,1975.0
21,209,984.0,1975.0
21,210,984.0,1975.0
21,211,984.0,1975.0
21,212,984.0,1975.0
21,213,984.0,1975.0
21,214,984.0,1975.0
21,215,984.0,1975.0
21,216,984.0,1975.0
21,217,984.0,1975.0
21,218,984.0,1975.0
21,219,984.0,1975.0
21,220,984.0,1975.0
21,221,984.0,1975.0
21,222,984.0,1975.0
21,223,984.0,1975.0
21,224,984.0,1975.0
21,225,984.0,1975.0
21,226,984.0,1975.0
21,227,984.0,1975.0
21,228,984.0,1975.0
21,229,984.0,1975.0
21,230,984.0,1975.0
21,231,984.0,1975.0
21,232,984.0,1975.0
21,233,984.0,1975.0
21,234,984.0,1975.0
21,235,984.0,1975.0
21,236,984.0,1975.0
21,237,984.0,1975.0
21,238,984.0,1975.0
21,239,984.0,1975.0
21,240,984.0,1975.0
21,241,984.0,1975.0
21,242,984.0,1975.0
21,243,984.0,1975.0
21,244,984.0,1975.0
21,245,984.0,1975.0
21,246,984.0,1975.0
21,247,984.0,1975.0
21,248,984.0,1975.0
21,249,984.0,1975.0
21,250,984.0,1975.0
21,251,984.0,1975.0
21,252,984.0,1975.0
21,253,984.0,1975.0
21,254,984.0,1975.0
21,255,984.0,1975.0
21,256,984.0,1975.0
21,257,984.0,1975.0
21,258,984.0,1975.0
21,259,984.0,1975.0
21,260,984.0,1975.0
21,261,984.0,1975.0
21,262,984.0,1975.0
21,263,984.0,1975.0
21,264,984.0,1975.0
21,265,984.0,1975.0
21,266,984.0,1975.0
21,267,984.0,1975.0
21,268,984.0,1975.0
21,269,984.0,1975.0
21,270,984.0,1975.0
21,271,984.0,1975.0
21,272,984.0,1975.0
21,273,984.0,1975.0
21,274,984.0,1975.0
21,275,984.0,1975.0
21,276,984.0,1975.0
21,277,984.0,1975.0
21,278,984.0,1975.0
21,279,984.0,1975.0
21,280,984.0,1975.0
21,281,984.0,1975.0
21,282,984.0,1975.0
21,283,984.0,1975.0
21,284,984.0,1975.0
21,285,984.0,1975.0
21,286,984.0,1975.0
21,287,984.0,1975.0
21,288,984.0,1975.0
21,289,984.0,1975.0
21,290,984.0,1975.0
21,291,984.0,1975.0
21,292,984.0,1975.0
21,293,984.0,1975.0
21,294,984.0,1975.0
21,295,984.0,1975.0
21,296,984.0,1975.0
21,297,984.0,1975.0
21,298,984.0,1975.0
21,299,984.0,1975.0
21,300,984.0,1975.0
21,301,984.0,1975.0
21,302,984.0,1975.0
21,303,984.0,1975.0
21,304,984.0,1975.0
21,305,984.0,1975.0
21,306,984.0,1975.0
21,307,984.0,1975.0
21,308,984.0,1975.0
21,309,984.0,1975.0
21,310,984.0,1975.0
21,311,984.0,1975.0
21,312,984.0,1975.0
21,313,984.0,1975.0
21,314,984.0,1975.0
21,315,984.0,1975.0
21,316,984.0,1975.0
21,317,984.0,1975.0
21,318,984.0,1975.0
21,319,984.0,1975.0
21,320,984.0,1975.0
21,321,984.0,1975.0
21,322,984.0,1975.0
21,323,984.0,1975.0
21,324,984.0,1975.0
21,325,984.0,1975.0
21,326,984.0,1975.0
21,327,984.0,1975.0
21,328,984.0,1975.0
21,329,984.0,1975.0
21,330,984.0,1975.0
21,331,984.0,1975.0
21,332,984.0,1975.0
21,333,984.0,1975.0
21,334,984.0,1975.0
21,335,984.0,1975.0
21,336,984.0,1975.0
21,337,984.0,1975.0
21,338,984.0,1975.0
21,339,984.0,1975.0
21,340,984.0,1975.0
21,341,984.0,1975.0
21,342,984.0,1975.0
21,343,984.0,1975.0
21,344,984.0,1975.0
21,345,984.0,1975.0
21,346,984.0,1975.0
21,347,984.0,1975.0
21,348,984.0,1975.0
21,349,984.0,1975.0
21,350,984.0,1975.0
21,351,984.0,1975.0
21,352,984.0,1975.0
21,353,984.0,1975.0
21,354,984.0,1975.0
21,355,984.0,1975.0
21,356,984.0,1975.0
21,357,984.0,1975.0
21,358,984.0,1975.0
21,359,984.0,1975.0
22,0,1785.0,2284.0
22,1,1785.0,2284.0
22,2,1785.0,2284.0
22,3,1785.0,2284.0
22,4,1785.0,2284.0
22,5,1785.0,2284.0
22,6,1785.0,2284.0
22,7,1785.0,2284.0
22,8,1785.0,2284.0
22,9,1785.0,2284.0
22,10,1785.0,2284.0
22,11,1785.0,2284.0
22,12,1785.0,2284.0
22,13,1785.0,2284.0
22,14,1785.0,2284.0
22,15,1785.0,2284.0
22,16,1785.0,2284.0
22,17,1785.0,2284.0
22,18,1785.0,2284.0
22,19,1785.0,2284.0
22,20,1785.0,2284.0
22,21,1785.0,2284.0
22,22,1785.0,2284.0
22,23,1785.0,2284.0
22,24,1785.0,2284.0
22,25,1785.0,2284.0
22,26,1785.0,2284.0
22,27,1785.0,2284.0
22,28,1785.0,2284.0
22,29,1785.0,2284.0
22,30,1785.0,2284.0
22,31,1785.0,2284.0
22,32,1785.0,2284.0
22,33,1785.0,2284.0
22,34,1785.0,2284.0
22,35,1785.0,2284.0
22,36,1785.0,2284.0
22,37,1785.0,2284.0
22,38,1785.0,2284.0
22,39,1785.0,2284.0
22,40,1785.0,2284.0
22,41,1785.0,2284.0
22,42,1785.0,2284.0
22,43,1785.0,2284.0
22,44,1785.0,2284.0
22,45,1785.0,2284.0
22,46,1785.0,2284.0
22,47,1785.0,2284.0
22,48,1785.0,2284.0
22,49,1785.0,2284.0
22,50,1785.0,2284.0
22,51,1785.0,2284.0
22,52,1785.0,2284.0
22,53,1785.0,2284.0
22,54,1785.0,2284.0
22,55,1785.0,2284.0
22,56,1785.0,2284.0
22,57,1785.0,2284.0
22,58,1785.0,2284.0
22,59,1785.0,2284.0
22,60,1785.0,2284.0
22,61,1785.0,2284.0
22,62,1785.0,2284.0
22,63,1785.0,2284.0
22,64,1785.0,2284.0
22,65,1785.0,2284.0
22,66,1785.0,2284.0
22,67,1785.0,2284.0
22,68,1785.0,2284.0
22,69,1785.0,2284.0
22,70,1785.0,2284.0
22,71,1785.0,2284.0
22,72,1785.0,2284.0
22,73,1785.0,2284.0
22,74,1785.0,2284.0
22,75,1785.0,2284.0
22,76,1785.0,2284.0
22,77,1785.0,2284.0
22,78,1785.0,2284.0
22,79,1785.0,2284.0
22,80,1785.0,2284.0
22,81,1785.0,2284.0
22,82,1785.0,2284.0
22,83,1785.0,2284.0
22,84,1785.0,2284.0
22,85,1785.0,2284.0
22,86,1785.0,2284.0
22,87,1785.0,2284.0
22,88,1785.0,2284.0
22,89,1785.0,2284.0
22,90,1785.0,2284.0
22,91,1785.0,2284.0
22,92,1785.0,2284.0
22,93,1785.0,2284.0
22,94,1785.0,2284.0
22,95,1785.0,2284.0
22,96,1785.0,2284.0
22,97,1785.0,2284.0
22,98,1785.0,2284.0
22,99,1785.0,2284.0
22,100,1785.0,2284.0
22,101,1785.0,2284.0
22,102,1785.0,2284.0
22,103,1785.0,2284.0
22,104,1785.0,2284.0
22,105,1785.0,2284.0
22,106,1785.0,2284.0
22,107,1785.0,2284.0
22,108,1785.0,2284.0
22,109,1785.0,2284.0
22,110,1785.0,2284.0
22,111,1785.0,2284.0
22,112,1785.0,2284.0
22,113,1785.0,2284.0
22,114,1785.0,2284.0
22,115,1785.0,2284.0
22,116,1785.0,2284.0
22,117,1785.0,2284.0
22,118,1785.0,2284.0
22,119,1785.0,2284.0
22,120,1785.0,2284.0
22,121,1785.0,2284.0
22,122,1785.0,2284.0
22,123,1785.0,2284.0
22,124,1785.0,2284.0
22,125,1785.0,2284.0
22,126,1785.0,2284.0
22,127,1785.0,2284.0
22,128,1785.0,2284.0
22,129,1785.0,2284.0
22,130,1785.0,2284.0
22,131,1785.0,2284.0
22,132,1785.0,2284.0
22,133,1785.0,2284.0
22,134,1785.0,2284.0
22,135,1785.0,2284.0
22,136,1785.0,2284.0
22,137,1785.0,2284.0
22,138,1785.0,2284.0
22,139,1785.0,2284.0
22,140,1785.0,2284.0
22,141,1785.0,2284.0
22,142,1785.0,2284.0
22,143,1785.0,2284.0
22,144,1785.0,2284.0
22,145,1785.0,2284.0
22,146,1785.0,2284.0
22,147,1785.0,2284.0
22,148,1785.0,2284.0
22,149,1785.0,2284.0
22,150,1785.0,2284.0
22,151,1785.0,2284.0
22,152,1785.0,2284.0
22,153,1785.0,2284.0
22,154,1785.0,2284.0
22,155,1785.0,2284.0
22,156,1785.0,2284.0
22,157,1785.0,2284.0
22,158,1785.0,2284.0
22,159,1785.0,2284.0
22,160,1785.0,2284.0
22,161,1785.0,2284.0
22,162,1785.0,2284.0
22,163,1785.0,2284.0
22,164,1785.0,2284.0
22,165,1785.0,2284.0
22,166,1785.0,2284.0
22,167,1785.0,2284.0
22,168,1785.0,2284.0
22,169,1785.0,2284.0
22,170,1785.0,2284.0
22,171,1785.0,2284.0
22,172,1785.0,2284.0
22,173,1785.0,2284.0
22,174,1785.0,2284.0
22,175,1785.0,2284.0
22,176,1785.0,2284.0
22,177,1785.0,2284.0
22,178,1785.0,2284.0
22,179,1785.0,2284.0
22,180,1785.0,2284.0
22,181,1785.0,2284.0
22,182,1785.0,2284.0
22,183,1785.0,2284.0
22,184,1785.0,2284.0
22,185,1785.0,2284.0
22,186,1785.0,2284.0
22,187,1785.0,2284.0
22,188,1785.0,2284.0
22,189,1785.0,2284.0
22,190,1785.0,2284.0
22,191,1785.0,2284.0
22,192,1785.0,2284.0
22,193,1785.0,2284.0
22,194,1785.0,2284.0
22,195,1785.0,2284.0
22,196,1785.0,2284.0
22,197,1785.0,2284.0
22,198,1785.0,2284.0
22,199,1785.0,2284.0
22,200,1785.0,2284.0
22,201,1785.0,2284.0
22,202,1785.0,2284.0
22,203,1785.0,2284.0
22,204,1785.0,2284.0
22,205,1785.0,2284.0
22,206,1785.0,2284.0
22,207,1785.0,2284.0
22,208,1785.0,2284.0
22,209,1785.0,2284.0
22,210,1785.0,2284.0
22,211,1785.0,2284.0
22,212,1785.0,2284.0
22,213,1785.0,2284.0
22,214,1785.0,2284.0
22,215,1785.0,2284.0
22,216,1785.0,2284.0
22,217,1785.0,2284.0
22,218,1785.0,2284.0
22,219,1785.0,2284.0
22,220,1785.0,2284.0
22,221,1785.0,2284.0
22,222,1785.0,2284.0
22,223,1785.0,2284.0
22,224,1785.0,2284.0
22,225,1785.0,2284.0
22,226,1785.0,2284.0
22,227,1785.0,2284.0
22,228,1785.0,2284.0
22,229,1785.0,2284.0
22,230,1785.0,2284.0
22,231,1785.0,2284.0
22,232,1785.0,2284.0
22,233,1785.0,2284.0
22,234,1785.0,2284.0
22,235,1785.0,2284.0
22,236,1785.0,2284.0
22,237,1785.0,2284.0
22,238,1785.0,2284.0
22,239,1785.0,2284.0
22,240,1785.0,2284.0
22,241,1785.0,2284.0
22,242,1785.0,2284.0
22,243,1785.0,2284.0
22,244,1785.0,2284.0
22,245,1785.0,2284.0
22,246,1785.0,2284.0
22,247,1785.0,2284.0
22,248,1785.0,2284.0
22,249,1785.0,2284.0
22,250,1785.0,2284.0
22,251,1785.0,2284.0
22,252,1785.0,2284.0
22,253,1785.0,2284.0
22,254,1785.0,2284.0
22,255,1785.0,2284.0
22,256,1785.0,2284.0
22,257,1785.0,2284.0
22,258,1785.0,2284.0
22,259,1785.0,2284.0
22,260,1785.0,2284.0
22,261,1785.0,2284.0
22,262,1785.0,2284.0
22,263,1785.0,2284.0
22,264,1785.0,2284.0
22,265,1785.0,2284.0
22,266,1785.0,2284.0
22,267,1785.0,2284.0
22,268,1785.0,2284.0
22,269,1785.0,2284.0
22,270,1785.0,2284.0
22,271,1785.0,2284.0
22,272,1785.0,2284.0
22,273,1785.0,2284.0
22,274,1785.0,2284.0
22,275,1785.0,2284.0
22,276,1785.0,2284.0
22,277,1785.0,2284.0
22,278,1785.0,2284.0
22,279,1785.0,2284.0
22,280,1785.0,2284.0
22,281,1785.0,2284.0
22,282,1785.0,2284.0
22,283,1785.0,2284.0
22,284,1785.0,2284.0
22,285,1785.0,2284.0
22,286,1785.0,2284.0
22,287,1785.0,2284.0
22,288,1785.0,2284.0
22,289,1785.0,2284.0
22,290,1785.0,2284.0
22,291,1785.0,2284.0
22,292,1785.0,2284.0
22,293,1785.0,2284.0
22,294,1785.0,2284.0
22,295,1785.0,2284.0
22,296,1785.0,2284.0
22,297,1785.0,2284.0
22,298,1785.0,2284.0
22,299,1785.0,2284.0
22,300,1785.0,2284.0
22,301,1785.0,2284.0
22,302,1785.0,2284.0
22,303,1785.0,2284.0
22,304,1785.0,2284.0
22,305,1785.0,2284.0
22,306,1785.0,2284.0
22,307,1785.0,2284.0
22,308,1785.0,2284.0
22,309,1785.0,2284.0
22,310,1785.0,2284.0
22,311,1785.0,2284.0
22,312,1785.0,2284.0
22,313,1785.0,2284.0
22,314,1785.0,2284.0
22,315,1785.0,2284.0
22,316,1785.0,2284.0
22,317,1785.0,2284.0
22,318,1785.0,2284.0
22,319,1785.0,2284.0
22,320,1785.0,2284.0
22,321,1785.0,2284.0
22,322,1785.0,2284.0
22,323,1785.0,2284.0
22,324,1785.0,2284.0
22,325,1785.0,2284.0
22,326,1785.0,2284.0
22,327,1785.0,2284.0
22,328,1785.0,2284.0
22,329,1785.0,2284.0
22,330,1785.0,2284.0
22,331,1785.0,2284.0
22,332,1785.0,2284.0
22,333,1785.0,2284.0
22,334,1785.0,2284.0
22,335,1785.0,2284.0
22,336,1785.0,2284.0
22,337,1785.0,2284.0
22,338,1785.0,2284.0
22,339,1785.0,2284.0
22,340,1785.0,2284.0
22,341,1785.0,2284.0
22,342,1785.0,2284.0
22,343,1785.0,2284.0
22,344,1785.0,2284.0
22,345,1785.0,2284.0
22,346,1785.0,2284.0
22,347,1785.0,2284.0
22,348,1785.0,2284.0
22,349,1785.0,2284.0
22,350,1785.0,2284.0
22,351,1785.0,2284.0
22,352,1785.0,2284.0
22,353,1785.0,2284.0
22,354,1785.0,2284.0
22,355,1785.0,2284.0
22,356,1785.0,2284.0
22,357,1785.0,2284.0
22,358,1785.0,2284.0
22,359,1785.0,2284.0
23,0,2679.0,1327.0
23,1,2679.0,1327.0
23,2,2679.0,1327.0
23,3,2679.0,1327.0
23,4,2679.0,1327.0
23,5,2679.0,1327.0
23,6,2679.0,1327.0
23,7,2679.0,1327.0
23,8,2679.0,1327.0
23,9,2679.0,1327.0
23,10,2679.0,1327.0
23,11,2679.0,1327.0
23,12,2679.0,1327.0
23,13,2679.0,1327.0
23,14,2679.0,1327.0
23,15,2679.0,1327.0
23,16,2679.0,1327.0
23,17,2679.0,1327.0
23,18,2679.0,1327.0
23,19,2679.0,1327.0
23,20,2679.0,1327.0
23,21,2679.0,1327.0
23,22,2679.0,1327.0
23,23,2679.0,1327.0
23,24,2679.0,1327.0
23,25,2679.0,1327.0
23,26,2679.0,1327.0
23,27,2679.0,1327.0
23,28,2679.0,1327.0
23,29,2679.0,1327.0
23,30,2679.0,1327.0
23,31,2679.0,1327.0
23,32,2679.0,1327.0
23,33,2679.0,1327.0
23,34,2679.0,1327.0
23,35,2679.0,1327.0
23,36,2679.0,1327.0
23,37,2679.0,1327.0
23,38,2679.0,1327.0
23,39,2679.0,1327.0
23,40,2679.0,1327.0
23,41,2679.0,1327.0
23,42,2679.0,1327.0
23,43,2679.0,1327.0
23,44,2679.0,1327.0
23,45,2679.0,1327.0
23,46,2679.0,1327.0
23,47,2679.0,1327.0
23,48,2679.0,1327.0
23,49,2679.0,1327.0
23,50,2679.0,1327.0
23,51,2679.0,1327.0
23,52,2679.0,1327.0
23,53,2679.0,1327.0
23,54,2679.0,1327.0
23,55,2679.0,1327.0
23,56,2679.0,1327.0
23,57,2679.0,1327.0
23,58,2679.0,1327.0
23,59,2679.0,1327.0
23,60,2679.0,1327.0
23,61,2679.0,1327.0
23,62,2679.0,1327.0
23,63,2679.0,1327.0
23,64,2679.0,1327.0
23,65,2679.0,1327.0
23,66,2679.0,1327.0
23,67,2679.0,1327.0
23,68,2679.0,1327.0
23,69,2679.0,1327.0
23,70,2679.0,1327.0
23,71,2679.0,1327.0
23,72,2679.0,1327.0
23,73,2679.0,1327.0
23,74,2679.0,1327.0
23,75,2679.0,1327.0
23,76,2679.0,1327.0
23,77,2679.0,1327.0
23,78,2679.0,1327.0
23,79,2679.0,1327.0
23,80,2679.0,1327.0
23,81,2679.0,1327.0
23,82,2679.0,1327.0
23,83,2679.0,1327.0
23,84,2679.0,1327.0
23,85,2679.0,1327.0
23,86,2679.0,1327.0
23,87,2679.0,1327.0
23,88,2679.0,1327.0
23,89,2679.0,1327.0
23,90,2679.0,1327.0
23,91,2679.0,1327.0
23,92,2679.0,1327.0
23,93,2679.0,1327.0
23,94,2679.0,1327.0
23,95,2679.0,1327.0
23,96,2679.0,1327.0
23,97,2679.0,1327.0
23,98,2679.0,1327.0
23,99,2679.0,1327.0
23,100,2679.0,1327.0
23,101,2679.0,1327.0
23,102,2679.0,1327.0
23,103,2679.0,1327.0
23,104,2679.0,1327.0
23,105,2679.0,1327.0
23,106,2679.0,1327.0
23,107,2679.0,1327.0
23,108,2679.0,1327.0
23,109,2679.0,1327.0
23,110,2679.0,1327.0
23,111,2679.0,1327.0
23,112,2679.0,1327.0
23,113,2679.0,1327.0
23,114,2679.0,1327.0
23,115,2679.0,1327.0
23,116,2679.0,1327.0
23,117,2679.0,1327.0
23,118,2679.0,1327.0
23,119,2679.0,1327.0
23,120,2679.0,1327.0
23,121,2679.0,1327.0
23,122,2679.0,1327.0
23,123,2679.0,1327.0
23,124,2679.0,1327.0
23,125,2679.0,1327.0
23,126,2679.0,1327.0
23,127,2679.0,1327.0
23,128,2679.0,1327.0
23,129,2679.0,1327.0
23,130,2679.0,1327.0
23,131,2679.0,1327.0
23,132,2679.0,1327.0
23,133,2679.0,1327.0
23,134,2679.0,1327.0
23,135,2679.0,1327.0
23,136,2679.0,1327.0
23,137,2679.0,1327.0
23,138,2679.0,1327.0
23,139,2679.0,1327.0
23,140,2679.0,1327.0
23,141,2679.0,1327.0
23,142,2679.0,1327.0
23,143,2679.0,1327.0
23,144,2679.0,1327.0
23,145,2679.0,1327.0
23,146,2679.0,1327.0
23,147,2679.0,1327.0
23,148,2679.0,1327.0
23,149,2679.0,1327.0
23,150,2679.0,1327.0
23,151,2679.0,1327.0
23,152,2679.0,1327.0
23,153,2679.0,1327.0
23,154,2679.0,1327.0
23,155,2679.0,1327.0
23,156,2679.0,1327.0
23,157,2679.0,1327.0
23,158,2679.0,1327.0
23,159,2679.0,1327.0
23,160,2679.0,1327.0
23,161,2679.0,1327.0
23,162,2679.0,1327.0
23,163,2679.0,1327.0
23,164,2679.0,1327.0
23,165,2679.0,1327.0
23,166,2679.0,1327.0
23,167,2679.0,1327.0
23,168,2679.0,1327.0
23,169,2679.0,1327.0
23,170,2679.0,1327.0
23,171,2679.0,1327.0
23,172,2679.0,1327.0
23,173,2679.0,1327.0
23,174,2679.0,1327.0
23,175,2679.0,1327.0
23,176,2679.0,1327.0
23,177,2679.0,1327.0
23,178,2679.0,1327.0
23,179,2679.0,1327.0
23,180,2679.0,1327.0
23,181,2679.0,1327.0
23,182,2679.0,1327.0
23,183,2679.0,1327.0
23,184,2679.0,1327.0
23,185,2679.0,1327.0
23,186,2679.0,1327.0
23,187,2679.0,1327.0
23,188,2679.0,1327.0
23,189,2679.0,1327.0
23,190,2679.0,1327.0
23,191,2679.0,1327.0
23,192,2679.0,1327.0
23,193,2679.0,1327.0
23,194,2679.0,1327.0
23,195,2679.0,1327.0
23,196,2679.0,1327.0
23,197,2679.0,1327.0
23,198,2679.0,1327.0
23,199,2679.0,1327.0
23,200,2679.0,1327.0
23,201,2679.0,1327.0
23,202,2679.0,1327.0
23,203,2679.0,1327.0
23,204,2679.0,1327.0
23,205,2679.0,1327.0
23,206,2679.0,1327.0
23,207,2679.0,1327.0
23,208,2679.0,1327.0
23,209,2679.0,1327.0
23,210,2679.0,1327.0
23,211,2679.0,1327.0
23,212,2679.0,1327.0
23,213,2679.0,1327.0
23,214,2679.0,1327.0
23,215,2679.0,1327.0
23,216,2679.0,1327.0
23,217,2679.0,1327.0
23,218,2679.0,1327.0
23,219,2679.0,1327.0
23,220,2679.0,1327.0
23,221,2679.0,1327.0
23,222,2679.0,1327.0
23,223,2679.0,1327.0
23,224,2679.0,1327.0
23,225,2679.0,1327.0
23,226,2679.0,1327.0
23,227,2679.0,1327.0
23,228,2679.0,1327.0
23,229,2679.0,1327.0
23,230,2679.0,1327.0
23,231,2679.0,1327.0
23,232,2679.0,1327.0
23,233,2679.0,1327.0
23,234,2679.0,1327.0
23,235,2679.0,1327.0
23,236,2679.0,1327.0
23,237,2679.0,1327.0
23,238,2679.0,1327.0
23,239,2679.0,1327.0
23,240,2679.0,1327.0
23,241,2679.0,1327.0
23,242,2679.0,1327.0
23,243,2679.0,1327.0
23,244,2679.0,1327.0
23,245,2679.0,1327.0
23,246,2679.0,1327.0
23,247,2679.0,1327.0
23,248,2679.0,1327.0
23,249,2679.0,1327.0
23,250,2679.0,1327.0
23,251,2679.0,1327.0
23,252,2679.0,1327.0
23,253,2679.0,1327.0
23,254,2679.0,1327.0
23,255,2679.0,1327.0
23,256,2679.0,1327.0
23,257,2679.0,1327.0
23,258,2679.0,1327.0
23,259,2679.0,1327.0
23,260,2679.0,1327.0
23,261,2679.0,1327.0
23,262,2679.0,1327.0
23,263,2679.0,1327.0
23,264,2679.0,1327.0
23,265,2679.0,1327.0
23,266,2679.0,1327.0
23,267,2679.0,1327.0
23,268,2679.0,1327.0
23,269,2679.0,1327.0
23,270,2679.0,1327.0
23,271,2679.0,1327.0
23,272,2679.0,1327.0
23,273,2679.0,1327.0
23,274,2679.0,1327.0
23,275,2679.0,1327.0
23,276,2679.0,1327.0
23,277,2679.0,1327.0
23,278,2679.0,1327.0
23,279,2679.0,1327.0
23,280,2679.0,1327.0
23,281,2679.0,1327.0
23,282,2679.0,1327.0
23,283,2679.0,1327.0
23,284,2679.0,1327.0
23,285,2679.0,1327.0
23,286,2679.0,1327.0
23,287,2679.0,1327.0
23,288,2679.0,1327.0
23,289,2679.0,1327.0
23,290,2679.0,1327.0
23,291,2679.0,1327.0
23,292,2679.0,1327.0
23,293,2679.0,1327.0
23,294,2679.0,1327.0
23,295,2679.0,1327.0
23,296,2679.0,1327.0
23,297,2679.0,1327.0
23,298,2679.0,1327.0
23,299,2679.0,1327.0
23,300,2679.0,1327.0
23,301,2679.0,1327.0
23,302,2679.0,1327.0
23,303,2679.0,1327.0
23,304,2679.0,1327.0
23,305,2679.0,1327.0
23,306,2679.0,1327.0
23,307,2679.0,1327.0
23,308,2679.0,1327.0
23,309,2679.0,1327.0
23,310,2679.0,1327.0
23,311,2679.0,1327.0
23,312,2679.0,1327.0
23,313,2679.0,1327.0
23,314,2679.0,1327.0
23,315,2679.0,1327.0
23,316,2679.0,1327.0
23,317,2679.0,1327.0
23,318,2679.0,1327.0
23,319,2679.0,1327.0
23,320,2679.0,1327.0
23,321,2679.0,1327.0
23,322,2679.0,1327.0
23,323,2679.0,1327.0
23,324,2679.0,1327.0
23,325,2679.0,1327.0
23,326,2679.0,1327.0
23,327,2679.0,1327.0
23,328,2679.0,1327.0
23,329,2679.0,1327.0
23,330,2679.0,1327.0
23,331,2679.0,1327.0
23,332,2679.0,1327.0
23,333,2679.0,1327.0
23,334,2679.0,1327.0
23,335,2679.0,1327.0
23,336,2679.0,1327.0
23,337,2679.0,1327.0
23,338,2679.0,1327.0
23,339,2679.0,1327.0
23,340,2679.0,1327.0
23,341,2679.0,1327.0
23,342,2679.0,1327.0
23,343,2679.0,1327.0
23,344,2679.0,1327.0
23,345,2679.0,1327.0
23,346,2679.0,1327.0
23,347,2679.0,1327.0
23,348,2679.0,1327.0
23,349,2679.0,1327.0
23,350,2679.0,1327.0
23,351,2679.0,1327.0
23,352,2679.0,1327.0
23,353,2679.0,1327.0
23,354,2679.0,1327.0
23,355,2679.0,1327.0
23,356,2679.0,1327.0
23,357,2679.0,1327.0
23,358,2679.0,1327.0
23,359,2679.0,1327.0
24,0,998.0,1830.0
24,1,998.0,1830.0
24,2,998.0,1830.0
24,3,998.0,1830.0
24,4,998.0,1830.0
24,5,998.0,1830.0
24,6,998.0,1830.0
24,7,998.0,1830.0
24,8,998.0,1830.0
24,9,998.0,1830.0
24,10,998.0,1830.0
24,11,998.0,1830.0
24,12,998.0,1830.0
24,13,998.0,1830.0
24,14,998.0,1830.0
24,15,998.0,1830.0
24,16,998.0,1830.0
24,17,998.0,1830.0
24,18,998.0,1830.0
24,19,998.0,1830.0
24,20,998.0,1830.0
24,21,998.0,1830.0
24,22,998.0,1830.0
24,23,998.0,1830.0
24,24,998.0,1830.0
24,25,998.0,1830.0
24,26,998.0,1830.0
24,27,998.0,1830.0
24,28,998.0,1830.0
24,29,998.0,1830.0
24,30,998.0,1830.0
24,31,998.0,1830.0
24,32,998.0,1830.0
24,33,998.0,1830.0
24,34,998.0,1830.0
24,35,998.0,1830.0
24,36,998.0,1830.0
24,37,998.0,1830.0
24,38,998.0,1830.0
24,39,998.0,1830.0
24,40,998.0,1830.0
24,41,998.0,1830.0
24,42,998.0,1830.0
24,43,998.0,1830.0
24,44,998.0,1830.0
24,45,998.0,1830.0
24,46,998.0,1830.0
24,47,998.0,1830.0
24,48,998.0,1830.0
24,49,998.0,1830.0
24,50,998.0,1830.0
24,51,998.0,1830.0
24,52,998.0,1830.0
24,53,998.0,1830.0
24,54,998.0,1830.0
24,55,998.0,1830.0
24,56,998.0,1830.0
24,57,998.0,1830.0
24,58,998.0,1830.0
24,59,998.0,1830.0
24,60,998.0,1830.0
24,61,998.0,1830.0
24,62,998.0,1830.0
24,63,998.0,1830.0
24,64,998.0,1830.0
24,65,998.0,1830.0
24,66,998.0,1830.0
24,67,998.0,1830.0
24,68,998.0,1830.0
24,69,998.0,1830.0
24,70,998.0,1830.0
24,71,998.0,1830.0
24,72,998.0,1830.0
24,73,998.0,1830.0
24,74,998.0,1830.0
24,75,998.0,1830.0
24,76,998.0,1830.0
24,77,998.0,1830.0
24,78,998.0,1830.0
24,79,998.0,1830.0
24,80,998.0,1830.0
24,81,998.0,1830.0
24,82,998.0,1830.0
24,83,998.0,1830.0
24,84,998.0,1830.0
24,85,998.0,1830.0
24,86,998.0,1830.0
24,87,998.0,1830.0
24,88,998.0,1830.0
24,89,998.0,1830.0
24,90,998.0,1830.0
24,91,998.0,1830.0
24,92,998.0,1830.0
24,93,998.0,1830.0
24,94,998.0,1830.0
24,95,998.0,1830.0
24,96,998.0,1830.0
24,97,998.0,1830.0
24,98,998.0,1830.0
24,99,998.0,1830.0
24,100,998.0,1830.0
24,101,998.0,1830.0
24,102,998.0,1830.0
24,103,998.0,1830.0
24,104,998.0,1830.0
24,105,998.0,1830.0
24,106,998.0,1830.0
24,107,998.0,1830.0
24,108,998.0,1830.0
24,109,998.0,1830.0
24,110,998.0,1830.0
24,111,998.0,1830.0
24,112,998.0,1830.0
24,113,998.0,1830.0
24,114,998.0,1830.0
24,115,998.0,1830.0
24,116,998.0,1830.0
24,117,998.0,1830.0
24,118,998.0,1830.0
24,119,998.0,1830.0
24,120,998.0,1830.0
24,121,998.0,1830.0
24,122,998.0,1830.0
24,123,998.0,1830.0
24,124,998.0,1830.0
24,125,998.0,1830.0
24,126,998.0,1830.0
24,127,998.0,1830.0
24,128,998.0,1830.0
24,129,998.0,1830.0
24,130,998.0,1830.0
24,131,998.0,1830.0
24,132,998.0,1830.0
24,133,998.0,1830.0
24,134,998.0,1830.0
24,135,998.0,1830.0
24,136,998.0,1830.0
24,137,998.0,1830.0
24,138,998.0,1830.0
24,139,998.0,1830.0
24,140,998.0,1830.0
24,141,998.0,1830.0
24,142,998.0,1830.0
24,143,998.0,1830.0
24,144,998.0,1830.0
24,145,998.0,1830.0
24,146,998.0,1830.0
24,147,998.0,1830.0
24,148,998.0,1830.0
24,149,998.0,1830.0
24,150,998.0,1830.0
24,151,998.0,1830.0
24,152,998.0,1830.0
24,153,998.0,1830.0
24,154,998.0,1830.0
24,155,998.0,1830.0
24,156,998.0,1830.0
24,157,998.0,1830.0
24,158,998.0,1830.0
24,159,998.0,1830.0
24,160,998.0,1830.0
24,161,998.0,1830.0
24,162,998.0,1830.0
24,163,998.0,1830.0
24,164,998.0,1830.0
24,165,998.0,1830.0
24,166,998.0,1830.0
24,167,998.0,1830.0
24,168,998.0,1830.0
24,169,998.0,1830.0
24,170,998.0,1830.0
24,171,998.0,1830.0
24,172,998.0,1830.0
24,173,998.0,1830.0
24,174,998.0,1830.0
24,175,998.0,1830.0
24,176,998.0,1830.0
24,177,998.0,1830.0
24,178,998.0,1830.0
24,179,998.0,1830.0
24,180,998.0,1830.0
24,181,998.0,1830.0
24,182,998.0,1830.0
24,183,998.0,1830.0
24,184,998.0,1830.0
24,185,998.0,1830.0
24,186,998.0,1830.0
24,187,998.0,1830.0
24,188,998.0,1830.0
24,189,998.0,1830.0
24,190,998.0,1830.0
24,191,998.0,1830.0
24,192,998.0,1830.0
24,193,998.0,1830.0
24,194,998.0,1830.0
24,195,998.0,1830.0
24,196,998.0,1830.0
24,197,998.0,1830.0
24,198,998.0,1830.0
24,199,998.0,1830.0
24,200,998.0,1830.0
24,201,998.0,1830.0
24,202,998.0,1830.0
24,203,998.0,1830.0
24,204,998.0,1830.0
24,205,998.0,1830.0
24,206,998.0,1830.0
24,207,998.0,1830.0
24,208,998.0,1830.0
24,209,998.0,1830.0
24,210,998.0,1830.0
24,211,998.0,1830.0
24,212,998.0,1830.0
24,213,998.0,1830.0
24,214,998.0,1830.0
24,215,998.0,1830.0
24,216,998.0,1830.0
24,217,998.0,1830.0
24,218,998.0,1830.0
24,219,998.0,1830.0
24,220,998.0,1830.0
24,221,998.0,1830.0
24,222,998.0,1830.0
24,223,998.0,1830.0
24,224,998.0,1830.0
24,225,998.0,1830.0
24,226,998.0,1830.0
24,227,998.0,1830.0
24,228,998.0,1830.0
24,229,998.0,1830.0
24,230,998.0,1830.0
24,231,998.0,1830.0
24,232,998.0,1830.0
24,233,998.0,1830.0
24,234,998.0,1830.0
24,235,998.0,1830.0
24,236,998.0,1830.0
24,237,998.0,1830.0
24,238,998.0,1830.0
24,239,998.0,1830.0
24,240,998.0,1830.0
24,241,998.0,1830.0
24,242,998.0,1830.0
24,243,998.0,1830.0
24,244,998.0,1830.0
24,245,998.0,1830.0
24,246,998.0,1830.0
24,247,998.0,1830.0
24,248,998.0,1830.0
24,249,998.0,1830.0
24,250,998.0,1830.0
24,251,998.0,1830.0
24,252,998.0,1830.0
24,253,998.0,1830.0
24,254,998.0,1830.0
24,255,998.0,1830.0
24,256,998.0,1830.0
24,257,998.0,1830.0
24,258,998.0,1830.0
24,259,998.0,1830.0
24,260,998.0,1830.0
24,261,998.0,1830.0
24,262,998.0,1830.0
24,263,998.0,1830.0
24,264,998.0,1830.0
24,265,998.0,1830.0
24,266,998.0,1830.0
24,267,998.0,1830.0
24,268,998.0,1830.0
24,269,998.0,1830.0
24,270,998.0,1830.0
24,271,998.0,1830.0
24,272,998.0,1830.0
24,273,998.0,1830.0
24,274,998.0,1830.0
24,275,998.0,1830.0
24,276,998.0,1830.0
24,277,998.0,1830.0
24,278,998.0,1830.0
24,279,998.0,1830.0
24,280,998.0,1830.0
24,281,998.0,1830.0
24,282,998.0,1830.0
24,283,998.0,1830.0
24,284,998.0,1830.0
24,285,998.0,1830.0
24,286,998.0,1830.0
24,287,998.0,1830.0
24,288,998.0,1830.0
24,289,998.0,1830.0
24,290,998.0,1830.0
24,291,998.0,1830.0
24,292,998.0,1830.0
24,293,998.0,1830.0
24,294,998.0,1830.0
24,295,998.0,1830.0
24,296,998.0,1830.0
24,297,998.0,1830.0
24,298,998.0,1830.0
24,299,998.0,1830.0
24,300,998.0,1830.0
24,301,998.0,1830.0
24,302,998.0,1830.0
24,303,998.0,1830.0
24,304,998.0,1830.0
24,305,998.0,1830.0
24,306,998.0,1830.0
24,307,998.0,1830.0
24,308,998.0,1830.0
24,309,998.0,1830.0
24,310,998.0,1830.0
24,311,998.0,1830.0
24,312,998.0,1830.0
24,313,998.0,1830.0
24,314,998.0,1830.0
24,315,998.0,1830.0
24,316,998.0,1830.0
24,317,998.0,1830.0
24,318,998.0,1830.0
24,319,998.0,1830.0
24,320,998.0,1830.0
24,321,998.0,1830.0
24,322,998.0,1830.0
24,323,998.0,1830.0
24,324,998.0,1830.0
24,325,998.0,1830.0
24,326,998.0,1830.0
24,327,998.0,1830.0
24,328,998.0,1830.0
24,329,998.0,1830.0
24,330,998.0,1830.0
24,331,998.0,1830.0
24,332,998.0,1830.0
24,333,998.0,1830.0
24,334,998.0,1830.0
24,335,998.0,1830.0
24,336,998.0,1830.0
24,337,998.0,1830.0
24,338,998.0,1830.0
24,339,998.0,1830.0
24,340,998.0,1830.0
24,341,998.0,1830.0
24,342,998.0,1830.0
24,343,998.0,1830.0
24,344,998.0,1830.0
24,345,998.0,1830.0
24,346,998.0,1830.0
24,347,998.0,1830.0
24,348,998.0,1830.0
24,349,998.0,1830.0
24,350,998.0,1830.0
24,351,998.0,1830.0
24,352,998.0,1830.0
24,353,998.0,1830.0
24,354,998.0,1830.0
24,355,998.0,1830.0
24,356,998.0,1830.0
24,357,998.0,1830.0
24,358,998.0,1830.0
24,359,998.0,1830.0
25,0,2069.0,2512.0
25,1,2069.0,2512.0
25,2,2069.0,2512.0
25,3,2069.0,2512.0
25,4,2069.0,2512.0
25,5,2069.0,2512.0
25,6,2069.0,2512.0
25,7,2069.0,2512.0
25,8,2069.0,2512.0
25,9,2069.0,2512.0
25,10,2069.0,2512.0
25,11,2069.0,2512.0
25,12,2069.0,2512.0
25,13,2069.0,2512.0
25,14,2069.0,2512.0
25,15,2069.0,2512.0
25,16,2069.0,2512.0
25,17,2069.0,2512.0
25,18,2069.0,2512.0
25,19,2069.0,2512.0
25,20,2069.0,2512.0
25,21,2069.0,2512.0
25,22,2069.0,2512.0
25,23,2069.0,2512.0
25,24,2069.0,2512.0
25,25,2069.0,2512.0
25,26,2069.0,2512.0
25,27,2069.0,2512.0
25,28,2069.0,2512.0
25,29,2069.0,2512.0
25,30,2069.0,2512.0
25,31,2069.0,2512.0
25,32,2069.0,2512.0
25,33,2069.0,2512.0
25,34,2069.0,2512.0
25,35,2069.0,2512.0
25,36,2069.0,2512.0
25,37,2069.0,2512.0
25,38,2069.0,2512.0
25,39,2069.0,2512.0
25,40,2069.0,2512.0
25,41,2069.0,2512.0
25,42,2069.0,2512.0
25,43,2069.0,2512.0
25,44,2069.0,2512.0
25,45,2069.0,2512.0
25,46,2069.0,2512.0
25,47,2069.0,2512.0
25,48,2069.0,2512.0
25,49,2069.0,2512.0
25,50,2069.0,2512.0
25,51,2069.0,2512.0
25,52,2069.0,2512.0
25,53,2069.0,2512.0
25,54,2069.0,2512.0
25,55,2069.0,2512.0
25,56,2069.0,2512.0
25,57,2069.0,2512.0
25,58,2069.0,2512.0
25,59,2069.0,2512.0
25,60,2069.0,2512.0
25,61,2069.0,2512.0
25,62,2069.0,2512.0
25,63,2069.0,2512.0
25,64,2069.0,2512.0
25,65,2069.0,2512.0
25,66,2069.0,2512.0
25,67,2069.0,2512.0
25,68,2069.0,2512.0
25,69,2069.0,2512.0
25,70,2069.0,2512.0
25,71,2069.0,2512.0
25,72,2069.0,2512.0
25,73,2069.0,2512.0
25,74,2069.0,2512.0
25,75,2069.0,2512.0
25,76,2069.0,2512.0
25,77,2069.0,2512.0
25,78,2069.0,2512.0
25,79,2069.0,2512.0
25,80,2069.0,2512.0
25,81,2069.0,2512.0
25,82,2069.0,2512.0
25,83,2069.0,2512.0
25,84,2069.0,2512.0
25,85,2069.0,2512.0
25,86,2069.0,2512.0
25,87,2069.0,2512.0
25,88,2069.0,2512.0
25,89,2069.0,2512.0
25,90,2069.0,2512.0
25,91,2069.0,2512.0
25,92,2069.0,2512.0
25,93,2069.0,2512.0
25,94,2069.0,2512.0
25,95,2069.0,2512.0
25,96,2069.0,2512.0
25,97,2069.0,2512.0
25,98,2069.0,2512.0
25,99,2069.0,2512.0
25,100,2069.0,2512.0
25,101,2069.0,2512.0
25,102,2069.0,2512.0
25,103,2069.0,2512.0
25,104,2069.0,2512.0
25,105,2069.0,2512.0
25,106,2069.0,2512.0
25,107,2069.0,2512.0
25,108,2069.0,2512.0
25,109,2069.0,2512.0
25,110,2069.0,2512.0
25,111,2069.0,2512.0
25,112,2069.0,2512.0
25,113,2069.0,2512.0
25,114,2069.0,2512.0
25,115,2069.0,2512.0
25,116,2069.0,2512.0
25,117,2069.0,2512.0
25,118,2069.0,2512.0
25,119,2069.0,2512.0
25,120,2069.0,2512.0
25,121,2069.0,2512.0
25,122,2069.0,2512.0
25,123,2069.0,2512.0
25,124,2069.0,2512.0
25,125,2069.0,2512.0
25,126,2069.0,2512.0
25,127,2069.0,2512.0
25,128,2069.0,2512.0
25,129,2069.0,2512.0
25,130,2069.0,2512.0
25,131,2069.0,2512.0
25,132,2069.0,2512.0
25,133,2069.0,2512.0
25,134,2069.0,2512.0
25,135,2069.0,2512.0
25,136,2069.0,2512.0
25,137,2069.0,2512.0
25,138,2069.0,2512.0
25,139,2069.0,2512.0
25,140,2069.0,2512.0
25,141,2069.0,2512.0
25,142,2069.0,2512.0
25,143,2069.0,2512.0
25,144,2069.0,2512.0
25,145,2069.0,2512.0
25,146,2069.0,2512.0
25,147,2069.0,2512.0
25,148,2069.0,2512.0
25,149,2069.0,2512.0
25,150,2069.0,2512.0
25,151,2069.0,2512.0
25,152,2069.0,2512.0
25,153,2069.0,2512.0
25,154,2069.0,2512.0
25,155,2069.0,2512.0
25,156,2069.0,2512.0
25,157,2069.0,2512.0
25,158,2069.0,2512.0
25,159,2069.0,2512.0
25,160,2069.0,2512.0
25,161,2069.0,2512.0
25,162,2069.0,2512.0
25,163,2069.0,2512.0
25,164,2069.0,2512.0
25,165,2069.0,2512.0
25,166,2069.0,2512.0
25,167,2069.0,2512.0
25,168,2069.0,2512.0
25,169,2069.0,2512.0
25,170,2069.0,2512.0
25,171,2069.0,2512.0
25,172,2069.0,2512.0
25,173,2069.0,2512.0
25,174,2069.0,2512.0
25,175,2069.0,2512.0
25,176,2069.0,2512.0
25,177,2069.0,2512.0
25,178,2069.0,2512.0
25,179,2069.0,2512.0
25,180,2069.0,2512.0
25,181,2069.0,2512.0
25,182,2069.0,2512.0
25,183,2069.0,2512.0
25,184,2069.0,2512.0
25,185,2069.0,2512.0
25,186,2069.0,2512.0
25,187,2069.0,2512.0
25,188,2069.0,2512.0
25,189,2069.0,2512.0
25,190,2069.0,2512.0
25,191,2069.0,2512.0
25,192,2069.0,2512.0
25,193,2069.0,2512.0
25,194,2069.0,2512.0
25,195,2069.0,2512.0
25,196,2069.0,2512.0
25,197,2069.0,2512.0
25,198,2069.0,2512.0
25,199,2069.0,2512.0
25,200,2069.0,2512.0
25,201,2069.0,2512.0
25,202,2069.0,2512.0
25,203,2069.0,2512.0
25,204,2069.0,2512.0
25,205,2069.0,2512.0
25,206,2069.0,2512.0
25,207,2069.0,2512.0
25,208,2069.0,2512.0
25,209,2069.0,2512.0
25,210,2069.0,2512.0
25,211,2069.0,2512.0
25,212,2069.0,2512.0
25,213,2069.0,2512.0
25,214,2069.0,2512.0
25,215,2069.0,2512.0
25,216,2069.0,2512.0
25,217,2069.0,2512.0
25,218,2069.0,2512.0
25,219,2069.0,2512.0
25,220,2069.0,2512.0
25,221,2069.0,2512.0
25,222,2069.0,2512.0
25,223,2069.0,2512.0
25,224,2069.0,2512.0
25,225,2069.0,2512.0
25,226,2069.0,2512.0
25,227,2069.0,2512.0
25,228,2069.0,2512.0
25,229,2069.0,2512.0
25,230,2069.0,2512.0
25,231,2069.0,2512.0
25,232,2069.0,2512.0
25,233,2069.0,2512.0
25,234,2069.0,2512.0
25,235,2069.0,2512.0
25,236,2069.0,2512.0
25,237,2069.0,2512.0
25,238,2069.0,2512.0
25,239,2069.0,2512.0
25,240,2069.0,2512.0
25,241,2069.0,2512.0
25,242,2069.0,2512.0
25,243,2069.0,2512.0
25,244,2069.0,2512.0
25,245,2069.0,2512.0
25,246,2069.0,2512.0
25,247,2069.0,2512.0
25,248,2069.0,2512.0
25,249,2069.0,2512.0
25,250,2069.0,2512.0
25,251,2069.0,2512.0
25,252,2069.0,2512.0
25,253,2069.0,2512.0
25,254,2069.0,2512.0
25,255,2069.0,2512.0
25,256,2069.0,2512.0
25,257,2069.0,2512.0
25,258,2069.0,2512.0
25,259,2069.0,2512.0
25,260,2069.0,2512.0
25,261,2069.0,2512.0
25,262,2069.0,2512.0
25,263,2069.0,2512.0
25,264,2069.0,2512.0
25,265,2069.0,2512.0
25,266,2069.0,2512.0
25,267,2069.0,2512.0
25,268,2069.0,2512.0
25,269,2069.0,2512.0
25,270,2069.0,2512.0
25,271,2069.0,2512.0
25,272,2069.0,2512.0
25,273,2069.0,2512.0
25,274,2069.0,2512.0
25,275,2069.0,2512.0
25,276,2069.0,2512.0
25,277,2069.0,2512.0
25,278,2069.0,2512.0
25,279,2069.0,2512.0
25,280,2069.0,2512.0
25,281,2069.0,2512.0
25,282,2069.0,2512.0
25,283,2069.0,2512.0
25,284,2069.0,2512.0
25,285,2069.0,2512.0
25,286,2069.0,2512.0
25,287,2069.0,2512.0
25,288,2069.0,2512.0
25,289,2069.0,2512.0
25,290,2069.0,2512.0
25,291,2069.0,2512.0
25,292,2069.0,2512.0
25,293,2069.0,2512.0
25,294,2069.0,2512.0
25,295,2069.0,2512.0
25,296,2069.0,2512.0
25,297,2069.0,2512.0
25,298,2069.0,2512.0
25,299,2069.0,2512.0
25,300,2069.0,2512.0
25,301,2069.0,2512.0
25,302,2069.0,2512.0
25,303,2069.0,2512.0
25,304,2069.0,2512.0
25,305,2069.0,2512.0
25,306,2069.0,2512.0
25,307,2069.0,2512.0
25,308,2069.0,2512.0
25,309,2069.0,2512.0
25,310,2069.0,2512.0
25,311,2069.0,2512.0
25,312,2069.0,2512.0
25,313,2069.0,2512.0
25,314,2069.0,2512.0
25,315,2069.0,2512.0
25,316,2069.0,2512.0
25,317,2069.0,2512.0
25,318,2069.0,2512.0
25,319,2069.0,2512.0
25,320,2069.0,2512.0
25,321,2069.0,2512.0
25,322,2069.0,2512.0
25,323,2069.0,2512.0
25,324,2069.0,2512.0
25,325,2069.0,2512.0
25,326,2069.0,2512.0
25,327,2069.0,2512.0
25,328,2069.0,2512.0
25,329,2069.0,2512.0
25,330,2069.0,2512.0
25,331,2069.0,2512.0
25,332,2069.0,2512.0
25,333,2069.0,2512.0
25,334,2069.0,2512.0
25,335,2069.0,2512.0
25,336,2069.0,2512.0
25,337,2069.0,2512.0
25,338,2069.0,2512.0
25,339,2069.0,2512.0
25,340,2069.0,2512.0
25,341,2069.0,2512.0
25,342,2069.0,2512.0
25,343,2069.0,2512.0
25,344,2069.0,2512.0
25,345,2069.0,2512.0
25,346,2069.0,2512.0
25,347,2069.0,2512.0
25,348,2069.0,2512.0
25,349,2069.0,2512.0
25,350,2069.0,2512.0
25,351,2069.0,2512.0
25,352,2069.0,2512.0
25,353,2069.0,2512.0
25,354,2069.0,2512.0
25,355,2069.0,2512.0
25,356,2069.0,2512.0
25,357,2069.0,2512.0
25,358,2069.0,2512.0
25,359,2069.0,2512.0
26,0,2769.0,1252.0
26,1,2769.0,1252.0
26,2,2769.0,1252.0
26,3,2769.0,1252.0
26,4,2769.0,1252.0
26,5,2769.0,1252.0
26,6,2769.0,1252.0
26,7,2769.0,1252.0
26,8,2769.0,1252.0
26,9,2769.0,1252.0
26,10,2769.0,1252.0
26,11,2769.0,1252.0
26,12,2769.0,1252.0
26,13,2769.0,1252.0
26,14,2769.0,1252.0
26,15,2769.0,1252.0
26,16,2769.0,1252.0
26,17,2769.0,1252.0
26,18,2769.0,1252.0
26,19,2769.0,1252.0
26,20,2769.0,1252.0
26,21,2769.0,1252.0
26,22,2769.0,1252.0
26,23,2769.0,1252.0
26,24,2769.0,1252.0
26,25,2769.0,1252.0
26,26,2769.0,1252.0
26,27,2769.0,1252.0
26,28,2769.0,1252.0
26,29,2769.0,1252.0
26,30,2769.0,1252.0
26,31,2769.0,1252.0
26,32,2769.0,1252.0
26,33,2769.0,1252.0
26,34,2769.0,1252.0
26,35,2769.0,1252.0
26,36,2769.0,1252.0
26,37,2769.0,1252.0
26,38,2769.0,1252.0
26,39,2769.0,1252.0
26,40,2769.0,1252.0
26,41,2769.0,1252.0
26,42,2769.0,1252.0
26,43,2769.0,1252.0
26,44,2769.0,1252.0
26,45,2769.0,1252.0
26,46,2769.0,1252.0
26,47,2769.0,1252.0
26,48,2769.0,1252.0
26,49,2769.0,1252.0
26,50,2769.0,1252.0
26,51,2769.0,1252.0
26,52,2769.0,1252.0
26,53,2769.0,1252.0
26,54,2769.0,1252.0
26,55,2769.0,1252.0
26,56,2769.0,1252.0
26,57,2769.0,1252.0
26,58,2769.0,1252.0
26,59,2769.0,1252.0
26,60,2769.0,1252.0
26,61,2769.0,1252.0
26,62,2769.0,1252.0
26,63,2769.0,1252.0
26,64,2769.0,1252.0
26,65,2769.0,1252.0
26,66,2769.0,1252.0
26,67,2769.0,1252.0
26,68,2769.0,1252.0
26,69,2769.0,1252.0
26,70,2769.0,1252.0
26,71,2769.0,1252.0
26,72,2769.0,1252.0
26,73,2769.0,1252.0
26,74,2769.0,1252.0
26,75,2769.0,1252.0
26,76,2769.0,1252.0
26,77,2769.0,1252.0
26,78,2769.0,1252.0
26,79,2769.0,1252.0
26,80,2769.0,1252.0
26,81,2769.0,1252.0
26,82,2769.0,1252.0
26,83,2769.0,1252.0
26,84,2769.0,1252.0
26,85,2769.0,1252.0
26,86,2769.0,1252.0
26,87,2769.0,1252.0
26,88,2769.0,1252.0
26,89,2769.0,1252.0
26,90,2769.0,1252.0
26,91,2769.0,1252.0
26,92,2769.0,1252.0
26,93,2769.0,1252.0
26,94,2769.0,1252.0
26,95,2769.0,1252.0
26,96,2769.0,1252.0
26,97,2769.0,1252.0
26,98,2769.0,1252.0
26,99,2769.0,1252.0
26,100,2769.0,1252.0
26,101,2769.0,1252.0
26,102,2769.0,1252.0
26,103,2769.0,1252.0
26,104,2769.0,1252.0
26,105,2769.0,1252.0
26,106,2769.0,1252.0
26,107,2769.0,1252.0
26,108,2769.0,1252.0
26,109,2769.0,1252.0
26,110,2769.0,1252.0
26,111,2769.0,1252.0
26,112,2769.0,1252.0
26,113,2769.0,1252.0
26,114,2769.0,1252.0
26,115,2769.0,1252.0
26,116,2769.0,1252.0
26,117,2769.0,1252.0
26,118,2769.0,1252.0
26,119,2769.0,1252.0
26,120,2769.0,1252.0
26,121,2769.0,1252.0
26,122,2769.0,1252.0
26,123,2769.0,1252.0
26,124,2769.0,1252.0
26,125,2769.0,1252.0
26,126,2769.0,1252.0
26,127,2769.0,1252.0
26,128,2769.0,1252.0
26,129,2769.0,1252.0
26,130,2769.0,1252.0
26,131,2769.0,1252.0
26,132,2769.0,1252.0
26,133,2769.0,1252.0
26,134,2769.0,1252.0
26,135,2769.0,1252.0
26,136,2769.0,1252.0
26,137,2769.0,1252.0
26,138,2769.0,1252.0
26,139,2769.0,1252.0
26,140,2769.0,1252.0
26,141,2769.0,1252.0
26,142,2769.0,1252.0
26,143,2769.0,1252.0
26,144,2769.0,1252.0
26,145,2769.0,1252.0
26,146,2769.0,1252.0
26,147,2769.0,1252.0
26,148,2769.0,1252.0
26,149,2769.0,1252.0
26,150,2769.0,1252.0
26,151,2769.0,1252.0
26,152,2769.0,1252.0
26,153,2769.0,1252.0
26,154,2769.0,1252.0
26,155,2769.0,1252.0
26,156,2769.0,1252.0
26,157,2769.0,1252.0
26,158,2769.0,1252.0
26,159,2769.0,1252.0
26,160,2769.0,1252.0
26,161,2769.0,1252.0
26,162,2769.0,1252.0
26,163,2769.0,1252.0
26,164,2769.0,1252.0
26,165,2769.0,1252.0
26,166,2769.0,1252.0
26,167,2769.0,1252.0
26,168,2769.0,1252.0
26,169,2769.0,1252.0
26,170,2769.0,1252.0
26,171,2769.0,1252.0
26,172,2769.0,1252.0
26,173,2769.0,1252.0
26,174,2769.0,1252.0
26,175,2769.0,1252.0
26,176,2769.0,1252.0
26,177,2769.0,1252.0
26,178,2769.0,1252.0
26,179,2769.0,1252.0
26,180,2769.0,1252.0
26,181,2769.0,1252.0
26,182,2769.0,1252.0
26,183,2769.0,1252.0
26,184,2769.0,1252.0
26,185,2769.0,1252.0
26,186,2769.0,1252.0
26,187,2769.0,1252.0
26,188,2769.0,1252.0
26,189,2769.0,1252.0
26,190,2769.0,1252.0
26,191,2769.0,1252.0
26,192,2769.0,1252.0
26,193,2769.0,1252.0
26,194,2769.0,1252.0
26,195,2769.0,1252.0
26,196,2769.0,1252.0
26,197,2769.0,1252.0
26,198,2769.0,1252.0
26,199,2769.0,1252.0
26,200,2769.0,1252.0
26,201,2769.0,1252.0
26,202,2769.0,1252.0
26,203,2769.0,1252.0
26,204,2769.0,1252.0
26,205,2769.0,1252.0
26,206,2769.0,1252.0
26,207,2769.0,1252.0
26,208,2769.0,1252.0
26,209,2769.0,1252.0
26,210,2769.0,1252.0
26,211,2769.0,1252.0
26,212,2769.0,1252.0
26,213,2769.0,1252.0
26,214,2769.0,1252.0
26,215,2769.0,1252.0
26,216,2769.0,1252.0
26,217,2769.0,1252.0
26,218,2769.0,1252.0
26,219,2769.0,1252.0
26,220,2769.0,1252.0
26,221,2769.0,1252.0
26,222,2769.0,1252.0
26,223,2769.0,1252.0
26,224,2769.0,1252.0
26,225,2769.0,1252.0
26,226,2769.0,1252.0
26,227,2769.0,1252.0
26,228,2769.0,1252.0
26,229,2769.0,1252.0
26,230,2769.0,1252.0
26,231,2769.0,1252.0
26,232,2769.0,1252.0
26,233,2769.0,1252.0
26,234,2769.0,1252.0
26,235,2769.0,1252.0
26,236,2769.0,1252.0
26,237,2769.0,1252.0
26,238,2769.0,1252.0
26,239,2769.0,1252.0
26,240,2769.0,1252.0
26,241,2769.0,1252.0
26,242,2769.0,1252.0
26,243,2769.0,1252.0
26,244,2769.0,1252.0
26,245,2769.0,1252.0
26,246,2769.0,1252.0
26,247,2769.0,1252.0
26,248,2769.0,1252.0
26,249,2769.0,1252.0
26,250,2769.0,1252.0
26,251,2769.0,1252.0
26,252,2769.0,1252.0
26,253,2769.0,1252.0
26,254,2769.0,1252.0
26,255,2769.0,1252.0
26,256,2769.0,1252.0
26,257,2769.0,1252.0
26,258,2769.0,1252.0
26,259,2769.0,1252.0
26,260,2769.0,1252.0
26,261,2769.0,1252.0
26,262,2769.0,1252.0
26,263,2769.0,1252.0
26,264,2769.0,1252.0
26,265,2769.0,1252.0
26,266,2769.0,1252.0
26,267,2769.0,1252.0
26,268,2769.0,1252.0
26,269,2769.0,1252.0
26,270,2769.0,1252.0
26,271,2769.0,1252.0
26,272,2769.0,1252.0
26,273,2769.0,1252.0
26,274,2769.0,1252.0
26,275,2769.0,1252.0
26,276,2769.0,1252.0
26,277,2769.0,1252.0
26,278,2769.0,1252.0
26,279,2769.0,1252.0
26,280,2769.0,1252.0
26,281,2769.0,1252.0
26,282,2769.0,1252.0
26,283,2769.0,1252.0
26,284,2769.0,1252.0
26,285,2769.0,1252.0
26,286,2769.0,1252.0
26,287,2769.0,1252.0
26,288,2769.0,1252.0
26,289,2769.0,1252.0
26,290,2769.0,1252.0
26,291,2769.0,1252.0
26,292,2769.0,1252.0
26,293,2769.0,1252.0
26,294,2769.0,1252.0
26,295,2769.0,1252.0
26,296,2769.0,1252.0
26,297,2769.0,1252.0
26,298,2769.0,1252.0
26,299,2769.0,1252.0
26,300,2769.0,1252.0
26,301,2769.0,1252.0
26,302,2769.0,1252.0
26,303,2769.0,1252.0
26,304,2769.0,1252.0
26,305,2769.0,1252.0
26,306,2769.0,1252.0
26,307,2769.0,1252.0
26,308,2769.0,1252.0
26,309,2769.0,1252.0
26,310,2769.0,1252.0
26,311,2769.0,1252.0
26,312,2769.0,1252.0
26,313,2769.0,1252.0
26,314,2769.0,1252.0
26,315,2769.0,1252.0
26,316,2769.0,1252.0
26,317,2769.0,1252.0
26,318,2769.0,1252.0
26,319,2769.0,1252.0
26,320,2769.0,1252.0
26,321,2769.0,1252.0
26,322,2769.0,1252.0
26,323,2769.0,1252.0
26,324,2769.0,1252.0
26,325,2769.0,1252.0
26,326,2769.0,1252.0
26,327,2769.0,1252.0
26,328,2769.0,1252.0
26,329,2769.0,1252.0
26,330,2769.0,1252.0
26,331,2769.0,1252.0
26,332,2769.0,1252.0
26,333,2769.0,1252.0
26,334,2769.0,1252.0
26,335,2769.0,1252.0
26,336,2769.0,1252.0
26,337,2769.0,1252.0
26,338,2769.0,1252.0
26,339,2769.0,1252.0
26,340,2769.0,1252.0
26,341,2769.0,1252.0
26,342,2769.0,1252.0
26,343,2769.0,1252.0
26,344,2769.0,1252.0
26,345,2769.0,1252.0
26,346,2769.0,1252.0
26,347,2769.0,1252.0
26,348,2769.0,1252.0
26,349,2769.0,1252.0
26,350,2769.0,1252.0
26,351,2769.0,1252.0
26,352,2769.0,1252.0
26,353,2769.0,1252.0
26,354,2769.0,1252.0
26,355,2769.0,1252.0
26,356,2769.0,1252.0
26,357,2769.0,1252.0
26,358,2769.0,1252.0
26,359,2769.0,1252.0
27,0,1149.0,1708.0
27,1,1149.0,1708.0
27,2,1149.0,1708.0
27,3,1149.0,1708.0
27,4,1149.0,1708.0
27,5,1149.0,1708.0
27,6,1149.0,1708.0
27,7,1149.0,1708.0
27,8,1149.0,1708.0
27,9,1149.0,1708.0
27,10,1149.0,1708.0
27,11,1149.0,1708.0
27,12,1149.0,1708.0
27,13,1149.0,1708.0
27,14,1149.0,1708.0
27,15,1149.0,1708.0
27,16,1149.0,1708.0
27,17,1149.0,1708.0
27,18,1149.0,1708.0
27,19,1149.0,1708.0
27,20,1149.0,1708.0
27,21,1149.0,1708.0
27,22,1149.0,1708.0
27,23,1149.0,1708.0
27,24,1149.0,1708.0
27,25,1149.0,1708.0
27,26,1149.0,1708.0
27,27,1149.0,1708.0
27,28,1149.0,1708.0
27,29,1149.0,1708.0
27,30,1149.0,1708.0
27,31,1149.0,1708.0
27,32,1149.0,1708.0
27,33,1149.0,1708.0
27,34,1149.0,1708.0
27,35,1149.0,1708.0
27,36,1149.0,1708.0
27,37,1149.0,1708.0
27,38,1149.0,1708.0
27,39,1149.0,1708.0
27,40,1149.0,1708.0
27,41,1149.0,1708.0
27,42,1149.0,1708.0
27,43,1149.0,1708.0
27,44,1149.0,1708.0
27,45,1149.0,1708.0
27,46,1149.0,1708.0
27,47,1149.0,1708.0
27,48,1149.0,1708.0
27,49,1149.0,1708.0
27,50,1149.0,1708.0
27,51,1149.0,1708.0
27,52,1149.0,1708.0
27,53,1149.0,1708.0
27,54,1149.0,1708.0
27,55,1149.0,1708.0
27,56,1149.0,1708.0
27,57,1149.0,1708.0
27,58,1149.0,1708.0
27,59,1149.0,1708.0
27,60,1149.0,1708.0
27,61,1149.0,1708.0
27,62,1149.0,1708.0
27,63,1149.0,1708.0
27,64,1149.0,1708.0
27,65,1149.0,1708.0
27,66,1149.0,1708.0
27,67,1149.0,1708.0
27,68,1149.0,1708.0
27,69,1149.0,1708.0
27,70,1149.0,1708.0
27,71,1149.0,1708.0
27,72,1149.0,1708.0
27,73,1149.0,1708.0
27,74,1149.0,1708.0
27,75,1149.0,1708.0
27,76,1149.0,1708.0
27,77,1149.0,1708.0
27,78,1149.0,1708.0
27,79,1149.0,1708.0
27,80,1149.0,1708.0
27,81,1149.0,1708.0
27,82,1149.0,1708.0
27,83,1149.0,1708.0
27,84,1149.0,1708.0
27,85,1149.0,1708.0
27,86,1149.0,1708.0
27,87,1149.0,1708.0
27,88,1149.0,1708.0
27,89,1149.0,1708.0
27,90,1149.0,1708.0
27,91,1149.0,1708.0
27,92,1149.0,1708.0
27,93,1149.0,1708.0
27,94,1149.0,1708.0
27,95,1149.0,1708.0
27,96,1149.0,1708.0
27,97,1149.0,1708.0
27,98,1149.0,1708.0
27,99,1149.0,1708.0
27,100,1149.0,1708.0
27,101,1149.0,1708.0
27,102,1149.0,1708.0
27,103,1149.0,1708.0
27,104,1149.0,1708.0
27,105,1149.0,1708.0
27,106,1149.0,1708.0
27,107,1149.0,1708.0
27,108,1149.0,1708.0
27,109,1149.0,1708.0
27,110,1149.0,1708.0
27,111,1149.0,1708.0
27,112,1149.0,1708.0
27,113,1149.0,1708.0
27,114,1149.0,1708.0
27,115,1149.0,1708.0
27,116,1149.0,1708.0
27,117,1149.0,1708.0
27,118,1149.0,1708.0
27,119,1149.0,1708.0
27,120,1149.0,1708.0
27,121,1149.0,1708.0
27,122,1149.0,1708.0
27,123,1149.0,1708.0
27,124,1149.0,1708.0
27,125,1149.0,1708.0
27,126,1149.0,1708.0
27,127,1149.0,1708.0
27,128,1149.0,1708.0
27,129,1149.0,1708.0
27,130,1149.0,1708.0
27,131,1149.0,1708.0
27,132,1149.0,1708.0
27,133,1149.0,1708.0
27,134,1149.0,1708.0
27,135,1149.0,1708.0
27,136,1149.0,1708.0
27,137,1149.0,1708.0
27,138,1149.0,1708.0
27,139,1149.0,1708.0
27,140,1149.0,1708.0
27,141,1149.0,1708.0
27,142,1149.0,1708.0
27,143,1149.0,1708.0
27,144,1149.0,1708.0
27,145,1149.0,1708.0
27,146,1149.0,1708.0
27,147,1149.0,1708.0
27,148,1149.0,1708.0
27,149,1149.0,1708.0
27,150,1149.0,1708.0
27,151,1149.0,1708.0
27,152,1149.0,1708.0
27,153,1149.0,1708.0
27,154,1149.0,1708.0
27,155,1149.0,1708.0
27,156,1149.0,1708.0
27,157,1149.0,1708.0
27,158,1149.0,1708.0
27,159,1149.0,1708.0
27,160,1149.0,1708.0
27,161,1149.0,1708.0
27,162,1149.0,1708.0
27,163,1149.0,1708.0
27,164,1149.0,1708.0
27,165,1149.0,1708.0
27,166,1149.0,1708.0
27,167,1149.0,1708.0
27,168,1149.0,1708.0
27,169,1149.0,1708.0
27,170,1149.0,1708.0
27,171,1149.0,1708.0
27,172,1149.0,1708.0
27,173,1149.0,1708.0
27,174,1149.0,1708.0
27,175,1149.0,1708.0
27,176,1149.0,1708.0
27,177,1149.0,1708.0
27,178,1149.0,1708.0
27,179,1149.0,1708.0
27,180,1149.0,1708.0
27,181,1149.0,1708.0
27,182,1149.0,1708.0
27,183,1149.0,1708.0
27,184,1149.0,1708.0
27,185,1149.0,1708.0
27,186,1149.0,1708.0
27,187,1149.0,1708.0
27,188,1149.0,1708.0
27,189,1149.0,1708.0
27,190,1149.0,1708.0
27,191,1149.0,1708.0
27,192,1149.0,1708.0
27,193,1149.0,1708.0
27,194,1149.0,1708.0
27,195,1149.0,1708.0
27,196,1149.0,1708.0
27,197,1149.0,1708.0
27,198,1149.0,1708.0
27,199,1149.0,1708.0
27,200,1149.0,1708.0
27,201,1149.0,1708.0
27,202,1149.0,1708.0
27,203,1149.0,1708.0
27,204,1149.0,1708.0
27,205,1149.0,1708.0
27,206,1149.0,1708.0
27,207,1149.0,1708.0
27,208,1149.0,1708.0
27,209,1149.0,1708.0
27,210,1149.0,1708.0
27,211,1149.0,1708.0
27,212,1149.0,1708.0
27,213,1149.0,1708.0
27,214,1149.0,1708.0
27,215,1149.0,1708.0
27,216,1149.0,1708.0
27,217,1149.0,1708.0
27,218,1149.0,1708.0
27,219,1149.0,1708.0
27,220,1149.0,1708.0
27,221,1149.0,1708.0
27,222,1149.0,1708.0
27,223,1149.0,1708.0
27,224,1149.0,1708.0
27,225,1149.0,1708.0
27,226,1149.0,1708.0
27,227,1149.0,1708.0
27,228,1149.0,1708.0
27,229,1149.0,1708.0
27,230,1149.0,1708.0
27,231,1149.0,1708.0
27,232,1149.0,1708.0
27,233,1149.0,1708.0
27,234,1149.0,1708.0
27,235,1149.0,1708.0
27,236,1149.0,1708.0
27,237,1149.0,1708.0
27,238,1149.0,1708.0
27,239,1149.0,1708.0
27,240,1149.0,1708.0
27,241,1149.0,1708.0
27,242,1149.0,1708.0
27,243,1149.0,1708.0
27,244,1149.0,1708.0
27,245,1149.0,1708.0
27,246,1149.0,1708.0
27,247,1149.0,1708.0
27,248,1149.0,1708.0
27,249,1149.0,1708.0
27,250,1149.0,1708.0
27,251,1149.0,1708.0
27,252,1149.0,1708.0
27,253,1149.0,1708.0
27,254,1149.0,1708.0
27,255,1149.0,1708.0
27,256,1149.0,1708.0
27,257,1149.0,1708.0
27,258,1149.0,1708.0
27,259,1149.0,1708.0
27,260,1149.0,1708.0
27,261,1149.0,1708.0
27,262,1149.0,1708.0
27,263,1149.0,1708.0
27,264,1149.0,1708.0
27,265,1149.0,1708.0
27,266,1149.0,1708.0
27,267,1149.0,1708.0
27,268,1149.0,1708.0
27,269,1149.0,1708.0
27,270,1149.0,1708.0
27,271,1149.0,1708.0
27,272,1149.0,1708.0
27,273,1149.0,1708.0
27,274,1149.0,1708.0
27,275,1149.0,1708.0
27,276,1149.0,1708.0
27,277,1149.0,1708.0
27,278,1149.0,1708.0
27,279,1149.0,1708.0
27,280,1149.0,1708.0
27,281,1149.0,1708.0
27,282,1149.0,1708.0
27,283,1149.0,1708.0
27,284,1149.0,1708.0
27,285,1149.0,1708.0
27,286,1149.0,1708.0
27,287,1149.0,1708.0
27,288,1149.0,1708.0
27,289,1149.0,1708.0
27,290,1149.0,1708.0
27,291,1149.0,1708.0
27,292,1149.0,1708.0
27,293,1149.0,1708.0
27,294,1149.0,1708.0
27,295,1149.0,1708.0
27,296,1149.0,1708.0
27,297,1149.0,1708.0
27,298,1149.0,1708.0
27,299,1149.0,1708.0
27,300,1149.0,1708.0
27,301,1149.0,1708.0
27,302,1149.0,1708.0
27,303,1149.0,1708.0
27,304,1149.0,1708.0
27,305,1149.0,1708.0
27,306,1149.0,1708.0
27,307,1149.0,1708.0
27,308,1149.0,1708.0
27,309,1149.0,1708.0
27,310,1149.0,1708.0
27,311,1149.0,1708.0
27,312,1149.0,1708.0
27,313,1149.0,1708.0
27,314,1149.0,1708.0
27,315,1149.0,1708.0
27,316,1149.0,1708.0
27,317,1149.0,1708.0
27,318,1149.0,1708.0
27,319,1149.0,1708.0
27,320,1149.0,1708.0
27,321,1149.0,1708.0
27,322,1149.0,1708.0
27,323,1149.0,1708.0
27,324,1149.0,1708.0
27,325,1149.0,1708.0
27,326,1149.0,1708.0
27,327,1149.0,1708.0
27,328,1149.0,1708.0
27,329,1149.0,1708.0
27,330,1149.0,1708.0
27,331,1149.0,1708.0
27,332,1149.0,1708.0
27,333,1149.0,1708.0
27,334,1149.0,1708.0
27,335,1149.0,1708.0
27,336,1149.0,1708.0
27,337,1149.0,1708.0
27,338,1149.0,1708.0
27,339,1149.0,1708.0
27,340,1149.0,1708.0
27,341,1149.0,1708.0
27,342,1149.0,1708.0
27,343,1149.0,1708.0
27,344,1149.0,1708.0
27,345,1149.0,1708.0
27,346,1149.0,1708.0
27,347,1149.0,1708.0
27,348,1149.0,1708.0
27,349,1149.0,1708.0
27,350,1149.0,1708.0
27,351,1149.0,1708.0
27,352,1149.0,1708.0
27,353,1149.0,1708.0
27,354,1149.0,1708.0
27,355,1149.0,1708.0
27,356,1149.0,1708.0
27,357,1149.0,1708.0
27,358,1149.0,1708.0
27,359,1149.0,1708.0
28,0,2292.0,2197.0
28,1,2292.0,2197.0
28,2,2292.0,2197.0
28,3,2292.0,2197.0
28,4,2292.0,2197.0
28,5,2292.0,2197.0
28,6,2292.0,2197.0
28,7,2292.0,2197.0
28,8,2292.0,2197.0
28,9,2292.0,2197.0
28,10,2292.0,2197.0
28,11,2292.0,2197.0
28,12,2292.0,2197.0
28,13,2292.0,2197.0
28,14,2292.0,2197.0
28,15,2292.0,2197.0
28,16,2292.0,2197.0
28,17,2292.0,2197.0
28,18,2292.0,2197.0
28,19,2292.0,2197.0
28,20,2292.0,2197.0
28,21,2292.0,2197.0
28,22,2292.0,2197.0
28,23,2292.0,2197.0
28,24,2292.0,2197.0
28,25,2292.0,2197.0
28,26,2292.0,2197.0
28,27,2292.0,2197.0
28,28,2292.0,2197.0
28,29,2292.0,2197.0
28,30,2292.0,2197.0
28,31,2292.0,2197.0
28,32,2292.0,2197.0
28,33,2292.0,2197.0
28,34,2292.0,2197.0
28,35,2292.0,2197.0
28,36,2292.0,2197.0
28,37,2292.0,2197.0
28,38,2292.0,2197.0
28,39,2292.0,2197.0
28,40,2292.0,2197.0
28,41,2292.0,2197.0
28,42,2292.0,2197.0
28,43,2292.0,2197.0
28,44,2292.0,2197.0
28,45,2292.0,2197.0
28,46,2292.0,2197.0
28,47,2292.0,2197.0
28,48,2292.0,2197.0
28,49,2292.0,2197.0
28,50,2292.0,2197.0
28,51,2292.0,2197.0
28,52,2292.0,2197.0
28,53,2292.0,2197.0
28,54,2292.0,2197.0
28,55,2292.0,2197.0
28,56,2292.0,2197.0
28,57,2292.0,2197.0
28,58,2292.0,2197.0
28,59,2292.0,2197.0
28,60,2292.0,2197.0
28,61,2292.0,2197.0
28,62,2292.0,2197.0
28,63,2292.0,2197.0
28,64,2292.0,2197.0
28,65,2292.0,2197.0
28,66,2292.0,2197.0
28,67,2292.0,2197.0
28,68,2292.0,2197.0
28,69,2292.0,2197.0
28,70,2292.0,2197.0
28,71,2292.0,2197.0
28,72,2292.0,2197.0
28,73,2292.0,2197.0
28,74,2292.0,2197.0
28,75,2292.0,2197.0
28,76,2292.0,2197.0
28,77,2292.0,2197.0
28,78,2292.0,2197.0
28,79,2292.0,2197.0
28,80,2292.0,2197.0
28,81,2292.0,2197.0
28,82,2292.0,2197.0
28,83,2292.0,2197.0
28,84,2292.0,2197.0
28,85,2292.0,2197.0
28,86,2292.0,2197.0
28,87,2292.0,2197.0
28,88,2292.0,2197.0
28,89,2292.0,2197.0
28,90,2292.0,2197.0
28,91,2292.0,2197.0
28,92,2292.0,2197.0
28,93,2292.0,2197.0
28,94,2292.0,2197.0
28,95,2292.0,2197.0
28,96,2292.0,2197.0
28,97,2292.0,2197.0
28,98,2292.0,2197.0
28,99,2292.0,2197.0
28,100,2292.0,2197.0
28,101,2292.0,2197.0
28,102,2292.0,2197.0
28,103,2292.0,2197.0
28,104,2292.0,2197.0
28,105,2292.0,2197.0
28,106,2292.0,2197.0
28,107,2292.0,2197.0
28,108,2292.0,2197.0
28,109,2292.0,2197.0
28,110,2292.0,2197.0
28,111,2292.0,2197.0
28,112,2292.0,2197.0
28,113,2292.0,2197.0
28,114,2292.0,2197.0
28,115,2292.0,2197.0
28,116,2292.0,2197.0
28,117,2292.0,2197.0
28,118,2292.0,2197.0
28,119,2292.0,2197.0
28,120,2292.0,2197.0
28,121,2292.0,2197.0
28,122,2292.0,2197.0
28,123,2292.0,2197.0
28,124,2292.0,2197.0
28,125,2292.0,2197.0
28,126,2292.0,2197.0
28,127,2292.0,2197.0
28,128,2292.0,2197.0
28,129,2292.0,2197.0
28,130,2292.0,2197.0
28,131,2292.0,2197.0
28,132,2292.0,2197.0
28,133,2292.0,2197.0
28,134,2292.0,2197.0
28,135,2292.0,2197.0
28,136,2292.0,2197.0
28,137,2292.0,2197.0
28,138,2292.0,2197.0
28,139,2292.0,2197.0
28,140,2292.0,2197.0
28,141,2292.0,2197.0
28,142,2292.0,2197.0
28,143,2292.0,2197.0
28,144,2292.0,2197.0
28,145,2292.0,2197.0
28,146,2292.0,2197.0
28,147,2292.0,2197.0
28,148,2292.0,2197.0
28,149,2292.0,2197.0
28,150,2292.0,2197.0
28,151,2292.0,2197.0
28,152,2292.0,2197.0
28,153,2292.0,2197.0
28,154,2292.0,2197.0
28,155,2292.0,2197.0
28,156,2292.0,2197.0
28,157,2292.0,2197.0
28,158,2292.0,2197.0
28,159,2292.0,2197.0
28,160,2292.0,2197.0
28,161,2292.0,2197.0
28,162,2292.0,2197.0
28,163,2292.0,2197.0
28,164,2292.0,2197.0
28,165,2292.0,2197.0
28,166,2292.0,2197.0
28,167,2292.0,2197.0
28,168,2292.0,2197.0
28,169,2292.0,2197.0
28,170,2292.0,2197.0
28,171,2292.0,2197.0
28,172,2292.0,2197.0
28,173,2292.0,2197.0
28,174,2292.0,2197.0
28,175,2292.0,2197.0
28,176,2292.0,2197.0
28,177,2292.0,2197.0
28,178,2292.0,2197.0
28,179,2292.0,2197.0
28,180,2292.0,2197.0
28,181,2292.0,2197.0
28,182,2292.0,2197.0
28,183,2292.0,2197.0
28,184,2292.0,2197.0
28,185,2292.0,2197.0
28,186,2292.0,2197.0
28,187,2292.0,2197.0
28,188,2292.0,2197.0
28,189,2292.0,2197.0
28,190,2292.0,2197.0
28,191,2292.0,2197.0
28,192,2292.0,2197.0
28,193,2292.0,2197.0
28,194,2292.0,2197.0
28,195,2292.0,2197.0
28,196,2292.0,2197.0
28,197,2292.0,2197.0
28,198,2292.0,2197.0
28,199,2292.0,2197.0
28,200,2292.0,2197.0
28,201,2292.0,2197.0
28,202,2292.0,2197.0
28,203,2292.0,2197.0
28,204,2292.0,2197.0
28,205,2292.0,2197.0
28,206,2292.0,2197.0
28,207,2292.0,2197.0
28,208,2292.0,2197.0
28,209,2292.0,2197.0
28,210,2292.0,2197.0
28,211,2292.0,2197.0
28,212,2292.0,2197.0
28,213,2292.0,2197.0
28,214,2292.0,2197.0
28,215,2292.0,2197.0
28,216,2292.0,2197.0
28,217,2292.0,2197.0
28,218,2292.0,2197.0
28,219,2292.0,2197.0
28,220,2292.0,2197.0
28,221,2292.0,2197.0
28,222,2292.0,2197.0
28,223,2292.0,2197.0
28,224,2292.0,2197.0
28,225,2292.0,2197.0
28,226,2292.0,2197.0
28,227,2292.0,2197.0
28,228,2292.0,2197.0
28,229,2292.0,2197.0
28,230,2292.0,2197.0
28,231,2292.0,2197.0
28,232,2292.0,2197.0
28,233,2292.0,2197.0
28,234,2292.0,2197.0
28,235,2292.0,2197.0
28,236,2292.0,2197.0
28,237,2292.0,2197.0
28,238,2292.0,2197.0
28,239,2292.0,2197.0
28,240,2292.0,2197.0
28,241,2292.0,2197.0
28,242,2292.0,2197.0
28,243,2292.0,2197.0
28,244,2292.0,2197.0
28,245,2292.0,2197.0
28,246,2292.0,2197.0
28,247,2292.0,2197.0
28,248,2292.0,2197.0
28,249,2292.0,2197.0
28,250,2292.0,2197.0
28,251,2292.0,2197.0
28,252,2292.0,2197.0
28,253,2292.0,2197.0
28,254,2292.0,2197.0
28,255,2292.0,2197.0
28,256,2292.0,2197.0
28,257,2292.0,2197.0
28,258,2292.0,2197.0
28,259,2292.0,2197.0
28,260,2292.0,2197.0
28,261,2292.0,2197.0
28,262,2292.0,2197.0
28,263,2292.0,2197.0
28,264,2292.0,2197.0
28,265,2292.0,2197.0
28,266,2292.0,2197.0
28,267,2292.0,2197.0
28,268,2292.0,2197.0
28,269,2292.0,2197.0
28,270,2292.0,2197.0
28,271,2292.0,2197.0
28,272,2292.0,2197.0
28,273,2292.0,2197.0
28,274,2292.0,2197.0
28,275,2292.0,2197.0
28,276,2292.0,2197.0
28,277,2292.0,2197.0
28,278,2292.0,2197.0
28,279,2292.0,2197.0
28,280,2292.0,2197.0
28,281,2292.0,2197.0
28,282,2292.0,2197.0
28,283,2292.0,2197.0
28,284,2292.0,2197.0
28,285,2292.0,2197.0
28,286,2292.0,2197.0
28,287,2292.0,2197.0
28,288,2292.0,2197.0
28,289,2292.0,2197.0
28,290,2292.0,2197.0
28,291,2292.0,2197.0
28,292,2292.0,2197.0
28,293,2292.0,2197.0
28,294,2292.0,2197.0
28,295,2292.0,2197.0
28,296,2292.0,2197.0
28,297,2292.0,2197.0
28,298,2292.0,2197.0
28,299,2292.0,2197.0
28,300,2292.0,2197.0
28,301,2292.0,2197.0
28,302,2292.0,2197.0
28,303,2292.0,2197.0
28,304,2292.0,2197.0
28,305,2292.0,2197.0
28,306,2292.0,2197.0
28,307,2292.0,2197.0
28,308,2292.0,2197.0
28,309,2292.0,2197.0
28,310,2292.0,2197.0
28,311,2292.0,2197.0
28,312,2292.0,2197.0
28,313,2292.0,2197.0
28,314,2292.0,2197.0
28,315,2292.0,2197.0
28,316,2292.0,2197.0
28,317,2292.0,2197.0
28,318,2292.0,2197.0
28,319,2292.0,2197.0
28,320,2292.0,2197.0
28,321,2292.0,2197.0
28,322,2292.0,2197.0
28,323,2292.0,2197.0
28,324,2292.0,2197.0
28,325,2292.0,2197.0
28,326,2292.0,2197.0
28,327,2292.0,2197.0
28,328,2292.0,2197.0
28,329,2292.0,2197.0
28,330,2292.0,2197.0
28,331,2292.0,2197.0
28,332,2292.0,2197.0
28,333,2292.0,2197.0
28,334,2292.0,2197.0
28,335,2292.0,2197.0
28,336,2292.0,2197.0
28,337,2292.0,2197.0
28,338,2292.0,2197.0
28,339,2292.0,2197.0
28,340,2292.0,2197.0
28,341,2292.0,2197.0
28,342,2292.0,2197.0
28,343,2292.0,2197.0
28,344,2292.0,2197.0
28,345,2292.0,2197.0
28,346,2292.0,2197.0
28,347,2292.0,2197.0
28,348,2292.0,2197.0
28,349,2292.0,2197.0
28,350,2292.0,2197.0
28,351,2292.0,2197.0
28,352,2292.0,2197.0
28,353,2292.0,2197.0
28,354,2292.0,2197.0
28,355,2292.0,2197.0
28,356,2292.0,2197.0
28,357,2292.0,2197.0
28,358,2292.0,2197.0
28,359,2292.0,2197.0
29,0,2976.0,1478.0
29,1,2976.0,1478.0
29,2,2976.0,1478.0
29,3,2976.0,1478.0
29,4,2976.0,1478.0
29,5,2976.0,1478.0
29,6,2976.0,1478.0
29,7,2976.0,1478.0
29,8,2976.0,1478.0
29,9,2976.0,1478.0
29,10,2976.0,1478.0
29,11,2976.0,1478.0
29,12,2976.0,1478.0
29,13,2976.0,1478.0
29,14,2976.0,1478.0
29,15,2976.0,1478.0
29,16,2976.0,1478.0
29,17,2976.0,1478.0
29,18,2976.0,1478.0
29,19,2976.0,1478.0
29,20,2976.0,1478.0
29,21,2976.0,1478.0
29,22,2976.0,1478.0
29,23,2976.0,1478.0
29,24,2976.0,1478.0
29,25,2976.0,1478.0
29,26,2976.0,1478.0
29,27,2976.0,1478.0
29,28,2976.0,1478.0
29,29,2976.0,1478.0
29,30,2976.0,1478.0
29,31,2976.0,1478.0
29,32,2976.0,1478.0
29,33,2976.0,1478.0
29,34,2976.0,1478.0
29,35,2976.0,1478.0
29,36,2976.0,1478.0
29,37,2976.0,1478.0
29,38,2976.0,1478.0
29,39,2976.0,1478.0
29,40,2976.0,1478.0
29,41,2976.0,1478.0
29,42,2976.0,1478.0
29,43,2976.0,1478.0
29,44,2976.0,1478.0
29,45,2976.0,1478.0
29,46,2976.0,1478.0
29,47,2976.0,1478.0
29,48,2976.0,1478.0
29,49,2976.0,1478.0
29,50,2976.0,1478.0
29,51,2976.0,1478.0
29,52,2976.0,1478.0
29,53,2976.0,1478.0
29,54,2976.0,1478.0
29,55,2976.0,1478.0
29,56,2976.0,1478.0
29,57,2976.0,1478.0
29,58,2976.0,1478.0
29,59,2976.0,1478.0
29,60,2976.0,1478.0
29,61,2976.0,1478.0
29,62,2976.0,1478.0
29,63,2976.0,1478.0
29,64,2976.0,1478.0
29,65,2976.0,1478.0
29,66,2976.0,1478.0
29,67,2976.0,1478.0
29,68,2976.0,1478.0
29,69,2976.0,1478.0
29,70,2976.0,1478.0
29,71,2976.0,1478.0
29,72,2976.0,1478.0
29,73,2976.0,1478.0
29,74,2976.0,1478.0
29,75,2976.0,1478.0
29,76,2976.0,1478.0
29,77,2976.0,1478.0
29,78,2976.0,1478.0
29,79,2976.0,1478.0
29,80,2976.0,1478.0
29,81,2976.0,1478.0
29,82,2976.0,1478.0
29,83,2976.0,1478.0
29,84,2976.0,1478.0
29,85,2976.0,1478.0
29,86,2976.0,1478.0
29,87,2976.0,1478.0
29,88,2976.0,1478.0
29,89,2976.0,1478.0
29,90,2976.0,1478.0
29,91,2976.0,1478.0
29,92,2976.0,1478.0
29,93,2976.0,1478.0
29,94,2976.0,1478.0
29,95,2976.0,1478.0
29,96,2976.0,1478.0
29,97,2976.0,1478.0
29,98,2976.0,1478.0
29,99,2976.0,1478.0
29,100,2976.0,1478.0
29,101,2976.0,1478.0
29,102,2976.0,1478.0
29,103,2976.0,1478.0
29,104,2976.0,1478.0
29,105,2976.0,1478.0
29,106,2976.0,1478.0
29,107,2976.0,1478.0
29,108,2976.0,1478.0
29,109,2976.0,1478.0
29,110,2976.0,1478.0
29,111,2976.0,1478.0
29,112,2976.0,1478.0
29,113,2976.0,1478.0
29,114,2976.0,1478.0
29,115,2976.0,1478.0
29,116,2976.0,1478.0
29,117,2976.0,1478.0
29,118,2976.0,1478.0
29,119,2976.0,1478.0
29,120,2976.0,1478.0
29,121,2976.0,1478.0
29,122,2976.0,1478.0
29,123,2976.0,1478.0
29,124,2976.0,1478.0
29,125,2976.0,1478.0
29,126,2976.0,1478.0
29,127,2976.0,1478.0
29,128,2976.0,1478.0
29,129,2976.0,1478.0
29,130,2976.0,1478.0
29,131,2976.0,1478.0
29,132,2976.0,1478.0
29,133,2976.0,1478.0
29,134,2976.0,1478.0
29,135,2976.0,1478.0
29,136,2976.0,1478.0
29,137,2976.0,1478.0
29,138,2976.0,1478.0
29,139,2976.0,1478.0
29,140,2976.0,1478.0
29,141,2976.0,1478.0
29,142,2976.0,1478.0
29,143,2976.0,1478.0
29,144,2976.0,1478.0
29,145,2976.0,1478.0
29,146,2976.0,1478.0
29,147,2976.0,1478.0
29,148,2976.0,1478.0
29,149,2976.0,1478.0
29,150,2976.0,1478.0
29,151,2976.0,1478.0
29,152,2976.0,1478.0
29,153,2976.0,1478.0
29,154,2976.0,1478.0
29,155,2976.0,1478.0
29,156,2976.0,1478.0
29,157,2976.0,1478.0
29,158,2976.0,1478.0
29,159,2976.0,1478.0
29,160,2976.0,1478.0
29,161,2976.0,1478.0
29,162,2976.0,1478.0
29,163,2976.0,1478.0
29,164,2976.0,1478.0
29,165,2976.0,1478.0
29,166,2976.0,1478.0
29,167,2976.0,1478.0
29,168,2976.0,1478.0
29,169,2976.0,1478.0
29,170,2976.0,1478.0
29,171,2976.0,1478.0
29,172,2976.0,1478.0
29,173,2976.0,1478.0
29,174,2976.0,1478.0
29,175,2976.0,1478.0
29,176,2976.0,1478.0
29,177,2976.0,1478.0
29,178,2976.0,1478.0
29,179,2976.0,1478.0
29,180,2976.0,1478.0
29,181,2976.0,1478.0
29,182,2976.0,1478.0
29,183,2976.0,1478.0
29,184,2976.0,1478.0
29,185,2976.0,1478.0
29,186,2976.0,1478.0
29,187,2976.0,1478.0
29,188,2976.0,1478.0
29,189,2976.0,1478.0
29,190,2976.0,1478.0
29,191,2976.0,1478.0
29,192,2976.0,1478.0
29,193,2976.0,1478.0
29,194,2976.0,1478.0
29,195,2976.0,1478.0
29,196,2976.0,1478.0
29,197,2976.0,1478.0
29,198,2976.0,1478.0
29,199,2976.0,1478.0
29,200,2976.0,1478.0
29,201,2976.0,1478.0
29,202,2976.0,1478.0
29,203,2976.0,1478.0
29,204,2976.0,1478.0
29,205,2976.0,1478.0
29,206,2976.0,1478.0
29,207,2976.0,1478.0
29,208,2976.0,1478.0
29,209,2976.0,1478.0
29,210,2976.0,1478.0
29,211,2976.0,1478.0
29,212,2976.0,1478.0
29,213,2976.0,1478.0
29,214,2976.0,1478.0
29,215,2976.0,1478.0
29,216,2976.0,1478.0
29,217,2976.0,1478.0
29,218,2976.0,1478.0
29,219,2976.0,1478.0
29,220,2976.0,1478.0
29,221,2976.0,1478.0
29,222,2976.0,1478.0
29,223,2976.0,1478.0
29,224,2976.0,1478.0
29,225,2976.0,1478.0
29,226,2976.0,1478.0
29,227,2976.0,1478.0
29,228,2976.0,1478.0
29,229,2976.0,1478.0
29,230,2976.0,1478.0
29,231,2976.0,1478.0
29,232,2976.0,1478.0
29,233,2976.0,1478.0
29,234,2976.0,1478.0
29,235,2976.0,1478.0
29,236,2976.0,1478.0
29,237,2976.0,1478.0
29,238,2976.0,1478.0
29,239,2976.0,1478.0
29,240,2976.0,1478.0
29,241,2976.0,1478.0
29,242,2976.0,1478.0
29,243,2976.0,1478.0
29,244,2976.0,1478.0
29,245,2976.0,1478.0
29,246,2976.0,1478.0
29,247,2976.0,1478.0
29,248,2976.0,1478.0
29,249,2976.0,1478.0
29,250,2976.0,1478.0
29,251,2976.0,1478.0
29,252,2976.0,1478.0
29,253,2976.0,1478.0
29,254,2976.0,1478.0
29,255,2976.0,1478.0
29,256,2976.0,1478.0
29,257,2976.0,1478.0
29,258,2976.0,1478.0
29,259,2976.0,1478.0
29,260,2976.0,1478.0
29,261,2976.0,1478.0
29,262,2976.0,1478.0
29,263,2976.0,1478.0
29,264,2976.0,1478.0
29,265,2976.0,1478.0
29,266,2976.0,1478.0
29,267,2976.0,1478.0
29,268,2976.0,1478.0
29,269,2976.0,1478.0
29,270,2976.0,1478.0
29,271,2976.0,1478.0
29,272,2976.0,1478.0
29,273,2976.0,1478.0
29,274,2976.0,1478.0
29,275,2976.0,1478.0
29,276,2976.0,1478.0
29,277,2976.0,1478.0
29,278,2976.0,1478.0
29,279,2976.0,1478.0
29,280,2976.0,1478.0
29,281,2976.0,1478.0
29,282,2976.0,1478.0
29,283,2976.0,1478.0
29,284,2976.0,1478.0
29,285,2976.0,1478.0
29,286,2976.0,1478.0
29,287,2976.0,1478.0
29,288,2976.0,1478.0
29,289,2976.0,1478.0
29,290,2976.0,1478.0
29,291,2976.0,1478.0
29,292,2976.0,1478.0
29,293,2976.0,1478.0
29,294,2976.0,1478.0
29,295,2976.0,1478.0
29,296,2976.0,1478.0
29,297,2976.0,1478.0
29,298,2976.0,1478.0
29,299,2976.0,1478.0
29,300,2976.0,1478.0
29,301,2976.0,1478.0
29,302,2976.0,1478.0
29,303,2976.0,1478.0
29,304,2976.0,1478.0
29,305,2976.0,1478.0
29,306,2976.0,1478.0
29,307,2976.0,1478.0
29,308,2976.0,1478.0
29,309,2976.0,1478.0
29,310,2976.0,1478.0
29,311,2976.0,1478.0
29,312,2976.0,1478.0
29,313,2976.0,1478.0
29,314,2976.0,1478.0
29,315,2976.0,1478.0
29,316,2976.0,1478.0
29,317,2976.0,1478.0
29,318,2976.0,1478.0
29,319,2976.0,1478.0
29,320,2976.0,1478.0
29,321,2976.0,1478.0
29,322,2976.0,1478.0
29,323,2976.0,1478.0
29,324,2976.0,1478.0
29,325,2976.0,1478.0
29,326,2976.0,1478.0
29,327,2976.0,1478.0
29,328,2976.0,1478.0
29,329,2976.0,1478.0
29,330,2976.0,1478.0
29,331,2976.0,1478.0
29,332,2976.0,1478.0
29,333,2976.0,1478.0
29,334,2976.0,1478.0
29,335,2976.0,1478.0
29,336,2976.0,1478.0
29,337,2976.0,1478.0
29,338,2976.0,1478.0
29,339,2976.0,1478.0
29,340,2976.0,1478.0
29,341,2976.0,1478.0
29,342,2976.0,1478.0
29,343,2976.0,1478.0
29,344,2976.0,1478.0
29,345,2976.0,1478.0
29,346,2976.0,1478.0
29,347,2976.0,1478.0
29,348,2976.0,1478.0
29,349,2976.0,1478.0
29,350,2976.0,1478.0
29,351,2976.0,1478.0
29,352,2976.0,1478.0
29,353,2976.0,1478.0
29,354,2976.0,1478.0
29,355,2976.0,1478.0
29,356,2976.0,1478.0
29,357,2976.0,1478.0
29,358,2976.0,1478.0
29,359,2976.0,1478.0
30,0,2720.0,3076.0
30,1,2720.0,3076.0
30,2,2720.0,3076.0
30,3,2720.0,3076.0
30,4,2720.0,3076.0
30,5,2720.0,3076.0
30,6,2720.0,3076.0
30,7,2720.0,3076.0
30,8,2720.0,3076.0
30,9,2720.0,3076.0
30,10,2720.0,3076.0
30,11,2720.0,3076.0
30,12,2720.0,3076.0
30,13,2720.0,3076.0
30,14,2720.0,3076.0
30,15,2720.0,3076.0
30,16,2720.0,3076.0
30,17,2720.0,3076.0
30,18,2720.0,3076.0
30,19,2720.0,3076.0
30,20,2720.0,3076.0
30,21,2720.0,3076.0
30,22,2720.0,3076.0
30,23,2720.0,3076.0
30,24,2720.0,3076.0
30,25,2720.0,3076.0
30,26,2720.0,3076.0
30,27,2720.0,3076.0
30,28,2720.0,3076.0
30,29,2720.0,3076.0
30,30,2720.0,3076.0
30,31,2720.0,3076.0
30,32,2720.0,3076.0
30,33,2720.0,3076.0
30,34,2720.0,3076.0
30,35,2720.0,3076.0
30,36,2720.0,3076.0
30,37,2720.0,3076.0
30,38,2720.0,3076.0
30,39,2720.0,3076.0
30,40,2720.0,3076.0
30,41,2720.0,3076.0
30,42,2720.0,3076.0
30,43,2720.0,3076.0
30,44,2720.0,3076.0
30,45,2720.0,3076.0
30,46,2720.0,3076.0
30,47,2720.0,3076.0
30,48,2720.0,3076.0
30,49,2720.0,3076.0
30,50,2720.0,3076.0
30,51,2720.0,3076.0
30,52,2720.0,3076.0
30,53,2720.0,3076.0
30,54,2720.0,3076.0
30,55,2720.0,3076.0
30,56,2720.0,3076.0
30,57,2720.0,3076.0
30,58,2720.0,3076.0
30,59,2720.0,3076.0
30,60,2720.0,3076.0
30,61,2720.0,3076.0
30,62,2720.0,3076.0
30,63,2720.0,3076.0
30,64,2720.0,3076.0
30,65,2720.0,3076.0
30,66,2720.0,3076.0
30,67,2720.0,3076.0
30,68,2720.0,3076.0
30,69,2720.0,3076.0
30,70,2720.0,3076.0
30,71,2720.0,3076.0
30,72,2720.0,3076.0
30,73,2720.0,3076.0
30,74,2720.0,3076.0
30,75,2720.0,3076.0
30,76,2720.0,3076.0
30,77,2720.0,3076.0
30,78,2720.0,3076.0
30,79,2720.0,3076.0
30,80,2720.0,3076.0
30,81,2720.0,3076.0
30,82,2720.0,3076.0
30,83,2720.0,3076.0
30,84,2720.0,3076.0
30,85,2720.0,3076.0
30,86,2720.0,3076.0
30,87,2720.0,3076.0
30,88,2720.0,3076.0
30,89,2720.0,3076.0
30,90,2720.0,3076.0
30,91,2720.0,3076.0
30,92,2720.0,3076.0
30,93,2720.0,3076.0
30,94,2720.0,3076.0
30,95,2720.0,3076.0
30,96,2720.0,3076.0
30,97,2720.0,3076.0
30,98,2720.0,3076.0
30,99,2720.0,3076.0
30,100,2720.0,3076.0
30,101,2720.0,3076.0
30,102,2720.0,3076.0
30,103,2720.0,3076.0
30,104,2720.0,3076.0
30,105,2720.0,3076.0
30,106,2720.0,3076.0
30,107,2720.0,3076.0
30,108,2720.0,3076.0
30,109,2720.0,3076.0
30,110,2720.0,3076.0
30,111,2720.0,3076.0
30,112,2720.0,3076.0
30,113,2720.0,3076.0
30,114,2720.0,3076.0
30,115,2720.0,3076.0
30,116,2720.0,3076.0
30,117,2720.0,3076.0
30,118,2720.0,3076.0
30,119,2720.0,3076.0
30,120,2720.0,3076.0
30,121,2720.0,3076.0
30,122,2720.0,3076.0
30,123,2720.0,3076.0
30,124,2720.0,3076.0
30,125,2720.0,3076.0
30,126,2720.0,3076.0
30,127,2720.0,3076.0
30,128,2720.0,3076.0
30,129,2720.0,3076.0
30,130,2720.0,3076.0
30,131,2720.0,3076.0
30,132,2720.0,3076.0
30,133,2720.0,3076.0
30,134,2720.0,3076.0
30,135,2720.0,3076.0
30,136,2720.0,3076.0
30,137,2720.0,3076.0
30,138,2720.0,3076.0
30,139,2720.0,3076.0
30,140,2720.0,3076.0
30,141,2720.0,3076.0
30,142,2720.0,3076.0
30,143,2720.0,3076.0
30,144,2720.0,3076.0
30,145,2720.0,3076.0
30,146,2720.0,3076.0
30,147,2720.0,3076.0
30,148,2720.0,3076.0
30,149,2720.0,3076.0
30,150,2720.0,3076.0
30,151,2720.0,3076.0
30,152,2720.0,3076.0
30,153,2720.0,3076.0
30,154,2720.0,3076.0
30,155,2720.0,3076.0
30,156,2720.0,3076.0
30,157,2720.0,3076.0
30,158,2720.0,3076.0
30,159,2720.0,3076.0
30,160,2720.0,3076.0
30,161,2720.0,3076.0
30,162,2720.0,3076.0
30,163,2720.0,3076.0
30,164,2720.0,3076.0
30,165,2720.0,3076.0
30,166,2720.0,3076.0
30,167,2720.0,3076.0
30,168,2720.0,3076.0
30,169,2720.0,3076.0
30,170,2720.0,3076.0
30,171,2720.0,3076.0
30,172,2720.0,3076.0
30,173,2720.0,3076.0
30,174,2720.0,3076.0
30,175,2720.0,3076.0
30,176,2720.0,3076.0
30,177,2720.0,3076.0
30,178,2720.0,3076.0
30,179,2720.0,3076.0
30,180,2720.0,3076.0
30,181,2720.0,3076.0
30,182,2720.0,3076.0
30,183,2720.0,3076.0
30,184,2720.0,3076.0
30,185,2720.0,3076.0
30,186,2720.0,3076.0
30,187,2720.0,3076.0
30,188,2720.0,3076.0
30,189,2720.0,3076.0
30,190,2720.0,3076.0
30,191,2720.0,3076.0
30,192,2720.0,3076.0
30,193,2720.0,3076.0
30,194,2720.0,3076.0
30,195,2720.0,3076.0
30,196,2720.0,3076.0
30,197,2720.0,3076.0
30,198,2720.0,3076.0
30,199,2720.0,3076.0
30,200,2720.0,3076.0
30,201,2720.0,3076.0
30,202,2720.0,3076.0
30,203,2720.0,3076.0
30,204,2720.0,3076.0
30,205,2720.0,3076.0
30,206,2720.0,3076.0
30,207,2720.0,3076.0
30,208,2720.0,3076.0
30,209,2720.0,3076.0
30,210,2720.0,3076.0
30,211,2720.0,3076.0
30,212,2720.0,3076.0
30,213,2720.0,3076.0
30,214,2720.0,3076.0
30,215,2720.0,3076.0
30,216,2720.0,3076.0
30,217,2720.0,3076.0
30,218,2720.0,3076.0
30,219,2720.0,3076.0
30,220,2720.0,3076.0
30,221,2720.0,3076.0
30,222,2720.0,3076.0
30,223,2720.0,3076.0
30,224,2720.0,3076.0
30,225,2720.0,3076.0
30,226,2720.0,3076.0
30,227,2720.0,3076.0
30,228,2720.0,3076.0
30,229,2720.0,3076.0
30,230,2720.0,3076.0
30,231,2720.0,3076.0
30,232,2720.0,3076.0
30,233,2720.0,3076.0
30,234,2720.0,3076.0
30,235,2720.0,3076.0
30,236,2720.0,3076.0
30,237,2720.0,3076.0
30,238,2720.0,3076.0
30,239,2720.0,3076.0
30,240,2720.0,3076.0
30,241,2720.0,3076.0
30,242,2720.0,3076.0
30,243,2720.0,3076.0
30,244,2720.0,3076.0
30,245,2720.0,3076.0
30,246,2720.0,3076.0
30,247,2720.0,3076.0
30,248,2720.0,3076.0
30,249,2720.0,3076.0
30,250,2720.0,3076.0
30,251,2720.0,3076.0
30,252,2720.0,3076.0
30,253,2720.0,3076.0
30,254,2720.0,3076.0
30,255,2720.0,3076.0
30,256,2720.0,3076.0
30,257,2720.0,3076.0
30,258,2720.0,3076.0
30,259,2720.0,3076.0
30,260,2720.0,3076.0
30,261,2720.0,3076.0
30,262,2720.0,3076.0
30,263,2720.0,3076.0
30,264,2720.0,3076.0
30,265,2720.0,3076.0
30,266,2720.0,3076.0
30,267,2720.0,3076.0
30,268,2720.0,3076.0
30,269,2720.0,3076.0
30,270,2720.0,3076.0
30,271,2720.0,3076.0
30,272,2720.0,3076.0
30,273,2720.0,3076.0
30,274,2720.0,3076.0
30,275,2720.0,3076.0
30,276,2720.0,3076.0
30,277,2720.0,3076.0
30,278,2720.0,3076.0
30,279,2720.0,3076.0
30,280,2720.0,3076.0
30,281,2720.0,3076.0
30,282,2720.0,3076.0
30,283,2720.0,3076.0
30,284,2720.0,3076.0
30,285,2720.0,3076.0
30,286,2720.0,3076.0
30,287,2720.0,3076.0
30,288,2720.0,3076.0
30,289,2720.0,3076.0
30,290,2720.0,3076.0
30,291,2720.0,3076.0
30,292,2720.0,3076.0
30,293,2720.0,3076.0
30,294,2720.0,3076.0
30,295,2720.0,3076.0
30,296,2720.0,3076.0
30,297,2720.0,3076.0
30,298,2720.0,3076.0
30,299,2720.0,3076.0
30,300,2720.0,3076.0
30,301,2720.0,3076.0
30,302,2720.0,3076.0
30,303,2720.0,3076.0
30,304,2720.0,3076.0
30,305,2720.0,3076.0
30,306,2720.0,3076.0
30,307,2720.0,3076.0
30,308,2720.0,3076.0
30,309,2720.0,3076.0
30,310,2720.0,3076.0
30,311,2720.0,3076.0
30,312,2720.0,3076.0
30,313,2720.0,3076.0
30,314,2720.0,3076.0
30,315,2720.0,3076.0
30,316,2720.0,3076.0
30,317,2720.0,3076.0
30,318,2720.0,3076.0
30,319,2720.0,3076.0
30,320,2720.0,3076.0
30,321,2720.0,3076.0
30,322,2720.0,3076.0
30,323,2720.0,3076.0
30,324,2720.0,3076.0
30,325,2720.0,3076.0
30,326,2720.0,3076.0
30,327,2720.0,3076.0
30,328,2720.0,3076.0
30,329,2720.0,3076.0
30,330,2720.0,3076.0
30,331,2720.0,3076.0
30,332,2720.0,3076.0
30,333,2720.0,3076.0
30,334,2720.0,3076.0
30,335,2720.0,3076.0
30,336,2720.0,3076.0
30,337,2720.0,3076.0
30,338,2720.0,3076.0
30,339,2720.0,3076.0
30,340,2720.0,3076.0
30,341,2720.0,3076.0
30,342,2720.0,3076.0
30,343,2720.0,3076.0
30,344,2720.0,3076.0
30,345,2720.0,3076.0
30,346,2720.0,3076.0
30,347,2720.0,3076.0
30,348,2720.0,3076.0
30,349,2720.0,3076.0
30,350,2720.0,3076.0
30,351,2720.0,3076.0
30,352,2720.0,3076.0
30,353,2720.0,3076.0
30,354,2720.0,3076.0
30,355,2720.0,3076.0
30,356,2720.0,3076.0
30,357,2720.0,3076.0
30,358,2720.0,3076.0
30,359,2720.0,3076.0
31,0,1721.0,1983.0
31,1,1721.0,1983.0
31,2,1721.0,1983.0
31,3,1721.0,1983.0
31,4,1721.0,1983.0
31,5,1721.0,1983.0
31,6,1721.0,1983.0
31,7,1721.0,1983.0
31,8,1721.0,1983.0
31,9,1721.0,1983.0
31,10,1721.0,1983.0
31,11,1721.0,1983.0
31,12,1721.0,1983.0
31,13,1721.0,1983.0
31,14,1721.0,1983.0
31,15,1721.0,1983.0
31,16,1721.0,1983.0
31,17,1721.0,1983.0
31,18,1721.0,1983.0
31,19,1721.0,1983.0
31,20,1721.0,1983.0
31,21,1721.0,1983.0
31,22,1721.0,1983.0
31,23,1721.0,1983.0
31,24,1721.0,1983.0
31,25,1721.0,1983.0
31,26,1721.0,1983.0
31,27,1721.0,1983.0
31,28,1721.0,1983.0
31,29,1721.0,1983.0
31,30,1721.0,1983.0
31,31,1721.0,1983.0
31,32,1721.0,1983.0
31,33,1721.0,1983.0
31,34,1721.0,1983.0
31,35,1721.0,1983.0
31,36,1721.0,1983.0
31,37,1721.0,1983.0
31,38,1721.0,1983.0
31,39,1721.0,1983.0
31,40,1721.0,1983.0
31,41,1721.0,1983.0
31,42,1721.0,1983.0
31,43,1721.0,1983.0
31,44,1721.0,1983.0
31,45,1721.0,1983.0
31,46,1721.0,1983.0
31,47,1721.0,1983.0
31,48,1721.0,1983.0
31,49,1721.0,1983.0
31,50,1721.0,1983.0
31,51,1721.0,1983.0
31,52,1721.0,1983.0
31,53,1721.0,1983.0
31,54,1721.0,1983.0
31,55,1721.0,1983.0
31,56,1721.0,1983.0
31,57,1721.0,1983.0
31,58,1721.0,1983.0
31,59,1721.0,1983.0
31,60,1721.0,1983.0
31,61,1721.0,1983.0
31,62,1721.0,1983.0
31,63,1721.0,1983.0
31,64,1721.0,1983.0
31,65,1721.0,1983.0
31,66,1721.0,1983.0
31,67,1721.0,1983.0
31,68,1721.0,1983.0
31,69,1721.0,1983.0
31,70,1721.0,1983.0
31,71,1721.0,1983.0
31,72,1721.0,1983.0
31,73,1721.0,1983.0
31,74,1721.0,1983.0
31,75,1721.0,1983.0
31,76,1721.0,1983.0
31,77,1721.0,1983.0
31,78,1721.0,1983.0
31,79,1721.0,1983.0
31,80,1721.0,1983.0
31,81,1721.0,1983.0
31,82,1721.0,1983.0
31,83,1721.0,1983.0
31,84,1721.0,1983.0
31,85,1721.0,1983.0
31,86,1721.0,1983.0
31,87,1721.0,1983.0
31,88,1721.0,1983.0
31,89,1721.0,1983.0
31,90,1721.0,1983.0
31,91,1721.0,1983.0
31,92,1721.0,1983.0
31,93,1721.0,1983.0
31,94,1721.0,1983.0
31,95,1721.0,1983.0
31,96,1721.0,1983.0
31,97,1721.0,1983.0
31,98,1721.0,1983.0
31,99,1721.0,1983.0
31,100,1721.0,1983.0
31,101,1721.0,1983.0
31,102,1721.0,1983.0
31,103,1721.0,1983.0
31,104,1721.0,1983.0
31,105,1721.0,1983.0
31,106,1721.0,1983.0
31,107,1721.0,1983.0
31,108,1721.0,1983.0
31,109,1721.0,1983.0
31,110,1721.0,1983.0
31,111,1721.0,1983.0
31,112,1721.0,1983.0
31,113,1721.0,1983.0
31,114,1721.0,1983.0
31,115,1721.0,1983.0
31,116,1721.0,1983.0
31,117,1721.0,1983.0
31,118,1721.0,1983.0
31,119,1721.0,1983.0
31,120,1721.0,1983.0
31,121,1721.0,1983.0
31,122,1721.0,1983.0
31,123,1721.0,1983.0
31,124,1721.0,1983.0
31,125,1721.0,1983.0
31,126,1721.0,1983.0
31,127,1721.0,1983.0
31,128,1721.0,1983.0
31,129,1721.0,1983.0
31,130,1721.0,1983.0
31,131,1721.0,1983.0
31,132,1721.0,1983.0
31,133,1721.0,1983.0
31,134,1721.0,1983.0
31,135,1721.0,1983.0
31,136,1721.0,1983.0
31,137,1721.0,1983.0
31,138,1721.0,1983.0
31,139,1721.0,1983.0
31,140,1721.0,1983.0
31,141,1721.0,1983.0
31,142,1721.0,1983.0
31,143,1721.0,1983.0
31,144,1721.0,1983.0
31,145,1721.0,1983.0
31,146,1721.0,1983.0
31,147,1721.0,1983.0
31,148,1721.0,1983.0
31,149,1721.0,1983.0
31,150,1721.0,1983.0
31,151,1721.0,1983.0
31,152,1721.0,1983.0
31,153,1721.0,1983.0
31,154,1721.0,1983.0
31,155,1721.0,1983.0
31,156,1721.0,1983.0
31,157,1721.0,1983.0
31,158,1721.0,1983.0
31,159,1721.0,1983.0
31,160,1721.0,1983.0
31,161,1721.0,1983.0
31,162,1721.0,1983.0
31,163,1721.0,1983.0
31,164,1721.0,1983.0
31,165,1721.0,1983.0
31,166,1721.0,1983.0
31,167,1721.0,1983.0
31,168,1721.0,1983.0
31,169,1721.0,1983.0
31,170,1721.0,1983.0
31,171,1721.0,1983.0
31,172,1721.0,1983.0
31,173,1721.0,1983.0
31,174,1721.0,1983.0
31,175,1721.0,1983.0
31,176,1721.0,1983.0
31,177,1721.0,1983.0
31,178,1721.0,1983.0
31,179,1721.0,1983.0
31,180,1721.0,1983.0
31,181,1721.0,1983.0
31,182,1721.0,1983.0
31,183,1721.0,1983.0
31,184,1721.0,1983.0
31,185,1721.0,1983.0
31,186,1721.0,1983.0
31,187,1721.0,1983.0
31,188,1721.0,1983.0
31,189,1721.0,1983.0
31,190,1721.0,1983.0
31,191,1721.0,1983.0
31,192,1721.0,1983.0
31,193,1721.0,1983.0
31,194,1721.0,1983.0
31,195,1721.0,1983.0
31,196,1721.0,1983.0
31,197,1721.0,1983.0
31,198,1721.0,1983.0
31,199,1721.0,1983.0
31,200,1721.0,1983.0
31,201,1721.0,1983.0
31,202,1721.0,1983.0
31,203,1721.0,1983.0
31,204,1721.0,1983.0
31,205,1721.0,1983.0
31,206,1721.0,1983.0
31,207,1721.0,1983.0
31,208,1721.0,1983.0
31,209,1721.0,1983.0
31,210,1721.0,1983.0
31,211,1721.0,1983.0
31,212,1721.0,1983.0
31,213,1721.0,1983.0
31,214,1721.0,1983.0
31,215,1721.0,1983.0
31,216,1721.0,1983.0
31,217,1721.0,1983.0
31,218,1721.0,1983.0
31,219,1721.0,1983.0
31,220,1721.0,1983.0
31,221,1721.0,1983.0
31,222,1721.0,1983.0
31,223,1721.0,1983.0
31,224,1721.0,1983.0
31,225,1721.0,1983.0
31,226,1721.0,1983.0
31,227,1721.0,1983.0
31,228,1721.0,1983.0
31,229,1721.0,1983.0
31,230,1721.0,1983.0
31,231,1721.0,1983.0
31,232,1721.0,1983.0
31,233,1721.0,1983.0
31,234,1721.0,1983.0
31,235,1721.0,1983.0
31,236,1721.0,1983.0
31,237,1721.0,1983.0
31,238,1721.0,1983.0
31,239,1721.0,1983.0
31,240,1721.0,1983.0
31,241,1721.0,1983.0
31,242,1721.0,1983.0
31,243,1721.0,1983.0
31,244,1721.0,1983.0
31,245,1721.0,1983.0
31,246,1721.0,1983.0
31,247,1721.0,1983.0
31,248,1721.0,1983.0
31,249,1721.0,1983.0
31,250,1721.0,1983.0
31,251,1721.0,1983.0
31,252,1721.0,1983.0
31,253,1721.0,1983.0
31,254,1721.0,1983.0
31,255,1721.0,1983.0
31,256,1721.0,1983.0
31,257,1721.0,1983.0
31,258,1721.0,1983.0
31,259,1721.0,1983.0
31,260,1721.0,1983.0
31,261,1721.0,1983.0
31,262,1721.0,1983.0
31,263,1721.0,1983.0
31,264,1721.0,1983.0
31,265,1721.0,1983.0
31,266,1721.0,1983.0
31,267,1721.0,1983.0
31,268,1721.0,1983.0
31,269,1721.0,1983.0
31,270,1721.0,1983.0
31,271,1721.0,1983.0
31,272,1721.0,1983.0
31,273,1721.0,1983.0
31,274,1721.0,1983.0
31,275,1721.0,1983.0
31,276,1721.0,1983.0
31,277,1721.0,1983.0
31,278,1721.0,1983.0
31,279,1721.0,1983.0
31,280,1721.0,1983.0
31,281,1721.0,1983.0
31,282,1721.0,1983.0
31,283,1721.0,1983.0
31,284,1721.0,1983.0
31,285,1721.0,1983.0
31,286,1721.0,1983.0
31,287,1721.0,1983.0
31,288,1721.0,1983.0
31,289,1721.0,1983.0
31,290,1721.0,1983.0
31,291,1721.0,1983.0
31,292,1721.0,1983.0
31,293,1721.0,1983.0
31,294,1721.0,1983.0
31,295,1721.0,1983.0
31,296,1721.0,1983.0
31,297,1721.0,1983.0
31,298,1721.0,1983.0
31,299,1721.0,1983.0
31,300,1721.0,1983.0
31,301,1721.0,1983.0
31,302,1721.0,1983.0
31,303,1721.0,1983.0
31,304,1721.0,1983.0
31,305,1721.0,1983.0
31,306,1721.0,1983.0
31,307,1721.0,1983.0
31,308,1721.0,1983.0
31,309,1721.0,1983.0
31,310,1721.0,1983.0
31,311,1721.0,1983.0
31,312,1721.0,1983.0
31,313,1721.0,1983.0
31,314,1721.0,1983.0
31,315,1721.0,1983.0
31,316,1721.0,1983.0
31,317,1721.0,1983.0
31,318,1721.0,1983.0
31,319,1721.0,1983.0
31,320,1721.0,1983.0
31,321,1721.0,1983.0
31,322,1721.0,1983.0
31,323,1721.0,1983.0
31,324,1721.0,1983.0
31,325,1721.0,1983.0
31,326,1721.0,1983.0
31,327,1721.0,1983.0
31,328,1721.0,1983.0
31,329,1721.0,1983.0
31,330,1721.0,1983.0
31,331,1721.0,1983.0
31,332,1721.0,1983.0
31,333,1721.0,1983.0
31,334,1721.0,1983.0
31,335,1721.0,1983.0
31,336,1721.0,1983.0
31,337,1721.0,1983.0
31,338,1721.0,1983.0
31,339,1721.0,1983.0
31,340,1721.0,1983.0
31,341,1721.0,1983.0
31,342,1721.0,1983.0
31,343,1721.0,1983.0
31,344,1721.0,1983.0
31,345,1721.0,1983.0
31,346,1721.0,1983.0
31,347,1721.0,1983.0
31,348,1721.0,1983.0
31,349,1721.0,1983.0
31,350,1721.0,1983.0
31,351,1721.0,1983.0
31,352,1721.0,1983.0
31,353,1721.0,1983.0
31,354,1721.0,1983.0
31,355,1721.0,1983.0
31,356,1721.0,1983.0
31,357,1721.0,1983.0
31,358,1721.0,1983.0
31,359,1721.0,1983.0
32,0,2944.0,1558.0
32,1,2944.0,1558.0
32,2,2944.0,1558.0
32,3,2944.0,1558.0
32,4,2944.0,1558.0
32,5,2944.0,1558.0
32,6,2944.0,1558.0
32,7,2944.0,1558.0
32,8,2944.0,1558.0
32,9,2944.0,1558.0
32,10,2944.0,1558.0
32,11,2944.0,1558.0
32,12,2944.0,1558.0
32,13,2944.0,1558.0
32,14,2944.0,1558.0
32,15,2944.0,1558.0
32,16,2944.0,1558.0
32,17,2944.0,1558.0
32,18,2944.0,1558.0
32,19,2944.0,1558.0
32,20,2944.0,1558.0
32,21,2944.0,1558.0
32,22,2944.0,1558.0
32,23,2944.0,1558.0
32,24,2944.0,1558.0
32,25,2944.0,1558.0
32,26,2944.0,1558.0
32,27,2944.0,1558.0
32,28,2944.0,1558.0
32,29,2944.0,1558.0
32,30,2944.0,1558.0
32,31,2944.0,1558.0
32,32,2944.0,1558.0
32,33,2944.0,1558.0
32,34,2944.0,1558.0
32,35,2944.0,1558.0
32,36,2944.0,1558.0
32,37,2944.0,1558.0
32,38,2944.0,1558.0
32,39,2944.0,1558.0
32,40,2944.0,1558.0
32,41,2944.0,1558.0
32,42,2944.0,1558.0
32,43,2944.0,1558.0
32,44,2944.0,1558.0
32,45,2944.0,1558.0
32,46,2944.0,1558.0
32,47,2944.0,1558.0
32,48,2944.0,1558.0
32,49,2944.0,1558.0
32,50,2944.0,1558.0
32,51,2944.0,1558.0
32,52,2944.0,1558.0
32,53,2944.0,1558.0
32,54,2944.0,1558.0
32,55,2944.0,1558.0
32,56,2944.0,1558.0
32,57,2944.0,1558.0
32,58,2944.0,1558.0
32,59,2944.0,1558.0
32,60,2944.0,1558.0
32,61,2944.0,1558.0
32,62,2944.0,1558.0
32,63,2944.0,1558.0
32,64,2944.0,1558.0
32,65,2944.0,1558.0
32,66,2944.0,1558.0
32,67,2944.0,1558.0
32,68,2944.0,1558.0
32,69,2944.0,1558.0
32,70,2944.0,1558.0
32,71,2944.0,1558.0
32,72,2944.0,1558.0
32,73,2944.0,1558.0
32,74,2944.0,1558.0
32,75,2944.0,1558.0
32,76,2944.0,1558.0
32,77,2944.0,1558.0
32,78,2944.0,1558.0
32,79,2944.0,1558.0
32,80,2944.0,1558.0
32,81,2944.0,1558.0
32,82,2944.0,1558.0
32,83,2944.0,1558.0
32,84,2944.0,1558.0
32,85,2944.0,1558.0
32,86,2944.0,1558.0
32,87,2944.0,1558.0
32,88,2944.0,1558.0
32,89,2944.0,1558.0
32,90,2944.0,1558.0
32,91,2944.0,1558.0
32,92,2944.0,1558.0
32,93,2944.0,1558.0
32,94,2944.0,1558.0
32,95,2944.0,1558.0
32,96,2944.0,1558.0
32,97,2944.0,1558.0
32,98,2944.0,1558.0
32,99,2944.0,1558.0
32,100,2944.0,1558.0
32,101,2944.0,1558.0
32,102,2944.0,1558.0
32,103,2944.0,1558.0
32,104,2944.0,1558.0
32,105,2944.0,1558.0
32,106,2944.0,1558.0
32,107,2944.0,1558.0
32,108,2944.0,1558.0
32,109,2944.0,1558.0
32,110,2944.0,1558.0
32,111,2944.0,1558.0
32,112,2944.0,1558.0
32,113,2944.0,1558.0
32,114,2944.0,1558.0
32,115,2944.0,1558.0
32,116,2944.0,1558.0
32,117,2944.0,1558.0
32,118,2944.0,1558.0
32,119,2944.0,1558.0
32,120,2944.0,1558.0
32,121,2944.0,1558.0
32,122,2944.0,1558.0
32,123,2944.0,1558.0
32,124,2944.0,1558.0
32,125,2944.0,1558.0
32,126,2944.0,1558.0
32,127,2944.0,1558.0
32,128,2944.0,1558.0
32,129,2944.0,1558.0
32,130,2944.0,1558.0
32,131,2944.0,1558.0
32,132,2944.0,1558.0
32,133,2944.0,1558.0
32,134,2944.0,1558.0
32,135,2944.0,1558.0
32,136,2944.0,1558.0
32,137,2944.0,1558.0
32,138,2944.0,1558.0
32,139,2944.0,1558.0
32,140,2944.0,1558.0
32,141,2944.0,1558.0
32,142,2944.0,1558.0
32,143,2944.0,1558.0
32,144,2944.0,1558.0
32,145,2944.0,1558.0
32,146,2944.0,1558.0
32,147,2944.0,1558.0
32,148,2944.0,1558.0
32,149,2944.0,1558.0
32,150,2944.0,1558.0
32,151,2944.0,1558.0
32,152,2944.0,1558.0
32,153,2944.0,1558.0
32,154,2944.0,1558.0
32,155,2944.0,1558.0
32,156,2944.0,1558.0
32,157,2944.0,1558.0
32,158,2944.0,1558.0
32,159,2944.0,1558.0
32,160,2944.0,1558.0
32,161,2944.0,1558.0
32,162,2944.0,1558.0
32,163,2944.0,1558.0
32,164,2944.0,1558.0
32,165,2944.0,1558.0
32,166,2944.0,1558.0
32,167,2944.0,1558.0
32,168,2944.0,1558.0
32,169,2944.0,1558.0
32,170,2944.0,1558.0
32,171,2944.0,1558.0
32,172,2944.0,1558.0
32,173,2944.0,1558.0
32,174,2944.0,1558.0
32,175,2944.0,1558.0
32,176,2944.0,1558.0
32,177,2944.0,1558.0
32,178,2944.0,1558.0
32,179,2944.0,1558.0
32,180,2944.0,1558.0
32,181,2944.0,1558.0
32,182,2944.0,1558.0
32,183,2944.0,1558.0
32,184,2944.0,1558.0
32,185,2944.0,1558.0
32,186,2944.0,1558.0
32,187,2944.0,1558.0
32,188,2944.0,1558.0
32,189,2944.0,1558.0
32,190,2944.0,1558.0
32,191,2944.0,1558.0
32,192,2944.0,1558.0
32,193,2944.0,1558.0
32,194,2944.0,1558.0
32,195,2944.0,1558.0
32,196,2944.0,1558.0
32,197,2944.0,1558.0
32,198,2944.0,1558.0
32,199,2944.0,1558.0
32,200,2944.0,1558.0
32,201,2944.0,1558.0
32,202,2944.0,1558.0
32,203,2944.0,1558.0
32,204,2944.0,1558.0
32,205,2944.0,1558.0
32,206,2944.0,1558.0
32,207,2944.0,1558.0
32,208,2944.0,1558.0
32,209,2944.0,1558.0
32,210,2944.0,1558.0
32,211,2944.0,1558.0
32,212,2944.0,1558.0
32,213,2944.0,1558.0
32,214,2944.0,1558.0
32,215,2944.0,1558.0
32,216,2944.0,1558.0
32,217,2944.0,1558.0
32,218,2944.0,1558.0
32,219,2944.0,1558.0
32,220,2944.0,1558.0
32,221,2944.0,1558.0
32,222,2944.0,1558.0
32,223,2944.0,1558.0
32,224,2944.0,1558.0
32,225,2944.0,1558.0
32,226,2944.0,1558.0
32,227,2944.0,1558.0
32,228,2944.0,1558.0
32,229,2944.0,1558.0
32,230,2944.0,1558.0
32,231,2944.0,1558.0
32,232,2944.0,1558.0
32,233,2944.0,1558.0
32,234,2944.0,1558.0
32,235,2944.0,1558.0
32,236,2944.0,1558.0
32,237,2944.0,1558.0
32,238,2944.0,1558.0
32,239,2944.0,1558.0
32,240,2944.0,1558.0
32,241,2944.0,1558.0
32,242,2944.0,1558.0
32,243,2944.0,1558.0
32,244,2944.0,1558.0
32,245,2944.0,1558.0
32,246,2944.0,1558.0
32,247,2944.0,1558.0
32,248,2944.0,1558.0
32,249,2944.0,1558.0
32,250,2944.0,1558.0
32,251,2944.0,1558.0
32,252,2944.0,1558.0
32,253,2944.0,1558.0
32,254,2944.0,1558.0
32,255,2944.0,1558.0
32,256,2944.0,1558.0
32,257,2944.0,1558.0
32,258,2944.0,1558.0
32,259,2944.0,1558.0
32,260,2944.0,1558.0
32,261,2944.0,1558.0
32,262,2944.0,1558.0
32,263,2944.0,1558.0
32,264,2944.0,1558.0
32,265,2944.0,1558.0
32,266,2944.0,1558.0
32,267,2944.0,1558.0
32,268,2944.0,1558.0
32,269,2944.0,1558.0
32,270,2944.0,1558.0
32,271,2944.0,1558.0
32,272,2944.0,1558.0
32,273,2944.0,1558.0
32,274,2944.0,1558.0
32,275,2944.0,1558.0
32,276,2944.0,1558.0
32,277,2944.0,1558.0
32,278,2944.0,1558.0
32,279,2944.0,1558.0
32,280,2944.0,1558.0
32,281,2944.0,1558.0
32,282,2944.0,1558.0
32,283,2944.0,1558.0
32,284,2944.0,1558.0
32,285,2944.0,1558.0
32,286,2944.0,1558.0
32,287,2944.0,1558.0
32,288,2944.0,1558.0
32,289,2944.0,1558.0
32,290,2944.0,1558.0
32,291,2944.0,1558.0
32,292,2944.0,1558.0
32,293,2944.0,1558.0
32,294,2944.0,1558.0
32,295,2944.0,1558.0
32,296,2944.0,1558.0
32,297,2944.0,1558.0
32,298,2944.0,1558.0
32,299,2944.0,1558.0
32,300,2944.0,1558.0
32,301,2944.0,1558.0
32,302,2944.0,1558.0
32,303,2944.0,1558.0
32,304,2944.0,1558.0
32,305,2944.0,1558.0
32,306,2944.0,1558.0
32,307,2944.0,1558.0
32,308,2944.0,1558.0
32,309,2944.0,1558.0
32,310,2944.0,1558.0
32,311,2944.0,1558.0
32,312,2944.0,1558.0
32,313,2944.0,1558.0
32,314,2944.0,1558.0
32,315,2944.0,1558.0
32,316,2944.0,1558.0
32,317,2944.0,1558.0
32,318,2944.0,1558.0
32,319,2944.0,1558.0
32,320,2944.0,1558.0
32,321,2944.0,1558.0
32,322,2944.0,1558.0
32,323,2944.0,1558.0
32,324,2944.0,1558.0
32,325,2944.0,1558.0
32,326,2944.0,1558.0
32,327,2944.0,1558.0
32,328,2944.0,1558.0
32,329,2944.0,1558.0
32,330,2944.0,1558.0
32,331,2944.0,1558.0
32,332,2944.0,1558.0
32,333,2944.0,1558.0
32,334,2944.0,1558.0
32,335,2944.0,1558.0
32,336,2944.0,1558.0
32,337,2944.0,1558.0
32,338,2944.0,1558.0
32,339,2944.0,1558.0
32,340,2944.0,1558.0
32,341,2944.0,1558.0
32,342,2944.0,1558.0
32,343,2944.0,1558.0
32,344,2944.0,1558.0
32,345,2944.0,1558.0
32,346,2944.0,1558.0
32,347,2944.0,1558.0
32,348,2944.0,1558.0
32,349,2944.0,1558.0
32,350,2944.0,1558.0
32,351,2944.0,1558.0
32,352,2944.0,1558.0
32,353,2944.0,1558.0
32,354,2944.0,1558.0
32,355,2944.0,1558.0
32,356,2944.0,1558.0
32,357,2944.0,1558.0
32,358,2944.0,1558.0
32,359,2944.0,1558.0
33,0,2916.0,2930.0
33,1,2916.0,2930.0
33,2,2916.0,2930.0
33,3,2916.0,2930.0
33,4,2916.0,2930.0
33,5,2916.0,2930.0
33,6,2916.0,2930.0
33,7,2916.0,2930.0
33,8,2916.0,2930.0
33,9,2916.0,2930.0
33,10,2916.0,2930.0
33,11,2916.0,2930.0
33,12,2916.0,2930.0
33,13,2916.0,2930.0
33,14,2916.0,2930.0
33,15,2916.0,2930.0
33,16,2916.0,2930.0
33,17,2916.0,2930.0
33,18,2916.0,2930.0
33,19,2916.0,2930.0
33,20,2916.0,2930.0
33,21,2916.0,2930.0
33,22,2916.0,2930.0
33,23,2916.0,2930.0
33,24,2916.0,2930.0
33,25,2916.0,2930.0
33,26,2916.0,2930.0
33,27,2916.0,2930.0
33,28,2916.0,2930.0
33,29,2916.0,2930.0
33,30,2916.0,2930.0
33,31,2916.0,2930.0
33,32,2916.0,2930.0
33,33,2916.0,2930.0
33,34,2916.0,2930.0
33,35,2916.0,2930.0
33,36,2916.0,2930.0
33,37,2916.0,2930.0
33,38,2916.0,2930.0
33,39,2916.0,2930.0
33,40,2916.0,2930.0
33,41,2916.0,2930.0
33,42,2916.0,2930.0
33,43,2916.0,2930.0
33,44,2916.0,2930.0
33,45,2916.0,2930.0
33,46,2916.0,2930.0
33,47,2916.0,2930.0
33,48,2916.0,2930.0
33,49,2916.0,2930.0
33,50,2916.0,2930.0
33,51,2916.0,2930.0
33,52,2916.0,2930.0
33,53,2916.0,2930.0
33,54,2916.0,2930.0
33,55,2916.0,2930.0
33,56,2916.0,2930.0
33,57,2916.0,2930.0
33,58,2916.0,2930.0
33,59,2916.0,2930.0
33,60,2916.0,2930.0
33,61,2916.0,2930.0
33,62,2916.0,2930.0
33,63,2916.0,2930.0
33,64,2916.0,2930.0
33,65,2916.0,2930.0
33,66,2916.0,2930.0
33,67,2916.0,2930.0
33,68,2916.0,2930.0
33,69,2916.0,2930.0
33,70,2916.0,2930.0
33,71,2916.0,2930.0
33,72,2916.0,2930.0
33,73,2916.0,2930.0
33,74,2916.0,2930.0
33,75,2916.0,2930.0
33,76,2916.0,2930.0
33,77,2916.0,2930.0
33,78,2916.0,2930.0
33,79,2916.0,2930.0
33,80,2916.0,2930.0
33,81,2916.0,2930.0
33,82,2916.0,2930.0
33,83,2916.0,2930.0
33,84,2916.0,2930.0
33,85,2916.0,2930.0
33,86,2916.0,2930.0
33,87,2916.0,2930.0
33,88,2916.0,2930.0
33,89,2916.0,2930.0
33,90,2916.0,2930.0
33,91,2916.0,2930.0
33,92,2916.0,2930.0
33,93,2916.0,2930.0
33,94,2916.0,2930.0
33,95,2916.0,2930.0
33,96,2916.0,2930.0
33,97,2916.0,2930.0
33,98,2916.0,2930.0
33,99,2916.0,2930.0
33,100,2916.0,2930.0
33,101,2916.0,2930.0
33,102,2916.0,2930.0
33,103,2916.0,2930.0
33,104,2916.0,2930.0
33,105,2916.0,2930.0
33,106,2916.0,2930.0
33,107,2916.0,2930.0
33,108,2916.0,2930.0
33,109,2916.0,2930.0
33,110,2916.0,2930.0
33,111,2916.0,2930.0
33,112,2916.0,2930.0
33,113,2916.0,2930.0
33,114,2916.0,2930.0
33,115,2916.0,2930.0
33,116,2916.0,2930.0
33,117,2916.0,2930.0
33,118,2916.0,2930.0
33,119,2916.0,2930.0
33,120,2916.0,2930.0
33,121,2916.0,2930.0
33,122,2916.0,2930.0
33,123,2916.0,2930.0
33,124,2916.0,2930.0
33,125,2916.0,2930.0
33,126,2916.0,2930.0
33,127,2916.0,2930.0
33,128,2916.0,2930.0
33,129,2916.0,2930.0
33,130,2916.0,2930.0
33,131,2916.0,2930.0
33,132,2916.0,2930.0
33,133,2916.0,2930.0
33,134,2916.0,2930.0
33,135,2916.0,2930.0
33,136,2916.0,2930.0
33,137,2916.0,2930.0
33,138,2916.0,2930.0
33,139,2916.0,2930.0
33,140,2916.0,2930.0
33,141,2916.0,2930.0
33,142,2916.0,2930.0
33,143,2916.0,2930.0
33,144,2916.0,2930.0
33,145,2916.0,2930.0
33,146,2916.0,2930.0
33,147,2916.0,2930.0
33,148,2916.0,2930.0
33,149,2916.0,2930.0
33,150,2916.0,2930.0
33,151,2916.0,2930.0
33,152,2916.0,2930.0
33,153,2916.0,2930.0
33,154,2916.0,2930.0
33,155,2916.0,2930.0
33,156,2916.0,2930.0
33,157,2916.0,2930.0
33,158,2916.0,2930.0
33,159,2916.0,2930.0
33,160,2916.0,2930.0
33,161,2916.0,2930.0
33,162,2916.0,2930.0
33,163,2916.0,2930.0
33,164,2916.0,2930.0
33,165,2916.0,2930.0
33,166,2916.0,2930.0
33,167,2916.0,2930.0
33,168,2916.0,2930.0
33,169,2916.0,2930.0
33,170,2916.0,2930.0
33,171,2916.0,2930.0
33,172,2916.0,2930.0
33,173,2916.0,2930.0
33,174,2916.0,2930.0
33,175,2916.0,2930.0
33,176,2916.0,2930.0
33,177,2916.0,2930.0
33,178,2916.0,2930.0
33,179,2916.0,2930.0
33,180,2916.0,2930.0
33,181,2916.0,2930.0
33,182,2916.0,2930.0
33,183,2916.0,2930.0
33,184,2916.0,2930.0
33,185,2916.0,2930.0
33,186,2916.0,2930.0
33,187,2916.0,2930.0
33,188,2916.0,2930.0
33,189,2916.0,2930.0
33,190,2916.0,2930.0
33,191,2916.0,2930.0
33,192,2916.0,2930.0
33,193,2916.0,2930.0
33,194,2916.0,2930.0
33,195,2916.0,2930.0
33,196,2916.0,2930.0
33,197,2916.0,2930.0
33,198,2916.0,2930.0
33,199,2916.0,2930.0
33,200,2916.0,2930.0
33,201,2916.0,2930.0
33,202,2916.0,2930.0
33,203,2916.0,2930.0
33,204,2916.0,2930.0
33,205,2916.0,2930.0
33,206,2916.0,2930.0
33,207,2916.0,2930.0
33,208,2916.0,2930.0
33,209,2916.0,2930.0
33,210,2916.0,2930.0
33,211,2916.0,2930.0
33,212,2916.0,2930.0
33,213,2916.0,2930.0
33,214,2916.0,2930.0
33,215,2916.0,2930.0
33,216,2916.0,2930.0
33,217,2916.0,2930.0
33,218,2916.0,2930.0
33,219,2916.0,2930.0
33,220,2916.0,2930.0
33,221,2916.0,2930.0
33,222,2916.0,2930.0
33,223,2916.0,2930.0
33,224,2916.0,2930.0
33,225,2916.0,2930.0
33,226,2916.0,2930.0
33,227,2916.0,2930.0
33,228,2916.0,2930.0
33,229,2916.0,2930.0
33,230,2916.0,2930.0
33,231,2916.0,2930.0
33,232,2916.0,2930.0
33,233,2916.0,2930.0
33,234,2916.0,2930.0
33,235,2916.0,2930.0
33,236,2916.0,2930.0
33,237,2916.0,2930.0
33,238,2916.0,2930.0
33,239,2916.0,2930.0
33,240,2916.0,2930.0
33,241,2916.0,2930.0
33,242,2916.0,2930.0
33,243,2916.0,2930.0
33,244,2916.0,2930.0
33,245,2916.0,2930.0
33,246,2916.0,2930.0
33,247,2916.0,2930.0
33,248,2916.0,2930.0
33,249,2916.0,2930.0
33,250,2916.0,2930.0
33,251,2916.0,2930.0
33,252,2916.0,2930.0
33,253,2916.0,2930.0
33,254,2916.0,2930.0
33,255,2916.0,2930.0
33,256,2916.0,2930.0
33,257,2916.0,2930.0
33,258,2916.0,2930.0
33,259,2916.0,2930.0
33,260,2916.0,2930.0
33,261,2916.0,2930.0
33,262,2916.0,2930.0
33,263,2916.0,2930.0
33,264,2916.0,2930.0
33,265,2916.0,2930.0
33,266,2916.0,2930.0
33,267,2916.0,2930.0
33,268,2916.0,2930.0
33,269,2916.0,2930.0
33,270,2916.0,2930.0
33,271,2916.0,2930.0
33,272,2916.0,2930.0
33,273,2916.0,2930.0
33,274,2916.0,2930.0
33,275,2916.0,2930.0
33,276,2916.0,2930.0
33,277,2916.0,2930.0
33,278,2916.0,2930.0
33,279,2916.0,2930.0
33,280,2916.0,2930.0
33,281,2916.0,2930.0
33,282,2916.0,2930.0
33,283,2916.0,2930.0
33,284,2916.0,2930.0
33,285,2916.0,2930.0
33,286,2916.0,2930.0
33,287,2916.0,2930.0
33,288,2916.0,2930.0
33,289,2916.0,2930.0
33,290,2916.0,2930.0
33,291,2916.0,2930.0
33,292,2916.0,2930.0
33,293,2916.0,2930.0
33,294,2916.0,2930.0
33,295,2916.0,2930.0
33,296,2916.0,2930.0
33,297,2916.0,2930.0
33,298,2916.0,2930.0
33,299,2916.0,2930.0
33,300,2916.0,2930.0
33,301,2916.0,2930.0
33,302,2916.0,2930.0
33,303,2916.0,2930.0
33,304,2916.0,2930.0
33,305,2916.0,2930.0
33,306,2916.0,2930.0
33,307,2916.0,2930.0
33,308,2916.0,2930.0
33,309,2916.0,2930.0
33,310,2916.0,2930.0
33,311,2916.0,2930.0
33,312,2916.0,2930.0
33,313,2916.0,2930.0
33,314,2916.0,2930.0
33,315,2916.0,2930.0
33,316,2916.0,2930.0
33,317,2916.0,2930.0
33,318,2916.0,2930.0
33,319,2916.0,2930.0
33,320,2916.0,2930.0
33,321,2916.0,2930.0
33,322,2916.0,2930.0
33,323,2916.0,2930.0
33,324,2916.0,2930.0
33,325,2916.0,2930.0
33,326,2916.0,2930.0
33,327,2916.0,2930.0
33,328,2916.0,2930.0
33,329,2916.0,2930.0
33,330,2916.0,2930.0
33,331,2916.0,2930.0
33,332,2916.0,2930.0
33,333,2916.0,2930.0
33,334,2916.0,2930.0
33,335,2916.0,2930.0
33,336,2916.0,2930.0
33,337,2916.0,2930.0
33,338,2916.0,2930.0
33,339,2916.0,2930.0
33,340,2916.0,2930.0
33,341,2916.0,2930.0
33,342,2916.0,2930.0
33,343,2916.0,2930.0
33,344,2916.0,2930.0
33,345,2916.0,2930.0
33,346,2916.0,2930.0
33,347,2916.0,2930.0
33,348,2916.0,2930.0
33,349,2916.0,2930.0
33,350,2916.0,2930.0
33,351,2916.0,2930.0
33,352,2916.0,2930.0
33,353,2916.0,2930.0
33,354,2916.0,2930.0
33,355,2916.0,2930.0
33,356,2916.0,2930.0
33,357,2916.0,2930.0
33,358,2916.0,2930.0
33,359,2916.0,2930.0
34,0,1866.0,2044.0
34,1,1866.0,2044.0
34,2,1866.0,2044.0
34,3,1866.0,2044.0
34,4,1866.0,2044.0
34,5,1866.0,2044.0
34,6,1866.0,2044.0
34,7,1866.0,2044.0
34,8,1866.0,2044.0
34,9,1866.0,2044.0
34,10,1866.0,2044.0
34,11,1866.0,2044.0
34,12,1866.0,2044.0
34,13,1866.0,2044.0
34,14,1866.0,2044.0
34,15,1866.0,2044.0
34,16,1866.0,2044.0
34,17,1866.0,2044.0
34,18,1866.0,2044.0
34,19,1866.0,2044.0
34,20,1866.0,2044.0
34,21,1866.0,2044.0
34,22,1866.0,2044.0
34,23,1866.0,2044.0
34,24,1866.0,2044.0
34,25,1866.0,2044.0
34,26,1866.0,2044.0
34,27,1866.0,2044.0
34,28,1866.0,2044.0
34,29,1866.0,2044.0
34,30,1866.0,2044.0
34,31,1866.0,2044.0
34,32,1866.0,2044.0
34,33,1866.0,2044.0
34,34,1866.0,2044.0
34,35,1866.0,2044.0
34,36,1866.0,2044.0
34,37,1866.0,2044.0
34,38,1866.0,2044.0
34,39,1866.0,2044.0
34,40,1866.0,2044.0
34,41,1866.0,2044.0
34,42,1866.0,2044.0
34,43,1866.0,2044.0
34,44,1866.0,2044.0
34,45,1866.0,2044.0
34,46,1866.0,2044.0
34,47,1866.0,2044.0
34,48,1866.0,2044.0
34,49,1866.0,2044.0
34,50,1866.0,2044.0
34,51,1866.0,2044.0
34,52,1866.0,2044.0
34,53,1866.0,2044.0
34,54,1866.0,2044.0
34,55,1866.0,2044.0
34,56,1866.0,2044.0
34,57,1866.0,2044.0
34,58,1866.0,2044.0
34,59,1866.0,2044.0
34,60,1866.0,2044.0
34,61,1866.0,2044.0
34,62,1866.0,2044.0
34,63,1866.0,2044.0
34,64,1866.0,2044.0
34,65,1866.0,2044.0
34,66,1866.0,2044.0
34,67,1866.0,2044.0
34,68,1866.0,2044.0
34,69,1866.0,2044.0
34,70,1866.0,2044.0
34,71,1866.0,2044.0
34,72,1866.0,2044.0
34,73,1866.0,2044.0
34,74,1866.0,2044.0
34,75,1866.0,2044.0
34,76,1866.0,2044.0
34,77,1866.0,2044.0
34,78,1866.0,2044.0
34,79,1866.0,2044.0
34,80,1866.0,2044.0
34,81,1866.0,2044.0
34,82,1866.0,2044.0
34,83,1866.0,2044.0
34,84,1866.0,2044.0
34,85,1866.0,2044.0
34,86,1866.0,2044.0
34,87,1866.0,2044.0
34,88,1866.0,2044.0
34,89,1866.0,2044.0
34,90,1866.0,2044.0
34,91,1866.0,2044.0
34,92,1866.0,2044.0
34,93,1866.0,2044.0
34,94,1866.0,2044.0
34,95,1866.0,2044.0
34,96,1866.0,2044.0
34,97,1866.0,2044.0
34,98,1866.0,2044.0
34,99,1866.0,2044.0
34,100,1866.0,2044.0
34,101,1866.0,2044.0
34,102,1866.0,2044.0
34,103,1866.0,2044.0
34,104,1866.0,2044.0
34,105,1866.0,2044.0
34,106,1866.0,2044.0
34,107,1866.0,2044.0
34,108,1866.0,2044.0
34,109,1866.0,2044.0
34,110,1866.0,2044.0
34,111,1866.0,2044.0
34,112,1866.0,2044.0
34,113,1866.0,2044.0
34,114,1866.0,2044.0
34,115,1866.0,2044.0
34,116,1866.0,2044.0
34,117,1866.0,2044.0
34,118,1866.0,2044.0
34,119,1866.0,2044.0
34,120,1866.0,2044.0
34,121,1866.0,2044.0
34,122,1866.0,2044.0
34,123,1866.0,2044.0
34,124,1866.0,2044.0
34,125,1866.0,2044.0
34,126,1866.0,2044.0
34,127,1866.0,2044.0
34,128,1866.0,2044.0
34,129,1866.0,2044.0
34,130,1866.0,2044.0
34,131,1866.0,2044.0
34,132,1866.0,2044.0
34,133,1866.0,2044.0
34,134,1866.0,2044.0
34,135,1866.0,2044.0
34,136,1866.0,2044.0
34,137,1866.0,2044.0
34,138,1866.0,2044.0
34,139,1866.0,2044.0
34,140,1866.0,2044.0
34,141,1866.0,2044.0
34,142,1866.0,2044.0
34,143,1866.0,2044.0
34,144,1866.0,2044.0
34,145,1866.0,2044.0
34,146,1866.0,2044.0
34,147,1866.0,2044.0
34,148,1866.0,2044.0
34,149,1866.0,2044.0
34,150,1866.0,2044.0
34,151,1866.0,2044.0
34,152,1866.0,2044.0
34,153,1866.0,2044.0
34,154,1866.0,2044.0
34,155,1866.0,2044.0
34,156,1866.0,2044.0
34,157,1866.0,2044.0
34,158,1866.0,2044.0
34,159,1866.0,2044.0
34,160,1866.0,2044.0
34,161,1866.0,2044.0
34,162,1866.0,2044.0
34,163,1866.0,2044.0
34,164,1866.0,2044.0
34,165,1866.0,2044.0
34,166,1866.0,2044.0
34,167,1866.0,2044.0
34,168,1866.0,2044.0
34,169,1866.0,2044.0
34,170,1866.0,2044.0
34,171,1866.0,2044.0
34,172,1866.0,2044.0
34,173,1866.0,2044.0
34,174,1866.0,2044.0
34,175,1866.0,2044.0
34,176,1866.0,2044.0
34,177,1866.0,2044.0
34,178,1866.0,2044.0
34,179,1866.0,2044.0
34,180,1866.0,2044.0
34,181,1866.0,2044.0
34,182,1866.0,2044.0
34,183,1866.0,2044.0
34,184,1866.0,2044.0
34,185,1866.0,2044.0
34,186,1866.0,2044.0
34,187,1866.0,2044.0
34,188,1866.0,2044.0
34,189,1866.0,2044.0
34,190,1866.0,2044.0
34,191,1866.0,2044.0
34,192,1866.0,2044.0
34,193,1866.0,2044.0
34,194,1866.0,2044.0
34,195,1866.0,2044.0
34,196,1866.0,2044.0
34,197,1866.0,2044.0
34,198,1866.0,2044.0
34,199,1866.0,2044.0
34,200,1866.0,2044.0
34,201,1866.0,2044.0
34,202,1866.0,2044.0
34,203,1866.0,2044.0
34,204,1866.0,2044.0
34,205,1866.0,2044.0
34,206,1866.0,2044.0
34,207,1866.0,2044.0
34,208,1866.0,2044.0
34,209,1866.0,2044.0
34,210,1866.0,2044.0
34,211,1866.0,2044.0
34,212,1866.0,2044.0
34,213,1866.0,2044.0
34,214,1866.0,2044.0
34,215,1866.0,2044.0
34,216,1866.0,2044.0
34,217,1866.0,2044.0
34,218,1866.0,2044.0
34,219,1866.0,2044.0
34,220,1866.0,2044.0
34,221,1866.0,2044.0
34,222,1866.0,2044.0
34,223,1866.0,2044.0
34,224,1866.0,2044.0
34,225,1866.0,2044.0
34,226,1866.0,2044.0
34,227,1866.0,2044.0
34,228,1866.0,2044.0
34,229,1866.0,2044.0
34,230,1866.0,2044.0
34,231,1866.0,2044.0
34,232,1866.0,2044.0
34,233,1866.0,2044.0
34,234,1866.0,2044.0
34,235,1866.0,2044.0
34,236,1866.0,2044.0
34,237,1866.0,2044.0
34,238,1866.0,2044.0
34,239,1866.0,2044.0
34,240,1866.0,2044.0
34,241,1866.0,2044.0
34,242,1866.0,2044.0
34,243,1866.0,2044.0
34,244,1866.0,2044.0
34,245,1866.0,2044.0
34,246,1866.0,2044.0
34,247,1866.0,2044.0
34,248,1866.0,2044.0
34,249,1866.0,2044.0
34,250,1866.0,2044.0
34,251,1866.0,2044.0
34,252,1866.0,2044.0
34,253,1866.0,2044.0
34,254,1866.0,2044.0
34,255,1866.0,2044.0
34,256,1866.0,2044.0
34,257,1866.0,2044.0
34,258,1866.0,2044.0
34,259,1866.0,2044.0
34,260,1866.0,2044.0
34,261,1866.0,2044.0
34,262,1866.0,2044.0
34,263,1866.0,2044.0
34,264,1866.0,2044.0
34,265,1866.0,2044.0
34,266,1866.0,2044.0
34,267,1866.0,2044.0
34,268,1866.0,2044.0
34,269,1866.0,2044.0
34,270,1866.0,2044.0
34,271,1866.0,2044.0
34,272,1866.0,2044.0
34,273,1866.0,2044.0
34,274,1866.0,2044.0
34,275,1866.0,2044.0
34,276,1866.0,2044.0
34,277,1866.0,2044.0
34,278,1866.0,2044.0
34,279,1866.0,2044.0
34,280,1866.0,2044.0
34,281,1866.0,2044.0
34,282,1866.0,2044.0
34,283,1866.0,2044.0
34,284,1866.0,2044.0
34,285,1866.0,2044.0
34,286,1866.0,2044.0
34,287,1866.0,2044.0
34,288,1866.0,2044.0
34,289,1866.0,2044.0
34,290,1866.0,2044.0
34,291,1866.0,2044.0
34,292,1866.0,2044.0
34,293,1866.0,2044.0
34,294,1866.0,2044.0
34,295,1866.0,2044.0
34,296,1866.0,2044.0
34,297,1866.0,2044.0
34,298,1866.0,2044.0
34,299,1866.0,2044.0
34,300,1866.0,2044.0
34,301,1866.0,2044.0
34,302,1866.0,2044.0
34,303,1866.0,2044.0
34,304,1866.0,2044.0
34,305,1866.0,2044.0
34,306,1866.0,2044.0
34,307,1866.0,2044.0
34,308,1866.0,2044.0
34,309,1866.0,2044.0
34,310,1866.0,2044.0
34,311,1866.0,2044.0
34,312,1866.0,2044.0
34,313,1866.0,2044.0
34,314,1866.0,2044.0
34,315,1866.0,2044.0
34,316,1866.0,2044.0
34,317,1866.0,2044.0
34,318,1866.0,2044.0
34,319,1866.0,2044.0
34,320,1866.0,2044.0
34,321,1866.0,2044.0
34,322,1866.0,2044.0
34,323,1866.0,2044.0
34,324,1866.0,2044.0
34,325,1866.0,2044.0
34,326,1866.0,2044.0
34,327,1866.0,2044.0
34,328,1866.0,2044.0
34,329,1866.0,2044.0
34,330,1866.0,2044.0
34,331,1866.0,2044.0
34,332,1866.0,2044.0
34,333,1866.0,2044.0
34,334,1866.0,2044.0
34,335,1866.0,2044.0
34,336,1866.0,2044.0
34,337,1866.0,2044.0
34,338,1866.0,2044.0
34,339,1866.0,2044.0
34,340,1866.0,2044.0
34,341,1866.0,2044.0
34,342,1866.0,2044.0
34,343,1866.0,2044.0
34,344,1866.0,2044.0
34,345,1866.0,2044.0
34,346,1866.0,2044.0
34,347,1866.0,2044.0
34,348,1866.0,2044.0
34,349,1866.0,2044.0
34,350,1866.0,2044.0
34,351,1866.0,2044.0
34,352,1866.0,2044.0
34,353,1866.0,2044.0
34,354,1866.0,2044.0
34,355,1866.0,2044.0
34,356,1866.0,2044.0
34,357,1866.0,2044.0
34,358,1866.0,2044.0
34,359,1866.0,2044.0
35,0,2957.0,1674.0
35,1,2957.0,1674.0
35,2,2957.0,1674.0
35,3,2957.0,1674.0
35,4,2957.0,1674.0
35,5,2957.0,1674.0
35,6,2957.0,1674.0
35,7,2957.0,1674.0
35,8,2957.0,1674.0
35,9,2957.0,1674.0
35,10,2957.0,1674.0
35,11,2957.0,1674.0
35,12,2957.0,1674.0
35,13,2957.0,1674.0
35,14,2957.0,1674.0
35,15,2957.0,1674.0
35,16,2957.0,1674.0
35,17,2957.0,1674.0
35,18,2957.0,1674.0
35,19,2957.0,1674.0
35,20,2957.0,1674.0
35,21,2957.0,1674.0
35,22,2957.0,1674.0
35,23,2957.0,1674.0
35,24,2957.0,1674.0
35,25,2957.0,1674.0
35,26,2957.0,1674.0
35,27,2957.0,1674.0
35,28,2957.0,1674.0
35,29,2957.0,1674.0
35,30,2957.0,1674.0
35,31,2957.0,1674.0
35,32,2957.0,1674.0
35,33,2957.0,1674.0
35,34,2957.0,1674.0
35,35,2957.0,1674.0
35,36,2957.0,1674.0
35,37,2957.0,1674.0
35,38,2957.0,1674.0
35,39,2957.0,1674.0
35,40,2957.0,1674.0
35,41,2957.0,1674.0
35,42,2957.0,1674.0
35,43,2957.0,1674.0
35,44,2957.0,1674.0
35,45,2957.0,1674.0
35,46,2957.0,1674.0
35,47,2957.0,1674.0
35,48,2957.0,1674.0
35,49,2957.0,1674.0
35,50,2957.0,1674.0
35,51,2957.0,1674.0
35,52,2957.0,1674.0
35,53,2957.0,1674.0
35,54,2957.0,1674.0
35,55,2957.0,1674.0
35,56,2957.0,1674.0
35,57,2957.0,1674.0
35,58,2957.0,1674.0
35,59,2957.0,1674.0
35,60,2957.0,1674.0
35,61,2957.0,1674.0
35,62,2957.0,1674.0
35,63,2957.0,1674.0
35,64,2957.0,1674.0
35,65,2957.0,1674.0
35,66,2957.0,1674.0
35,67,2957.0,1674.0
35,68,2957.0,1674.0
35,69,2957.0,1674.0
35,70,2957.0,1674.0
35,71,2957.0,1674.0
35,72,2957.0,1674.0
35,73,2957.0,1674.0
35,74,2957.0,1674.0
35,75,2957.0,1674.0
35,76,2957.0,1674.0
35,77,2957.0,1674.0
35,78,2957.0,1674.0
35,79,2957.0,1674.0
35,80,2957.0,1674.0
35,81,2957.0,1674.0
35,82,2957.0,1674.0
35,83,2957.0,1674.0
35,84,2957.0,1674.0
35,85,2957.0,1674.0
35,86,2957.0,1674.0
35,87,2957.0,1674.0
35,88,2957.0,1674.0
35,89,2957.0,1674.0
35,90,2957.0,1674.0
35,91,2957.0,1674.0
35,92,2957.0,1674.0
35,93,2957.0,1674.0
35,94,2957.0,1674.0
35,95,2957.0,1674.0
35,96,2957.0,1674.0
35,97,2957.0,1674.0
35,98,2957.0,1674.0
35,99,2957.0,1674.0
35,100,2957.0,1674.0
35,101,2957.0,1674.0
35,102,2957.0,1674.0
35,103,2957.0,1674.0
35,104,2957.0,1674.0
35,105,2957.0,1674.0
35,106,2957.0,1674.0
35,107,2957.0,1674.0
35,108,2957.0,1674.0
35,109,2957.0,1674.0
35,110,2957.0,1674.0
35,111,2957.0,1674.0
35,112,2957.0,1674.0
35,113,2957.0,1674.0
35,114,2957.0,1674.0
35,115,2957.0,1674.0
35,116,2957.0,1674.0
35,117,2957.0,1674.0
35,118,2957.0,1674.0
35,119,2957.0,1674.0
35,120,2957.0,1674.0
35,121,2957.0,1674.0
35,122,2957.0,1674.0
35,123,2957.0,1674.0
35,124,2957.0,1674.0
35,125,2957.0,1674.0
35,126,2957.0,1674.0
35,127,2957.0,1674.0
35,128,2957.0,1674.0
35,129,2957.0,1674.0
35,130,2957.0,1674.0
35,131,2957.0,1674.0
35,132,2957.0,1674.0
35,133,2957.0,1674.0
35,134,2957.0,1674.0
35,135,2957.0,1674.0
35,136,2957.0,1674.0
35,137,2957.0,1674.0
35,138,2957.0,1674.0
35,139,2957.0,1674.0
35,140,2957.0,1674.0
35,141,2957.0,1674.0
35,142,2957.0,1674.0
35,143,2957.0,1674.0
35,144,2957.0,1674.0
35,145,2957.0,1674.0
35,146,2957.0,1674.0
35,147,2957.0,1674.0
35,148,2957.0,1674.0
35,149,2957.0,1674.0
35,150,2957.0,1674.0
35,151,2957.0,1674.0
35,152,2957.0,1674.0
35,153,2957.0,1674.0
35,154,2957.0,1674.0
35,155,2957.0,1674.0
35,156,2957.0,1674.0
35,157,2957.0,1674.0
35,158,2957.0,1674.0
35,159,2957.0,1674.0
35,160,2957.0,1674.0
35,161,2957.0,1674.0
35,162,2957.0,1674.0
35,163,2957.0,1674.0
35,164,2957.0,1674.0
35,165,2957.0,1674.0
35,166,2957.0,1674.0
35,167,2957.0,1674.0
35,168,2957.0,1674.0
35,169,2957.0,1674.0
35,170,2957.0,1674.0
35,171,2957.0,1674.0
35,172,2957.0,1674.0
35,173,2957.0,1674.0
35,174,2957.0,1674.0
35,175,2957.0,1674.0
35,176,2957.0,1674.0
35,177,2957.0,1674.0
35,178,2957.0,1674.0
35,179,2957.0,1674.0
35,180,2957.0,1674.0
35,181,2957.0,1674.0
35,182,2957.0,1674.0
35,183,2957.0,1674.0
35,184,2957.0,1674.0
35,185,2957.0,1674.0
35,186,2957.0,1674.0
35,187,2957.0,1674.0
35,188,2957.0,1674.0
35,189,2957.0,1674.0
35,190,2957.0,1674.0
35,191,2957.0,1674.0
35,192,2957.0,1674.0
35,193,2957.0,1674.0
35,194,2957.0,1674.0
35,195,2957.0,1674.0
35,196,2957.0,1674.0
35,197,2957.0,1674.0
35,198,2957.0,1674.0
35,199,2957.0,1674.0
35,200,2957.0,1674.0
35,201,2957.0,1674.0
35,202,2957.0,1674.0
35,203,2957.0,1674.0
35,204,2957.0,1674.0
35,205,2957.0,1674.0
35,206,2957.0,1674.0
35,207,2957.0,1674.0
35,208,2957.0,1674.0
35,209,2957.0,1674.0
35,210,2957.0,1674.0
35,211,2957.0,1674.0
35,212,2957.0,1674.0
35,213,2957.0,1674.0
35,214,2957.0,1674.0
35,215,2957.0,1674.0
35,216,2957.0,1674.0
35,217,2957.0,1674.0
35,218,2957.0,1674.0
35,219,2957.0,1674.0
35,220,2957.0,1674.0
35,221,2957.0,1674.0
35,222,2957.0,1674.0
35,223,2957.0,1674.0
35,224,2957.0,1674.0
35,225,2957.0,1674.0
35,226,2957.0,1674.0
35,227,2957.0,1674.0
35,228,2957.0,1674.0
35,229,2957.0,1674.0
35,230,2957.0,1674.0
35,231,2957.0,1674.0
35,232,2957.0,1674.0
35,233,2957.0,1674.0
35,234,2957.0,1674.0
35,235,2957.0,1674.0
35,236,2957.0,1674.0
35,237,2957.0,1674.0
35,238,2957.0,1674.0
35,239,2957.0,1674.0
35,240,2957.0,1674.0
35,241,2957.0,1674.0
35,242,2957.0,1674.0
35,243,2957.0,1674.0
35,244,2957.0,1674.0
35,245,2957.0,1674.0
35,246,2957.0,1674.0
35,247,2957.0,1674.0
35,248,2957.0,1674.0
35,249,2957.0,1674.0
35,250,2957.0,1674.0
35,251,2957.0,1674.0
35,252,2957.0,1674.0
35,253,2957.0,1674.0
35,254,2957.0,1674.0
35,255,2957.0,1674.0
35,256,2957.0,1674.0
35,257,2957.0,1674.0
35,258,2957.0,1674.0
35,259,2957.0,1674.0
35,260,2957.0,1674.0
35,261,2957.0,1674.0
35,262,2957.0,1674.0
35,263,2957.0,1674.0
35,264,2957.0,1674.0
35,265,2957.0,1674.0
35,266,2957.0,1674.0
35,267,2957.0,1674.0
35,268,2957.0,1674.0
35,269,2957.0,1674.0
35,270,2957.0,1674.0
35,271,2957.0,1674.0
35,272,2957.0,1674.0
35,273,2957.0,1674.0
35,274,2957.0,1674.0
35,275,2957.0,1674.0
35,276,2957.0,1674.0
35,277,2957.0,1674.0
35,278,2957.0,1674.0
35,279,2957.0,1674.0
35,280,2957.0,1674.0
35,281,2957.0,1674.0
35,282,2957.0,1674.0
35,283,2957.0,1674.0
35,284,2957.0,1674.0
35,285,2957.0,1674.0
35,286,2957.0,1674.0
35,287,2957.0,1674.0
35,288,2957.0,1674.0
35,289,2957.0,1674.0
35,290,2957.0,1674.0
35,291,2957.0,1674.0
35,292,2957.0,1674.0
35,293,2957.0,1674.0
35,294,2957.0,1674.0
35,295,2957.0,1674.0
35,296,2957.0,1674.0
35,297,2957.0,1674.0
35,298,2957.0,1674.0
35,299,2957.0,1674.0
35,300,2957.0,1674.0
35,301,2957.0,1674.0
35,302,2957.0,1674.0
35,303,2957.0,1674.0
35,304,2957.0,1674.0
35,305,2957.0,1674.0
35,306,2957.0,1674.0
35,307,2957.0,1674.0
35,308,2957.0,1674.0
35,309,2957.0,1674.0
35,310,2957.0,1674.0
35,311,2957.0,1674.0
35,312,2957.0,1674.0
35,313,2957.0,1674.0
35,314,2957.0,1674.0
35,315,2957.0,1674.0
35,316,2957.0,1674.0
35,317,2957.0,1674.0
35,318,2957.0,1674.0
35,319,2957.0,1674.0
35,320,2957.0,1674.0
35,321,2957.0,1674.0
35,322,2957.0,1674.0
35,323,2957.0,1674.0
35,324,2957.0,1674.0
35,325,2957.0,1674.0
35,326,2957.0,1674.0
35,327,2957.0,1674.0
35,328,2957.0,1674.0
35,329,2957.0,1674.0
35,330,2957.0,1674.0
35,331,2957.0,1674.0
35,332,2957.0,1674.0
35,333,2957.0,1674.0
35,334,2957.0,1674.0
35,335,2957.0,1674.0
35,336,2957.0,1674.0
35,337,2957.0,1674.0
35,338,2957.0,1674.0
35,339,2957.0,1674.0
35,340,2957.0,1674.0
35,341,2957.0,1674.0
35,342,2957.0,1674.0
35,343,2957.0,1674.0
35,344,2957.0,1674.0
35,345,2957.0,1674.0
35,346,2957.0,1674.0
35,347,2957.0,1674.0
35,348,2957.0,1674.0
35,349,2957.0,1674.0
35,350,2957.0,1674.0
35,351,2957.0,1674.0
35,352,2957.0,1674.0
35,353,2957.0,1674.0
35,354,2957.0,1674.0
35,355,2957.0,1674.0
35,356,2957.0,1674.0
35,357,2957.0,1674.0
35,358,2957.0,1674.0
35,359,2957.0,1674.0
36,0,2915.0,1954.0
36,1,2915.0,1954.0
36,2,2915.0,1954.0
36,3,2915.0,1954.0
36,4,2915.0,1954.0
36,5,2915.0,1954.0
36,6,2915.0,1954.0
36,7,2915.0,1954.0
36,8,2915.0,1954.0
36,9,2915.0,1954.0
36,10,2915.0,1954.0
36,11,2915.0,1954.0
36,12,2915.0,1954.0
36,13,2915.0,1954.0
36,14,2915.0,1954.0
36,15,2915.0,1954.0
36,16,2915.0,1954.0
36,17,2915.0,1954.0
36,18,2915.0,1954.0
36,19,2915.0,1954.0
36,20,2915.0,1954.0
36,21,2915.0,1954.0
36,22,2915.0,1954.0
36,23,2915.0,1954.0
36,24,2915.0,1954.0
36,25,2915.0,1954.0
36,26,2915.0,1954.0
36,27,2915.0,1954.0
36,28,2915.0,1954.0
36,29,2915.0,1954.0
36,30,2915.0,1954.0
36,31,2915.0,1954.0
36,32,2915.0,1954.0
36,33,2915.0,1954.0
36,34,2915.0,1954.0
36,35,2915.0,1954.0
36,36,2915.0,1954.0
36,37,2915.0,1954.0
36,38,2915.0,1954.0
36,39,2915.0,1954.0
36,40,2915.0,1954.0
36,41,2915.0,1954.0
36,42,2915.0,1954.0
36,43,2915.0,1954.0
36,44,2915.0,1954.0
36,45,2915.0,1954.0
36,46,2915.0,1954.0
36,47,2915.0,1954.0
36,48,2915.0,1954.0
36,49,2915.0,1954.0
36,50,2915.0,1954.0
36,51,2915.0,1954.0
36,52,2915.0,1954.0
36,53,2915.0,1954.0
36,54,2915.0,1954.0
36,55,2915.0,1954.0
36,56,2915.0,1954.0
36,57,2915.0,1954.0
36,58,2915.0,1954.0
36,59,2915.0,1954.0
36,60,2915.0,1954.0
36,61,2915.0,1954.0
36,62,2915.0,1954.0
36,63,2915.0,1954.0
36,64,2915.0,1954.0
36,65,2915.0,1954.0
36,66,2915.0,1954.0
36,67,2915.0,1954.0
36,68,2915.0,1954.0
36,69,2915.0,1954.0
36,70,2915.0,1954.0
36,71,2915.0,1954.0
36,72,2915.0,1954.0
36,73,2915.0,1954.0
36,74,2915.0,1954.0
36,75,2915.0,1954.0
36,76,2915.0,1954.0
36,77,2915.0,1954.0
36,78,2915.0,1954.0
36,79,2915.0,1954.0
36,80,2915.0,1954.0
36,81,2915.0,1954.0
36,82,2915.0,1954.0
36,83,2915.0,1954.0
36,84,2915.0,1954.0
36,85,2915.0,1954.0
36,86,2915.0,1954.0
36,87,2915.0,1954.0
36,88,2915.0,1954.0
36,89,2915.0,1954.0
36,90,2915.0,1954.0
36,91,2915.0,1954.0
36,92,2915.0,1954.0
36,93,2915.0,1954.0
36,94,2915.0,1954.0
36,95,2915.0,1954.0
36,96,2915.0,1954.0
36,97,2915.0,1954.0
36,98,2915.0,1954.0
36,99,2915.0,1954.0
36,100,2915.0,1954.0
36,101,2915.0,1954.0
36,102,2915.0,1954.0
36,103,2915.0,1954.0
36,104,2915.0,1954.0
36,105,2915.0,1954.0
36,106,2915.0,1954.0
36,107,2915.0,1954.0
36,108,2915.0,1954.0
36,109,2915.0,1954.0
36,110,2915.0,1954.0
36,111,2915.0,1954.0
36,112,2915.0,1954.0
36,113,2915.0,1954.0
36,114,2915.0,1954.0
36,115,2915.0,1954.0
36,116,2915.0,1954.0
36,117,2915.0,1954.0
36,118,2915.0,1954.0
36,119,2915.0,1954.0
36,120,2915.0,1954.0
36,121,2915.0,1954.0
36,122,2915.0,1954.0
36,123,2915.0,1954.0
36,124,2915.0,1954.0
36,125,2915.0,1954.0
36,126,2915.0,1954.0
36,127,2915.0,1954.0
36,128,2915.0,1954.0
36,129,2915.0,1954.0
36,130,2915.0,1954.0
36,131,2915.0,1954.0
36,132,2915.0,1954.0
36,133,2915.0,1954.0
36,134,2915.0,1954.0
36,135,2915.0,1954.0
36,136,2915.0,1954.0
36,137,2915.0,1954.0
36,138,2915.0,1954.0
36,139,2915.0,1954.0
36,140,2915.0,1954.0
36,141,2915.0,1954.0
36,142,2915.0,1954.0
36,143,2915.0,1954.0
36,144,2915.0,1954.0
36,145,2915.0,1954.0
36,146,2915.0,1954.0
36,147,2915.0,1954.0
36,148,2915.0,1954.0
36,149,2915.0,1954.0
36,150,2915.0,1954.0
36,151,2915.0,1954.0
36,152,2915.0,1954.0
36,153,2915.0,1954.0
36,154,2915.0,1954.0
36,155,2915.0,1954.0
36,156,2915.0,1954.0
36,157,2915.0,1954.0
36,158,2915.0,1954.0
36,159,2915.0,1954.0
36,160,2915.0,1954.0
36,161,2915.0,1954.0
36,162,2915.0,1954.0
36,163,2915.0,1954.0
36,164,2915.0,1954.0
36,165,2915.0,1954.0
36,166,2915.0,1954.0
36,167,2915.0,1954.0
36,168,2915.0,1954.0
36,169,2915.0,1954.0
36,170,2915.0,1954.0
36,171,2915.0,1954.0
36,172,2915.0,1954.0
36,173,2915.0,1954.0
36,174,2915.0,1954.0
36,175,2915.0,1954.0
36,176,2915.0,1954.0
36,177,2915.0,1954.0
36,178,2915.0,1954.0
36,179,2915.0,1954.0
36,180,2915.0,1954.0
36,181,2915.0,1954.0
36,182,2915.0,1954.0
36,183,2915.0,1954.0
36,184,2915.0,1954.0
36,185,2915.0,1954.0
36,186,2915.0,1954.0
36,187,2915.0,1954.0
36,188,2915.0,1954.0
36,189,2915.0,1954.0
36,190,2915.0,1954.0
36,191,2915.0,1954.0
36,192,2915.0,1954.0
36,193,2915.0,1954.0
36,194,2915.0,1954.0
36,195,2915.0,1954.0
36,196,2915.0,1954.0
36,197,2915.0,1954.0
36,198,2915.0,1954.0
36,199,2915.0,1954.0
36,200,2915.0,1954.0
36,201,2915.0,1954.0
36,202,2915.0,1954.0
36,203,2915.0,1954.0
36,204,2915.0,1954.0
36,205,2915.0,1954.0
36,206,2915.0,1954.0
36,207,2915.0,1954.0
36,208,2915.0,1954.0
36,209,2915.0,1954.0
36,210,2915.0,1954.0
36,211,2915.0,1954.0
36,212,2915.0,1954.0
36,213,2915.0,1954.0
36,214,2915.0,1954.0
36,215,2915.0,1954.0
36,216,2915.0,1954.0
36,217,2915.0,1954.0
36,218,2915.0,1954.0
36,219,2915.0,1954.0
36,220,2915.0,1954.0
36,221,2915.0,1954.0
36,222,2915.0,1954.0
36,223,2915.0,1954.0
36,224,2915.0,1954.0
36,225,2915.0,1954.0
36,226,2915.0,1954.0
36,227,2915.0,1954.0
36,228,2915.0,1954.0
36,229,2915.0,1954.0
36,230,2915.0,1954.0
36,231,2915.0,1954.0
36,232,2915.0,1954.0
36,233,2915.0,1954.0
36,234,2915.0,1954.0
36,235,2915.0,1954.0
36,236,2915.0,1954.0
36,237,2915.0,1954.0
36,238,2915.0,1954.0
36,239,2915.0,1954.0
36,240,2915.0,1954.0
36,241,2915.0,1954.0
36,242,2915.0,1954.0
36,243,2915.0,1954.0
36,244,2915.0,1954.0
36,245,2915.0,1954.0
36,246,2915.0,1954.0
36,247,2915.0,1954.0
36,248,2915.0,1954.0
36,249,2915.0,1954.0
36,250,2915.0,1954.0
36,251,2915.0,1954.0
36,252,2915.0,1954.0
36,253,2915.0,1954.0
36,254,2915.0,1954.0
36,255,2915.0,1954.0
36,256,2915.0,1954.0
36,257,2915.0,1954.0
36,258,2915.0,1954.0
36,259,2915.0,1954.0
36,260,2915.0,1954.0
36,261,2915.0,1954.0
36,262,2915.0,1954.0
36,263,2915.0,1954.0
36,264,2915.0,1954.0
36,265,2915.0,1954.0
36,266,2915.0,1954.0
36,267,2915.0,1954.0
36,268,2915.0,1954.0
36,269,2915.0,1954.0
36,270,2915.0,1954.0
36,271,2915.0,1954.0
36,272,2915.0,1954.0
36,273,2915.0,1954.0
36,274,2915.0,1954.0
36,275,2915.0,1954.0
36,276,2915.0,1954.0
36,277,2915.0,1954.0
36,278,2915.0,1954.0
36,279,2915.0,1954.0
36,280,2915.0,1954.0
36,281,2915.0,1954.0
36,282,2915.0,1954.0
36,283,2915.0,1954.0
36,284,2915.0,1954.0
36,285,2915.0,1954.0
36,286,2915.0,1954.0
36,287,2915.0,1954.0
36,288,2915.0,1954.0
36,289,2915.0,1954.0
36,290,2915.0,1954.0
36,291,2915.0,1954.0
36,292,2915.0,1954.0
36,293,2915.0,1954.0
36,294,2915.0,1954.0
36,295,2915.0,1954.0
36,296,2915.0,1954.0
36,297,2915.0,1954.0
36,298,2915.0,1954.0
36,299,2915.0,1954.0
36,300,2915.0,1954.0
36,301,2915.0,1954.0
36,302,2915.0,1954.0
36,303,2915.0,1954.0
36,304,2915.0,1954.0
36,305,2915.0,1954.0
36,306,2915.0,1954.0
36,307,2915.0,1954.0
36,308,2915.0,1954.0
36,309,2915.0,1954.0
36,310,2915.0,1954.0
36,311,2915.0,1954.0
36,312,2915.0,1954.0
36,313,2915.0,1954.0
36,314,2915.0,1954.0
36,315,2915.0,1954.0
36,316,2915.0,1954.0
36,317,2915.0,1954.0
36,318,2915.0,1954.0
36,319,2915.0,1954.0
36,320,2915.0,1954.0
36,321,2915.0,1954.0
36,322,2915.0,1954.0
36,323,2915.0,1954.0
36,324,2915.0,1954.0
36,325,2915.0,1954.0
36,326,2915.0,1954.0
36,327,2915.0,1954.0
36,328,2915.0,1954.0
36,329,2915.0,1954.0
36,330,2915.0,1954.0
36,331,2915.0,1954.0
36,332,2915.0,1954.0
36,333,2915.0,1954.0
36,334,2915.0,1954.0
36,335,2915.0,1954.0
36,336,2915.0,1954.0
36,337,2915.0,1954.0
36,338,2915.0,1954.0
36,339,2915.0,1954.0
36,340,2915.0,1954.0
36,341,2915.0,1954.0
36,342,2915.0,1954.0
36,343,2915.0,1954.0
36,344,2915.0,1954.0
36,345,2915.0,1954.0
36,346,2915.0,1954.0
36,347,2915.0,1954.0
36,348,2915.0,1954.0
36,349,2915.0,1954.0
36,350,2915.0,1954.0
36,351,2915.0,1954.0
36,352,2915.0,1954.0
36,353,2915.0,1954.0
36,354,2915.0,1954.0
36,355,2915.0,1954.0
36,356,2915.0,1954.0
36,357,2915.0,1954.0
36,358,2915.0,1954.0
36,359,2915.0,1954.0
37,0,2412.0,2335.0
37,1,2412.0,2335.0
37,2,2412.0,2335.0
37,3,2412.0,2335.0
37,4,2412.0,2335.0
37,5,2412.0,2335.0
37,6,2412.0,2335.0
37,7,2412.0,2335.0
37,8,2412.0,2335.0
37,9,2412.0,2335.0
37,10,2412.0,2335.0
37,11,2412.0,2335.0
37,12,2412.0,2335.0
37,13,2412.0,2335.0
37,14,2412.0,2335.0
37,15,2412.0,2335.0
37,16,2412.0,2335.0
37,17,2412.0,2335.0
37,18,2412.0,2335.0
37,19,2412.0,2335.0
37,20,2412.0,2335.0
37,21,2412.0,2335.0
37,22,2412.0,2335.0
37,23,2412.0,2335.0
37,24,2412.0,2335.0
37,25,2412.0,2335.0
37,26,2412.0,2335.0
37,27,2412.0,2335.0
37,28,2412.0,2335.0
37,29,2412.0,2335.0
37,30,2412.0,2335.0
37,31,2412.0,2335.0
37,32,2412.0,2335.0
37,33,2412.0,2335.0
37,34,2412.0,2335.0
37,35,2412.0,2335.0
37,36,2412.0,2335.0
37,37,2412.0,2335.0
37,38,2412.0,2335.0
37,39,2412.0,2335.0
37,40,2412.0,2335.0
37,41,2412.0,2335.0
37,42,2412.0,2335.0
37,43,2412.0,2335.0
37,44,2412.0,2335.0
37,45,2412.0,2335.0
37,46,2412.0,2335.0
37,47,2412.0,2335.0
37,48,2412.0,2335.0
37,49,2412.0,2335.0
37,50,2412.0,2335.0
37,51,2412.0,2335.0
37,52,2412.0,2335.0
37,53,2412.0,2335.0
37,54,2412.0,2335.0
37,55,2412.0,2335.0
37,56,2412.0,2335.0
37,57,2412.0,2335.0
37,58,2412.0,2335.0
37,59,2412.0,2335.0
37,60,2412.0,2335.0
37,61,2412.0,2335.0
37,62,2412.0,2335.0
37,63,2412.0,2335.0
37,64,2412.0,2335.0
37,65,2412.0,2335.0
37,66,2412.0,2335.0
37,67,2412.0,2335.0
37,68,2412.0,2335.0
37,69,2412.0,2335.0
37,70,2412.0,2335.0
37,71,2412.0,2335.0
37,72,2412.0,2335.0
37,73,2412.0,2335.0
37,74,2412.0,2335.0
37,75,2412.0,2335.0
37,76,2412.0,2335.0
37,77,2412.0,2335.0
37,78,2412.0,2335.0
37,79,2412.0,2335.0
37,80,2412.0,2335.0
37,81,2412.0,2335.0
37,82,2412.0,2335.0
37,83,2412.0,2335.0
37,84,2412.0,2335.0
37,85,2412.0,2335.0
37,86,2412.0,2335.0
37,87,2412.0,2335.0
37,88,2412.0,2335.0
37,89,2412.0,2335.0
37,90,2412.0,2335.0
37,91,2412.0,2335.0
37,92,2412.0,2335.0
37,93,2412.0,2335.0
37,94,2412.0,2335.0
37,95,2412.0,2335.0
37,96,2412.0,2335.0
37,97,2412.0,2335.0
37,98,2412.0,2335.0
37,99,2412.0,2335.0
37,100,2412.0,2335.0
37,101,2412.0,2335.0
37,102,2412.0,2335.0
37,103,2412.0,2335.0
37,104,2412.0,2335.0
37,105,2412.0,2335.0
37,106,2412.0,2335.0
37,107,2412.0,2335.0
37,108,2412.0,2335.0
37,109,2412.0,2335.0
37,110,2412.0,2335.0
37,111,2412.0,2335.0
37,112,2412.0,2335.0
37,113,2412.0,2335.0
37,114,2412.0,2335.0
37,115,2412.0,2335.0
37,116,2412.0,2335.0
37,117,2412.0,2335.0
37,118,2412.0,2335.0
37,119,2412.0,2335.0
37,120,2412.0,2335.0
37,121,2412.0,2335.0
37,122,2412.0,2335.0
37,123,2412.0,2335.0
37,124,2412.0,2335.0
37,125,2412.0,2335.0
37,126,2412.0,2335.0
37,127,2412.0,2335.0
37,128,2412.0,2335.0
37,129,2412.0,2335.0
37,130,2412.0,2335.0
37,131,2412.0,2335.0
37,132,2412.0,2335.0
37,133,2412.0,2335.0
37,134,2412.0,2335.0
37,135,2412.0,2335.0
37,136,2412.0,2335.0
37,137,2412.0,2335.0
37,138,2412.0,2335.0
37,139,2412.0,2335.0
37,140,2412.0,2335.0
37,141,2412.0,2335.0
37,142,2412.0,2335.0
37,143,2412.0,2335.0
37,144,2412.0,2335.0
37,145,2412.0,2335.0
37,146,2412.0,2335.0
37,147,2412.0,2335.0
37,148,2412.0,2335.0
37,149,2412.0,2335.0
37,150,2412.0,2335.0
37,151,2412.0,2335.0
37,152,2412.0,2335.0
37,153,2412.0,2335.0
37,154,2412.0,2335.0
37,155,2412.0,2335.0
37,156,2412.0,2335.0
37,157,2412.0,2335.0
37,158,2412.0,2335.0
37,159,2412.0,2335.0
37,160,2412.0,2335.0
37,161,2412.0,2335.0
37,162,2412.0,2335.0
37,163,2412.0,2335.0
37,164,2412.0,2335.0
37,165,2412.0,2335.0
37,166,2412.0,2335.0
37,167,2412.0,2335.0
37,168,2412.0,2335.0
37,169,2412.0,2335.0
37,170,2412.0,2335.0
37,171,2412.0,2335.0
37,172,2412.0,2335.0
37,173,2412.0,2335.0
37,174,2412.0,2335.0
37,175,2412.0,2335.0
37,176,2412.0,2335.0
37,177,2412.0,2335.0
37,178,2412.0,2335.0
37,179,2412.0,2335.0
37,180,2412.0,2335.0
37,181,2412.0,2335.0
37,182,2412.0,2335.0
37,183,2412.0,2335.0
37,184,2412.0,2335.0
37,185,2412.0,2335.0
37,186,2412.0,2335.0
37,187,2412.0,2335.0
37,188,2412.0,2335.0
37,189,2412.0,2335.0
37,190,2412.0,2335.0
37,191,2412.0,2335.0
37,192,2412.0,2335.0
37,193,2412.0,2335.0
37,194,2412.0,2335.0
37,195,2412.0,2335.0
37,196,2412.0,2335.0
37,197,2412.0,2335.0
37,198,2412.0,2335.0
37,199,2412.0,2335.0
37,200,2412.0,2335.0
37,201,2412.0,2335.0
37,202,2412.0,2335.0
37,203,2412.0,2335.0
37,204,2412.0,2335.0
37,205,2412.0,2335.0
37,206,2412.0,2335.0
37,207,2412.0,2335.0
37,208,2412.0,2335.0
37,209,2412.0,2335.0
37,210,2412.0,2335.0
37,211,2412.0,2335.0
37,212,2412.0,2335.0
37,213,2412.0,2335.0
37,214,2412.0,2335.0
37,215,2412.0,2335.0
37,216,2412.0,2335.0
37,217,2412.0,2335.0
37,218,2412.0,2335.0
37,219,2412.0,2335.0
37,220,2412.0,2335.0
37,221,2412.0,2335.0
37,222,2412.0,2335.0
37,223,2412.0,2335.0
37,224,2412.0,2335.0
37,225,2412.0,2335.0
37,226,2412.0,2335.0
37,227,2412.0,2335.0
37,228,2412.0,2335.0
37,229,2412.0,2335.0
37,230,2412.0,2335.0
37,231,2412.0,2335.0
37,232,2412.0,2335.0
37,233,2412.0,2335.0
37,234,2412.0,2335.0
37,235,2412.0,2335.0
37,236,2412.0,2335.0
37,237,2412.0,2335.0
37,238,2412.0,2335.0
37,239,2412.0,2335.0
37,240,2412.0,2335.0
37,241,2412.0,2335.0
37,242,2412.0,2335.0
37,243,2412.0,2335.0
37,244,2412.0,2335.0
37,245,2412.0,2335.0
37,246,2412.0,2335.0
37,247,2412.0,2335.0
37,248,2412.0,2335.0
37,249,2412.0,2335.0
37,250,2412.0,2335.0
37,251,2412.0,2335.0
37,252,2412.0,2335.0
37,253,2412.0,2335.0
37,254,2412.0,2335.0
37,255,2412.0,2335.0
37,256,2412.0,2335.0
37,257,2412.0,2335.0
37,258,2412.0,2335.0
37,259,2412.0,2335.0
37,260,2412.0,2335.0
37,261,2412.0,2335.0
37,262,2412.0,2335.0
37,263,2412.0,2335.0
37,264,2412.0,2335.0
37,265,2412.0,2335.0
37,266,2412.0,2335.0
37,267,2412.0,2335.0
37,268,2412.0,2335.0
37,269,2412.0,2335.0
37,270,2412.0,2335.0
37,271,2412.0,2335.0
37,272,2412.0,2335.0
37,273,2412.0,2335.0
37,274,2412.0,2335.0
37,275,2412.0,2335.0
37,276,2412.0,2335.0
37,277,2412.0,2335.0
37,278,2412.0,2335.0
37,279,2412.0,2335.0
37,280,2412.0,2335.0
37,281,2412.0,2335.0
37,282,2412.0,2335.0
37,283,2412.0,2335.0
37,284,2412.0,2335.0
37,285,2412.0,2335.0
37,286,2412.0,2335.0
37,287,2412.0,2335.0
37,288,2412.0,2335.0
37,289,2412.0,2335.0
37,290,2412.0,2335.0
37,291,2412.0,2335.0
37,292,2412.0,2335.0
37,293,2412.0,2335.0
37,294,2412.0,2335.0
37,295,2412.0,2335.0
37,296,2412.0,2335.0
37,297,2412.0,2335.0
37,298,2412.0,2335.0
37,299,2412.0,2335.0
37,300,2412.0,2335.0
37,301,2412.0,2335.0
37,302,2412.0,2335.0
37,303,2412.0,2335.0
37,304,2412.0,2335.0
37,305,2412.0,2335.0
37,306,2412.0,2335.0
37,307,2412.0,2335.0
37,308,2412.0,2335.0
37,309,2412.0,2335.0
37,310,2412.0,2335.0
37,311,2412.0,2335.0
37,312,2412.0,2335.0
37,313,2412.0,2335.0
37,314,2412.0,2335.0
37,315,2412.0,2335.0
37,316,2412.0,2335.0
37,317,2412.0,2335.0
37,318,2412.0,2335.0
37,319,2412.0,2335.0
37,320,2412.0,2335.0
37,321,2412.0,2335.0
37,322,2412.0,2335.0
37,323,2412.0,2335.0
37,324,2412.0,2335.0
37,325,2412.0,2335.0
37,326,2412.0,2335.0
37,327,2412.0,2335.0
37,328,2412.0,2335.0
37,329,2412.0,2335.0
37,330,2412.0,2335.0
37,331,2412.0,2335.0
37,332,2412.0,2335.0
37,333,2412.0,2335.0
37,334,2412.0,2335.0
37,335,2412.0,2335.0
37,336,2412.0,2335.0
37,337,2412.0,2335.0
37,338,2412.0,2335.0
37,339,2412.0,2335.0
37,340,2412.0,2335.0
37,341,2412.0,2335.0
37,342,2412.0,2335.0
37,343,2412.0,2335.0
37,344,2412.0,2335.0
37,345,2412.0,2335.0
37,346,2412.0,2335.0
37,347,2412.0,2335.0
37,348,2412.0,2335.0
37,349,2412.0,2335.0
37,350,2412.0,2335.0
37,351,2412.0,2335.0
37,352,2412.0,2335.0
37,353,2412.0,2335.0
37,354,2412.0,2335.0
37,355,2412.0,2335.0
37,356,2412.0,2335.0
37,357,2412.0,2335.0
37,358,2412.0,2335.0
37,359,2412.0,2335.0
38,0,3149.0,1604.0
38,1,3149.0,1604.0
38,2,3149.0,1604.0
38,3,3149.0,1604.0
38,4,3149.0,1604.0
38,5,3149.0,1604.0
38,6,3149.0,1604.0
38,7,3149.0,1604.0
38,8,3149.0,1604.0
38,9,3149.0,1604.0
38,10,3149.0,1604.0
38,11,3149.0,1604.0
38,12,3149.0,1604.0
38,13,3149.0,1604.0
38,14,3149.0,1604.0
38,15,3149.0,1604.0
38,16,3149.0,1604.0
38,17,3149.0,1604.0
38,18,3149.0,1604.0
38,19,3149.0,1604.0
38,20,3149.0,1604.0
38,21,3149.0,1604.0
38,22,3149.0,1604.0
38,23,3149.0,1604.0
38,24,3149.0,1604.0
38,25,3149.0,1604.0
38,26,3149.0,1604.0
38,27,3149.0,1604.0
38,28,3149.0,1604.0
38,29,3149.0,1604.0
38,30,3149.0,1604.0
38,31,3149.0,1604.0
38,32,3149.0,1604.0
38,33,3149.0,1604.0
38,34,3149.0,1604.0
38,35,3149.0,1604.0
38,36,3149.0,1604.0
38,37,3149.0,1604.0
38,38,3149.0,1604.0
38,39,3149.0,1604.0
38,40,3149.0,1604.0
38,41,3149.0,1604.0
38,42,3149.0,1604.0
38,43,3149.0,1604.0
38,44,3149.0,1604.0
38,45,3149.0,1604.0
38,46,3149.0,1604.0
38,47,3149.0,1604.0
38,48,3149.0,1604.0
38,49,3149.0,1604.0
38,50,3149.0,1604.0
38,51,3149.0,1604.0
38,52,3149.0,1604.0
38,53,3149.0,1604.0
38,54,3149.0,1604.0
38,55,3149.0,1604.0
38,56,3149.0,1604.0
38,57,3149.0,1604.0
38,58,3149.0,1604.0
38,59,3149.0,1604.0
38,60,3149.0,1604.0
38,61,3149.0,1604.0
38,62,3149.0,1604.0
38,63,3149.0,1604.0
38,64,3149.0,1604.0
38,65,3149.0,1604.0
38,66,3149.0,1604.0
38,67,3149.0,1604.0
38,68,3149.0,1604.0
38,69,3149.0,1604.0
38,70,3149.0,1604.0
38,71,3149.0,1604.0
38,72,3149.0,1604.0
38,73,3149.0,1604.0
38,74,3149.0,1604.0
38,75,3149.0,1604.0
38,76,3149.0,1604.0
38,77,3149.0,1604.0
38,78,3149.0,1604.0
38,79,3149.0,1604.0
38,80,3149.0,1604.0
38,81,3149.0,1604.0
38,82,3149.0,1604.0
38,83,3149.0,1604.0
38,84,3149.0,1604.0
38,85,3149.0,1604.0
38,86,3149.0,1604.0
38,87,3149.0,1604.0
38,88,3149.0,1604.0
38,89,3149.0,1604.0
38,90,3149.0,1604.0
38,91,3149.0,1604.0
38,92,3149.0,1604.0
38,93,3149.0,1604.0
38,94,3149.0,1604.0
38,95,3149.0,1604.0
38,96,3149.0,1604.0
38,97,3149.0,1604.0
38,98,3149.0,1604.0
38,99,3149.0,1604.0
38,100,3149.0,1604.0
38,101,3149.0,1604.0
38,102,3149.0,1604.0
38,103,3149.0,1604.0
38,104,3149.0,1604.0
38,105,3149.0,1604.0
38,106,3149.0,1604.0
38,107,3149.0,1604.0
38,108,3149.0,1604.0
38,109,3149.0,1604.0
38,110,3149.0,1604.0
38,111,3149.0,1604.0
38,112,3149.0,1604.0
38,113,3149.0,1604.0
38,114,3149.0,1604.0
38,115,3149.0,1604.0
38,116,3149.0,1604.0
38,117,3149.0,1604.0
38,118,3149.0,1604.0
38,119,3149.0,1604.0
38,120,3149.0,1604.0
38,121,3149.0,1604.0
38,122,3149.0,1604.0
38,123,3149.0,1604.0
38,124,3149.0,1604.0
38,125,3149.0,1604.0
38,126,3149.0,1604.0
38,127,3149.0,1604.0
38,128,3149.0,1604.0
38,129,3149.0,1604.0
38,130,3149.0,1604.0
38,131,3149.0,1604.0
38,132,3149.0,1604.0
38,133,3149.0,1604.0
38,134,3149.0,1604.0
38,135,3149.0,1604.0
38,136,3149.0,1604.0
38,137,3149.0,1604.0
38,138,3149.0,1604.0
38,139,3149.0,1604.0
38,140,3149.0,1604.0
38,141,3149.0,1604.0
38,142,3149.0,1604.0
38,143,3149.0,1604.0
38,144,3149.0,1604.0
38,145,3149.0,1604.0
38,146,3149.0,1604.0
38,147,3149.0,1604.0
38,148,3149.0,1604.0
38,149,3149.0,1604.0
38,150,3149.0,1604.0
38,151,3149.0,1604.0
38,152,3149.0,1604.0
38,153,3149.0,1604.0
38,154,3149.0,1604.0
38,155,3149.0,1604.0
38,156,3149.0,1604.0
38,157,3149.0,1604.0
38,158,3149.0,1604.0
38,159,3149.0,1604.0
38,160,3149.0,1604.0
38,161,3149.0,1604.0
38,162,3149.0,1604.0
38,163,3149.0,1604.0
38,164,3149.0,1604.0
38,165,3149.0,1604.0
38,166,3149.0,1604.0
38,167,3149.0,1604.0
38,168,3149.0,1604.0
38,169,3149.0,1604.0
38,170,3149.0,1604.0
38,171,3149.0,1604.0
38,172,3149.0,1604.0
38,173,3149.0,1604.0
38,174,3149.0,1604.0
38,175,3149.0,1604.0
38,176,3149.0,1604.0
38,177,3149.0,1604.0
38,178,3149.0,1604.0
38,179,3149.0,1604.0
38,180,3149.0,1604.0
38,181,3149.0,1604.0
38,182,3149.0,1604.0
38,183,3149.0,1604.0
38,184,3149.0,1604.0
38,185,3149.0,1604.0
38,186,3149.0,1604.0
38,187,3149.0,1604.0
38,188,3149.0,1604.0
38,189,3149.0,1604.0
38,190,3149.0,1604.0
38,191,3149.0,1604.0
38,192,3149.0,1604.0
38,193,3149.0,1604.0
38,194,3149.0,1604.0
38,195,3149.0,1604.0
38,196,3149.0,1604.0
38,197,3149.0,1604.0
38,198,3149.0,1604.0
38,199,3149.0,1604.0
38,200,3149.0,1604.0
38,201,3149.0,1604.0
38,202,3149.0,1604.0
38,203,3149.0,1604.0
38,204,3149.0,1604.0
38,205,3149.0,1604.0
38,206,3149.0,1604.0
38,207,3149.0,1604.0
38,208,3149.0,1604.0
38,209,3149.0,1604.0
38,210,3149.0,1604.0
38,211,3149.0,1604.0
38,212,3149.0,1604.0
38,213,3149.0,1604.0
38,214,3149.0,1604.0
38,215,3149.0,1604.0
38,216,3149.0,1604.0
38,217,3149.0,1604.0
38,218,3149.0,1604.0
38,219,3149.0,1604.0
38,220,3149.0,1604.0
38,221,3149.0,1604.0
38,222,3149.0,1604.0
38,223,3149.0,1604.0
38,224,3149.0,1604.0
38,225,3149.0,1604.0
38,226,3149.0,1604.0
38,227,3149.0,1604.0
38,228,3149.0,1604.0
38,229,3149.0,1604.0
38,230,3149.0,1604.0
38,231,3149.0,1604.0
38,232,3149.0,1604.0
38,233,3149.0,1604.0
38,234,3149.0,1604.0
38,235,3149.0,1604.0
38,236,3149.0,1604.0
38,237,3149.0,1604.0
38,238,3149.0,1604.0
38,239,3149.0,1604.0
38,240,3149.0,1604.0
38,241,3149.0,1604.0
38,242,3149.0,1604.0
38,243,3149.0,1604.0
38,244,3149.0,1604.0
38,245,3149.0,1604.0
38,246,3149.0,1604.0
38,247,3149.0,1604.0
38,248,3149.0,1604.0
38,249,3149.0,1604.0
38,250,3149.0,1604.0
38,251,3149.0,1604.0
38,252,3149.0,1604.0
38,253,3149.0,1604.0
38,254,3149.0,1604.0
38,255,3149.0,1604.0
38,256,3149.0,1604.0
38,257,3149.0,1604.0
38,258,3149.0,1604.0
38,259,3149.0,1604.0
38,260,3149.0,1604.0
38,261,3149.0,1604.0
38,262,3149.0,1604.0
38,263,3149.0,1604.0
38,264,3149.0,1604.0
38,265,3149.0,1604.0
38,266,3149.0,1604.0
38,267,3149.0,1604.0
38,268,3149.0,1604.0
38,269,3149.0,1604.0
38,270,3149.0,1604.0
38,271,3149.0,1604.0
38,272,3149.0,1604.0
38,273,3149.0,1604.0
38,274,3149.0,1604.0
38,275,3149.0,1604.0
38,276,3149.0,1604.0
38,277,3149.0,1604.0
38,278,3149.0,1604.0
38,279,3149.0,1604.0
38,280,3149.0,1604.0
38,281,3149.0,1604.0
38,282,3149.0,1604.0
38,283,3149.0,1604.0
38,284,3149.0,1604.0
38,285,3149.0,1604.0
38,286,3149.0,1604.0
38,287,3149.0,1604.0
38,288,3149.0,1604.0
38,289,3149.0,1604.0
38,290,3149.0,1604.0
38,291,3149.0,1604.0
38,292,3149.0,1604.0
38,293,3149.0,1604.0
38,294,3149.0,1604.0
38,295,3149.0,1604.0
38,296,3149.0,1604.0
38,297,3149.0,1604.0
38,298,3149.0,1604.0
38,299,3149.0,1604.0
38,300,3149.0,1604.0
38,301,3149.0,1604.0
38,302,3149.0,1604.0
38,303,3149.0,1604.0
38,304,3149.0,1604.0
38,305,3149.0,1604.0
38,306,3149.0,1604.0
38,307,3149.0,1604.0
38,308,3149.0,1604.0
38,309,3149.0,1604.0
38,310,3149.0,1604.0
38,311,3149.0,1604.0
38,312,3149.0,1604.0
38,313,3149.0,1604.0
38,314,3149.0,1604.0
38,315,3149.0,1604.0
38,316,3149.0,1604.0
38,317,3149.0,1604.0
38,318,3149.0,1604.0
38,319,3149.0,1604.0
38,320,3149.0,1604.0
38,321,3149.0,1604.0
38,322,3149.0,1604.0
38,323,3149.0,1604.0
38,324,3149.0,1604.0
38,325,3149.0,1604.0
38,326,3149.0,1604.0
38,327,3149.0,1604.0
38,328,3149.0,1604.0
38,329,3149.0,1604.0
38,330,3149.0,1604.0
38,331,3149.0,1604.0
38,332,3149.0,1604.0
38,333,3149.0,1604.0
38,334,3149.0,1604.0
38,335,3149.0,1604.0
38,336,3149.0,1604.0
38,337,3149.0,1604.0
38,338,3149.0,1604.0
38,339,3149.0,1604.0
38,340,3149.0,1604.0
38,341,3149.0,1604.0
38,342,3149.0,1604.0
38,343,3149.0,1604.0
38,344,3149.0,1604.0
38,345,3149.0,1604.0
38,346,3149.0,1604.0
38,347,3149.0,1604.0
38,348,3149.0,1604.0
38,349,3149.0,1604.0
38,350,3149.0,1604.0
38,351,3149.0,1604.0
38,352,3149.0,1604.0
38,353,3149.0,1604.0
38,354,3149.0,1604.0
38,355,3149.0,1604.0
38,356,3149.0,1604.0
38,357,3149.0,1604.0
38,358,3149.0,1604.0
38,359,3149.0,1604.0
39,0,1345.0,1583.0
39,1,1345.0,1583.0
39,2,1345.0,1583.0
39,3,1345.0,1583.0
39,4,1345.0,1583.0
39,5,1345.0,1583.0
39,6,1345.0,1583.0
39,7,1345.0,1583.0
39,8,1345.0,1583.0
39,9,1345.0,1583.0
39,10,1345.0,1583.0
39,11,1345.0,1583.0
39,12,1345.0,1583.0
39,13,1345.0,1583.0
39,14,1345.0,1583.0
39,15,1345.0,1583.0
39,16,1345.0,1583.0
39,17,1345.0,1583.0
39,18,1345.0,1583.0
39,19,1345.0,1583.0
39,20,1345.0,1583.0
39,21,1345.0,1583.0
39,22,1345.0,1583.0
39,23,1345.0,1583.0
39,24,1345.0,1583.0
39,25,1345.0,1583.0
39,26,1345.0,1583.0
39,27,1345.0,1583.0
39,28,1345.0,1583.0
39,29,1345.0,1583.0
39,30,1345.0,1583.0
39,31,1345.0,1583.0
39,32,1345.0,1583.0
39,33,1345.0,1583.0
39,34,1345.0,1583.0
39,35,1345.0,1583.0
39,36,1345.0,1583.0
39,37,1345.0,1583.0
39,38,1345.0,1583.0
39,39,1345.0,1583.0
39,40,1345.0,1583.0
39,41,1345.0,1583.0
39,42,1345.0,1583.0
39,43,1345.0,1583.0
39,44,1345.0,1583.0
39,45,1345.0,1583.0
39,46,1345.0,1583.0
39,47,1345.0,1583.0
39,48,1345.0,1583.0
39,49,1345.0,1583.0
39,50,1345.0,1583.0
39,51,1345.0,1583.0
39,52,1345.0,1583.0
39,53,1345.0,1583.0
39,54,1345.0,1583.0
39,55,1345.0,1583.0
39,56,1345.0,1583.0
39,57,1345.0,1583.0
39,58,1345.0,1583.0
39,59,1345.0,1583.0
39,60,1345.0,1583.0
39,61,1345.0,1583.0
39,62,1345.0,1583.0
39,63,1345.0,1583.0
39,64,1345.0,1583.0
39,65,1345.0,1583.0
39,66,1345.0,1583.0
39,67,1345.0,1583.0
39,68,1345.0,1583.0
39,69,1345.0,1583.0
39,70,1345.0,1583.0
39,71,1345.0,1583.0
39,72,1345.0,1583.0
39,73,1345.0,1583.0
39,74,1345.0,1583.0
39,75,1345.0,1583.0
39,76,1345.0,1583.0
39,77,1345.0,1583.0
39,78,1345.0,1583.0
39,79,1345.0,1583.0
39,80,1345.0,1583.0
39,81,1345.0,1583.0
39,82,1345.0,1583.0
39,83,1345.0,1583.0
39,84,1345.0,1583.0
39,85,1345.0,1583.0
39,86,1345.0,1583.0
39,87,1345.0,1583.0
39,88,1345.0,1583.0
39,89,1345.0,1583.0
39,90,1345.0,1583.0
39,91,1345.0,1583.0
39,92,1345.0,1583.0
39,93,1345.0,1583.0
39,94,1345.0,1583.0
39,95,1345.0,1583.0
39,96,1345.0,1583.0
39,97,1345.0,1583.0
39,98,1345.0,1583.0
39,99,1345.0,1583.0
39,100,1345.0,1583.0
39,101,1345.0,1583.0
39,102,1345.0,1583.0
39,103,1345.0,1583.0
39,104,1345.0,1583.0
39,105,1345.0,1583.0
39,106,1345.0,1583.0
39,107,1345.0,1583.0
39,108,1345.0,1583.0
39,109,1345.0,1583.0
39,110,1345.0,1583.0
39,111,1345.0,1583.0
39,112,1345.0,1583.0
39,113,1345.0,1583.0
39,114,1345.0,1583.0
39,115,1345.0,1583.0
39,116,1345.0,1583.0
39,117,1345.0,1583.0
39,118,1345.0,1583.0
39,119,1345.0,1583.0
39,120,1345.0,1583.0
39,121,1345.0,1583.0
39,122,1345.0,1583.0
39,123,1345.0,1583.0
39,124,1345.0,1583.0
39,125,1345.0,1583.0
39,126,1345.0,1583.0
39,127,1345.0,1583.0
39,128,1345.0,1583.0
39,129,1345.0,1583.0
39,130,1345.0,1583.0
39,131,1345.0,1583.0
39,132,1345.0,1583.0
39,133,1345.0,1583.0
39,134,1345.0,1583.0
39,135,1345.0,1583.0
39,136,1345.0,1583.0
39,137,1345.0,1583.0
39,138,1345.0,1583.0
39,139,1345.0,1583.0
39,140,1345.0,1583.0
39,141,1345.0,1583.0
39,142,1345.0,1583.0
39,143,1345.0,1583.0
39,144,1345.0,1583.0
39,145,1345.0,1583.0
39,146,1345.0,1583.0
39,147,1345.0,1583.0
39,148,1345.0,1583.0
39,149,1345.0,1583.0
39,150,1345.0,1583.0
39,151,1345.0,1583.0
39,152,1345.0,1583.0
39,153,1345.0,1583.0
39,154,1345.0,1583.0
39,155,1345.0,1583.0
39,156,1345.0,1583.0
39,157,1345.0,1583.0
39,158,1345.0,1583.0
39,159,1345.0,1583.0
39,160,1345.0,1583.0
39,161,1345.0,1583.0
39,162,1345.0,1583.0
39,163,1345.0,1583.0
39,164,1345.0,1583.0
39,165,1345.0,1583.0
39,166,1345.0,1583.0
39,167,1345.0,1583.0
39,168,1345.0,1583.0
39,169,1345.0,1583.0
39,170,1345.0,1583.0
39,171,1345.0,1583.0
39,172,1345.0,1583.0
39,173,1345.0,1583.0
39,174,1345.0,1583.0
39,175,1345.0,1583.0
39,176,1345.0,1583.0
39,177,1345.0,1583.0
39,178,1345.0,1583.0
39,179,1345.0,1583.0
39,180,1345.0,1583.0
39,181,1345.0,1583.0
39,182,1345.0,1583.0
39,183,1345.0,1583.0
39,184,1345.0,1583.0
39,185,1345.0,1583.0
39,186,1345.0,1583.0
39,187,1345.0,1583.0
39,188,1345.0,1583.0
39,189,1345.0,1583.0
39,190,1345.0,1583.0
39,191,1345.0,1583.0
39,192,1345.0,1583.0
39,193,1345.0,1583.0
39,194,1345.0,1583.0
39,195,1345.0,1583.0
39,196,1345.0,1583.0
39,197,1345.0,1583.0
39,198,1345.0,1583.0
39,199,1345.0,1583.0
39,200,1345.0,1583.0
39,201,1345.0,1583.0
39,202,1345.0,1583.0
39,203,1345.0,1583.0
39,204,1345.0,1583.0
39,205,1345.0,1583.0
39,206,1345.0,1583.0
39,207,1345.0,1583.0
39,208,1345.0,1583.0
39,209,1345.0,1583.0
39,210,1345.0,1583.0
39,211,1345.0,1583.0
39,212,1345.0,1583.0
39,213,1345.0,1583.0
39,214,1345.0,1583.0
39,215,1345.0,1583.0
39,216,1345.0,1583.0
39,217,1345.0,1583.0
39,218,1345.0,1583.0
39,219,1345.0,1583.0
39,220,1345.0,1583.0
39,221,1345.0,1583.0
39,222,1345.0,1583.0
39,223,1345.0,1583.0
39,224,1345.0,1583.0
39,225,1345.0,1583.0
39,226,1345.0,1583.0
39,227,1345.0,1583.0
39,228,1345.0,1583.0
39,229,1345.0,1583.0
39,230,1345.0,1583.0
39,231,1345.0,1583.0
39,232,1345.0,1583.0
39,233,1345.0,1583.0
39,234,1345.0,1583.0
39,235,1345.0,1583.0
39,236,1345.0,1583.0
39,237,1345.0,1583.0
39,238,1345.0,1583.0
39,239,1345.0,1583.0
39,240,1345.0,1583.0
39,241,1345.0,1583.0
39,242,1345.0,1583.0
39,243,1345.0,1583.0
39,244,1345.0,1583.0
39,245,1345.0,1583.0
39,246,1345.0,1583.0
39,247,1345.0,1583.0
39,248,1345.0,1583.0
39,249,1345.0,1583.0
39,250,1345.0,1583.0
39,251,1345.0,1583.0
39,252,1345.0,1583.0
39,253,1345.0,1583.0
39,254,1345.0,1583.0
39,255,1345.0,1583.0
39,256,1345.0,1583.0
39,257,1345.0,1583.0
39,258,1345.0,1583.0
39,259,1345.0,1583.0
39,260,1345.0,1583.0
39,261,1345.0,1583.0
39,262,1345.0,1583.0
39,263,1345.0,1583.0
39,264,1345.0,1583.0
39,265,1345.0,1583.0
39,266,1345.0,1583.0
39,267,1345.0,1583.0
39,268,1345.0,1583.0
39,269,1345.0,1583.0
39,270,1345.0,1583.0
39,271,1345.0,1583.0
39,272,1345.0,1583.0
39,273,1345.0,1583.0
39,274,1345.0,1583.0
39,275,1345.0,1583.0
39,276,1345.0,1583.0
39,277,1345.0,1583.0
39,278,1345.0,1583.0
39,279,1345.0,1583.0
39,280,1345.0,1583.0
39,281,1345.0,1583.0
39,282,1345.0,1583.0
39,283,1345.0,1583.0
39,284,1345.0,1583.0
39,285,1345.0,1583.0
39,286,1345.0,1583.0
39,287,1345.0,1583.0
39,288,1345.0,1583.0
39,289,1345.0,1583.0
39,290,1345.0,1583.0
39,291,1345.0,1583.0
39,292,1345.0,1583.0
39,293,1345.0,1583.0
39,294,1345.0,1583.0
39,295,1345.0,1583.0
39,296,1345.0,1583.0
39,297,1345.0,1583.0
39,298,1345.0,1583.0
39,299,1345.0,1583.0
39,300,1345.0,1583.0
39,301,1345.0,1583.0
39,302,1345.0,1583.0
39,303,1345.0,1583.0
39,304,1345.0,1583.0
39,305,1345.0,1583.0
39,306,1345.0,1583.0
39,307,1345.0,1583.0
39,308,1345.0,1583.0
39,309,1345.0,1583.0
39,310,1345.0,1583.0
39,311,1345.0,1583.0
39,312,1345.0,1583.0
39,313,1345.0,1583.0
39,314,1345.0,1583.0
39,315,1345.0,1583.0
39,316,1345.0,1583.0
39,317,1345.0,1583.0
39,318,1345.0,1583.0
39,319,1345.0,1583.0
39,320,1345.0,1583.0
39,321,1345.0,1583.0
39,322,1345.0,1583.0
39,323,1345.0,1583.0
39,324,1345.0,1583.0
39,325,1345.0,1583.0
39,326,1345.0,1583.0
39,327,1345.0,1583.0
39,328,1345.0,1583.0
39,329,1345.0,1583.0
39,330,1345.0,1583.0
39,331,1345.0,1583.0
39,332,1345.0,1583.0
39,333,1345.0,1583.0
39,334,1345.0,1583.0
39,335,1345.0,1583.0
39,336,1345.0,1583.0
39,337,1345.0,1583.0
39,338,1345.0,1583.0
39,339,1345.0,1583.0
39,340,1345.0,1583.0
39,341,1345.0,1583.0
39,342,1345.0,1583.0
39,343,1345.0,1583.0
39,344,1345.0,1583.0
39,345,1345.0,1583.0
39,346,1345.0,1583.0
39,347,1345.0,1583.0
39,348,1345.0,1583.0
39,349,1345.0,1583.0
39,350,1345.0,1583.0
39,351,1345.0,1583.0
39,352,1345.0,1583.0
39,353,1345.0,1583.0
39,354,1345.0,1583.0
39,355,1345.0,1583.0
39,356,1345.0,1583.0
39,357,1345.0,1583.0
39,358,1345.0,1583.0
39,359,1345.0,1583.0
40,0,2668.0,2199.0
40,1,2668.0,2199.0
40,2,2668.0,2199.0
40,3,2668.0,2199.0
40,4,2668.0,2199.0
40,5,2668.0,2199.0
40,6,2668.0,2199.0
40,7,2668.0,2199.0
40,8,2668.0,2199.0
40,9,2668.0,2199.0
40,10,2668.0,2199.0
40,11,2668.0,2199.0
40,12,2668.0,2199.0
40,13,2668.0,2199.0
40,14,2668.0,2199.0
40,15,2668.0,2199.0
40,16,2668.0,2199.0
40,17,2668.0,2199.0
40,18,2668.0,2199.0
40,19,2668.0,2199.0
40,20,2668.0,2199.0
40,21,2668.0,2199.0
40,22,2668.0,2199.0
40,23,2668.0,2199.0
40,24,2668.0,2199.0
40,25,2668.0,2199.0
40,26,2668.0,2199.0
40,27,2668.0,2199.0
40,28,2668.0,2199.0
40,29,2668.0,2199.0
40,30,2668.0,2199.0
40,31,2668.0,2199.0
40,32,2668.0,2199.0
40,33,2668.0,2199.0
40,34,2668.0,2199.0
40,35,2668.0,2199.0
40,36,2668.0,2199.0
40,37,2668.0,2199.0
40,38,2668.0,2199.0
40,39,2668.0,2199.0
40,40,2668.0,2199.0
40,41,2668.0,2199.0
40,42,2668.0,2199.0
40,43,2668.0,2199.0
40,44,2668.0,2199.0
40,45,2668.0,2199.0
40,46,2668.0,2199.0
40,47,2668.0,2199.0
40,48,2668.0,2199.0
40,49,2668.0,2199.0
40,50,2668.0,2199.0
40,51,2668.0,2199.0
40,52,2668.0,2199.0
40,53,2668.0,2199.0
40,54,2668.0,2199.0
40,55,2668.0,2199.0
40,56,2668.0,2199.0
40,57,2668.0,2199.0
40,58,2668.0,2199.0
40,59,2668.0,2199.0
40,60,2668.0,2199.0
40,61,2668.0,2199.0
40,62,2668.0,2199.0
40,63,2668.0,2199.0
40,64,2668.0,2199.0
40,65,2668.0,2199.0
40,66,2668.0,2199.0
40,67,2668.0,2199.0
40,68,2668.0,2199.0
40,69,2668.0,2199.0
40,70,2668.0,2199.0
40,71,2668.0,2199.0
40,72,2668.0,2199.0
40,73,2668.0,2199.0
40,74,2668.0,2199.0
40,75,2668.0,2199.0
40,76,2668.0,2199.0
40,77,2668.0,2199.0
40,78,2668.0,2199.0
40,79,2668.0,2199.0
40,80,2668.0,2199.0
40,81,2668.0,2199.0
40,82,2668.0,2199.0
40,83,2668.0,2199.0
40,84,2668.0,2199.0
40,85,2668.0,2199.0
40,86,2668.0,2199.0
40,87,2668.0,2199.0
40,88,2668.0,2199.0
40,89,2668.0,2199.0
40,90,2668.0,2199.0
40,91,2668.0,2199.0
40,92,2668.0,2199.0
40,93,2668.0,2199.0
40,94,2668.0,2199.0
40,95,2668.0,2199.0
40,96,2668.0,2199.0
40,97,2668.0,2199.0
40,98,2668.0,2199.0
40,99,2668.0,2199.0
40,100,2668.0,2199.0
40,101,2668.0,2199.0
40,102,2668.0,2199.0
40,103,2668.0,2199.0
40,104,2668.0,2199.0
40,105,2668.0,2199.0
40,106,2668.0,2199.0
40,107,2668.0,2199.0
40,108,2668.0,2199.0
40,109,2668.0,2199.0
40,110,2668.0,2199.0
40,111,2668.0,2199.0
40,112,2668.0,2199.0
40,113,2668.0,2199.0
40,114,2668.0,2199.0
40,115,2668.0,2199.0
40,116,2668.0,2199.0
40,117,2668.0,2199.0
40,118,2668.0,2199.0
40,119,2668.0,2199.0
40,120,2668.0,2199.0
40,121,2668.0,2199.0
40,122,2668.0,2199.0
40,123,2668.0,2199.0
40,124,2668.0,2199.0
40,125,2668.0,2199.0
40,126,2668.0,2199.0
40,127,2668.0,2199.0
40,128,2668.0,2199.0
40,129,2668.0,2199.0
40,130,2668.0,2199.0
40,131,2668.0,2199.0
40,132,2668.0,2199.0
40,133,2668.0,2199.0
40,134,2668.0,2199.0
40,135,2668.0,2199.0
40,136,2668.0,2199.0
40,137,2668.0,2199.0
40,138,2668.0,2199.0
40,139,2668.0,2199.0
40,140,2668.0,2199.0
40,141,2668.0,2199.0
40,142,2668.0,2199.0
40,143,2668.0,2199.0
40,144,2668.0,2199.0
40,145,2668.0,2199.0
40,146,2668.0,2199.0
40,147,2668.0,2199.0
40,148,2668.0,2199.0
40,149,2668.0,2199.0
40,150,2668.0,2199.0
40,151,2668.0,2199.0
40,152,2668.0,2199.0
40,153,2668.0,2199.0
40,154,2668.0,2199.0
40,155,2668.0,2199.0
40,156,2668.0,2199.0
40,157,2668.0,2199.0
40,158,2668.0,2199.0
40,159,2668.0,2199.0
40,160,2668.0,2199.0
40,161,2668.0,2199.0
40,162,2668.0,2199.0
40,163,2668.0,2199.0
40,164,2668.0,2199.0
40,165,2668.0,2199.0
40,166,2668.0,2199.0
40,167,2668.0,2199.0
40,168,2668.0,2199.0
40,169,2668.0,2199.0
40,170,2668.0,2199.0
40,171,2668.0,2199.0
40,172,2668.0,2199.0
40,173,2668.0,2199.0
40,174,2668.0,2199.0
40,175,2668.0,2199.0
40,176,2668.0,2199.0
40,177,2668.0,2199.0
40,178,2668.0,2199.0
40,179,2668.0,2199.0
40,180,2668.0,2199.0
40,181,2668.0,2199.0
40,182,2668.0,2199.0
40,183,2668.0,2199.0
40,184,2668.0,2199.0
40,185,2668.0,2199.0
40,186,2668.0,2199.0
40,187,2668.0,2199.0
40,188,2668.0,2199.0
40,189,2668.0,2199.0
40,190,2668.0,2199.0
40,191,2668.0,2199.0
40,192,2668.0,2199.0
40,193,2668.0,2199.0
40,194,2668.0,2199.0
40,195,2668.0,2199.0
40,196,2668.0,2199.0
40,197,2668.0,2199.0
40,198,2668.0,2199.0
40,199,2668.0,2199.0
40,200,2668.0,2199.0
40,201,2668.0,2199.0
40,202,2668.0,2199.0
40,203,2668.0,2199.0
40,204,2668.0,2199.0
40,205,2668.0,2199.0
40,206,2668.0,2199.0
40,207,2668.0,2199.0
40,208,2668.0,2199.0
40,209,2668.0,2199.0
40,210,2668.0,2199.0
40,211,2668.0,2199.0
40,212,2668.0,2199.0
40,213,2668.0,2199.0
40,214,2668.0,2199.0
40,215,2668.0,2199.0
40,216,2668.0,2199.0
40,217,2668.0,2199.0
40,218,2668.0,2199.0
40,219,2668.0,2199.0
40,220,2668.0,2199.0
40,221,2668.0,2199.0
40,222,2668.0,2199.0
40,223,2668.0,2199.0
40,224,2668.0,2199.0
40,225,2668.0,2199.0
40,226,2668.0,2199.0
40,227,2668.0,2199.0
40,228,2668.0,2199.0
40,229,2668.0,2199.0
40,230,2668.0,2199.0
40,231,2668.0,2199.0
40,232,2668.0,2199.0
40,233,2668.0,2199.0
40,234,2668.0,2199.0
40,235,2668.0,2199.0
40,236,2668.0,2199.0
40,237,2668.0,2199.0
40,238,2668.0,2199.0
40,239,2668.0,2199.0
40,240,2668.0,2199.0
40,241,2668.0,2199.0
40,242,2668.0,2199.0
40,243,2668.0,2199.0
40,244,2668.0,2199.0
40,245,2668.0,2199.0
40,246,2668.0,2199.0
40,247,2668.0,2199.0
40,248,2668.0,2199.0
40,249,2668.0,2199.0
40,250,2668.0,2199.0
40,251,2668.0,2199.0
40,252,2668.0,2199.0
40,253,2668.0,2199.0
40,254,2668.0,2199.0
40,255,2668.0,2199.0
40,256,2668.0,2199.0
40,257,2668.0,2199.0
40,258,2668.0,2199.0
40,259,2668.0,2199.0
40,260,2668.0,2199.0
40,261,2668.0,2199.0
40,262,2668.0,2199.0
40,263,2668.0,2199.0
40,264,2668.0,2199.0
40,265,2668.0,2199.0
40,266,2668.0,2199.0
40,267,2668.0,2199.0
40,268,2668.0,2199.0
40,269,2668.0,2199.0
40,270,2668.0,2199.0
40,271,2668.0,2199.0
40,272,2668.0,2199.0
40,273,2668.0,2199.0
40,274,2668.0,2199.0
40,275,2668.0,2199.0
40,276,2668.0,2199.0
40,277,2668.0,2199.0
40,278,2668.0,2199.0
40,279,2668.0,2199.0
40,280,2668.0,2199.0
40,281,2668.0,2199.0
40,282,2668.0,2199.0
40,283,2668.0,2199.0
40,284,2668.0,2199.0
40,285,2668.0,2199.0
40,286,2668.0,2199.0
40,287,2668.0,2199.0
40,288,2668.0,2199.0
40,289,2668.0,2199.0
40,290,2668.0,2199.0
40,291,2668.0,2199.0
40,292,2668.0,2199.0
40,293,2668.0,2199.0
40,294,2668.0,2199.0
40,295,2668.0,2199.0
40,296,2668.0,2199.0
40,297,2668.0,2199.0
40,298,2668.0,2199.0
40,299,2668.0,2199.0
40,300,2668.0,2199.0
40,301,2668.0,2199.0
40,302,2668.0,2199.0
40,303,2668.0,2199.0
40,304,2668.0,2199.0
40,305,2668.0,2199.0
40,306,2668.0,2199.0
40,307,2668.0,2199.0
40,308,2668.0,2199.0
40,309,2668.0,2199.0
40,310,2668.0,2199.0
40,311,2668.0,2199.0
40,312,2668.0,2199.0
40,313,2668.0,2199.0
40,314,2668.0,2199.0
40,315,2668.0,2199.0
40,316,2668.0,2199.0
40,317,2668.0,2199.0
40,318,2668.0,2199.0
40,319,2668.0,2199.0
40,320,2668.0,2199.0
40,321,2668.0,2199.0
40,322,2668.0,2199.0
40,323,2668.0,2199.0
40,324,2668.0,2199.0
40,325,2668.0,2199.0
40,326,2668.0,2199.0
40,327,2668.0,2199.0
40,328,2668.0,2199.0
40,329,2668.0,2199.0
40,330,2668.0,2199.0
40,331,2668.0,2199.0
40,332,2668.0,2199.0
40,333,2668.0,2199.0
40,334,2668.0,2199.0
40,335,2668.0,2199.0
40,336,2668.0,2199.0
40,337,2668.0,2199.0
40,338,2668.0,2199.0
40,339,2668.0,2199.0
40,340,2668.0,2199.0
40,341,2668.0,2199.0
40,342,2668.0,2199.0
40,343,2668.0,2199.0
40,344,2668.0,2199.0
40,345,2668.0,2199.0
40,346,2668.0,2199.0
40,347,2668.0,2199.0
40,348,2668.0,2199.0
40,349,2668.0,2199.0
40,350,2668.0,2199.0
40,351,2668.0,2199.0
40,352,2668.0,2199.0
40,353,2668.0,2199.0
40,354,2668.0,2199.0
40,355,2668.0,2199.0
40,356,2668.0,2199.0
40,357,2668.0,2199.0
40,358,2668.0,2199.0
40,359,2668.0,2199.0
41,0,2980.0,1370.0
41,1,2980.0,1370.0
41,2,2980.0,1370.0
41,3,2980.0,1370.0
41,4,2980.0,1370.0
41,5,2980.0,1370.0
41,6,2980.0,1370.0
41,7,2980.0,1370.0
41,8,2980.0,1370.0
41,9,2980.0,1370.0
41,10,2980.0,1370.0
41,11,2980.0,1370.0
41,12,2980.0,1370.0
41,13,2980.0,1370.0
41,14,2980.0,1370.0
41,15,2980.0,1370.0
41,16,2980.0,1370.0
41,17,2980.0,1370.0
41,18,2980.0,1370.0
41,19,2980.0,1370.0
41,20,2980.0,1370.0
41,21,2980.0,1370.0
41,22,2980.0,1370.0
41,23,2980.0,1370.0
41,24,2980.0,1370.0
41,25,2980.0,1370.0
41,26,2980.0,1370.0
41,27,2980.0,1370.0
41,28,2980.0,1370.0
41,29,2980.0,1370.0
41,30,2980.0,1370.0
41,31,2980.0,1370.0
41,32,2980.0,1370.0
41,33,2980.0,1370.0
41,34,2980.0,1370.0
41,35,2980.0,1370.0
41,36,2980.0,1370.0
41,37,2980.0,1370.0
41,38,2980.0,1370.0
41,39,2980.0,1370.0
41,40,2980.0,1370.0
41,41,2980.0,1370.0
41,42,2980.0,1370.0
41,43,2980.0,1370.0
41,44,2980.0,1370.0
41,45,2980.0,1370.0
41,46,2980.0,1370.0
41,47,2980.0,1370.0
41,48,2980.0,1370.0
41,49,2980.0,1370.0
41,50,2980.0,1370.0
41,51,2980.0,1370.0
41,52,2980.0,1370.0
41,53,2980.0,1370.0
41,54,2980.0,1370.0
41,55,2980.0,1370.0
41,56,2980.0,1370.0
41,57,2980.0,1370.0
41,58,2980.0,1370.0
41,59,2980.0,1370.0
41,60,2980.0,1370.0
41,61,2980.0,1370.0
41,62,2980.0,1370.0
41,63,2980.0,1370.0
41,64,2980.0,1370.0
41,65,2980.0,1370.0
41,66,2980.0,1370.0
41,67,2980.0,1370.0
41,68,2980.0,1370.0
41,69,2980.0,1370.0
41,70,2980.0,1370.0
41,71,2980.0,1370.0
41,72,2980.0,1370.0
41,73,2980.0,1370.0
41,74,2980.0,1370.0
41,75,2980.0,1370.0
41,76,2980.0,1370.0
41,77,2980.0,1370.0
41,78,2980.0,1370.0
41,79,2980.0,1370.0
41,80,2980.0,1370.0
41,81,2980.0,1370.0
41,82,2980.0,1370.0
41,83,2980.0,1370.0
41,84,2980.0,1370.0
41,85,2980.0,1370.0
41,86,2980.0,1370.0
41,87,2980.0,1370.0
41,88,2980.0,1370.0
41,89,2980.0,1370.0
41,90,2980.0,1370.0
41,91,2980.0,1370.0
41,92,2980.0,1370.0
41,93,2980.0,1370.0
41,94,2980.0,1370.0
41,95,2980.0,1370.0
41,96,2980.0,1370.0
41,97,2980.0,1370.0
41,98,2980.0,1370.0
41,99,2980.0,1370.0
41,100,2980.0,1370.0
41,101,2980.0,1370.0
41,102,2980.0,1370.0
41,103,2980.0,1370.0
41,104,2980.0,1370.0
41,105,2980.0,1370.0
41,106,2980.0,1370.0
41,107,2980.0,1370.0
41,108,2980.0,1370.0
41,109,2980.0,1370.0
41,110,2980.0,1370.0
41,111,2980.0,1370.0
41,112,2980.0,1370.0
41,113,2980.0,1370.0
41,114,2980.0,1370.0
41,115,2980.0,1370.0
41,116,2980.0,1370.0
41,117,2980.0,1370.0
41,118,2980.0,1370.0
41,119,2980.0,1370.0
41,120,2980.0,1370.0
41,121,2980.0,1370.0
41,122,2980.0,1370.0
41,123,2980.0,1370.0
41,124,2980.0,1370.0
41,125,2980.0,1370.0
41,126,2980.0,1370.0
41,127,2980.0,1370.0
41,128,2980.0,1370.0
41,129,2980.0,1370.0
41,130,2980.0,1370.0
41,131,2980.0,1370.0
41,132,2980.0,1370.0
41,133,2980.0,1370.0
41,134,2980.0,1370.0
41,135,2980.0,1370.0
41,136,2980.0,1370.0
41,137,2980.0,1370.0
41,138,2980.0,1370.0
41,139,2980.0,1370.0
41,140,2980.0,1370.0
41,141,2980.0,1370.0
41,142,2980.0,1370.0
41,143,2980.0,1370.0
41,144,2980.0,1370.0
41,145,2980.0,1370.0
41,146,2980.0,1370.0
41,147,2980.0,1370.0
41,148,2980.0,1370.0
41,149,2980.0,1370.0
41,150,2980.0,1370.0
41,151,2980.0,1370.0
41,152,2980.0,1370.0
41,153,2980.0,1370.0
41,154,2980.0,1370.0
41,155,2980.0,1370.0
41,156,2980.0,1370.0
41,157,2980.0,1370.0
41,158,2980.0,1370.0
41,159,2980.0,1370.0
41,160,2980.0,1370.0
41,161,2980.0,1370.0
41,162,2980.0,1370.0
41,163,2980.0,1370.0
41,164,2980.0,1370.0
41,165,2980.0,1370.0
41,166,2980.0,1370.0
41,167,2980.0,1370.0
41,168,2980.0,1370.0
41,169,2980.0,1370.0
41,170,2980.0,1370.0
41,171,2980.0,1370.0
41,172,2980.0,1370.0
41,173,2980.0,1370.0
41,174,2980.0,1370.0
41,175,2980.0,1370.0
41,176,2980.0,1370.0
41,177,2980.0,1370.0
41,178,2980.0,1370.0
41,179,2980.0,1370.0
41,180,2980.0,1370.0
41,181,2980.0,1370.0
41,182,2980.0,1370.0
41,183,2980.0,1370.0
41,184,2980.0,1370.0
41,185,2980.0,1370.0
41,186,2980.0,1370.0
41,187,2980.0,1370.0
41,188,2980.0,1370.0
41,189,2980.0,1370.0
41,190,2980.0,1370.0
41,191,2980.0,1370.0
41,192,2980.0,1370.0
41,193,2980.0,1370.0
41,194,2980.0,1370.0
41,195,2980.0,1370.0
41,196,2980.0,1370.0
41,197,2980.0,1370.0
41,198,2980.0,1370.0
41,199,2980.0,1370.0
41,200,2980.0,1370.0
41,201,2980.0,1370.0
41,202,2980.0,1370.0
41,203,2980.0,1370.0
41,204,2980.0,1370.0
41,205,2980.0,1370.0
41,206,2980.0,1370.0
41,207,2980.0,1370.0
41,208,2980.0,1370.0
41,209,2980.0,1370.0
41,210,2980.0,1370.0
41,211,2980.0,1370.0
41,212,2980.0,1370.0
41,213,2980.0,1370.0
41,214,2980.0,1370.0
41,215,2980.0,1370.0
41,216,2980.0,1370.0
41,217,2980.0,1370.0
41,218,2980.0,1370.0
41,219,2980.0,1370.0
41,220,2980.0,1370.0
41,221,2980.0,1370.0
41,222,2980.0,1370.0
41,223,2980.0,1370.0
41,224,2980.0,1370.0
41,225,2980.0,1370.0
41,226,2980.0,1370.0
41,227,2980.0,1370.0
41,228,2980.0,1370.0
41,229,2980.0,1370.0
41,230,2980.0,1370.0
41,231,2980.0,1370.0
41,232,2980.0,1370.0
41,233,2980.0,1370.0
41,234,2980.0,1370.0
41,235,2980.0,1370.0
41,236,2980.0,1370.0
41,237,2980.0,1370.0
41,238,2980.0,1370.0
41,239,2980.0,1370.0
41,240,2980.0,1370.0
41,241,2980.0,1370.0
41,242,2980.0,1370.0
41,243,2980.0,1370.0
41,244,2980.0,1370.0
41,245,2980.0,1370.0
41,246,2980.0,1370.0
41,247,2980.0,1370.0
41,248,2980.0,1370.0
41,249,2980.0,1370.0
41,250,2980.0,1370.0
41,251,2980.0,1370.0
41,252,2980.0,1370.0
41,253,2980.0,1370.0
41,254,2980.0,1370.0
41,255,2980.0,1370.0
41,256,2980.0,1370.0
41,257,2980.0,1370.0
41,258,2980.0,1370.0
41,259,2980.0,1370.0
41,260,2980.0,1370.0
41,261,2980.0,1370.0
41,262,2980.0,1370.0
41,263,2980.0,1370.0
41,264,2980.0,1370.0
41,265,2980.0,1370.0
41,266,2980.0,1370.0
41,267,2980.0,1370.0
41,268,2980.0,1370.0
41,269,2980.0,1370.0
41,270,2980.0,1370.0
41,271,2980.0,1370.0
41,272,2980.0,1370.0
41,273,2980.0,1370.0
41,274,2980.0,1370.0
41,275,2980.0,1370.0
41,276,2980.0,1370.0
41,277,2980.0,1370.0
41,278,2980.0,1370.0
41,279,2980.0,1370.0
41,280,2980.0,1370.0
41,281,2980.0,1370.0
41,282,2980.0,1370.0
41,283,2980.0,1370.0
41,284,2980.0,1370.0
41,285,2980.0,1370.0
41,286,2980.0,1370.0
41,287,2980.0,1370.0
41,288,2980.0,1370.0
41,289,2980.0,1370.0
41,290,2980.0,1370.0
41,291,2980.0,1370.0
41,292,2980.0,1370.0
41,293,2980.0,1370.0
41,294,2980.0,1370.0
41,295,2980.0,1370.0
41,296,2980.0,1370.0
41,297,2980.0,1370.0
41,298,2980.0,1370.0
41,299,2980.0,1370.0
41,300,2980.0,1370.0
41,301,2980.0,1370.0
41,302,2980.0,1370.0
41,303,2980.0,1370.0
41,304,2980.0,1370.0
41,305,2980.0,1370.0
41,306,2980.0,1370.0
41,307,2980.0,1370.0
41,308,2980.0,1370.0
41,309,2980.0,1370.0
41,310,2980.0,1370.0
41,311,2980.0,1370.0
41,312,2980.0,1370.0
41,313,2980.0,1370.0
41,314,2980.0,1370.0
41,315,2980.0,1370.0
41,316,2980.0,1370.0
41,317,2980.0,1370.0
41,318,2980.0,1370.0
41,319,2980.0,1370.0
41,320,2980.0,1370.0
41,321,2980.0,1370.0
41,322,2980.0,1370.0
41,323,2980.0,1370.0
41,324,2980.0,1370.0
41,325,2980.0,1370.0
41,326,2980.0,1370.0
41,327,2980.0,1370.0
41,328,2980.0,1370.0
41,329,2980.0,1370.0
41,330,2980.0,1370.0
41,331,2980.0,1370.0
41,332,2980.0,1370.0
41,333,2980.0,1370.0
41,334,2980.0,1370.0
41,335,2980.0,1370.0
41,336,2980.0,1370.0
41,337,2980.0,1370.0
41,338,2980.0,1370.0
41,339,2980.0,1370.0
41,340,2980.0,1370.0
41,341,2980.0,1370.0
41,342,2980.0,1370.0
41,343,2980.0,1370.0
41,344,2980.0,1370.0
41,345,2980.0,1370.0
41,346,2980.0,1370.0
41,347,2980.0,1370.0
41,348,2980.0,1370.0
41,349,2980.0,1370.0
41,350,2980.0,1370.0
41,351,2980.0,1370.0
41,352,2980.0,1370.0
41,353,2980.0,1370.0
41,354,2980.0,1370.0
41,355,2980.0,1370.0
41,356,2980.0,1370.0
41,357,2980.0,1370.0
41,358,2980.0,1370.0
41,359,2980.0,1370.0
42,0,1410.0,1344.0
42,1,1410.0,1344.0
42,2,1410.0,1344.0
42,3,1410.0,1344.0
42,4,1410.0,1344.0
42,5,1410.0,1344.0
42,6,1410.0,1344.0
42,7,1410.0,1344.0
42,8,1410.0,1344.0
42,9,1410.0,1344.0
42,10,1410.0,1344.0
42,11,1410.0,1344.0
42,12,1410.0,1344.0
42,13,1410.0,1344.0
42,14,1410.0,1344.0
42,15,1410.0,1344.0
42,16,1410.0,1344.0
42,17,1410.0,1344.0
42,18,1410.0,1344.0
42,19,1410.0,1344.0
42,20,1410.0,1344.0
42,21,1410.0,1344.0
42,22,1410.0,1344.0
42,23,1410.0,1344.0
42,24,1410.0,1344.0
42,25,1410.0,1344.0
42,26,1410.0,1344.0
42,27,1410.0,1344.0
42,28,1410.0,1344.0
42,29,1410.0,1344.0
42,30,1410.0,1344.0
42,31,1410.0,1344.0
42,32,1410.0,1344.0
42,33,1410.0,1344.0
42,34,1410.0,1344.0
42,35,1410.0,1344.0
42,36,1410.0,1344.0
42,37,1410.0,1344.0
42,38,1410.0,1344.0
42,39,1410.0,1344.0
42,40,1410.0,1344.0
42,41,1410.0,1344.0
42,42,1410.0,1344.0
42,43,1410.0,1344.0
42,44,1410.0,1344.0
42,45,1410.0,1344.0
42,46,1410.0,1344.0
42,47,1410.0,1344.0
42,48,1410.0,1344.0
42,49,1410.0,1344.0
42,50,1410.0,1344.0
42,51,1410.0,1344.0
42,52,1410.0,1344.0
42,53,1410.0,1344.0
42,54,1410.0,1344.0
42,55,1410.0,1344.0
42,56,1410.0,1344.0
42,57,1410.0,1344.0
42,58,1410.0,1344.0
42,59,1410.0,1344.0
42,60,1410.0,1344.0
42,61,1410.0,1344.0
42,62,1410.0,1344.0
42,63,1410.0,1344.0
42,64,1410.0,1344.0
42,65,1410.0,1344.0
42,66,1410.0,1344.0
42,67,1410.0,1344.0
42,68,1410.0,1344.0
42,69,1410.0,1344.0
42,70,1410.0,1344.0
42,71,1410.0,1344.0
42,72,1410.0,1344.0
42,73,1410.0,1344.0
42,74,1410.0,1344.0
42,75,1410.0,1344.0
42,76,1410.0,1344.0
42,77,1410.0,1344.0
42,78,1410.0,1344.0
42,79,1410.0,1344.0
42,80,1410.0,1344.0
42,81,1410.0,1344.0
42,82,1410.0,1344.0
42,83,1410.0,1344.0
42,84,1410.0,1344.0
42,85,1410.0,1344.0
42,86,1410.0,1344.0
42,87,1410.0,1344.0
42,88,1410.0,1344.0
42,89,1410.0,1344.0
42,90,1410.0,1344.0
42,91,1410.0,1344.0
42,92,1410.0,1344.0
42,93,1410.0,1344.0
42,94,1410.0,1344.0
42,95,1410.0,1344.0
42,96,1410.0,1344.0
42,97,1410.0,1344.0
42,98,1410.0,1344.0
42,99,1410.0,1344.0
42,100,1410.0,1344.0
42,101,1410.0,1344.0
42,102,1410.0,1344.0
42,103,1410.0,1344.0
42,104,1410.0,1344.0
42,105,1410.0,1344.0
42,106,1410.0,1344.0
42,107,1410.0,1344.0
42,108,1410.0,1344.0
42,109,1410.0,1344.0
42,110,1410.0,1344.0
42,111,1410.0,1344.0
42,112,1410.0,1344.0
42,113,1410.0,1344.0
42,114,1410.0,1344.0
42,115,1410.0,1344.0
42,116,1410.0,1344.0
42,117,1410.0,1344.0
42,118,1410.0,1344.0
42,119,1410.0,1344.0
42,120,1410.0,1344.0
42,121,1410.0,1344.0
42,122,1410.0,1344.0
42,123,1410.0,1344.0
42,124,1410.0,1344.0
42,125,1410.0,1344.0
42,126,1410.0,1344.0
42,127,1410.0,1344.0
42,128,1410.0,1344.0
42,129,1410.0,1344.0
42,130,1410.0,1344.0
42,131,1410.0,1344.0
42,132,1410.0,1344.0
42,133,1410.0,1344.0
42,134,1410.0,1344.0
42,135,1410.0,1344.0
42,136,1410.0,1344.0
42,137,1410.0,1344.0
42,138,1410.0,1344.0
42,139,1410.0,1344.0
42,140,1410.0,1344.0
42,141,1410.0,1344.0
42,142,1410.0,1344.0
42,143,1410.0,1344.0
42,144,1410.0,1344.0
42,145,1410.0,1344.0
42,146,1410.0,1344.0
42,147,1410.0,1344.0
42,148,1410.0,1344.0
42,149,1410.0,1344.0
42,150,1410.0,1344.0
42,151,1410.0,1344.0
42,152,1410.0,1344.0
42,153,1410.0,1344.0
42,154,1410.0,1344.0
42,155,1410.0,1344.0
42,156,1410.0,1344.0
42,157,1410.0,1344.0
42,158,1410.0,1344.0
42,159,1410.0,1344.0
42,160,1410.0,1344.0
42,161,1410.0,1344.0
42,162,1410.0,1344.0
42,163,1410.0,1344.0
42,164,1410.0,1344.0
42,165,1410.0,1344.0
42,166,1410.0,1344.0
42,167,1410.0,1344.0
42,168,1410.0,1344.0
42,169,1410.0,1344.0
42,170,1410.0,1344.0
42,171,1410.0,1344.0
42,172,1410.0,1344.0
42,173,1410.0,1344.0
42,174,1410.0,1344.0
42,175,1410.0,1344.0
42,176,1410.0,1344.0
42,177,1410.0,1344.0
42,178,1410.0,1344.0
42,179,1410.0,1344.0
42,180,1410.0,1344.0
42,181,1410.0,1344.0
42,182,1410.0,1344.0
42,183,1410.0,1344.0
42,184,1410.0,1344.0
42,185,1410.0,1344.0
42,186,1410.0,1344.0
42,187,1410.0,1344.0
42,188,1410.0,1344.0
42,189,1410.0,1344.0
42,190,1410.0,1344.0
42,191,1410.0,1344.0
42,192,1410.0,1344.0
42,193,1410.0,1344.0
42,194,1410.0,1344.0
42,195,1410.0,1344.0
42,196,1410.0,1344.0
42,197,1410.0,1344.0
42,198,1410.0,1344.0
42,199,1410.0,1344.0
42,200,1410.0,1344.0
42,201,1410.0,1344.0
42,202,1410.0,1344.0
42,203,1410.0,1344.0
42,204,1410.0,1344.0
42,205,1410.0,1344.0
42,206,1410.0,1344.0
42,207,1410.0,1344.0
42,208,1410.0,1344.0
42,209,1410.0,1344.0
42,210,1410.0,1344.0
42,211,1410.0,1344.0
42,212,1410.0,1344.0
42,213,1410.0,1344.0
42,214,1410.0,1344.0
42,215,1410.0,1344.0
42,216,1410.0,1344.0
42,217,1410.0,1344.0
42,218,1410.0,1344.0
42,219,1410.0,1344.0
42,220,1410.0,1344.0
42,221,1410.0,1344.0
42,222,1410.0,1344.0
42,223,1410.0,1344.0
42,224,1410.0,1344.0
42,225,1410.0,1344.0
42,226,1410.0,1344.0
42,227,1410.0,1344.0
42,228,1410.0,1344.0
42,229,1410.0,1344.0
42,230,1410.0,1344.0
42,231,1410.0,1344.0
42,232,1410.0,1344.0
42,233,1410.0,1344.0
42,234,1410.0,1344.0
42,235,1410.0,1344.0
42,236,1410.0,1344.0
42,237,1410.0,1344.0
42,238,1410.0,1344.0
42,239,1410.0,1344.0
42,240,1410.0,1344.0
42,241,1410.0,1344.0
42,242,1410.0,1344.0
42,243,1410.0,1344.0
42,244,1410.0,1344.0
42,245,1410.0,1344.0
42,246,1410.0,1344.0
42,247,1410.0,1344.0
42,248,1410.0,1344.0
42,249,1410.0,1344.0
42,250,1410.0,1344.0
42,251,1410.0,1344.0
42,252,1410.0,1344.0
42,253,1410.0,1344.0
42,254,1410.0,1344.0
42,255,1410.0,1344.0
42,256,1410.0,1344.0
42,257,1410.0,1344.0
42,258,1410.0,1344.0
42,259,1410.0,1344.0
42,260,1410.0,1344.0
42,261,1410.0,1344.0
42,262,1410.0,1344.0
42,263,1410.0,1344.0
42,264,1410.0,1344.0
42,265,1410.0,1344.0
42,266,1410.0,1344.0
42,267,1410.0,1344.0
42,268,1410.0,1344.0
42,269,1410.0,1344.0
42,270,1410.0,1344.0
42,271,1410.0,1344.0
42,272,1410.0,1344.0
42,273,1410.0,1344.0
42,274,1410.0,1344.0
42,275,1410.0,1344.0
42,276,1410.0,1344.0
42,277,1410.0,1344.0
42,278,1410.0,1344.0
42,279,1410.0,1344.0
42,280,1410.0,1344.0
42,281,1410.0,1344.0
42,282,1410.0,1344.0
42,283,1410.0,1344.0
42,284,1410.0,1344.0
42,285,1410.0,1344.0
42,286,1410.0,1344.0
42,287,1410.0,1344.0
42,288,1410.0,1344.0
42,289,1410.0,1344.0
42,290,1410.0,1344.0
42,291,1410.0,1344.0
42,292,1410.0,1344.0
42,293,1410.0,1344.0
42,294,1410.0,1344.0
42,295,1410.0,1344.0
42,296,1410.0,1344.0
42,297,1410.0,1344.0
42,298,1410.0,1344.0
42,299,1410.0,1344.0
42,300,1410.0,1344.0
42,301,1410.0,1344.0
42,302,1410.0,1344.0
42,303,1410.0,1344.0
42,304,1410.0,1344.0
42,305,1410.0,1344.0
42,306,1410.0,1344.0
42,307,1410.0,1344.0
42,308,1410.0,1344.0
42,309,1410.0,1344.0
42,310,1410.0,1344.0
42,311,1410.0,1344.0
42,312,1410.0,1344.0
42,313,1410.0,1344.0
42,314,1410.0,1344.0
42,315,1410.0,1344.0
42,316,1410.0,1344.0
42,317,1410.0,1344.0
42,318,1410.0,1344.0
42,319,1410.0,1344.0
42,320,1410.0,1344.0
42,321,1410.0,1344.0
42,322,1410.0,1344.0
42,323,1410.0,1344.0
42,324,1410.0,1344.0
42,325,1410.0,1344.0
42,326,1410.0,1344.0
42,327,1410.0,1344.0
42,328,1410.0,1344.0
42,329,1410.0,1344.0
42,330,1410.0,1344.0
42,331,1410.0,1344.0
42,332,1410.0,1344.0
42,333,1410.0,1344.0
42,334,1410.0,1344.0
42,335,1410.0,1344.0
42,336,1410.0,1344.0
42,337,1410.0,1344.0
42,338,1410.0,1344.0
42,339,1410.0,1344.0
42,340,1410.0,1344.0
42,341,1410.0,1344.0
42,342,1410.0,1344.0
42,343,1410.0,1344.0
42,344,1410.0,1344.0
42,345,1410.0,1344.0
42,346,1410.0,1344.0
42,347,1410.0,1344.0
42,348,1410.0,1344.0
42,349,1410.0,1344.0
42,350,1410.0,1344.0
42,351,1410.0,1344.0
42,352,1410.0,1344.0
42,353,1410.0,1344.0
42,354,1410.0,1344.0
42,355,1410.0,1344.0
42,356,1410.0,1344.0
42,357,1410.0,1344.0
42,358,1410.0,1344.0
42,359,1410.0,1344.0
43,0,2848.0,2042.0
43,1,2848.0,2042.0
43,2,2848.0,2042.0
43,3,2848.0,2042.0
43,4,2848.0,2042.0
43,5,2848.0,2042.0
43,6,2848.0,2042.0
43,7,2848.0,2042.0
43,8,2848.0,2042.0
43,9,2848.0,2042.0
43,10,2848.0,2042.0
43,11,2848.0,2042.0
43,12,2848.0,2042.0
43,13,2848.0,2042.0
43,14,2848.0,2042.0
43,15,2848.0,2042.0
43,16,2848.0,2042.0
43,17,2848.0,2042.0
43,18,2848.0,2042.0
43,19,2848.0,2042.0
43,20,2848.0,2042.0
43,21,2848.0,2042.0
43,22,2848.0,2042.0
43,23,2848.0,2042.0
43,24,2848.0,2042.0
43,25,2848.0,2042.0
43,26,2848.0,2042.0
43,27,2848.0,2042.0
43,28,2848.0,2042.0
43,29,2848.0,2042.0
43,30,2848.0,2042.0
43,31,2848.0,2042.0
43,32,2848.0,2042.0
43,33,2848.0,2042.0
43,34,2848.0,2042.0
43,35,2848.0,2042.0
43,36,2848.0,2042.0
43,37,2848.0,2042.0
43,38,2848.0,2042.0
43,39,2848.0,2042.0
43,40,2848.0,2042.0
43,41,2848.0,2042.0
43,42,2848.0,2042.0
43,43,2848.0,2042.0
43,44,2848.0,2042.0
43,45,2848.0,2042.0
43,46,2848.0,2042.0
43,47,2848.0,2042.0
43,48,2848.0,2042.0
43,49,2848.0,2042.0
43,50,2848.0,2042.0
43,51,2848.0,2042.0
43,52,2848.0,2042.0
43,53,2848.0,2042.0
43,54,2848.0,2042.0
43,55,2848.0,2042.0
43,56,2848.0,2042.0
43,57,2848.0,2042.0
43,58,2848.0,2042.0
43,59,2848.0,2042.0
43,60,2848.0,2042.0
43,61,2848.0,2042.0
43,62,2848.0,2042.0
43,63,2848.0,2042.0
43,64,2848.0,2042.0
43,65,2848.0,2042.0
43,66,2848.0,2042.0
43,67,2848.0,2042.0
43,68,2848.0,2042.0
43,69,2848.0,2042.0
43,70,2848.0,2042.0
43,71,2848.0,2042.0
43,72,2848.0,2042.0
43,73,2848.0,2042.0
43,74,2848.0,2042.0
43,75,2848.0,2042.0
43,76,2848.0,2042.0
43,77,2848.0,2042.0
43,78,2848.0,2042.0
43,79,2848.0,2042.0
43,80,2848.0,2042.0
43,81,2848.0,2042.0
43,82,2848.0,2042.0
43,83,2848.0,2042.0
43,84,2848.0,2042.0
43,85,2848.0,2042.0
43,86,2848.0,2042.0
43,87,2848.0,2042.0
43,88,2848.0,2042.0
43,89,2848.0,2042.0
43,90,2848.0,2042.0
43,91,2848.0,2042.0
43,92,2848.0,2042.0
43,93,2848.0,2042.0
43,94,2848.0,2042.0
43,95,2848.0,2042.0
43,96,2848.0,2042.0
43,97,2848.0,2042.0
43,98,2848.0,2042.0
43,99,2848.0,2042.0
43,100,2848.0,2042.0
43,101,2848.0,2042.0
43,102,2848.0,2042.0
43,103,2848.0,2042.0
43,104,2848.0,2042.0
43,105,2848.0,2042.0
43,106,2848.0,2042.0
43,107,2848.0,2042.0
43,108,2848.0,2042.0
43,109,2848.0,2042.0
43,110,2848.0,2042.0
43,111,2848.0,2042.0
43,112,2848.0,2042.0
43,113,2848.0,2042.0
43,114,2848.0,2042.0
43,115,2848.0,2042.0
43,116,2848.0,2042.0
43,117,2848.0,2042.0
43,118,2848.0,2042.0
43,119,2848.0,2042.0
43,120,2848.0,2042.0
43,121,2848.0,2042.0
43,122,2848.0,2042.0
43,123,2848.0,2042.0
43,124,2848.0,2042.0
43,125,2848.0,2042.0
43,126,2848.0,2042.0
43,127,2848.0,2042.0
43,128,2848.0,2042.0
43,129,2848.0,2042.0
43,130,2848.0,2042.0
43,131,2848.0,2042.0
43,132,2848.0,2042.0
43,133,2848.0,2042.0
43,134,2848.0,2042.0
43,135,2848.0,2042.0
43,136,2848.0,2042.0
43,137,2848.0,2042.0
43,138,2848.0,2042.0
43,139,2848.0,2042.0
43,140,2848.0,2042.0
43,141,2848.0,2042.0
43,142,2848.0,2042.0
43,143,2848.0,2042.0
43,144,2848.0,2042.0
43,145,2848.0,2042.0
43,146,2848.0,2042.0
43,147,2848.0,2042.0
43,148,2848.0,2042.0
43,149,2848.0,2042.0
43,150,2848.0,2042.0
43,151,2848.0,2042.0
43,152,2848.0,2042.0
43,153,2848.0,2042.0
43,154,2848.0,2042.0
43,155,2848.0,2042.0
43,156,2848.0,2042.0
43,157,2848.0,2042.0
43,158,2848.0,2042.0
43,159,2848.0,2042.0
43,160,2848.0,2042.0
43,161,2848.0,2042.0
43,162,2848.0,2042.0
43,163,2848.0,2042.0
43,164,2848.0,2042.0
43,165,2848.0,2042.0
43,166,2848.0,2042.0
43,167,2848.0,2042.0
43,168,2848.0,2042.0
43,169,2848.0,2042.0
43,170,2848.0,2042.0
43,171,2848.0,2042.0
43,172,2848.0,2042.0
43,173,2848.0,2042.0
43,174,2848.0,2042.0
43,175,2848.0,2042.0
43,176,2848.0,2042.0
43,177,2848.0,2042.0
43,178,2848.0,2042.0
43,179,2848.0,2042.0
43,180,2848.0,2042.0
43,181,2848.0,2042.0
43,182,2848.0,2042.0
43,183,2848.0,2042.0
43,184,2848.0,2042.0
43,185,2848.0,2042.0
43,186,2848.0,2042.0
43,187,2848.0,2042.0
43,188,2848.0,2042.0
43,189,2848.0,2042.0
43,190,2848.0,2042.0
43,191,2848.0,2042.0
43,192,2848.0,2042.0
43,193,2848.0,2042.0
43,194,2848.0,2042.0
43,195,2848.0,2042.0
43,196,2848.0,2042.0
43,197,2848.0,2042.0
43,198,2848.0,2042.0
43,199,2848.0,2042.0
43,200,2848.0,2042.0
43,201,2848.0,2042.0
43,202,2848.0,2042.0
43,203,2848.0,2042.0
43,204,2848.0,2042.0
43,205,2848.0,2042.0
43,206,2848.0,2042.0
43,207,2848.0,2042.0
43,208,2848.0,2042.0
43,209,2848.0,2042.0
43,210,2848.0,2042.0
43,211,2848.0,2042.0
43,212,2848.0,2042.0
43,213,2848.0,2042.0
43,214,2848.0,2042.0
43,215,2848.0,2042.0
43,216,2848.0,2042.0
43,217,2848.0,2042.0
43,218,2848.0,2042.0
43,219,2848.0,2042.0
43,220,2848.0,2042.0
43,221,2848.0,2042.0
43,222,2848.0,2042.0
43,223,2848.0,2042.0
43,224,2848.0,2042.0
43,225,2848.0,2042.0
43,226,2848.0,2042.0
43,227,2848.0,2042.0
43,228,2848.0,2042.0
43,229,2848.0,2042.0
43,230,2848.0,2042.0
43,231,2848.0,2042.0
43,232,2848.0,2042.0
43,233,2848.0,2042.0
43,234,2848.0,2042.0
43,235,2848.0,2042.0
43,236,2848.0,2042.0
43,237,2848.0,2042.0
43,238,2848.0,2042.0
43,239,2848.0,2042.0
43,240,2848.0,2042.0
43,241,2848.0,2042.0
43,242,2848.0,2042.0
43,243,2848.0,2042.0
43,244,2848.0,2042.0
43,245,2848.0,2042.0
43,246,2848.0,2042.0
43,247,2848.0,2042.0
43,248,2848.0,2042.0
43,249,2848.0,2042.0
43,250,2848.0,2042.0
43,251,2848.0,2042.0
43,252,2848.0,2042.0
43,253,2848.0,2042.0
43,254,2848.0,2042.0
43,255,2848.0,2042.0
43,256,2848.0,2042.0
43,257,2848.0,2042.0
43,258,2848.0,2042.0
43,259,2848.0,2042.0
43,260,2848.0,2042.0
43,261,2848.0,2042.0
43,262,2848.0,2042.0
43,263,2848.0,2042.0
43,264,2848.0,2042.0
43,265,2848.0,2042.0
43,266,2848.0,2042.0
43,267,2848.0,2042.0
43,268,2848.0,2042.0
43,269,2848.0,2042.0
43,270,2848.0,2042.0
43,271,2848.0,2042.0
43,272,2848.0,2042.0
43,273,2848.0,2042.0
43,274,2848.0,2042.0
43,275,2848.0,2042.0
43,276,2848.0,2042.0
43,277,2848.0,2042.0
43,278,2848.0,2042.0
43,279,2848.0,2042.0
43,280,2848.0,2042.0
43,281,2848.0,2042.0
43,282,2848.0,2042.0
43,283,2848.0,2042.0
43,284,2848.0,2042.0
43,285,2848.0,2042.0
43,286,2848.0,2042.0
43,287,2848.0,2042.0
43,288,2848.0,2042.0
43,289,2848.0,2042.0
43,290,2848.0,2042.0
43,291,2848.0,2042.0
43,292,2848.0,2042.0
43,293,2848.0,2042.0
43,294,2848.0,2042.0
43,295,2848.0,2042.0
43,296,2848.0,2042.0
43,297,2848.0,2042.0
43,298,2848.0,2042.0
43,299,2848.0,2042.0
43,300,2848.0,2042.0
43,301,2848.0,2042.0
43,302,2848.0,2042.0
43,303,2848.0,2042.0
43,304,2848.0,2042.0
43,305,2848.0,2042.0
43,306,2848.0,2042.0
43,307,2848.0,2042.0
43,308,2848.0,2042.0
43,309,2848.0,2042.0
43,310,2848.0,2042.0
43,311,2848.0,2042.0
43,312,2848.0,2042.0
43,313,2848.0,2042.0
43,314,2848.0,2042.0
43,315,2848.0,2042.0
43,316,2848.0,2042.0
43,317,2848.0,2042.0
43,318,2848.0,2042.0
43,319,2848.0,2042.0
43,320,2848.0,2042.0
43,321,2848.0,2042.0
43,322,2848.0,2042.0
43,323,2848.0,2042.0
43,324,2848.0,2042.0
43,325,2848.0,2042.0
43,326,2848.0,2042.0
43,327,2848.0,2042.0
43,328,2848.0,2042.0
43,329,2848.0,2042.0
43,330,2848.0,2042.0
43,331,2848.0,2042.0
43,332,2848.0,2042.0
43,333,2848.0,2042.0
43,334,2848.0,2042.0
43,335,2848.0,2042.0
43,336,2848.0,2042.0
43,337,2848.0,2042.0
43,338,2848.0,2042.0
43,339,2848.0,2042.0
43,340,2848.0,2042.0
43,341,2848.0,2042.0
43,342,2848.0,2042.0
43,343,2848.0,2042.0
43,344,2848.0,2042.0
43,345,2848.0,2042.0
43,346,2848.0,2042.0
43,347,2848.0,2042.0
43,348,2848.0,2042.0
43,349,2848.0,2042.0
43,350,2848.0,2042.0
43,351,2848.0,2042.0
43,352,2848.0,2042.0
43,353,2848.0,2042.0
43,354,2848.0,2042.0
43,355,2848.0,2042.0
43,356,2848.0,2042.0
43,357,2848.0,2042.0
43,358,2848.0,2042.0
43,359,2848.0,2042.0
44,0,3414.0,1407.0
44,1,3414.0,1407.0
44,2,3414.0,1407.0
44,3,3414.0,1407.0
44,4,3414.0,1407.0
44,5,3414.0,1407.0
44,6,3414.0,1407.0
44,7,3414.0,1407.0
44,8,3414.0,1407.0
44,9,3414.0,1407.0
44,10,3414.0,1407.0
44,11,3414.0,1407.0
44,12,3414.0,1407.0
44,13,3414.0,1407.0
44,14,3414.0,1407.0
44,15,3414.0,1407.0
44,16,3414.0,1407.0
44,17,3414.0,1407.0
44,18,3414.0,1407.0
44,19,3414.0,1407.0
44,20,3414.0,1407.0
44,21,3414.0,1407.0
44,22,3414.0,1407.0
44,23,3414.0,1407.0
44,24,3414.0,1407.0
44,25,3414.0,1407.0
44,26,3414.0,1407.0
44,27,3414.0,1407.0
44,28,3414.0,1407.0
44,29,3414.0,1407.0
44,30,3414.0,1407.0
44,31,3414.0,1407.0
44,32,3414.0,1407.0
44,33,3414.0,1407.0
44,34,3414.0,1407.0
44,35,3414.0,1407.0
44,36,3414.0,1407.0
44,37,3414.0,1407.0
44,38,3414.0,1407.0
44,39,3414.0,1407.0
44,40,3414.0,1407.0
44,41,3414.0,1407.0
44,42,3414.0,1407.0
44,43,3414.0,1407.0
44,44,3414.0,1407.0
44,45,3414.0,1407.0
44,46,3414.0,1407.0
44,47,3414.0,1407.0
44,48,3414.0,1407.0
44,49,3414.0,1407.0
44,50,3414.0,1407.0
44,51,3414.0,1407.0
44,52,3414.0,1407.0
44,53,3414.0,1407.0
44,54,3414.0,1407.0
44,55,3414.0,1407.0
44,56,3414.0,1407.0
44,57,3414.0,1407.0
44,58,3414.0,1407.0
44,59,3414.0,1407.0
44,60,3414.0,1407.0
44,61,3414.0,1407.0
44,62,3414.0,1407.0
44,63,3414.0,1407.0
44,64,3414.0,1407.0
44,65,3414.0,1407.0
44,66,3414.0,1407.0
44,67,3414.0,1407.0
44,68,3414.0,1407.0
44,69,3414.0,1407.0
44,70,3414.0,1407.0
44,71,3414.0,1407.0
44,72,3414.0,1407.0
44,73,3414.0,1407.0
44,74,3414.0,1407.0
44,75,3414.0,1407.0
44,76,3414.0,1407.0
44,77,3414.0,1407.0
44,78,3414.0,1407.0
44,79,3414.0,1407.0
44,80,3414.0,1407.0
44,81,3414.0,1407.0
44,82,3414.0,1407.0
44,83,3414.0,1407.0
44,84,3414.0,1407.0
44,85,3414.0,1407.0
44,86,3414.0,1407.0
44,87,3414.0,1407.0
44,88,3414.0,1407.0
44,89,3414.0,1407.0
44,90,3414.0,1407.0
44,91,3414.0,1407.0
44,92,3414.0,1407.0
44,93,3414.0,1407.0
44,94,3414.0,1407.0
44,95,3414.0,1407.0
44,96,3414.0,1407.0
44,97,3414.0,1407.0
44,98,3414.0,1407.0
44,99,3414.0,1407.0
44,100,3414.0,1407.0
44,101,3414.0,1407.0
44,102,3414.0,1407.0
44,103,3414.0,1407.0
44,104,3414.0,1407.0
44,105,3414.0,1407.0
44,106,3414.0,1407.0
44,107,3414.0,1407.0
44,108,3414.0,1407.0
44,109,3414.0,1407.0
44,110,3414.0,1407.0
44,111,3414.0,1407.0
44,112,3414.0,1407.0
44,113,3414.0,1407.0
44,114,3414.0,1407.0
44,115,3414.0,1407.0
44,116,3414.0,1407.0
44,117,3414.0,1407.0
44,118,3414.0,1407.0
44,119,3414.0,1407.0
44,120,3414.0,1407.0
44,121,3414.0,1407.0
44,122,3414.0,1407.0
44,123,3414.0,1407.0
44,124,3414.0,1407.0
44,125,3414.0,1407.0
44,126,3414.0,1407.0
44,127,3414.0,1407.0
44,128,3414.0,1407.0
44,129,3414.0,1407.0
44,130,3414.0,1407.0
44,131,3414.0,1407.0
44,132,3414.0,1407.0
44,133,3414.0,1407.0
44,134,3414.0,1407.0
44,135,3414.0,1407.0
44,136,3414.0,1407.0
44,137,3414.0,1407.0
44,138,3414.0,1407.0
44,139,3414.0,1407.0
44,140,3414.0,1407.0
44,141,3414.0,1407.0
44,142,3414.0,1407.0
44,143,3414.0,1407.0
44,144,3414.0,1407.0
44,145,3414.0,1407.0
44,146,3414.0,1407.0
44,147,3414.0,1407.0
44,148,3414.0,1407.0
44,149,3414.0,1407.0
44,150,3414.0,1407.0
44,151,3414.0,1407.0
44,152,3414.0,1407.0
44,153,3414.0,1407.0
44,154,3414.0,1407.0
44,155,3414.0,1407.0
44,156,3414.0,1407.0
44,157,3414.0,1407.0
44,158,3414.0,1407.0
44,159,3414.0,1407.0
44,160,3414.0,1407.0
44,161,3414.0,1407.0
44,162,3414.0,1407.0
44,163,3414.0,1407.0
44,164,3414.0,1407.0
44,165,3414.0,1407.0
44,166,3414.0,1407.0
44,167,3414.0,1407.0
44,168,3414.0,1407.0
44,169,3414.0,1407.0
44,170,3414.0,1407.0
44,171,3414.0,1407.0
44,172,3414.0,1407.0
44,173,3414.0,1407.0
44,174,3414.0,1407.0
44,175,3414.0,1407.0
44,176,3414.0,1407.0
44,177,3414.0,1407.0
44,178,3414.0,1407.0
44,179,3414.0,1407.0
44,180,3414.0,1407.0
44,181,3414.0,1407.0
44,182,3414.0,1407.0
44,183,3414.0,1407.0
44,184,3414.0,1407.0
44,185,3414.0,1407.0
44,186,3414.0,1407.0
44,187,3414.0,1407.0
44,188,3414.0,1407.0
44,189,3414.0,1407.0
44,190,3414.0,1407.0
44,191,3414.0,1407.0
44,192,3414.0,1407.0
44,193,3414.0,1407.0
44,194,3414.0,1407.0
44,195,3414.0,1407.0
44,196,3414.0,1407.0
44,197,3414.0,1407.0
44,198,3414.0,1407.0
44,199,3414.0,1407.0
44,200,3414.0,1407.0
44,201,3414.0,1407.0
44,202,3414.0,1407.0
44,203,3414.0,1407.0
44,204,3414.0,1407.0
44,205,3414.0,1407.0
44,206,3414.0,1407.0
44,207,3414.0,1407.0
44,208,3414.0,1407.0
44,209,3414.0,1407.0
44,210,3414.0,1407.0
44,211,3414.0,1407.0
44,212,3414.0,1407.0
44,213,3414.0,1407.0
44,214,3414.0,1407.0
44,215,3414.0,1407.0
44,216,3414.0,1407.0
44,217,3414.0,1407.0
44,218,3414.0,1407.0
44,219,3414.0,1407.0
44,220,3414.0,1407.0
44,221,3414.0,1407.0
44,222,3414.0,1407.0
44,223,3414.0,1407.0
44,224,3414.0,1407.0
44,225,3414.0,1407.0
44,226,3414.0,1407.0
44,227,3414.0,1407.0
44,228,3414.0,1407.0
44,229,3414.0,1407.0
44,230,3414.0,1407.0
44,231,3414.0,1407.0
44,232,3414.0,1407.0
44,233,3414.0,1407.0
44,234,3414.0,1407.0
44,235,3414.0,1407.0
44,236,3414.0,1407.0
44,237,3414.0,1407.0
44,238,3414.0,1407.0
44,239,3414.0,1407.0
44,240,3414.0,1407.0
44,241,3414.0,1407.0
44,242,3414.0,1407.0
44,243,3414.0,1407.0
44,244,3414.0,1407.0
44,245,3414.0,1407.0
44,246,3414.0,1407.0
44,247,3414.0,1407.0
44,248,3414.0,1407.0
44,249,3414.0,1407.0
44,250,3414.0,1407.0
44,251,3414.0,1407.0
44,252,3414.0,1407.0
44,253,3414.0,1407.0
44,254,3414.0,1407.0
44,255,3414.0,1407.0
44,256,3414.0,1407.0
44,257,3414.0,1407.0
44,258,3414.0,1407.0
44,259,3414.0,1407.0
44,260,3414.0,1407.0
44,261,3414.0,1407.0
44,262,3414.0,1407.0
44,263,3414.0,1407.0
44,264,3414.0,1407.0
44,265,3414.0,1407.0
44,266,3414.0,1407.0
44,267,3414.0,1407.0
44,268,3414.0,1407.0
44,269,3414.0,1407.0
44,270,3414.0,1407.0
44,271,3414.0,1407.0
44,272,3414.0,1407.0
44,273,3414.0,1407.0
44,274,3414.0,1407.0
44,275,3414.0,1407.0
44,276,3414.0,1407.0
44,277,3414.0,1407.0
44,278,3414.0,1407.0
44,279,3414.0,1407.0
44,280,3414.0,1407.0
44,281,3414.0,1407.0
44,282,3414.0,1407.0
44,283,3414.0,1407.0
44,284,3414.0,1407.0
44,285,3414.0,1407.0
44,286,3414.0,1407.0
44,287,3414.0,1407.0
44,288,3414.0,1407.0
44,289,3414.0,1407.0
44,290,3414.0,1407.0
44,291,3414.0,1407.0
44,292,3414.0,1407.0
44,293,3414.0,1407.0
44,294,3414.0,1407.0
44,295,3414.0,1407.0
44,296,3414.0,1407.0
44,297,3414.0,1407.0
44,298,3414.0,1407.0
44,299,3414.0,1407.0
44,300,3414.0,1407.0
44,301,3414.0,1407.0
44,302,3414.0,1407.0
44,303,3414.0,1407.0
44,304,3414.0,1407.0
44,305,3414.0,1407.0
44,306,3414.0,1407.0
44,307,3414.0,1407.0
44,308,3414.0,1407.0
44,309,3414.0,1407.0
44,310,3414.0,1407.0
44,311,3414.0,1407.0
44,312,3414.0,1407.0
44,313,3414.0,1407.0
44,314,3414.0,1407.0
44,315,3414.0,1407.0
44,316,3414.0,1407.0
44,317,3414.0,1407.0
44,318,3414.0,1407.0
44,319,3414.0,1407.0
44,320,3414.0,1407.0
44,321,3414.0,1407.0
44,322,3414.0,1407.0
44,323,3414.0,1407.0
44,324,3414.0,1407.0
44,325,3414.0,1407.0
44,326,3414.0,1407.0
44,327,3414.0,1407.0
44,328,3414.0,1407.0
44,329,3414.0,1407.0
44,330,3414.0,1407.0
44,331,3414.0,1407.0
44,332,3414.0,1407.0
44,333,3414.0,1407.0
44,334,3414.0,1407.0
44,335,3414.0,1407.0
44,336,3414.0,1407.0
44,337,3414.0,1407.0
44,338,3414.0,1407.0
44,339,3414.0,1407.0
44,340,3414.0,1407.0
44,341,3414.0,1407.0
44,342,3414.0,1407.0
44,343,3414.0,1407.0
44,344,3414.0,1407.0
44,345,3414.0,1407.0
44,346,3414.0,1407.0
44,347,3414.0,1407.0
44,348,3414.0,1407.0
44,349,3414.0,1407.0
44,350,3414.0,1407.0
44,351,3414.0,1407.0
44,352,3414.0,1407.0
44,353,3414.0,1407.0
44,354,3414.0,1407.0
44,355,3414.0,1407.0
44,356,3414.0,1407.0
44,357,3414.0,1407.0
44,358,3414.0,1407.0
44,359,3414.0,1407.0
45,0,1818.0,1245.0
45,1,1818.0,1245.0
45,2,1818.0,1245.0
45,3,1818.0,1245.0
45,4,1818.0,1245.0
45,5,1818.0,1245.0
45,6,1818.0,1245.0
45,7,1818.0,1245.0
45,8,1818.0,1245.0
45,9,1818.0,1245.0
45,10,1818.0,1245.0
45,11,1818.0,1245.0
45,12,1818.0,1245.0
45,13,1818.0,1245.0
45,14,1818.0,1245.0
45,15,1818.0,1245.0
45,16,1818.0,1245.0
45,17,1818.0,1245.0
45,18,1818.0,1245.0
45,19,1818.0,1245.0
45,20,1818.0,1245.0
45,21,1818.0,1245.0
45,22,1818.0,1245.0
45,23,1818.0,1245.0
45,24,1818.0,1245.0
45,25,1818.0,1245.0
45,26,1818.0,1245.0
45,27,1818.0,1245.0
45,28,1818.0,1245.0
45,29,1818.0,1245.0
45,30,1818.0,1245.0
45,31,1818.0,1245.0
45,32,1818.0,1245.0
45,33,1818.0,1245.0
45,34,1818.0,1245.0
45,35,1818.0,1245.0
45,36,1818.0,1245.0
45,37,1818.0,1245.0
45,38,1818.0,1245.0
45,39,1818.0,1245.0
45,40,1818.0,1245.0
45,41,1818.0,1245.0
45,42,1818.0,1245.0
45,43,1818.0,1245.0
45,44,1818.0,1245.0
45,45,1818.0,1245.0
45,46,1818.0,1245.0
45,47,1818.0,1245.0
45,48,1818.0,1245.0
45,49,1818.0,1245.0
45,50,1818.0,1245.0
45,51,1818.0,1245.0
45,52,1818.0,1245.0
45,53,1818.0,1245.0
45,54,1818.0,1245.0
45,55,1818.0,1245.0
45,56,1818.0,1245.0
45,57,1818.0,1245.0
45,58,1818.0,1245.0
45,59,1818.0,1245.0
45,60,1818.0,1245.0
45,61,1818.0,1245.0
45,62,1818.0,1245.0
45,63,1818.0,1245.0
45,64,1818.0,1245.0
45,65,1818.0,1245.0
45,66,1818.0,1245.0
45,67,1818.0,1245.0
45,68,1818.0,1245.0
45,69,1818.0,1245.0
45,70,1818.0,1245.0
45,71,1818.0,1245.0
45,72,1818.0,1245.0
45,73,1818.0,1245.0
45,74,1818.0,1245.0
45,75,1818.0,1245.0
45,76,1818.0,1245.0
45,77,1818.0,1245.0
45,78,1818.0,1245.0
45,79,1818.0,1245.0
45,80,1818.0,1245.0
45,81,1818.0,1245.0
45,82,1818.0,1245.0
45,83,1818.0,1245.0
45,84,1818.0,1245.0
45,85,1818.0,1245.0
45,86,1818.0,1245.0
45,87,1818.0,1245.0
45,88,1818.0,1245.0
45,89,1818.0,1245.0
45,90,1818.0,1245.0
45,91,1818.0,1245.0
45,92,1818.0,1245.0
45,93,1818.0,1245.0
45,94,1818.0,1245.0
45,95,1818.0,1245.0
45,96,1818.0,1245.0
45,97,1818.0,1245.0
45,98,1818.0,1245.0
45,99,1818.0,1245.0
45,100,1818.0,1245.0
45,101,1818.0,1245.0
45,102,1818.0,1245.0
45,103,1818.0,1245.0
45,104,1818.0,1245.0
45,105,1818.0,1245.0
45,106,1818.0,1245.0
45,107,1818.0,1245.0
45,108,1818.0,1245.0
45,109,1818.0,1245.0
45,110,1818.0,1245.0
45,111,1818.0,1245.0
45,112,1818.0,1245.0
45,113,1818.0,1245.0
45,114,1818.0,1245.0
45,115,1818.0,1245.0
45,116,1818.0,1245.0
45,117,1818.0,1245.0
45,118,1818.0,1245.0
45,119,1818.0,1245.0
45,120,1818.0,1245.0
45,121,1818.0,1245.0
45,122,1818.0,1245.0
45,123,1818.0,1245.0
45,124,1818.0,1245.0
45,125,1818.0,1245.0
45,126,1818.0,1245.0
45,127,1818.0,1245.0
45,128,1818.0,1245.0
45,129,1818.0,1245.0
45,130,1818.0,1245.0
45,131,1818.0,1245.0
45,132,1818.0,1245.0
45,133,1818.0,1245.0
45,134,1818.0,1245.0
45,135,1818.0,1245.0
45,136,1818.0,1245.0
45,137,1818.0,1245.0
45,138,1818.0,1245.0
45,139,1818.0,1245.0
45,140,1818.0,1245.0
45,141,1818.0,1245.0
45,142,1818.0,1245.0
45,143,1818.0,1245.0
45,144,1818.0,1245.0
45,145,1818.0,1245.0
45,146,1818.0,1245.0
45,147,1818.0,1245.0
45,148,1818.0,1245.0
45,149,1818.0,1245.0
45,150,1818.0,1245.0
45,151,1818.0,1245.0
45,152,1818.0,1245.0
45,153,1818.0,1245.0
45,154,1818.0,1245.0
45,155,1818.0,1245.0
45,156,1818.0,1245.0
45,157,1818.0,1245.0
45,158,1818.0,1245.0
45,159,1818.0,1245.0
45,160,1818.0,1245.0
45,161,1818.0,1245.0
45,162,1818.0,1245.0
45,163,1818.0,1245.0
45,164,1818.0,1245.0
45,165,1818.0,1245.0
45,166,1818.0,1245.0
45,167,1818.0,1245.0
45,168,1818.0,1245.0
45,169,1818.0,1245.0
45,170,1818.0,1245.0
45,171,1818.0,1245.0
45,172,1818.0,1245.0
45,173,1818.0,1245.0
45,174,1818.0,1245.0
45,175,1818.0,1245.0
45,176,1818.0,1245.0
45,177,1818.0,1245.0
45,178,1818.0,1245.0
45,179,1818.0,1245.0
45,180,1818.0,1245.0
45,181,1818.0,1245.0
45,182,1818.0,1245.0
45,183,1818.0,1245.0
45,184,1818.0,1245.0
45,185,1818.0,1245.0
45,186,1818.0,1245.0
45,187,1818.0,1245.0
45,188,1818.0,1245.0
45,189,1818.0,1245.0
45,190,1818.0,1245.0
45,191,1818.0,1245.0
45,192,1818.0,1245.0
45,193,1818.0,1245.0
45,194,1818.0,1245.0
45,195,1818.0,1245.0
45,196,1818.0,1245.0
45,197,1818.0,1245.0
45,198,1818.0,1245.0
45,199,1818.0,1245.0
45,200,1818.0,1245.0
45,201,1818.0,1245.0
45,202,1818.0,1245.0
45,203,1818.0,1245.0
45,204,1818.0,1245.0
45,205,1818.0,1245.0
45,206,1818.0,1245.0
45,207,1818.0,1245.0
45,208,1818.0,1245.0
45,209,1818.0,1245.0
45,210,1818.0,1245.0
45,211,1818.0,1245.0
45,212,1818.0,1245.0
45,213,1818.0,1245.0
45,214,1818.0,1245.0
45,215,1818.0,1245.0
45,216,1818.0,1245.0
45,217,1818.0,1245.0
45,218,1818.0,1245.0
45,219,1818.0,1245.0
45,220,1818.0,1245.0
45,221,1818.0,1245.0
45,222,1818.0,1245.0
45,223,1818.0,1245.0
45,224,1818.0,1245.0
45,225,1818.0,1245.0
45,226,1818.0,1245.0
45,227,1818.0,1245.0
45,228,1818.0,1245.0
45,229,1818.0,1245.0
45,230,1818.0,1245.0
45,231,1818.0,1245.0
45,232,1818.0,1245.0
45,233,1818.0,1245.0
45,234,1818.0,1245.0
45,235,1818.0,1245.0
45,236,1818.0,1245.0
45,237,1818.0,1245.0
45,238,1818.0,1245.0
45,239,1818.0,1245.0
45,240,1818.0,1245.0
45,241,1818.0,1245.0
45,242,1818.0,1245.0
45,243,1818.0,1245.0
45,244,1818.0,1245.0
45,245,1818.0,1245.0
45,246,1818.0,1245.0
45,247,1818.0,1245.0
45,248,1818.0,1245.0
45,249,1818.0,1245.0
45,250,1818.0,1245.0
45,251,1818.0,1245.0
45,252,1818.0,1245.0
45,253,1818.0,1245.0
45,254,1818.0,1245.0
45,255,1818.0,1245.0
45,256,1818.0,1245.0
45,257,1818.0,1245.0
45,258,1818.0,1245.0
45,259,1818.0,1245.0
45,260,1818.0,1245.0
45,261,1818.0,1245.0
45,262,1818.0,1245.0
45,263,1818.0,1245.0
45,264,1818.0,1245.0
45,265,1818.0,1245.0
45,266,1818.0,1245.0
45,267,1818.0,1245.0
45,268,1818.0,1245.0
45,269,1818.0,1245.0
45,270,1818.0,1245.0
45,271,1818.0,1245.0
45,272,1818.0,1245.0
45,273,1818.0,1245.0
45,274,1818.0,1245.0
45,275,1818.0,1245.0
45,276,1818.0,1245.0
45,277,1818.0,1245.0
45,278,1818.0,1245.0
45,279,1818.0,1245.0
45,280,1818.0,1245.0
45,281,1818.0,1245.0
45,282,1818.0,1245.0
45,283,1818.0,1245.0
45,284,1818.0,1245.0
45,285,1818.0,1245.0
45,286,1818.0,1245.0
45,287,1818.0,1245.0
45,288,1818.0,1245.0
45,289,1818.0,1245.0
45,290,1818.0,1245.0
45,291,1818.0,1245.0
45,292,1818.0,1245.0
45,293,1818.0,1245.0
45,294,1818.0,1245.0
45,295,1818.0,1245.0
45,296,1818.0,1245.0
45,297,1818.0,1245.0
45,298,1818.0,1245.0
45,299,1818.0,1245.0
45,300,1818.0,1245.0
45,301,1818.0,1245.0
45,302,1818.0,1245.0
45,303,1818.0,1245.0
45,304,1818.0,1245.0
45,305,1818.0,1245.0
45,306,1818.0,1245.0
45,307,1818.0,1245.0
45,308,1818.0,1245.0
45,309,1818.0,1245.0
45,310,1818.0,1245.0
45,311,1818.0,1245.0
45,312,1818.0,1245.0
45,313,1818.0,1245.0
45,314,1818.0,1245.0
45,315,1818.0,1245.0
45,316,1818.0,1245.0
45,317,1818.0,1245.0
45,318,1818.0,1245.0
45,319,1818.0,1245.0
45,320,1818.0,1245.0
45,321,1818.0,1245.0
45,322,1818.0,1245.0
45,323,1818.0,1245.0
45,324,1818.0,1245.0
45,325,1818.0,1245.0
45,326,1818.0,1245.0
45,327,1818.0,1245.0
45,328,1818.0,1245.0
45,329,1818.0,1245.0
45,330,1818.0,1245.0
45,331,1818.0,1245.0
45,332,1818.0,1245.0
45,333,1818.0,1245.0
45,334,1818.0,1245.0
45,335,1818.0,1245.0
45,336,1818.0,1245.0
45,337,1818.0,1245.0
45,338,1818.0,1245.0
45,339,1818.0,1245.0
45,340,1818.0,1245.0
45,341,1818.0,1245.0
45,342,1818.0,1245.0
45,343,1818.0,1245.0
45,344,1818.0,1245.0
45,345,1818.0,1245.0
45,346,1818.0,1245.0
45,347,1818.0,1245.0
45,348,1818.0,1245.0
45,349,1818.0,1245.0
45,350,1818.0,1245.0
45,351,1818.0,1245.0
45,352,1818.0,1245.0
45,353,1818.0,1245.0
45,354,1818.0,1245.0
45,355,1818.0,1245.0
45,356,1818.0,1245.0
45,357,1818.0,1245.0
45,358,1818.0,1245.0
45,359,1818.0,1245.0
46,0,3020.0,1917.0
46,1,3020.0,1917.0
46,2,3020.0,1917.0
46,3,3020.0,1917.0
46,4,3020.0,1917.0
46,5,3020.0,1917.0
46,6,3020.0,1917.0
46,7,3020.0,1917.0
46,8,3020.0,1917.0
46,9,3020.0,1917.0
46,10,3020.0,1917.0
46,11,3020.0,1917.0
46,12,3020.0,1917.0
46,13,3020.0,1917.0
46,14,3020.0,1917.0
46,15,3020.0,1917.0
46,16,3020.0,1917.0
46,17,3020.0,1917.0
46,18,3020.0,1917.0
46,19,3020.0,1917.0
46,20,3020.0,1917.0
46,21,3020.0,1917.0
46,22,3020.0,1917.0
46,23,3020.0,1917.0
46,24,3020.0,1917.0
46,25,3020.0,1917.0
46,26,3020.0,1917.0
46,27,3020.0,1917.0
46,28,3020.0,1917.0
46,29,3020.0,1917.0
46,30,3020.0,1917.0
46,31,3020.0,1917.0
46,32,3020.0,1917.0
46,33,3020.0,1917.0
46,34,3020.0,1917.0
46,35,3020.0,1917.0
46,36,3020.0,1917.0
46,37,3020.0,1917.0
46,38,3020.0,1917.0
46,39,3020.0,1917.0
46,40,3020.0,1917.0
46,41,3020.0,1917.0
46,42,3020.0,1917.0
46,43,3020.0,1917.0
46,44,3020.0,1917.0
46,45,3020.0,1917.0
46,46,3020.0,1917.0
46,47,3020.0,1917.0
46,48,3020.0,1917.0
46,49,3020.0,1917.0
46,50,3020.0,1917.0
46,51,3020.0,1917.0
46,52,3020.0,1917.0
46,53,3020.0,1917.0
46,54,3020.0,1917.0
46,55,3020.0,1917.0
46,56,3020.0,1917.0
46,57,3020.0,1917.0
46,58,3020.0,1917.0
46,59,3020.0,1917.0
46,60,3020.0,1917.0
46,61,3020.0,1917.0
46,62,3020.0,1917.0
46,63,3020.0,1917.0
46,64,3020.0,1917.0
46,65,3020.0,1917.0
46,66,3020.0,1917.0
46,67,3020.0,1917.0
46,68,3020.0,1917.0
46,69,3020.0,1917.0
46,70,3020.0,1917.0
46,71,3020.0,1917.0
46,72,3020.0,1917.0
46,73,3020.0,1917.0
46,74,3020.0,1917.0
46,75,3020.0,1917.0
46,76,3020.0,1917.0
46,77,3020.0,1917.0
46,78,3020.0,1917.0
46,79,3020.0,1917.0
46,80,3020.0,1917.0
46,81,3020.0,1917.0
46,82,3020.0,1917.0
46,83,3020.0,1917.0
46,84,3020.0,1917.0
46,85,3020.0,1917.0
46,86,3020.0,1917.0
46,87,3020.0,1917.0
46,88,3020.0,1917.0
46,89,3020.0,1917.0
46,90,3020.0,1917.0
46,91,3020.0,1917.0
46,92,3020.0,1917.0
46,93,3020.0,1917.0
46,94,3020.0,1917.0
46,95,3020.0,1917.0
46,96,3020.0,1917.0
46,97,3020.0,1917.0
46,98,3020.0,1917.0
46,99,3020.0,1917.0
46,100,3020.0,1917.0
46,101,3020.0,1917.0
46,102,3020.0,1917.0
46,103,3020.0,1917.0
46,104,3020.0,1917.0
46,105,3020.0,1917.0
46,106,3020.0,1917.0
46,107,3020.0,1917.0
46,108,3020.0,1917.0
46,109,3020.0,1917.0
46,110,3020.0,1917.0
46,111,3020.0,1917.0
46,112,3020.0,1917.0
46,113,3020.0,1917.0
46,114,3020.0,1917.0
46,115,3020.0,1917.0
46,116,3020.0,1917.0
46,117,3020.0,1917.0
46,118,3020.0,1917.0
46,119,3020.0,1917.0
46,120,3020.0,1917.0
46,121,3020.0,1917.0
46,122,3020.0,1917.0
46,123,3020.0,1917.0
46,124,3020.0,1917.0
46,125,3020.0,1917.0
46,126,3020.0,1917.0
46,127,3020.0,1917.0
46,128,3020.0,1917.0
46,129,3020.0,1917.0
46,130,3020.0,1917.0
46,131,3020.0,1917.0
46,132,3020.0,1917.0
46,133,3020.0,1917.0
46,134,3020.0,1917.0
46,135,3020.0,1917.0
46,136,3020.0,1917.0
46,137,3020.0,1917.0
46,138,3020.0,1917.0
46,139,3020.0,1917.0
46,140,3020.0,1917.0
46,141,3020.0,1917.0
46,142,3020.0,1917.0
46,143,3020.0,1917.0
46,144,3020.0,1917.0
46,145,3020.0,1917.0
46,146,3020.0,1917.0
46,147,3020.0,1917.0
46,148,3020.0,1917.0
46,149,3020.0,1917.0
46,150,3020.0,1917.0
46,151,3020.0,1917.0
46,152,3020.0,1917.0
46,153,3020.0,1917.0
46,154,3020.0,1917.0
46,155,3020.0,1917.0
46,156,3020.0,1917.0
46,157,3020.0,1917.0
46,158,3020.0,1917.0
46,159,3020.0,1917.0
46,160,3020.0,1917.0
46,161,3020.0,1917.0
46,162,3020.0,1917.0
46,163,3020.0,1917.0
46,164,3020.0,1917.0
46,165,3020.0,1917.0
46,166,3020.0,1917.0
46,167,3020.0,1917.0
46,168,3020.0,1917.0
46,169,3020.0,1917.0
46,170,3020.0,1917.0
46,171,3020.0,1917.0
46,172,3020.0,1917.0
46,173,3020.0,1917.0
46,174,3020.0,1917.0
46,175,3020.0,1917.0
46,176,3020.0,1917.0
46,177,3020.0,1917.0
46,178,3020.0,1917.0
46,179,3020.0,1917.0
46,180,3020.0,1917.0
46,181,3020.0,1917.0
46,182,3020.0,1917.0
46,183,3020.0,1917.0
46,184,3020.0,1917.0
46,185,3020.0,1917.0
46,186,3020.0,1917.0
46,187,3020.0,1917.0
46,188,3020.0,1917.0
46,189,3020.0,1917.0
46,190,3020.0,1917.0
46,191,3020.0,1917.0
46,192,3020.0,1917.0
46,193,3020.0,1917.0
46,194,3020.0,1917.0
46,195,3020.0,1917.0
46,196,3020.0,1917.0
46,197,3020.0,1917.0
46,198,3020.0,1917.0
46,199,3020.0,1917.0
46,200,3020.0,1917.0
46,201,3020.0,1917.0
46,202,3020.0,1917.0
46,203,3020.0,1917.0
46,204,3020.0,1917.0
46,205,3020.0,1917.0
46,206,3020.0,1917.0
46,207,3020.0,1917.0
46,208,3020.0,1917.0
46,209,3020.0,1917.0
46,210,3020.0,1917.0
46,211,3020.0,1917.0
46,212,3020.0,1917.0
46,213,3020.0,1917.0
46,214,3020.0,1917.0
46,215,3020.0,1917.0
46,216,3020.0,1917.0
46,217,3020.0,1917.0
46,218,3020.0,1917.0
46,219,3020.0,1917.0
46,220,3020.0,1917.0
46,221,3020.0,1917.0
46,222,3020.0,1917.0
46,223,3020.0,1917.0
46,224,3020.0,1917.0
46,225,3020.0,1917.0
46,226,3020.0,1917.0
46,227,3020.0,1917.0
46,228,3020.0,1917.0
46,229,3020.0,1917.0
46,230,3020.0,1917.0
46,231,3020.0,1917.0
46,232,3020.0,1917.0
46,233,3020.0,1917.0
46,234,3020.0,1917.0
46,235,3020.0,1917.0
46,236,3020.0,1917.0
46,237,3020.0,1917.0
46,238,3020.0,1917.0
46,239,3020.0,1917.0
46,240,3020.0,1917.0
46,241,3020.0,1917.0
46,242,3020.0,1917.0
46,243,3020.0,1917.0
46,244,3020.0,1917.0
46,245,3020.0,1917.0
46,246,3020.0,1917.0
46,247,3020.0,1917.0
46,248,3020.0,1917.0
46,249,3020.0,1917.0
46,250,3020.0,1917.0
46,251,3020.0,1917.0
46,252,3020.0,1917.0
46,253,3020.0,1917.0
46,254,3020.0,1917.0
46,255,3020.0,1917.0
46,256,3020.0,1917.0
46,257,3020.0,1917.0
46,258,3020.0,1917.0
46,259,3020.0,1917.0
46,260,3020.0,1917.0
46,261,3020.0,1917.0
46,262,3020.0,1917.0
46,263,3020.0,1917.0
46,264,3020.0,1917.0
46,265,3020.0,1917.0
46,266,3020.0,1917.0
46,267,3020.0,1917.0
46,268,3020.0,1917.0
46,269,3020.0,1917.0
46,270,3020.0,1917.0
46,271,3020.0,1917.0
46,272,3020.0,1917.0
46,273,3020.0,1917.0
46,274,3020.0,1917.0
46,275,3020.0,1917.0
46,276,3020.0,1917.0
46,277,3020.0,1917.0
46,278,3020.0,1917.0
46,279,3020.0,1917.0
46,280,3020.0,1917.0
46,281,3020.0,1917.0
46,282,3020.0,1917.0
46,283,3020.0,1917.0
46,284,3020.0,1917.0
46,285,3020.0,1917.0
46,286,3020.0,1917.0
46,287,3020.0,1917.0
46,288,3020.0,1917.0
46,289,3020.0,1917.0
46,290,3020.0,1917.0
46,291,3020.0,1917.0
46,292,3020.0,1917.0
46,293,3020.0,1917.0
46,294,3020.0,1917.0
46,295,3020.0,1917.0
46,296,3020.0,1917.0
46,297,3020.0,1917.0
46,298,3020.0,1917.0
46,299,3020.0,1917.0
46,300,3020.0,1917.0
46,301,3020.0,1917.0
46,302,3020.0,1917.0
46,303,3020.0,1917.0
46,304,3020.0,1917.0
46,305,3020.0,1917.0
46,306,3020.0,1917.0
46,307,3020.0,1917.0
46,308,3020.0,1917.0
46,309,3020.0,1917.0
46,310,3020.0,1917.0
46,311,3020.0,1917.0
46,312,3020.0,1917.0
46,313,3020.0,1917.0
46,314,3020.0,1917.0
46,315,3020.0,1917.0
46,316,3020.0,1917.0
46,317,3020.0,1917.0
46,318,3020.0,1917.0
46,319,3020.0,1917.0
46,320,3020.0,1917.0
46,321,3020.0,1917.0
46,322,3020.0,1917.0
46,323,3020.0,1917.0
46,324,3020.0,1917.0
46,325,3020.0,1917.0
46,326,3020.0,1917.0
46,327,3020.0,1917.0
46,328,3020.0,1917.0
46,329,3020.0,1917.0
46,330,3020.0,1917.0
46,331,3020.0,1917.0
46,332,3020.0,1917.0
46,333,3020.0,1917.0
46,334,3020.0,1917.0
46,335,3020.0,1917.0
46,336,3020.0,1917.0
46,337,3020.0,1917.0
46,338,3020.0,1917.0
46,339,3020.0,1917.0
46,340,3020.0,1917.0
46,341,3020.0,1917.0
46,342,3020.0,1917.0
46,343,3020.0,1917.0
46,344,3020.0,1917.0
46,345,3020.0,1917.0
46,346,3020.0,1917.0
46,347,3020.0,1917.0
46,348,3020.0,1917.0
46,349,3020.0,1917.0
46,350,3020.0,1917.0
46,351,3020.0,1917.0
46,352,3020.0,1917.0
46,353,3020.0,1917.0
46,354,3020.0,1917.0
46,355,3020.0,1917.0
46,356,3020.0,1917.0
46,357,3020.0,1917.0
46,358,3020.0,1917.0
46,359,3020.0,1917.0
47,0,3355.0,1529.0
47,1,3355.0,1529.0
47,2,3355.0,1529.0
47,3,3355.0,1529.0
47,4,3355.0,1529.0
47,5,3355.0,1529.0
47,6,3355.0,1529.0
47,7,3355.0,1529.0
47,8,3355.0,1529.0
47,9,3355.0,1529.0
47,10,3355.0,1529.0
47,11,3355.0,1529.0
47,12,3355.0,1529.0
47,13,3355.0,1529.0
47,14,3355.0,1529.0
47,15,3355.0,1529.0
47,16,3355.0,1529.0
47,17,3355.0,1529.0
47,18,3355.0,1529.0
47,19,3355.0,1529.0
47,20,3355.0,1529.0
47,21,3355.0,1529.0
47,22,3355.0,1529.0
47,23,3355.0,1529.0
47,24,3355.0,1529.0
47,25,3355.0,1529.0
47,26,3355.0,1529.0
47,27,3355.0,1529.0
47,28,3355.0,1529.0
47,29,3355.0,1529.0
47,30,3355.0,1529.0
47,31,3355.0,1529.0
47,32,3355.0,1529.0
47,33,3355.0,1529.0
47,34,3355.0,1529.0
47,35,3355.0,1529.0
47,36,3355.0,1529.0
47,37,3355.0,1529.0
47,38,3355.0,1529.0
47,39,3355.0,1529.0
47,40,3355.0,1529.0
47,41,3355.0,1529.0
47,42,3355.0,1529.0
47,43,3355.0,1529.0
47,44,3355.0,1529.0
47,45,3355.0,1529.0
47,46,3355.0,1529.0
47,47,3355.0,1529.0
47,48,3355.0,1529.0
47,49,3355.0,1529.0
47,50,3355.0,1529.0
47,51,3355.0,1529.0
47,52,3355.0,1529.0
47,53,3355.0,1529.0
47,54,3355.0,1529.0
47,55,3355.0,1529.0
47,56,3355.0,1529.0
47,57,3355.0,1529.0
47,58,3355.0,1529.0
47,59,3355.0,1529.0
47,60,3355.0,1529.0
47,61,3355.0,1529.0
47,62,3355.0,1529.0
47,63,3355.0,1529.0
47,64,3355.0,1529.0
47,65,3355.0,1529.0
47,66,3355.0,1529.0
47,67,3355.0,1529.0
47,68,3355.0,1529.0
47,69,3355.0,1529.0
47,70,3355.0,1529.0
47,71,3355.0,1529.0
47,72,3355.0,1529.0
47,73,3355.0,1529.0
47,74,3355.0,1529.0
47,75,3355.0,1529.0
47,76,3355.0,1529.0
47,77,3355.0,1529.0
47,78,3355.0,1529.0
47,79,3355.0,1529.0
47,80,3355.0,1529.0
47,81,3355.0,1529.0
47,82,3355.0,1529.0
47,83,3355.0,1529.0
47,84,3355.0,1529.0
47,85,3355.0,1529.0
47,86,3355.0,1529.0
47,87,3355.0,1529.0
47,88,3355.0,1529.0
47,89,3355.0,1529.0
47,90,3355.0,1529.0
47,91,3355.0,1529.0
47,92,3355.0,1529.0
47,93,3355.0,1529.0
47,94,3355.0,1529.0
47,95,3355.0,1529.0
47,96,3355.0,1529.0
47,97,3355.0,1529.0
47,98,3355.0,1529.0
47,99,3355.0,1529.0
47,100,3355.0,1529.0
47,101,3355.0,1529.0
47,102,3355.0,1529.0
47,103,3355.0,1529.0
47,104,3355.0,1529.0
47,105,3355.0,1529.0
47,106,3355.0,1529.0
47,107,3355.0,1529.0
47,108,3355.0,1529.0
47,109,3355.0,1529.0
47,110,3355.0,1529.0
47,111,3355.0,1529.0
47,112,3355.0,1529.0
47,113,3355.0,1529.0
47,114,3355.0,1529.0
47,115,3355.0,1529.0
47,116,3355.0,1529.0
47,117,3355.0,1529.0
47,118,3355.0,1529.0
47,119,3355.0,1529.0
47,120,3355.0,1529.0
47,121,3355.0,1529.0
47,122,3355.0,1529.0
47,123,3355.0,1529.0
47,124,3355.0,1529.0
47,125,3355.0,1529.0
47,126,3355.0,1529.0
47,127,3355.0,1529.0
47,128,3355.0,1529.0
47,129,3355.0,1529.0
47,130,3355.0,1529.0
47,131,3355.0,1529.0
47,132,3355.0,1529.0
47,133,3355.0,1529.0
47,134,3355.0,1529.0
47,135,3355.0,1529.0
47,136,3355.0,1529.0
47,137,3355.0,1529.0
47,138,3355.0,1529.0
47,139,3355.0,1529.0
47,140,3355.0,1529.0
47,141,3355.0,1529.0
47,142,3355.0,1529.0
47,143,3355.0,1529.0
47,144,3355.0,1529.0
47,145,3355.0,1529.0
47,146,3355.0,1529.0
47,147,3355.0,1529.0
47,148,3355.0,1529.0
47,149,3355.0,1529.0
47,150,3355.0,1529.0
47,151,3355.0,1529.0
47,152,3355.0,1529.0
47,153,3355.0,1529.0
47,154,3355.0,1529.0
47,155,3355.0,1529.0
47,156,3355.0,1529.0
47,157,3355.0,1529.0
47,158,3355.0,1529.0
47,159,3355.0,1529.0
47,160,3355.0,1529.0
47,161,3355.0,1529.0
47,162,3355.0,1529.0
47,163,3355.0,1529.0
47,164,3355.0,1529.0
47,165,3355.0,1529.0
47,166,3355.0,1529.0
47,167,3355.0,1529.0
47,168,3355.0,1529.0
47,169,3355.0,1529.0
47,170,3355.0,1529.0
47,171,3355.0,1529.0
47,172,3355.0,1529.0
47,173,3355.0,1529.0
47,174,3355.0,1529.0
47,175,3355.0,1529.0
47,176,3355.0,1529.0
47,177,3355.0,1529.0
47,178,3355.0,1529.0
47,179,3355.0,1529.0
47,180,3355.0,1529.0
47,181,3355.0,1529.0
47,182,3355.0,1529.0
47,183,3355.0,1529.0
47,184,3355.0,1529.0
47,185,3355.0,1529.0
47,186,3355.0,1529.0
47,187,3355.0,1529.0
47,188,3355.0,1529.0
47,189,3355.0,1529.0
47,190,3355.0,1529.0
47,191,3355.0,1529.0
47,192,3355.0,1529.0
47,193,3355.0,1529.0
47,194,3355.0,1529.0
47,195,3355.0,1529.0
47,196,3355.0,1529.0
47,197,3355.0,1529.0
47,198,3355.0,1529.0
47,199,3355.0,1529.0
47,200,3355.0,1529.0
47,201,3355.0,1529.0
47,202,3355.0,1529.0
47,203,3355.0,1529.0
47,204,3355.0,1529.0
47,205,3355.0,1529.0
47,206,3355.0,1529.0
47,207,3355.0,1529.0
47,208,3355.0,1529.0
47,209,3355.0,1529.0
47,210,3355.0,1529.0
47,211,3355.0,1529.0
47,212,3355.0,1529.0
47,213,3355.0,1529.0
47,214,3355.0,1529.0
47,215,3355.0,1529.0
47,216,3355.0,1529.0
47,217,3355.0,1529.0
47,218,3355.0,1529.0
47,219,3355.0,1529.0
47,220,3355.0,1529.0
47,221,3355.0,1529.0
47,222,3355.0,1529.0
47,223,3355.0,1529.0
47,224,3355.0,1529.0
47,225,3355.0,1529.0
47,226,3355.0,1529.0
47,227,3355.0,1529.0
47,228,3355.0,1529.0
47,229,3355.0,1529.0
47,230,3355.0,1529.0
47,231,3355.0,1529.0
47,232,3355.0,1529.0
47,233,3355.0,1529.0
47,234,3355.0,1529.0
47,235,3355.0,1529.0
47,236,3355.0,1529.0
47,237,3355.0,1529.0
47,238,3355.0,1529.0
47,239,3355.0,1529.0
47,240,3355.0,1529.0
47,241,3355.0,1529.0
47,242,3355.0,1529.0
47,243,3355.0,1529.0
47,244,3355.0,1529.0
47,245,3355.0,1529.0
47,246,3355.0,1529.0
47,247,3355.0,1529.0
47,248,3355.0,1529.0
47,249,3355.0,1529.0
47,250,3355.0,1529.0
47,251,3355.0,1529.0
47,252,3355.0,1529.0
47,253,3355.0,1529.0
47,254,3355.0,1529.0
47,255,3355.0,1529.0
47,256,3355.0,1529.0
47,257,3355.0,1529.0
47,258,3355.0,1529.0
47,259,3355.0,1529.0
47,260,3355.0,1529.0
47,261,3355.0,1529.0
47,262,3355.0,1529.0
47,263,3355.0,1529.0
47,264,3355.0,1529.0
47,265,3355.0,1529.0
47,266,3355.0,1529.0
47,267,3355.0,1529.0
47,268,3355.0,1529.0
47,269,3355.0,1529.0
47,270,3355.0,1529.0
47,271,3355.0,1529.0
47,272,3355.0,1529.0
47,273,3355.0,1529.0
47,274,3355.0,1529.0
47,275,3355.0,1529.0
47,276,3355.0,1529.0
47,277,3355.0,1529.0
47,278,3355.0,1529.0
47,279,3355.0,1529.0
47,280,3355.0,1529.0
47,281,3355.0,1529.0
47,282,3355.0,1529.0
47,283,3355.0,1529.0
47,284,3355.0,1529.0
47,285,3355.0,1529.0
47,286,3355.0,1529.0
47,287,3355.0,1529.0
47,288,3355.0,1529.0
47,289,3355.0,1529.0
47,290,3355.0,1529.0
47,291,3355.0,1529.0
47,292,3355.0,1529.0
47,293,3355.0,1529.0
47,294,3355.0,1529.0
47,295,3355.0,1529.0
47,296,3355.0,1529.0
47,297,3355.0,1529.0
47,298,3355.0,1529.0
47,299,3355.0,1529.0
47,300,3355.0,1529.0
47,301,3355.0,1529.0
47,302,3355.0,1529.0
47,303,3355.0,1529.0
47,304,3355.0,1529.0
47,305,3355.0,1529.0
47,306,3355.0,1529.0
47,307,3355.0,1529.0
47,308,3355.0,1529.0
47,309,3355.0,1529.0
47,310,3355.0,1529.0
47,311,3355.0,1529.0
47,312,3355.0,1529.0
47,313,3355.0,1529.0
47,314,3355.0,1529.0
47,315,3355.0,1529.0
47,316,3355.0,1529.0
47,317,3355.0,1529.0
47,318,3355.0,1529.0
47,319,3355.0,1529.0
47,320,3355.0,1529.0
47,321,3355.0,1529.0
47,322,3355.0,1529.0
47,323,3355.0,1529.0
47,324,3355.0,1529.0
47,325,3355.0,1529.0
47,326,3355.0,1529.0
47,327,3355.0,1529.0
47,328,3355.0,1529.0
47,329,3355.0,1529.0
47,330,3355.0,1529.0
47,331,3355.0,1529.0
47,332,3355.0,1529.0
47,333,3355.0,1529.0
47,334,3355.0,1529.0
47,335,3355.0,1529.0
47,336,3355.0,1529.0
47,337,3355.0,1529.0
47,338,3355.0,1529.0
47,339,3355.0,1529.0
47,340,3355.0,1529.0
47,341,3355.0,1529.0
47,342,3355.0,1529.0
47,343,3355.0,1529.0
47,344,3355.0,1529.0
47,345,3355.0,1529.0
47,346,3355.0,1529.0
47,347,3355.0,1529.0
47,348,3355.0,1529.0
47,349,3355.0,1529.0
47,350,3355.0,1529.0
47,351,3355.0,1529.0
47,352,3355.0,1529.0
47,353,3355.0,1529.0
47,354,3355.0,1529.0
47,355,3355.0,1529.0
47,356,3355.0,1529.0
47,357,3355.0,1529.0
47,358,3355.0,1529.0
47,359,3355.0,1529.0
48,0,2504.0,1072.0
48,1,2504.0,1072.0
48,2,2504.0,1072.0
48,3,2504.0,1072.0
48,4,2504.0,1072.0
48,5,2504.0,1072.0
48,6,2504.0,1072.0
48,7,2504.0,1072.0
48,8,2504.0,1072.0
48,9,2504.0,1072.0
48,10,2504.0,1072.0
48,11,2504.0,1072.0
48,12,2504.0,1072.0
48,13,2504.0,1072.0
48,14,2504.0,1072.0
48,15,2504.0,1072.0
48,16,2504.0,1072.0
48,17,2504.0,1072.0
48,18,2504.0,1072.0
48,19,2504.0,1072.0
48,20,2504.0,1072.0
48,21,2504.0,1072.0
48,22,2504.0,1072.0
48,23,2504.0,1072.0
48,24,2504.0,1072.0
48,25,2504.0,1072.0
48,26,2504.0,1072.0
48,27,2504.0,1072.0
48,28,2504.0,1072.0
48,29,2504.0,1072.0
48,30,2504.0,1072.0
48,31,2504.0,1072.0
48,32,2504.0,1072.0
48,33,2504.0,1072.0
48,34,2504.0,1072.0
48,35,2504.0,1072.0
48,36,2504.0,1072.0
48,37,2504.0,1072.0
48,38,2504.0,1072.0
48,39,2504.0,1072.0
48,40,2504.0,1072.0
48,41,2504.0,1072.0
48,42,2504.0,1072.0
48,43,2504.0,1072.0
48,44,2504.0,1072.0
48,45,2504.0,1072.0
48,46,2504.0,1072.0
48,47,2504.0,1072.0
48,48,2504.0,1072.0
48,49,2504.0,1072.0
48,50,2504.0,1072.0
48,51,2504.0,1072.0
48,52,2504.0,1072.0
48,53,2504.0,1072.0
48,54,2504.0,1072.0
48,55,2504.0,1072.0
48,56,2504.0,1072.0
48,57,2504.0,1072.0
48,58,2504.0,1072.0
48,59,2504.0,1072.0
48,60,2504.0,1072.0
48,61,2504.0,1072.0
48,62,2504.0,1072.0
48,63,2504.0,1072.0
48,64,2504.0,1072.0
48,65,2504.0,1072.0
48,66,2504.0,1072.0
48,67,2504.0,1072.0
48,68,2504.0,1072.0
48,69,2504.0,1072.0
48,70,2504.0,1072.0
48,71,2504.0,1072.0
48,72,2504.0,1072.0
48,73,2504.0,1072.0
48,74,2504.0,1072.0
48,75,2504.0,1072.0
48,76,2504.0,1072.0
48,77,2504.0,1072.0
48,78,2504.0,1072.0
48,79,2504.0,1072.0
48,80,2504.0,1072.0
48,81,2504.0,1072.0
48,82,2504.0,1072.0
48,83,2504.0,1072.0
48,84,2504.0,1072.0
48,85,2504.0,1072.0
48,86,2504.0,1072.0
48,87,2504.0,1072.0
48,88,2504.0,1072.0
48,89,2504.0,1072.0
48,90,2504.0,1072.0
48,91,2504.0,1072.0
48,92,2504.0,1072.0
48,93,2504.0,1072.0
48,94,2504.0,1072.0
48,95,2504.0,1072.0
48,96,2504.0,1072.0
48,97,2504.0,1072.0
48,98,2504.0,1072.0
48,99,2504.0,1072.0
48,100,2504.0,1072.0
48,101,2504.0,1072.0
48,102,2504.0,1072.0
48,103,2504.0,1072.0
48,104,2504.0,1072.0
48,105,2504.0,1072.0
48,106,2504.0,1072.0
48,107,2504.0,1072.0
48,108,2504.0,1072.0
48,109,2504.0,1072.0
48,110,2504.0,1072.0
48,111,2504.0,1072.0
48,112,2504.0,1072.0
48,113,2504.0,1072.0
48,114,2504.0,1072.0
48,115,2504.0,1072.0
48,116,2504.0,1072.0
48,117,2504.0,1072.0
48,118,2504.0,1072.0
48,119,2504.0,1072.0
48,120,2504.0,1072.0
48,121,2504.0,1072.0
48,122,2504.0,1072.0
48,123,2504.0,1072.0
48,124,2504.0,1072.0
48,125,2504.0,1072.0
48,126,2504.0,1072.0
48,127,2504.0,1072.0
48,128,2504.0,1072.0
48,129,2504.0,1072.0
48,130,2504.0,1072.0
48,131,2504.0,1072.0
48,132,2504.0,1072.0
48,133,2504.0,1072.0
48,134,2504.0,1072.0
48,135,2504.0,1072.0
48,136,2504.0,1072.0
48,137,2504.0,1072.0
48,138,2504.0,1072.0
48,139,2504.0,1072.0
48,140,2504.0,1072.0
48,141,2504.0,1072.0
48,142,2504.0,1072.0
48,143,2504.0,1072.0
48,144,2504.0,1072.0
48,145,2504.0,1072.0
48,146,2504.0,1072.0
48,147,2504.0,1072.0
48,148,2504.0,1072.0
48,149,2504.0,1072.0
48,150,2504.0,1072.0
48,151,2504.0,1072.0
48,152,2504.0,1072.0
48,153,2504.0,1072.0
48,154,2504.0,1072.0
48,155,2504.0,1072.0
48,156,2504.0,1072.0
48,157,2504.0,1072.0
48,158,2504.0,1072.0
48,159,2504.0,1072.0
48,160,2504.0,1072.0
48,161,2504.0,1072.0
48,162,2504.0,1072.0
48,163,2504.0,1072.0
48,164,2504.0,1072.0
48,165,2504.0,1072.0
48,166,2504.0,1072.0
48,167,2504.0,1072.0
48,168,2504.0,1072.0
48,169,2504.0,1072.0
48,170,2504.0,1072.0
48,171,2504.0,1072.0
48,172,2504.0,1072.0
48,173,2504.0,1072.0
48,174,2504.0,1072.0
48,175,2504.0,1072.0
48,176,2504.0,1072.0
48,177,2504.0,1072.0
48,178,2504.0,1072.0
48,179,2504.0,1072.0
48,180,2504.0,1072.0
48,181,2504.0,1072.0
48,182,2504.0,1072.0
48,183,2504.0,1072.0
48,184,2504.0,1072.0
48,185,2504.0,1072.0
48,186,2504.0,1072.0
48,187,2504.0,1072.0
48,188,2504.0,1072.0
48,189,2504.0,1072.0
48,190,2504.0,1072.0
48,191,2504.0,1072.0
48,192,2504.0,1072.0
48,193,2504.0,1072.0
48,194,2504.0,1072.0
48,195,2504.0,1072.0
48,196,2504.0,1072.0
48,197,2504.0,1072.0
48,198,2504.0,1072.0
48,199,2504.0,1072.0
48,200,2504.0,1072.0
48,201,2504.0,1072.0
48,202,2504.0,1072.0
48,203,2504.0,1072.0
48,204,2504.0,1072.0
48,205,2504.0,1072.0
48,206,2504.0,1072.0
48,207,2504.0,1072.0
48,208,2504.0,1072.0
48,209,2504.0,1072.0
48,210,2504.0,1072.0
48,211,2504.0,1072.0
48,212,2504.0,1072.0
48,213,2504.0,1072.0
48,214,2504.0,1072.0
48,215,2504.0,1072.0
48,216,2504.0,1072.0
48,217,2504.0,1072.0
48,218,2504.0,1072.0
48,219,2504.0,1072.0
48,220,2504.0,1072.0
48,221,2504.0,1072.0
48,222,2504.0,1072.0
48,223,2504.0,1072.0
48,224,2504.0,1072.0
48,225,2504.0,1072.0
48,226,2504.0,1072.0
48,227,2504.0,1072.0
48,228,2504.0,1072.0
48,229,2504.0,1072.0
48,230,2504.0,1072.0
48,231,2504.0,1072.0
48,232,2504.0,1072.0
48,233,2504.0,1072.0
48,234,2504.0,1072.0
48,235,2504.0,1072.0
48,236,2504.0,1072.0
48,237,2504.0,1072.0
48,238,2504.0,1072.0
48,239,2504.0,1072.0
48,240,2504.0,1072.0
48,241,2504.0,1072.0
48,242,2504.0,1072.0
48,243,2504.0,1072.0
48,244,2504.0,1072.0
48,245,2504.0,1072.0
48,246,2504.0,1072.0
48,247,2504.0,1072.0
48,248,2504.0,1072.0
48,249,2504.0,1072.0
48,250,2504.0,1072.0
48,251,2504.0,1072.0
48,252,2504.0,1072.0
48,253,2504.0,1072.0
48,254,2504.0,1072.0
48,255,2504.0,1072.0
48,256,2504.0,1072.0
48,257,2504.0,1072.0
48,258,2504.0,1072.0
48,259,2504.0,1072.0
48,260,2504.0,1072.0
48,261,2504.0,1072.0
48,262,2504.0,1072.0
48,263,2504.0,1072.0
48,264,2504.0,1072.0
48,265,2504.0,1072.0
48,266,2504.0,1072.0
48,267,2504.0,1072.0
48,268,2504.0,1072.0
48,269,2504.0,1072.0
48,270,2504.0,1072.0
48,271,2504.0,1072.0
48,272,2504.0,1072.0
48,273,2504.0,1072.0
48,274,2504.0,1072.0
48,275,2504.0,1072.0
48,276,2504.0,1072.0
48,277,2504.0,1072.0
48,278,2504.0,1072.0
48,279,2504.0,1072.0
48,280,2504.0,1072.0
48,281,2504.0,1072.0
48,282,2504.0,1072.0
48,283,2504.0,1072.0
48,284,2504.0,1072.0
48,285,2504.0,1072.0
48,286,2504.0,1072.0
48,287,2504.0,1072.0
48,288,2504.0,1072.0
48,289,2504.0,1072.0
48,290,2504.0,1072.0
48,291,2504.0,1072.0
48,292,2504.0,1072.0
48,293,2504.0,1072.0
48,294,2504.0,1072.0
48,295,2504.0,1072.0
48,296,2504.0,1072.0
48,297,2504.0,1072.0
48,298,2504.0,1072.0
48,299,2504.0,1072.0
48,300,2504.0,1072.0
48,301,2504.0,1072.0
48,302,2504.0,1072.0
48,303,2504.0,1072.0
48,304,2504.0,1072.0
48,305,2504.0,1072.0
48,306,2504.0,1072.0
48,307,2504.0,1072.0
48,308,2504.0,1072.0
48,309,2504.0,1072.0
48,310,2504.0,1072.0
48,311,2504.0,1072.0
48,312,2504.0,1072.0
48,313,2504.0,1072.0
48,314,2504.0,1072.0
48,315,2504.0,1072.0
48,316,2504.0,1072.0
48,317,2504.0,1072.0
48,318,2504.0,1072.0
48,319,2504.0,1072.0
48,320,2504.0,1072.0
48,321,2504.0,1072.0
48,322,2504.0,1072.0
48,323,2504.0,1072.0
48,324,2504.0,1072.0
48,325,2504.0,1072.0
48,326,2504.0,1072.0
48,327,2504.0,1072.0
48,328,2504.0,1072.0
48,329,2504.0,1072.0
48,330,2504.0,1072.0
48,331,2504.0,1072.0
48,332,2504.0,1072.0
48,333,2504.0,1072.0
48,334,2504.0,1072.0
48,335,2504.0,1072.0
48,336,2504.0,1072.0
48,337,2504.0,1072.0
48,338,2504.0,1072.0
48,339,2504.0,1072.0
48,340,2504.0,1072.0
48,341,2504.0,1072.0
48,342,2504.0,1072.0
48,343,2504.0,1072.0
48,344,2504.0,1072.0
48,345,2504.0,1072.0
48,346,2504.0,1072.0
48,347,2504.0,1072.0
48,348,2504.0,1072.0
48,349,2504.0,1072.0
48,350,2504.0,1072.0
48,351,2504.0,1072.0
48,352,2504.0,1072.0
48,353,2504.0,1072.0
48,354,2504.0,1072.0
48,355,2504.0,1072.0
48,356,2504.0,1072.0
48,357,2504.0,1072.0
48,358,2504.0,1072.0
48,359,2504.0,1072.0
49,0,3081.0,2382.0
49,1,3081.0,2382.0
49,2,3081.0,2382.0
49,3,3081.0,2382.0
49,4,3081.0,2382.0
49,5,3081.0,2382.0
49,6,3081.0,2382.0
49,7,3081.0,2382.0
49,8,3081.0,2382.0
49,9,3081.0,2382.0
49,10,3081.0,2382.0
49,11,3081.0,2382.0
49,12,3081.0,2382.0
49,13,3081.0,2382.0
49,14,3081.0,2382.0
49,15,3081.0,2382.0
49,16,3081.0,2382.0
49,17,3081.0,2382.0
49,18,3081.0,2382.0
49,19,3081.0,2382.0
49,20,3081.0,2382.0
49,21,3081.0,2382.0
49,22,3081.0,2382.0
49,23,3081.0,2382.0
49,24,3081.0,2382.0
49,25,3081.0,2382.0
49,26,3081.0,2382.0
49,27,3081.0,2382.0
49,28,3081.0,2382.0
49,29,3081.0,2382.0
49,30,3081.0,2382.0
49,31,3081.0,2382.0
49,32,3081.0,2382.0
49,33,3081.0,2382.0
49,34,3081.0,2382.0
49,35,3081.0,2382.0
49,36,3081.0,2382.0
49,37,3081.0,2382.0
49,38,3081.0,2382.0
49,39,3081.0,2382.0
49,40,3081.0,2382.0
49,41,3081.0,2382.0
49,42,3081.0,2382.0
49,43,3081.0,2382.0
49,44,3081.0,2382.0
49,45,3081.0,2382.0
49,46,3081.0,2382.0
49,47,3081.0,2382.0
49,48,3081.0,2382.0
49,49,3081.0,2382.0
49,50,3081.0,2382.0
49,51,3081.0,2382.0
49,52,3081.0,2382.0
49,53,3081.0,2382.0
49,54,3081.0,2382.0
49,55,3081.0,2382.0
49,56,3081.0,2382.0
49,57,3081.0,2382.0
49,58,3081.0,2382.0
49,59,3081.0,2382.0
49,60,3081.0,2382.0
49,61,3081.0,2382.0
49,62,3081.0,2382.0
49,63,3081.0,2382.0
49,64,3081.0,2382.0
49,65,3081.0,2382.0
49,66,3081.0,2382.0
49,67,3081.0,2382.0
49,68,3081.0,2382.0
49,69,3081.0,2382.0
49,70,3081.0,2382.0
49,71,3081.0,2382.0
49,72,3081.0,2382.0
49,73,3081.0,2382.0
49,74,3081.0,2382.0
49,75,3081.0,2382.0
49,76,3081.0,2382.0
49,77,3081.0,2382.0
49,78,3081.0,2382.0
49,79,3081.0,2382.0
49,80,3081.0,2382.0
49,81,3081.0,2382.0
49,82,3081.0,2382.0
49,83,3081.0,2382.0
49,84,3081.0,2382.0
49,85,3081.0,2382.0
49,86,3081.0,2382.0
49,87,3081.0,2382.0
49,88,3081.0,2382.0
49,89,3081.0,2382.0
49,90,3081.0,2382.0
49,91,3081.0,2382.0
49,92,3081.0,2382.0
49,93,3081.0,2382.0
49,94,3081.0,2382.0
49,95,3081.0,2382.0
49,96,3081.0,2382.0
49,97,3081.0,2382.0
49,98,3081.0,2382.0
49,99,3081.0,2382.0
49,100,3081.0,2382.0
49,101,3081.0,2382.0
49,102,3081.0,2382.0
49,103,3081.0,2382.0
49,104,3081.0,2382.0
49,105,3081.0,2382.0
49,106,3081.0,2382.0
49,107,3081.0,2382.0
49,108,3081.0,2382.0
49,109,3081.0,2382.0
49,110,3081.0,2382.0
49,111,3081.0,2382.0
49,112,3081.0,2382.0
49,113,3081.0,2382.0
49,114,3081.0,2382.0
49,115,3081.0,2382.0
49,116,3081.0,2382.0
49,117,3081.0,2382.0
49,118,3081.0,2382.0
49,119,3081.0,2382.0
49,120,3081.0,2382.0
49,121,3081.0,2382.0
49,122,3081.0,2382.0
49,123,3081.0,2382.0
49,124,3081.0,2382.0
49,125,3081.0,2382.0
49,126,3081.0,2382.0
49,127,3081.0,2382.0
49,128,3081.0,2382.0
49,129,3081.0,2382.0
49,130,3081.0,2382.0
49,131,3081.0,2382.0
49,132,3081.0,2382.0
49,133,3081.0,2382.0
49,134,3081.0,2382.0
49,135,3081.0,2382.0
49,136,3081.0,2382.0
49,137,3081.0,2382.0
49,138,3081.0,2382.0
49,139,3081.0,2382.0
49,140,3081.0,2382.0
49,141,3081.0,2382.0
49,142,3081.0,2382.0
49,143,3081.0,2382.0
49,144,3081.0,2382.0
49,145,3081.0,2382.0
49,146,3081.0,2382.0
49,147,3081.0,2382.0
49,148,3081.0,2382.0
49,149,3081.0,2382.0
49,150,3081.0,2382.0
49,151,3081.0,2382.0
49,152,3081.0,2382.0
49,153,3081.0,2382.0
49,154,3081.0,2382.0
49,155,3081.0,2382.0
49,156,3081.0,2382.0
49,157,3081.0,2382.0
49,158,3081.0,2382.0
49,159,3081.0,2382.0
49,160,3081.0,2382.0
49,161,3081.0,2382.0
49,162,3081.0,2382.0
49,163,3081.0,2382.0
49,164,3081.0,2382.0
49,165,3081.0,2382.0
49,166,3081.0,2382.0
49,167,3081.0,2382.0
49,168,3081.0,2382.0
49,169,3081.0,2382.0
49,170,3081.0,2382.0
49,171,3081.0,2382.0
49,172,3081.0,2382.0
49,173,3081.0,2382.0
49,174,3081.0,2382.0
49,175,3081.0,2382.0
49,176,3081.0,2382.0
49,177,3081.0,2382.0
49,178,3081.0,2382.0
49,179,3081.0,2382.0
49,180,3081.0,2382.0
49,181,3081.0,2382.0
49,182,3081.0,2382.0
49,183,3081.0,2382.0
49,184,3081.0,2382.0
49,185,3081.0,2382.0
49,186,3081.0,2382.0
49,187,3081.0,2382.0
49,188,3081.0,2382.0
49,189,3081.0,2382.0
49,190,3081.0,2382.0
49,191,3081.0,2382.0
49,192,3081.0,2382.0
49,193,3081.0,2382.0
49,194,3081.0,2382.0
49,195,3081.0,2382.0
49,196,3081.0,2382.0
49,197,3081.0,2382.0
49,198,3081.0,2382.0
49,199,3081.0,2382.0
49,200,3081.0,2382.0
49,201,3081.0,2382.0
49,202,3081.0,2382.0
49,203,3081.0,2382.0
49,204,3081.0,2382.0
49,205,3081.0,2382.0
49,206,3081.0,2382.0
49,207,3081.0,2382.0
49,208,3081.0,2382.0
49,209,3081.0,2382.0
49,210,3081.0,2382.0
49,211,3081.0,2382.0
49,212,3081.0,2382.0
49,213,3081.0,2382.0
49,214,3081.0,2382.0
49,215,3081.0,2382.0
49,216,3081.0,2382.0
49,217,3081.0,2382.0
49,218,3081.0,2382.0
49,219,3081.0,2382.0
49,220,3081.0,2382.0
49,221,3081.0,2382.0
49,222,3081.0,2382.0
49,223,3081.0,2382.0
49,224,3081.0,2382.0
49,225,3081.0,2382.0
49,226,3081.0,2382.0
49,227,3081.0,2382.0
49,228,3081.0,2382.0
49,229,3081.0,2382.0
49,230,3081.0,2382.0
49,231,3081.0,2382.0
49,232,3081.0,2382.0
49,233,3081.0,2382.0
49,234,3081.0,2382.0
49,235,3081.0,2382.0
49,236,3081.0,2382.0
49,237,3081.0,2382.0
49,238,3081.0,2382.0
49,239,3081.0,2382.0
49,240,3081.0,2382.0
49,241,3081.0,2382.0
49,242,3081.0,2382.0
49,243,3081.0,2382.0
49,244,3081.0,2382.0
49,245,3081.0,2382.0
49,246,3081.0,2382.0
49,247,3081.0,2382.0
49,248,3081.0,2382.0
49,249,3081.0,2382.0
49,250,3081.0,2382.0
49,251,3081.0,2382.0
49,252,3081.0,2382.0
49,253,3081.0,2382.0
49,254,3081.0,2382.0
49,255,3081.0,2382.0
49,256,3081.0,2382.0
49,257,3081.0,2382.0
49,258,3081.0,2382.0
49,259,3081.0,2382.0
49,260,3081.0,2382.0
49,261,3081.0,2382.0
49,262,3081.0,2382.0
49,263,3081.0,2382.0
49,264,3081.0,2382.0
49,265,3081.0,2382.0
49,266,3081.0,2382.0
49,267,3081.0,2382.0
49,268,3081.0,2382.0
49,269,3081.0,2382.0
49,270,3081.0,2382.0
49,271,3081.0,2382.0
49,272,3081.0,2382.0
49,273,3081.0,2382.0
49,274,3081.0,2382.0
49,275,3081.0,2382.0
49,276,3081.0,2382.0
49,277,3081.0,2382.0
49,278,3081.0,2382.0
49,279,3081.0,2382.0
49,280,3081.0,2382.0
49,281,3081.0,2382.0
49,282,3081.0,2382.0
49,283,3081.0,2382.0
49,284,3081.0,2382.0
49,285,3081.0,2382.0
49,286,3081.0,2382.0
49,287,3081.0,2382.0
49,288,3081.0,2382.0
49,289,3081.0,2382.0
49,290,3081.0,2382.0
49,291,3081.0,2382.0
49,292,3081.0,2382.0
49,293,3081.0,2382.0
49,294,3081.0,2382.0
49,295,3081.0,2382.0
49,296,3081.0,2382.0
49,297,3081.0,2382.0
49,298,3081.0,2382.0
49,299,3081.0,2382.0
49,300,3081.0,2382.0
49,301,3081.0,2382.0
49,302,3081.0,2382.0
49,303,3081.0,2382.0
49,304,3081.0,2382.0
49,305,3081.0,2382.0
49,306,3081.0,2382.0
49,307,3081.0,2382.0
49,308,3081.0,2382.0
49,309,3081.0,2382.0
49,310,3081.0,2382.0
49,311,3081.0,2382.0
49,312,3081.0,2382.0
49,313,3081.0,2382.0
49,314,3081.0,2382.0
49,315,3081.0,2382.0
49,316,3081.0,2382.0
49,317,3081.0,2382.0
49,318,3081.0,2382.0
49,319,3081.0,2382.0
49,320,3081.0,2382.0
49,321,3081.0,2382.0
49,322,3081.0,2382.0
49,323,3081.0,2382.0
49,324,3081.0,2382.0
49,325,3081.0,2382.0
49,326,3081.0,2382.0
49,327,3081.0,2382.0
49,328,3081.0,2382.0
49,329,3081.0,2382.0
49,330,3081.0,2382.0
49,331,3081.0,2382.0
49,332,3081.0,2382.0
49,333,3081.0,2382.0
49,334,3081.0,2382.0
49,335,3081.0,2382.0
49,336,3081.0,2382.0
49,337,3081.0,2382.0
49,338,3081.0,2382.0
49,339,3081.0,2382.0
49,340,3081.0,2382.0
49,341,3081.0,2382.0
49,342,3081.0,2382.0
49,343,3081.0,2382.0
49,344,3081.0,2382.0
49,345,3081.0,2382.0
49,346,3081.0,2382.0
49,347,3081.0,2382.0
49,348,3081.0,2382.0
49,349,3081.0,2382.0
49,350,3081.0,2382.0
49,351,3081.0,2382.0
49,352,3081.0,2382.0
49,353,3081.0,2382.0
49,354,3081.0,2382.0
49,355,3081.0,2382.0
49,356,3081.0,2382.0
49,357,3081.0,2382.0
49,358,3081.0,2382.0
49,359,3081.0,2382.0
50,0,2373.0,1370.0
50,1,2373.0,1370.0
50,2,2373.0,1370.0
50,3,2373.0,1370.0
50,4,2373.0,1370.0
50,5,2373.0,1370.0
50,6,2373.0,1370.0
50,7,2373.0,1370.0
50,8,2373.0,1370.0
50,9,2373.0,1370.0
50,10,2373.0,1370.0
50,11,2373.0,1370.0
50,12,2373.0,1370.0
50,13,2373.0,1370.0
50,14,2373.0,1370.0
50,15,2373.0,1370.0
50,16,2373.0,1370.0
50,17,2373.0,1370.0
50,18,2373.0,1370.0
50,19,2373.0,1370.0
50,20,2373.0,1370.0
50,21,2373.0,1370.0
50,22,2373.0,1370.0
50,23,2373.0,1370.0
50,24,2373.0,1370.0
50,25,2373.0,1370.0
50,26,2373.0,1370.0
50,27,2373.0,1370.0
50,28,2373.0,1370.0
50,29,2373.0,1370.0
50,30,2373.0,1370.0
50,31,2373.0,1370.0
50,32,2373.0,1370.0
50,33,2373.0,1370.0
50,34,2373.0,1370.0
50,35,2373.0,1370.0
50,36,2373.0,1370.0
50,37,2373.0,1370.0
50,38,2373.0,1370.0
50,39,2373.0,1370.0
50,40,2373.0,1370.0
50,41,2373.0,1370.0
50,42,2373.0,1370.0
50,43,2373.0,1370.0
50,44,2373.0,1370.0
50,45,2373.0,1370.0
50,46,2373.0,1370.0
50,47,2373.0,1370.0
50,48,2373.0,1370.0
50,49,2373.0,1370.0
50,50,2373.0,1370.0
50,51,2373.0,1370.0
50,52,2373.0,1370.0
50,53,2373.0,1370.0
50,54,2373.0,1370.0
50,55,2373.0,1370.0
50,56,2373.0,1370.0
50,57,2373.0,1370.0
50,58,2373.0,1370.0
50,59,2373.0,1370.0
50,60,2373.0,1370.0
50,61,2373.0,1370.0
50,62,2373.0,1370.0
50,63,2373.0,1370.0
50,64,2373.0,1370.0
50,65,2373.0,1370.0
50,66,2373.0,1370.0
50,67,2373.0,1370.0
50,68,2373.0,1370.0
50,69,2373.0,1370.0
50,70,2373.0,1370.0
50,71,2373.0,1370.0
50,72,2373.0,1370.0
50,73,2373.0,1370.0
50,74,2373.0,1370.0
50,75,2373.0,1370.0
50,76,2373.0,1370.0
50,77,2373.0,1370.0
50,78,2373.0,1370.0
50,79,2373.0,1370.0
50,80,2373.0,1370.0
50,81,2373.0,1370.0
50,82,2373.0,1370.0
50,83,2373.0,1370.0
50,84,2373.0,1370.0
50,85,2373.0,1370.0
50,86,2373.0,1370.0
50,87,2373.0,1370.0
50,88,2373.0,1370.0
50,89,2373.0,1370.0
50,90,2373.0,1370.0
50,91,2373.0,1370.0
50,92,2373.0,1370.0
50,93,2373.0,1370.0
50,94,2373.0,1370.0
50,95,2373.0,1370.0
50,96,2373.0,1370.0
50,97,2373.0,1370.0
50,98,2373.0,1370.0
50,99,2373.0,1370.0
50,100,2373.0,1370.0
50,101,2373.0,1370.0
50,102,2373.0,1370.0
50,103,2373.0,1370.0
50,104,2373.0,1370.0
50,105,2373.0,1370.0
50,106,2373.0,1370.0
50,107,2373.0,1370.0
50,108,2373.0,1370.0
50,109,2373.0,1370.0
50,110,2373.0,1370.0
50,111,2373.0,1370.0
50,112,2373.0,1370.0
50,113,2373.0,1370.0
50,114,2373.0,1370.0
50,115,2373.0,1370.0
50,116,2373.0,1370.0
50,117,2373.0,1370.0
50,118,2373.0,1370.0
50,119,2373.0,1370.0
50,120,2373.0,1370.0
50,121,2373.0,1370.0
50,122,2373.0,1370.0
50,123,2373.0,1370.0
50,124,2373.0,1370.0
50,125,2373.0,1370.0
50,126,2373.0,1370.0
50,127,2373.0,1370.0
50,128,2373.0,1370.0
50,129,2373.0,1370.0
50,130,2373.0,1370.0
50,131,2373.0,1370.0
50,132,2373.0,1370.0
50,133,2373.0,1370.0
50,134,2373.0,1370.0
50,135,2373.0,1370.0
50,136,2373.0,1370.0
50,137,2373.0,1370.0
50,138,2373.0,1370.0
50,139,2373.0,1370.0
50,140,2373.0,1370.0
50,141,2373.0,1370.0
50,142,2373.0,1370.0
50,143,2373.0,1370.0
50,144,2373.0,1370.0
50,145,2373.0,1370.0
50,146,2373.0,1370.0
50,147,2373.0,1370.0
50,148,2373.0,1370.0
50,149,2373.0,1370.0
50,150,2373.0,1370.0
50,151,2373.0,1370.0
50,152,2373.0,1370.0
50,153,2373.0,1370.0
50,154,2373.0,1370.0
50,155,2373.0,1370.0
50,156,2373.0,1370.0
50,157,2373.0,1370.0
50,158,2373.0,1370.0
50,159,2373.0,1370.0
50,160,2373.0,1370.0
50,161,2373.0,1370.0
50,162,2373.0,1370.0
50,163,2373.0,1370.0
50,164,2373.0,1370.0
50,165,2373.0,1370.0
50,166,2373.0,1370.0
50,167,2373.0,1370.0
50,168,2373.0,1370.0
50,169,2373.0,1370.0
50,170,2373.0,1370.0
50,171,2373.0,1370.0
50,172,2373.0,1370.0
50,173,2373.0,1370.0
50,174,2373.0,1370.0
50,175,2373.0,1370.0
50,176,2373.0,1370.0
50,177,2373.0,1370.0
50,178,2373.0,1370.0
50,179,2373.0,1370.0
50,180,2373.0,1370.0
50,181,2373.0,1370.0
50,182,2373.0,1370.0
50,183,2373.0,1370.0
50,184,2373.0,1370.0
50,185,2373.0,1370.0
50,186,2373.0,1370.0
50,187,2373.0,1370.0
50,188,2373.0,1370.0
50,189,2373.0,1370.0
50,190,2373.0,1370.0
50,191,2373.0,1370.0
50,192,2373.0,1370.0
50,193,2373.0,1370.0
50,194,2373.0,1370.0
50,195,2373.0,1370.0
50,196,2373.0,1370.0
50,197,2373.0,1370.0
50,198,2373.0,1370.0
50,199,2373.0,1370.0
50,200,2373.0,1370.0
50,201,2373.0,1370.0
50,202,2373.0,1370.0
50,203,2373.0,1370.0
50,204,2373.0,1370.0
50,205,2373.0,1370.0
50,206,2373.0,1370.0
50,207,2373.0,1370.0
50,208,2373.0,1370.0
50,209,2373.0,1370.0
50,210,2373.0,1370.0
50,211,2373.0,1370.0
50,212,2373.0,1370.0
50,213,2373.0,1370.0
50,214,2373.0,1370.0
50,215,2373.0,1370.0
50,216,2373.0,1370.0
50,217,2373.0,1370.0
50,218,2373.0,1370.0
50,219,2373.0,1370.0
50,220,2373.0,1370.0
50,221,2373.0,1370.0
50,222,2373.0,1370.0
50,223,2373.0,1370.0
50,224,2373.0,1370.0
50,225,2373.0,1370.0
50,226,2373.0,1370.0
50,227,2373.0,1370.0
50,228,2373.0,1370.0
50,229,2373.0,1370.0
50,230,2373.0,1370.0
50,231,2373.0,1370.0
50,232,2373.0,1370.0
50,233,2373.0,1370.0
50,234,2373.0,1370.0
50,235,2373.0,1370.0
50,236,2373.0,1370.0
50,237,2373.0,1370.0
50,238,2373.0,1370.0
50,239,2373.0,1370.0
50,240,2373.0,1370.0
50,241,2373.0,1370.0
50,242,2373.0,1370.0
50,243,2373.0,1370.0
50,244,2373.0,1370.0
50,245,2373.0,1370.0
50,246,2373.0,1370.0
50,247,2373.0,1370.0
50,248,2373.0,1370.0
50,249,2373.0,1370.0
50,250,2373.0,1370.0
50,251,2373.0,1370.0
50,252,2373.0,1370.0
50,253,2373.0,1370.0
50,254,2373.0,1370.0
50,255,2373.0,1370.0
50,256,2373.0,1370.0
50,257,2373.0,1370.0
50,258,2373.0,1370.0
50,259,2373.0,1370.0
50,260,2373.0,1370.0
50,261,2373.0,1370.0
50,262,2373.0,1370.0
50,263,2373.0,1370.0
50,264,2373.0,1370.0
50,265,2373.0,1370.0
50,266,2373.0,1370.0
50,267,2373.0,1370.0
50,268,2373.0,1370.0
50,269,2373.0,1370.0
50,270,2373.0,1370.0
50,271,2373.0,1370.0
50,272,2373.0,1370.0
50,273,2373.0,1370.0
50,274,2373.0,1370.0
50,275,2373.0,1370.0
50,276,2373.0,1370.0
50,277,2373.0,1370.0
50,278,2373.0,1370.0
50,279,2373.0,1370.0
50,280,2373.0,1370.0
50,281,2373.0,1370.0
50,282,2373.0,1370.0
50,283,2373.0,1370.0
50,284,2373.0,1370.0
50,285,2373.0,1370.0
50,286,2373.0,1370.0
50,287,2373.0,1370.0
50,288,2373.0,1370.0
50,289,2373.0,1370.0
50,290,2373.0,1370.0
50,291,2373.0,1370.0
50,292,2373.0,1370.0
50,293,2373.0,1370.0
50,294,2373.0,1370.0
50,295,2373.0,1370.0
50,296,2373.0,1370.0
50,297,2373.0,1370.0
50,298,2373.0,1370.0
50,299,2373.0,1370.0
50,300,2373.0,1370.0
50,301,2373.0,1370.0
50,302,2373.0,1370.0
50,303,2373.0,1370.0
50,304,2373.0,1370.0
50,305,2373.0,1370.0
50,306,2373.0,1370.0
50,307,2373.0,1370.0
50,308,2373.0,1370.0
50,309,2373.0,1370.0
50,310,2373.0,1370.0
50,311,2373.0,1370.0
50,312,2373.0,1370.0
50,313,2373.0,1370.0
50,314,2373.0,1370.0
50,315,2373.0,1370.0
50,316,2373.0,1370.0
50,317,2373.0,1370.0
50,318,2373.0,1370.0
50,319,2373.0,1370.0
50,320,2373.0,1370.0
50,321,2373.0,1370.0
50,322,2373.0,1370.0
50,323,2373.0,1370.0
50,324,2373.0,1370.0
50,325,2373.0,1370.0
50,326,2373.0,1370.0
50,327,2373.0,1370.0
50,328,2373.0,1370.0
50,329,2373.0,1370.0
50,330,2373.0,1370.0
50,331,2373.0,1370.0
50,332,2373.0,1370.0
50,333,2373.0,1370.0
50,334,2373.0,1370.0
50,335,2373.0,1370.0
50,336,2373.0,1370.0
50,337,2373.0,1370.0
50,338,2373.0,1370.0
50,339,2373.0,1370.0
50,340,2373.0,1370.0
50,341,2373.0,1370.0
50,342,2373.0,1370.0
50,343,2373.0,1370.0
50,344,2373.0,1370.0
50,345,2373.0,1370.0
50,346,2373.0,1370.0
50,347,2373.0,1370.0
50,348,2373.0,1370.0
50,349,2373.0,1370.0
50,350,2373.0,1370.0
50,351,2373.0,1370.0
50,352,2373.0,1370.0
50,353,2373.0,1370.0
50,354,2373.0,1370.0
50,355,2373.0,1370.0
50,356,2373.0,1370.0
50,357,2373.0,1370.0
50,358,2373.0,1370.0
50,359,2373.0,1370.0
51,0,2158.0,1087.0
51,1,2158.0,1087.0
51,2,2158.0,1087.0
51,3,2158.0,1087.0
51,4,2158.0,1087.0
51,5,2158.0,1087.0
51,6,2158.0,1087.0
51,7,2158.0,1087.0
51,8,2158.0,1087.0
51,9,2158.0,1087.0
51,10,2158.0,1087.0
51,11,2158.0,1087.0
51,12,2158.0,1087.0
51,13,2158.0,1087.0
51,14,2158.0,1087.0
51,15,2158.0,1087.0
51,16,2158.0,1087.0
51,17,2158.0,1087.0
51,18,2158.0,1087.0
51,19,2158.0,1087.0
51,20,2158.0,1087.0
51,21,2158.0,1087.0
51,22,2158.0,1087.0
51,23,2158.0,1087.0
51,24,2158.0,1087.0
51,25,2158.0,1087.0
51,26,2158.0,1087.0
51,27,2158.0,1087.0
51,28,2158.0,1087.0
51,29,2158.0,1087.0
51,30,2158.0,1087.0
51,31,2158.0,1087.0
51,32,2158.0,1087.0
51,33,2158.0,1087.0
51,34,2158.0,1087.0
51,35,2158.0,1087.0
51,36,2158.0,1087.0
51,37,2158.0,1087.0
51,38,2158.0,1087.0
51,39,2158.0,1087.0
51,40,2158.0,1087.0
51,41,2158.0,1087.0
51,42,2158.0,1087.0
51,43,2158.0,1087.0
51,44,2158.0,1087.0
51,45,2158.0,1087.0
51,46,2158.0,1087.0
51,47,2158.0,1087.0
51,48,2158.0,1087.0
51,49,2158.0,1087.0
51,50,2158.0,1087.0
51,51,2158.0,1087.0
51,52,2158.0,1087.0
51,53,2158.0,1087.0
51,54,2158.0,1087.0
51,55,2158.0,1087.0
51,56,2158.0,1087.0
51,57,2158.0,1087.0
51,58,2158.0,1087.0
51,59,2158.0,1087.0
51,60,2158.0,1087.0
51,61,2158.0,1087.0
51,62,2158.0,1087.0
51,63,2158.0,1087.0
51,64,2158.0,1087.0
51,65,2158.0,1087.0
51,66,2158.0,1087.0
51,67,2158.0,1087.0
51,68,2158.0,1087.0
51,69,2158.0,1087.0
51,70,2158.0,1087.0
51,71,2158.0,1087.0
51,72,2158.0,1087.0
51,73,2158.0,1087.0
51,74,2158.0,1087.0
51,75,2158.0,1087.0
51,76,2158.0,1087.0
51,77,2158.0,1087.0
51,78,2158.0,1087.0
51,79,2158.0,1087.0
51,80,2158.0,1087.0
51,81,2158.0,1087.0
51,82,2158.0,1087.0
51,83,2158.0,1087.0
51,84,2158.0,1087.0
51,85,2158.0,1087.0
51,86,2158.0,1087.0
51,87,2158.0,1087.0
51,88,2158.0,1087.0
51,89,2158.0,1087.0
51,90,2158.0,1087.0
51,91,2158.0,1087.0
51,92,2158.0,1087.0
51,93,2158.0,1087.0
51,94,2158.0,1087.0
51,95,2158.0,1087.0
51,96,2158.0,1087.0
51,97,2158.0,1087.0
51,98,2158.0,1087.0
51,99,2158.0,1087.0
51,100,2158.0,1087.0
51,101,2158.0,1087.0
51,102,2158.0,1087.0
51,103,2158.0,1087.0
51,104,2158.0,1087.0
51,105,2158.0,1087.0
51,106,2158.0,1087.0
51,107,2158.0,1087.0
51,108,2158.0,1087.0
51,109,2158.0,1087.0
51,110,2158.0,1087.0
51,111,2158.0,1087.0
51,112,2158.0,1087.0
51,113,2158.0,1087.0
51,114,2158.0,1087.0
51,115,2158.0,1087.0
51,116,2158.0,1087.0
51,117,2158.0,1087.0
51,118,2158.0,1087.0
51,119,2158.0,1087.0
51,120,2158.0,1087.0
51,121,2158.0,1087.0
51,122,2158.0,1087.0
51,123,2158.0,1087.0
51,124,2158.0,1087.0
51,125,2158.0,1087.0
51,126,2158.0,1087.0
51,127,2158.0,1087.0
51,128,2158.0,1087.0
51,129,2158.0,1087.0
51,130,2158.0,1087.0
51,131,2158.0,1087.0
51,132,2158.0,1087.0
51,133,2158.0,1087.0
51,134,2158.0,1087.0
51,135,2158.0,1087.0
51,136,2158.0,1087.0
51,137,2158.0,1087.0
51,138,2158.0,1087.0
51,139,2158.0,1087.0
51,140,2158.0,1087.0
51,141,2158.0,1087.0
51,142,2158.0,1087.0
51,143,2158.0,1087.0
51,144,2158.0,1087.0
51,145,2158.0,1087.0
51,146,2158.0,1087.0
51,147,2158.0,1087.0
51,148,2158.0,1087.0
51,149,2158.0,1087.0
51,150,2158.0,1087.0
51,151,2158.0,1087.0
51,152,2158.0,1087.0
51,153,2158.0,1087.0
51,154,2158.0,1087.0
51,155,2158.0,1087.0
51,156,2158.0,1087.0
51,157,2158.0,1087.0
51,158,2158.0,1087.0
51,159,2158.0,1087.0
51,160,2158.0,1087.0
51,161,2158.0,1087.0
51,162,2158.0,1087.0
51,163,2158.0,1087.0
51,164,2158.0,1087.0
51,165,2158.0,1087.0
51,166,2158.0,1087.0
51,167,2158.0,1087.0
51,168,2158.0,1087.0
51,169,2158.0,1087.0
51,170,2158.0,1087.0
51,171,2158.0,1087.0
51,172,2158.0,1087.0
51,173,2158.0,1087.0
51,174,2158.0,1087.0
51,175,2158.0,1087.0
51,176,2158.0,1087.0
51,177,2158.0,1087.0
51,178,2158.0,1087.0
51,179,2158.0,1087.0
51,180,2158.0,1087.0
51,181,2158.0,1087.0
51,182,2158.0,1087.0
51,183,2158.0,1087.0
51,184,2158.0,1087.0
51,185,2158.0,1087.0
51,186,2158.0,1087.0
51,187,2158.0,1087.0
51,188,2158.0,1087.0
51,189,2158.0,1087.0
51,190,2158.0,1087.0
51,191,2158.0,1087.0
51,192,2158.0,1087.0
51,193,2158.0,1087.0
51,194,2158.0,1087.0
51,195,2158.0,1087.0
51,196,2158.0,1087.0
51,197,2158.0,1087.0
51,198,2158.0,1087.0
51,199,2158.0,1087.0
51,200,2158.0,1087.0
51,201,2158.0,1087.0
51,202,2158.0,1087.0
51,203,2158.0,1087.0
51,204,2158.0,1087.0
51,205,2158.0,1087.0
51,206,2158.0,1087.0
51,207,2158.0,1087.0
51,208,2158.0,1087.0
51,209,2158.0,1087.0
51,210,2158.0,1087.0
51,211,2158.0,1087.0
51,212,2158.0,1087.0
51,213,2158.0,1087.0
51,214,2158.0,1087.0
51,215,2158.0,1087.0
51,216,2158.0,1087.0
51,217,2158.0,1087.0
51,218,2158.0,1087.0
51,219,2158.0,1087.0
51,220,2158.0,1087.0
51,221,2158.0,1087.0
51,222,2158.0,1087.0
51,223,2158.0,1087.0
51,224,2158.0,1087.0
51,225,2158.0,1087.0
51,226,2158.0,1087.0
51,227,2158.0,1087.0
51,228,2158.0,1087.0
51,229,2158.0,1087.0
51,230,2158.0,1087.0
51,231,2158.0,1087.0
51,232,2158.0,1087.0
51,233,2158.0,1087.0
51,234,2158.0,1087.0
51,235,2158.0,1087.0
51,236,2158.0,1087.0
51,237,2158.0,1087.0
51,238,2158.0,1087.0
51,239,2158.0,1087.0
51,240,2158.0,1087.0
51,241,2158.0,1087.0
51,242,2158.0,1087.0
51,243,2158.0,1087.0
51,244,2158.0,1087.0
51,245,2158.0,1087.0
51,246,2158.0,1087.0
51,247,2158.0,1087.0
51,248,2158.0,1087.0
51,249,2158.0,1087.0
51,250,2158.0,1087.0
51,251,2158.0,1087.0
51,252,2158.0,1087.0
51,253,2158.0,1087.0
51,254,2158.0,1087.0
51,255,2158.0,1087.0
51,256,2158.0,1087.0
51,257,2158.0,1087.0
51,258,2158.0,1087.0
51,259,2158.0,1087.0
51,260,2158.0,1087.0
51,261,2158.0,1087.0
51,262,2158.0,1087.0
51,263,2158.0,1087.0
51,264,2158.0,1087.0
51,265,2158.0,1087.0
51,266,2158.0,1087.0
51,267,2158.0,1087.0
51,268,2158.0,1087.0
51,269,2158.0,1087.0
51,270,2158.0,1087.0
51,271,2158.0,1087.0
51,272,2158.0,1087.0
51,273,2158.0,1087.0
51,274,2158.0,1087.0
51,275,2158.0,1087.0
51,276,2158.0,1087.0
51,277,2158.0,1087.0
51,278,2158.0,1087.0
51,279,2158.0,1087.0
51,280,2158.0,1087.0
51,281,2158.0,1087.0
51,282,2158.0,1087.0
51,283,2158.0,1087.0
51,284,2158.0,1087.0
51,285,2158.0,1087.0
51,286,2158.0,1087.0
51,287,2158.0,1087.0
51,288,2158.0,1087.0
51,289,2158.0,1087.0
51,290,2158.0,1087.0
51,291,2158.0,1087.0
51,292,2158.0,1087.0
51,293,2158.0,1087.0
51,294,2158.0,1087.0
51,295,2158.0,1087.0
51,296,2158.0,1087.0
51,297,2158.0,1087.0
51,298,2158.0,1087.0
51,299,2158.0,1087.0
51,300,2158.0,1087.0
51,301,2158.0,1087.0
51,302,2158.0,1087.0
51,303,2158.0,1087.0
51,304,2158.0,1087.0
51,305,2158.0,1087.0
51,306,2158.0,1087.0
51,307,2158.0,1087.0
51,308,2158.0,1087.0
51,309,2158.0,1087.0
51,310,2158.0,1087.0
51,311,2158.0,1087.0
51,312,2158.0,1087.0
51,313,2158.0,1087.0
51,314,2158.0,1087.0
51,315,2158.0,1087.0
51,316,2158.0,1087.0
51,317,2158.0,1087.0
51,318,2158.0,1087.0
51,319,2158.0,1087.0
51,320,2158.0,1087.0
51,321,2158.0,1087.0
51,322,2158.0,1087.0
51,323,2158.0,1087.0
51,324,2158.0,1087.0
51,325,2158.0,1087.0
51,326,2158.0,1087.0
51,327,2158.0,1087.0
51,328,2158.0,1087.0
51,329,2158.0,1087.0
51,330,2158.0,1087.0
51,331,2158.0,1087.0
51,332,2158.0,1087.0
51,333,2158.0,1087.0
51,334,2158.0,1087.0
51,335,2158.0,1087.0
51,336,2158.0,1087.0
51,337,2158.0,1087.0
51,338,2158.0,1087.0
51,339,2158.0,1087.0
51,340,2158.0,1087.0
51,341,2158.0,1087.0
51,342,2158.0,1087.0
51,343,2158.0,1087.0
51,344,2158.0,1087.0
51,345,2158.0,1087.0
51,346,2158.0,1087.0
51,347,2158.0,1087.0
51,348,2158.0,1087.0
51,349,2158.0,1087.0
51,350,2158.0,1087.0
51,351,2158.0,1087.0
51,352,2158.0,1087.0
51,353,2158.0,1087.0
51,354,2158.0,1087.0
51,355,2158.0,1087.0
51,356,2158.0,1087.0
51,357,2158.0,1087.0
51,358,2158.0,1087.0
51,359,2158.0,1087.0
52,0,2081.0,1798.0
52,1,2081.0,1798.0
52,2,2081.0,1798.0
52,3,2081.0,1798.0
52,4,2081.0,1798.0
52,5,2081.0,1798.0
52,6,2081.0,1798.0
52,7,2081.0,1798.0
52,8,2081.0,1798.0
52,9,2081.0,1798.0
52,10,2081.0,1798.0
52,11,2081.0,1798.0
52,12,2081.0,1798.0
52,13,2081.0,1798.0
52,14,2081.0,1798.0
52,15,2081.0,1798.0
52,16,2081.0,1798.0
52,17,2081.0,1798.0
52,18,2081.0,1798.0
52,19,2081.0,1798.0
52,20,2081.0,1798.0
52,21,2081.0,1798.0
52,22,2081.0,1798.0
52,23,2081.0,1798.0
52,24,2081.0,1798.0
52,25,2081.0,1798.0
52,26,2081.0,1798.0
52,27,2081.0,1798.0
52,28,2081.0,1798.0
52,29,2081.0,1798.0
52,30,2081.0,1798.0
52,31,2081.0,1798.0
52,32,2081.0,1798.0
52,33,2081.0,1798.0
52,34,2081.0,1798.0
52,35,2081.0,1798.0
52,36,2081.0,1798.0
52,37,2081.0,1798.0
52,38,2081.0,1798.0
52,39,2081.0,1798.0
52,40,2081.0,1798.0
52,41,2081.0,1798.0
52,42,2081.0,1798.0
52,43,2081.0,1798.0
52,44,2081.0,1798.0
52,45,2081.0,1798.0
52,46,2081.0,1798.0
52,47,2081.0,1798.0
52,48,2081.0,1798.0
52,49,2081.0,1798.0
52,50,2081.0,1798.0
52,51,2081.0,1798.0
52,52,2081.0,1798.0
52,53,2081.0,1798.0
52,54,2081.0,1798.0
52,55,2081.0,1798.0
52,56,2081.0,1798.0
52,57,2081.0,1798.0
52,58,2081.0,1798.0
52,59,2081.0,1798.0
52,60,2081.0,1798.0
52,61,2081.0,1798.0
52,62,2081.0,1798.0
52,63,2081.0,1798.0
52,64,2081.0,1798.0
52,65,2081.0,1798.0
52,66,2081.0,1798.0
52,67,2081.0,1798.0
52,68,2081.0,1798.0
52,69,2081.0,1798.0
52,70,2081.0,1798.0
52,71,2081.0,1798.0
52,72,2081.0,1798.0
52,73,2081.0,1798.0
52,74,2081.0,1798.0
52,75,2081.0,1798.0
52,76,2081.0,1798.0
52,77,2081.0,1798.0
52,78,2081.0,1798.0
52,79,2081.0,1798.0
52,80,2081.0,1798.0
52,81,2081.0,1798.0
52,82,2081.0,1798.0
52,83,2081.0,1798.0
52,84,2081.0,1798.0
52,85,2081.0,1798.0
52,86,2081.0,1798.0
52,87,2081.0,1798.0
52,88,2081.0,1798.0
52,89,2081.0,1798.0
52,90,2081.0,1798.0
52,91,2081.0,1798.0
52,92,2081.0,1798.0
52,93,2081.0,1798.0
52,94,2081.0,1798.0
52,95,2081.0,1798.0
52,96,2081.0,1798.0
52,97,2081.0,1798.0
52,98,2081.0,1798.0
52,99,2081.0,1798.0
52,100,2081.0,1798.0
52,101,2081.0,1798.0
52,102,2081.0,1798.0
52,103,2081.0,1798.0
52,104,2081.0,1798.0
52,105,2081.0,1798.0
52,106,2081.0,1798.0
52,107,2081.0,1798.0
52,108,2081.0,1798.0
52,109,2081.0,1798.0
52,110,2081.0,1798.0
52,111,2081.0,1798.0
52,112,2081.0,1798.0
52,113,2081.0,1798.0
52,114,2081.0,1798.0
52,115,2081.0,1798.0
52,116,2081.0,1798.0
52,117,2081.0,1798.0
52,118,2081.0,1798.0
52,119,2081.0,1798.0
52,120,2081.0,1798.0
52,121,2081.0,1798.0
52,122,2081.0,1798.0
52,123,2081.0,1798.0
52,124,2081.0,1798.0
52,125,2081.0,1798.0
52,126,2081.0,1798.0
52,127,2081.0,1798.0
52,128,2081.0,1798.0
52,129,2081.0,1798.0
52,130,2081.0,1798.0
52,131,2081.0,1798.0
52,132,2081.0,1798.0
52,133,2081.0,1798.0
52,134,2081.0,1798.0
52,135,2081.0,1798.0
52,136,2081.0,1798.0
52,137,2081.0,1798.0
52,138,2081.0,1798.0
52,139,2081.0,1798.0
52,140,2081.0,1798.0
52,141,2081.0,1798.0
52,142,2081.0,1798.0
52,143,2081.0,1798.0
52,144,2081.0,1798.0
52,145,2081.0,1798.0
52,146,2081.0,1798.0
52,147,2081.0,1798.0
52,148,2081.0,1798.0
52,149,2081.0,1798.0
52,150,2081.0,1798.0
52,151,2081.0,1798.0
52,152,2081.0,1798.0
52,153,2081.0,1798.0
52,154,2081.0,1798.0
52,155,2081.0,1798.0
52,156,2081.0,1798.0
52,157,2081.0,1798.0
52,158,2081.0,1798.0
52,159,2081.0,1798.0
52,160,2081.0,1798.0
52,161,2081.0,1798.0
52,162,2081.0,1798.0
52,163,2081.0,1798.0
52,164,2081.0,1798.0
52,165,2081.0,1798.0
52,166,2081.0,1798.0
52,167,2081.0,1798.0
52,168,2081.0,1798.0
52,169,2081.0,1798.0
52,170,2081.0,1798.0
52,171,2081.0,1798.0
52,172,2081.0,1798.0
52,173,2081.0,1798.0
52,174,2081.0,1798.0
52,175,2081.0,1798.0
52,176,2081.0,1798.0
52,177,2081.0,1798.0
52,178,2081.0,1798.0
52,179,2081.0,1798.0
52,180,2081.0,1798.0
52,181,2081.0,1798.0
52,182,2081.0,1798.0
52,183,2081.0,1798.0
52,184,2081.0,1798.0
52,185,2081.0,1798.0
52,186,2081.0,1798.0
52,187,2081.0,1798.0
52,188,2081.0,1798.0
52,189,2081.0,1798.0
52,190,2081.0,1798.0
52,191,2081.0,1798.0
52,192,2081.0,1798.0
52,193,2081.0,1798.0
52,194,2081.0,1798.0
52,195,2081.0,1798.0
52,196,2081.0,1798.0
52,197,2081.0,1798.0
52,198,2081.0,1798.0
52,199,2081.0,1798.0
52,200,2081.0,1798.0
52,201,2081.0,1798.0
52,202,2081.0,1798.0
52,203,2081.0,1798.0
52,204,2081.0,1798.0
52,205,2081.0,1798.0
52,206,2081.0,1798.0
52,207,2081.0,1798.0
52,208,2081.0,1798.0
52,209,2081.0,1798.0
52,210,2081.0,1798.0
52,211,2081.0,1798.0
52,212,2081.0,1798.0
52,213,2081.0,1798.0
52,214,2081.0,1798.0
52,215,2081.0,1798.0
52,216,2081.0,1798.0
52,217,2081.0,1798.0
52,218,2081.0,1798.0
52,219,2081.0,1798.0
52,220,2081.0,1798.0
52,221,2081.0,1798.0
52,222,2081.0,1798.0
52,223,2081.0,1798.0
52,224,2081.0,1798.0
52,225,2081.0,1798.0
52,226,2081.0,1798.0
52,227,2081.0,1798.0
52,228,2081.0,1798.0
52,229,2081.0,1798.0
52,230,2081.0,1798.0
52,231,2081.0,1798.0
52,232,2081.0,1798.0
52,233,2081.0,1798.0
52,234,2081.0,1798.0
52,235,2081.0,1798.0
52,236,2081.0,1798.0
52,237,2081.0,1798.0
52,238,2081.0,1798.0
52,239,2081.0,1798.0
52,240,2081.0,1798.0
52,241,2081.0,1798.0
52,242,2081.0,1798.0
52,243,2081.0,1798.0
52,244,2081.0,1798.0
52,245,2081.0,1798.0
52,246,2081.0,1798.0
52,247,2081.0,1798.0
52,248,2081.0,1798.0
52,249,2081.0,1798.0
52,250,2081.0,1798.0
52,251,2081.0,1798.0
52,252,2081.0,1798.0
52,253,2081.0,1798.0
52,254,2081.0,1798.0
52,255,2081.0,1798.0
52,256,2081.0,1798.0
52,257,2081.0,1798.0
52,258,2081.0,1798.0
52,259,2081.0,1798.0
52,260,2081.0,1798.0
52,261,2081.0,1798.0
52,262,2081.0,1798.0
52,263,2081.0,1798.0
52,264,2081.0,1798.0
52,265,2081.0,1798.0
52,266,2081.0,1798.0
52,267,2081.0,1798.0
52,268,2081.0,1798.0
52,269,2081.0,1798.0
52,270,2081.0,1798.0
52,271,2081.0,1798.0
52,272,2081.0,1798.0
52,273,2081.0,1798.0
52,274,2081.0,1798.0
52,275,2081.0,1798.0
52,276,2081.0,1798.0
52,277,2081.0,1798.0
52,278,2081.0,1798.0
52,279,2081.0,1798.0
52,280,2081.0,1798.0
52,281,2081.0,1798.0
52,282,2081.0,1798.0
52,283,2081.0,1798.0
52,284,2081.0,1798.0
52,285,2081.0,1798.0
52,286,2081.0,1798.0
52,287,2081.0,1798.0
52,288,2081.0,1798.0
52,289,2081.0,1798.0
52,290,2081.0,1798.0
52,291,2081.0,1798.0
52,292,2081.0,1798.0
52,293,2081.0,1798.0
52,294,2081.0,1798.0
52,295,2081.0,1798.0
52,296,2081.0,1798.0
52,297,2081.0,1798.0
52,298,2081.0,1798.0
52,299,2081.0,1798.0
52,300,2081.0,1798.0
52,301,2081.0,1798.0
52,302,2081.0,1798.0
52,303,2081.0,1798.0
52,304,2081.0,1798.0
52,305,2081.0,1798.0
52,306,2081.0,1798.0
52,307,2081.0,1798.0
52,308,2081.0,1798.0
52,309,2081.0,1798.0
52,310,2081.0,1798.0
52,311,2081.0,1798.0
52,312,2081.0,1798.0
52,313,2081.0,1798.0
52,314,2081.0,1798.0
52,315,2081.0,1798.0
52,316,2081.0,1798.0
52,317,2081.0,1798.0
52,318,2081.0,1798.0
52,319,2081.0,1798.0
52,320,2081.0,1798.0
52,321,2081.0,1798.0
52,322,2081.0,1798.0
52,323,2081.0,1798.0
52,324,2081.0,1798.0
52,325,2081.0,1798.0
52,326,2081.0,1798.0
52,327,2081.0,1798.0
52,328,2081.0,1798.0
52,329,2081.0,1798.0
52,330,2081.0,1798.0
52,331,2081.0,1798.0
52,332,2081.0,1798.0
52,333,2081.0,1798.0
52,334,2081.0,1798.0
52,335,2081.0,1798.0
52,336,2081.0,1798.0
52,337,2081.0,1798.0
52,338,2081.0,1798.0
52,339,2081.0,1798.0
52,340,2081.0,1798.0
52,341,2081.0,1798.0
52,342,2081.0,1798.0
52,343,2081.0,1798.0
52,344,2081.0,1798.0
52,345,2081.0,1798.0
52,346,2081.0,1798.0
52,347,2081.0,1798.0
52,348,2081.0,1798.0
52,349,2081.0,1798.0
52,350,2081.0,1798.0
52,351,2081.0,1798.0
52,352,2081.0,1798.0
52,353,2081.0,1798.0
52,354,2081.0,1798.0
52,355,2081.0,1798.0
52,356,2081.0,1798.0
52,357,2081.0,1798.0
52,358,2081.0,1798.0
52,359,2081.0,1798.0
53,0,1844.0,1376.0
53,1,1844.0,1376.0
53,2,1844.0,1376.0
53,3,1844.0,1376.0
53,4,1844.0,1376.0
53,5,1844.0,1376.0
53,6,1844.0,1376.0
53,7,1844.0,1376.0
53,8,1844.0,1376.0
53,9,1844.0,1376.0
53,10,1844.0,1376.0
53,11,1844.0,1376.0
53,12,1844.0,1376.0
53,13,1844.0,1376.0
53,14,1844.0,1376.0
53,15,1844.0,1376.0
53,16,1844.0,1376.0
53,17,1844.0,1376.0
53,18,1844.0,1376.0
53,19,1844.0,1376.0
53,20,1844.0,1376.0
53,21,1844.0,1376.0
53,22,1844.0,1376.0
53,23,1844.0,1376.0
53,24,1844.0,1376.0
53,25,1844.0,1376.0
53,26,1844.0,1376.0
53,27,1844.0,1376.0
53,28,1844.0,1376.0
53,29,1844.0,1376.0
53,30,1844.0,1376.0
53,31,1844.0,1376.0
53,32,1844.0,1376.0
53,33,1844.0,1376.0
53,34,1844.0,1376.0
53,35,1844.0,1376.0
53,36,1844.0,1376.0
53,37,1844.0,1376.0
53,38,1844.0,1376.0
53,39,1844.0,1376.0
53,40,1844.0,1376.0
53,41,1844.0,1376.0
53,42,1844.0,1376.0
53,43,1844.0,1376.0
53,44,1844.0,1376.0
53,45,1844.0,1376.0
53,46,1844.0,1376.0
53,47,1844.0,1376.0
53,48,1844.0,1376.0
53,49,1844.0,1376.0
53,50,1844.0,1376.0
53,51,1844.0,1376.0
53,52,1844.0,1376.0
53,53,1844.0,1376.0
53,54,1844.0,1376.0
53,55,1844.0,1376.0
53,56,1844.0,1376.0
53,57,1844.0,1376.0
53,58,1844.0,1376.0
53,59,1844.0,1376.0
53,60,1844.0,1376.0
53,61,1844.0,1376.0
53,62,1844.0,1376.0
53,63,1844.0,1376.0
53,64,1844.0,1376.0
53,65,1844.0,1376.0
53,66,1844.0,1376.0
53,67,1844.0,1376.0
53,68,1844.0,1376.0
53,69,1844.0,1376.0
53,70,1844.0,1376.0
53,71,1844.0,1376.0
53,72,1844.0,1376.0
53,73,1844.0,1376.0
53,74,1844.0,1376.0
53,75,1844.0,1376.0
53,76,1844.0,1376.0
53,77,1844.0,1376.0
53,78,1844.0,1376.0
53,79,1844.0,1376.0
53,80,1844.0,1376.0
53,81,1844.0,1376.0
53,82,1844.0,1376.0
53,83,1844.0,1376.0
53,84,1844.0,1376.0
53,85,1844.0,1376.0
53,86,1844.0,1376.0
53,87,1844.0,1376.0
53,88,1844.0,1376.0
53,89,1844.0,1376.0
53,90,1844.0,1376.0
53,91,1844.0,1376.0
53,92,1844.0,1376.0
53,93,1844.0,1376.0
53,94,1844.0,1376.0
53,95,1844.0,1376.0
53,96,1844.0,1376.0
53,97,1844.0,1376.0
53,98,1844.0,1376.0
53,99,1844.0,1376.0
53,100,1844.0,1376.0
53,101,1844.0,1376.0
53,102,1844.0,1376.0
53,103,1844.0,1376.0
53,104,1844.0,1376.0
53,105,1844.0,1376.0
53,106,1844.0,1376.0
53,107,1844.0,1376.0
53,108,1844.0,1376.0
53,109,1844.0,1376.0
53,110,1844.0,1376.0
53,111,1844.0,1376.0
53,112,1844.0,1376.0
53,113,1844.0,1376.0
53,114,1844.0,1376.0
53,115,1844.0,1376.0
53,116,1844.0,1376.0
53,117,1844.0,1376.0
53,118,1844.0,1376.0
53,119,1844.0,1376.0
53,120,1844.0,1376.0
53,121,1844.0,1376.0
53,122,1844.0,1376.0
53,123,1844.0,1376.0
53,124,1844.0,1376.0
53,125,1844.0,1376.0
53,126,1844.0,1376.0
53,127,1844.0,1376.0
53,128,1844.0,1376.0
53,129,1844.0,1376.0
53,130,1844.0,1376.0
53,131,1844.0,1376.0
53,132,1844.0,1376.0
53,133,1844.0,1376.0
53,134,1844.0,1376.0
53,135,1844.0,1376.0
53,136,1844.0,1376.0
53,137,1844.0,1376.0
53,138,1844.0,1376.0
53,139,1844.0,1376.0
53,140,1844.0,1376.0
53,141,1844.0,1376.0
53,142,1844.0,1376.0
53,143,1844.0,1376.0
53,144,1844.0,1376.0
53,145,1844.0,1376.0
53,146,1844.0,1376.0
53,147,1844.0,1376.0
53,148,1844.0,1376.0
53,149,1844.0,1376.0
53,150,1844.0,1376.0
53,151,1844.0,1376.0
53,152,1844.0,1376.0
53,153,1844.0,1376.0
53,154,1844.0,1376.0
53,155,1844.0,1376.0
53,156,1844.0,1376.0
53,157,1844.0,1376.0
53,158,1844.0,1376.0
53,159,1844.0,1376.0
53,160,1844.0,1376.0
53,161,1844.0,1376.0
53,162,1844.0,1376.0
53,163,1844.0,1376.0
53,164,1844.0,1376.0
53,165,1844.0,1376.0
53,166,1844.0,1376.0
53,167,1844.0,1376.0
53,168,1844.0,1376.0
53,169,1844.0,1376.0
53,170,1844.0,1376.0
53,171,1844.0,1376.0
53,172,1844.0,1376.0
53,173,1844.0,1376.0
53,174,1844.0,1376.0
53,175,1844.0,1376.0
53,176,1844.0,1376.0
53,177,1844.0,1376.0
53,178,1844.0,1376.0
53,179,1844.0,1376.0
53,180,1844.0,1376.0
53,181,1844.0,1376.0
53,182,1844.0,1376.0
53,183,1844.0,1376.0
53,184,1844.0,1376.0
53,185,1844.0,1376.0
53,186,1844.0,1376.0
53,187,1844.0,1376.0
53,188,1844.0,1376.0
53,189,1844.0,1376.0
53,190,1844.0,1376.0
53,191,1844.0,1376.0
53,192,1844.0,1376.0
53,193,1844.0,1376.0
53,194,1844.0,1376.0
53,195,1844.0,1376.0
53,196,1844.0,1376.0
53,197,1844.0,1376.0
53,198,1844.0,1376.0
53,199,1844.0,1376.0
53,200,1844.0,1376.0
53,201,1844.0,1376.0
53,202,1844.0,1376.0
53,203,1844.0,1376.0
53,204,1844.0,1376.0
53,205,1844.0,1376.0
53,206,1844.0,1376.0
53,207,1844.0,1376.0
53,208,1844.0,1376.0
53,209,1844.0,1376.0
53,210,1844.0,1376.0
53,211,1844.0,1376.0
53,212,1844.0,1376.0
53,213,1844.0,1376.0
53,214,1844.0,1376.0
53,215,1844.0,1376.0
53,216,1844.0,1376.0
53,217,1844.0,1376.0
53,218,1844.0,1376.0
53,219,1844.0,1376.0
53,220,1844.0,1376.0
53,221,1844.0,1376.0
53,222,1844.0,1376.0
53,223,1844.0,1376.0
53,224,1844.0,1376.0
53,225,1844.0,1376.0
53,226,1844.0,1376.0
53,227,1844.0,1376.0
53,228,1844.0,1376.0
53,229,1844.0,1376.0
53,230,1844.0,1376.0
53,231,1844.0,1376.0
53,232,1844.0,1376.0
53,233,1844.0,1376.0
53,234,1844.0,1376.0
53,235,1844.0,1376.0
53,236,1844.0,1376.0
53,237,1844.0,1376.0
53,238,1844.0,1376.0
53,239,1844.0,1376.0
53,240,1844.0,1376.0
53,241,1844.0,1376.0
53,242,1844.0,1376.0
53,243,1844.0,1376.0
53,244,1844.0,1376.0
53,245,1844.0,1376.0
53,246,1844.0,1376.0
53,247,1844.0,1376.0
53,248,1844.0,1376.0
53,249,1844.0,1376.0
53,250,1844.0,1376.0
53,251,1844.0,1376.0
53,252,1844.0,1376.0
53,253,1844.0,1376.0
53,254,1844.0,1376.0
53,255,1844.0,1376.0
53,256,1844.0,1376.0
53,257,1844.0,1376.0
53,258,1844.0,1376.0
53,259,1844.0,1376.0
53,260,1844.0,1376.0
53,261,1844.0,1376.0
53,262,1844.0,1376.0
53,263,1844.0,1376.0
53,264,1844.0,1376.0
53,265,1844.0,1376.0
53,266,1844.0,1376.0
53,267,1844.0,1376.0
53,268,1844.0,1376.0
53,269,1844.0,1376.0
53,270,1844.0,1376.0
53,271,1844.0,1376.0
53,272,1844.0,1376.0
53,273,1844.0,1376.0
53,274,1844.0,1376.0
53,275,1844.0,1376.0
53,276,1844.0,1376.0
53,277,1844.0,1376.0
53,278,1844.0,1376.0
53,279,1844.0,1376.0
53,280,1844.0,1376.0
53,281,1844.0,1376.0
53,282,1844.0,1376.0
53,283,1844.0,1376.0
53,284,1844.0,1376.0
53,285,1844.0,1376.0
53,286,1844.0,1376.0
53,287,1844.0,1376.0
53,288,1844.0,1376.0
53,289,1844.0,1376.0
53,290,1844.0,1376.0
53,291,1844.0,1376.0
53,292,1844.0,1376.0
53,293,1844.0,1376.0
53,294,1844.0,1376.0
53,295,1844.0,1376.0
53,296,1844.0,1376.0
53,297,1844.0,1376.0
53,298,1844.0,1376.0
53,299,1844.0,1376.0
53,300,1844.0,1376.0
53,301,1844.0,1376.0
53,302,1844.0,1376.0
53,303,1844.0,1376.0
53,304,1844.0,1376.0
53,305,1844.0,1376.0
53,306,1844.0,1376.0
53,307,1844.0,1376.0
53,308,1844.0,1376.0
53,309,1844.0,1376.0
53,310,1844.0,1376.0
53,311,1844.0,1376.0
53,312,1844.0,1376.0
53,313,1844.0,1376.0
53,314,1844.0,1376.0
53,315,1844.0,1376.0
53,316,1844.0,1376.0
53,317,1844.0,1376.0
53,318,1844.0,1376.0
53,319,1844.0,1376.0
53,320,1844.0,1376.0
53,321,1844.0,1376.0
53,322,1844.0,1376.0
53,323,1844.0,1376.0
53,324,1844.0,1376.0
53,325,1844.0,1376.0
53,326,1844.0,1376.0
53,327,1844.0,1376.0
53,328,1844.0,1376.0
53,329,1844.0,1376.0
53,330,1844.0,1376.0
53,331,1844.0,1376.0
53,332,1844.0,1376.0
53,333,1844.0,1376.0
53,334,1844.0,1376.0
53,335,1844.0,1376.0
53,336,1844.0,1376.0
53,337,1844.0,1376.0
53,338,1844.0,1376.0
53,339,1844.0,1376.0
53,340,1844.0,1376.0
53,341,1844.0,1376.0
53,342,1844.0,1376.0
53,343,1844.0,1376.0
53,344,1844.0,1376.0
53,345,1844.0,1376.0
53,346,1844.0,1376.0
53,347,1844.0,1376.0
53,348,1844.0,1376.0
53,349,1844.0,1376.0
53,350,1844.0,1376.0
53,351,1844.0,1376.0
53,352,1844.0,1376.0
53,353,1844.0,1376.0
53,354,1844.0,1376.0
53,355,1844.0,1376.0
53,356,1844.0,1376.0
53,357,1844.0,1376.0
53,358,1844.0,1376.0
53,359,1844.0,1376.0
54,0,2680.0,931.0
54,1,2680.0,931.0
54,2,2680.0,931.0
54,3,2680.0,931.0
54,4,2680.0,931.0
54,5,2680.0,931.0
54,6,2680.0,931.0
54,7,2680.0,931.0
54,8,2680.0,931.0
54,9,2680.0,931.0
54,10,2680.0,931.0
54,11,2680.0,931.0
54,12,2680.0,931.0
54,13,2680.0,931.0
54,14,2680.0,931.0
54,15,2680.0,931.0
54,16,2680.0,931.0
54,17,2680.0,931.0
54,18,2680.0,931.0
54,19,2680.0,931.0
54,20,2680.0,931.0
54,21,2680.0,931.0
54,22,2680.0,931.0
54,23,2680.0,931.0
54,24,2680.0,931.0
54,25,2680.0,931.0
54,26,2680.0,931.0
54,27,2680.0,931.0
54,28,2680.0,931.0
54,29,2680.0,931.0
54,30,2680.0,931.0
54,31,2680.0,931.0
54,32,2680.0,931.0
54,33,2680.0,931.0
54,34,2680.0,931.0
54,35,2680.0,931.0
54,36,2680.0,931.0
54,37,2680.0,931.0
54,38,2680.0,931.0
54,39,2680.0,931.0
54,40,2680.0,931.0
54,41,2680.0,931.0
54,42,2680.0,931.0
54,43,2680.0,931.0
54,44,2680.0,931.0
54,45,2680.0,931.0
54,46,2680.0,931.0
54,47,2680.0,931.0
54,48,2680.0,931.0
54,49,2680.0,931.0
54,50,2680.0,931.0
54,51,2680.0,931.0
54,52,2680.0,931.0
54,53,2680.0,931.0
54,54,2680.0,931.0
54,55,2680.0,931.0
54,56,2680.0,931.0
54,57,2680.0,931.0
54,58,2680.0,931.0
54,59,2680.0,931.0
54,60,2680.0,931.0
54,61,2680.0,931.0
54,62,2680.0,931.0
54,63,2680.0,931.0
54,64,2680.0,931.0
54,65,2680.0,931.0
54,66,2680.0,931.0
54,67,2680.0,931.0
54,68,2680.0,931.0
54,69,2680.0,931.0
54,70,2680.0,931.0
54,71,2680.0,931.0
54,72,2680.0,931.0
54,73,2680.0,931.0
54,74,2680.0,931.0
54,75,2680.0,931.0
54,76,2680.0,931.0
54,77,2680.0,931.0
54,78,2680.0,931.0
54,79,2680.0,931.0
54,80,2680.0,931.0
54,81,2680.0,931.0
54,82,2680.0,931.0
54,83,2680.0,931.0
54,84,2680.0,931.0
54,85,2680.0,931.0
54,86,2680.0,931.0
54,87,2680.0,931.0
54,88,2680.0,931.0
54,89,2680.0,931.0
54,90,2680.0,931.0
54,91,2680.0,931.0
54,92,2680.0,931.0
54,93,2680.0,931.0
54,94,2680.0,931.0
54,95,2680.0,931.0
54,96,2680.0,931.0
54,97,2680.0,931.0
54,98,2680.0,931.0
54,99,2680.0,931.0
54,100,2680.0,931.0
54,101,2680.0,931.0
54,102,2680.0,931.0
54,103,2680.0,931.0
54,104,2680.0,931.0
54,105,2680.0,931.0
54,106,2680.0,931.0
54,107,2680.0,931.0
54,108,2680.0,931.0
54,109,2680.0,931.0
54,110,2680.0,931.0
54,111,2680.0,931.0
54,112,2680.0,931.0
54,113,2680.0,931.0
54,114,2680.0,931.0
54,115,2680.0,931.0
54,116,2680.0,931.0
54,117,2680.0,931.0
54,118,2680.0,931.0
54,119,2680.0,931.0
54,120,2680.0,931.0
54,121,2680.0,931.0
54,122,2680.0,931.0
54,123,2680.0,931.0
54,124,2680.0,931.0
54,125,2680.0,931.0
54,126,2680.0,931.0
54,127,2680.0,931.0
54,128,2680.0,931.0
54,129,2680.0,931.0
54,130,2680.0,931.0
54,131,2680.0,931.0
54,132,2680.0,931.0
54,133,2680.0,931.0
54,134,2680.0,931.0
54,135,2680.0,931.0
54,136,2680.0,931.0
54,137,2680.0,931.0
54,138,2680.0,931.0
54,139,2680.0,931.0
54,140,2680.0,931.0
54,141,2680.0,931.0
54,142,2680.0,931.0
54,143,2680.0,931.0
54,144,2680.0,931.0
54,145,2680.0,931.0
54,146,2680.0,931.0
54,147,2680.0,931.0
54,148,2680.0,931.0
54,149,2680.0,931.0
54,150,2680.0,931.0
54,151,2680.0,931.0
54,152,2680.0,931.0
54,153,2680.0,931.0
54,154,2680.0,931.0
54,155,2680.0,931.0
54,156,2680.0,931.0
54,157,2680.0,931.0
54,158,2680.0,931.0
54,159,2680.0,931.0
54,160,2680.0,931.0
54,161,2680.0,931.0
54,162,2680.0,931.0
54,163,2680.0,931.0
54,164,2680.0,931.0
54,165,2680.0,931.0
54,166,2680.0,931.0
54,167,2680.0,931.0
54,168,2680.0,931.0
54,169,2680.0,931.0
54,170,2680.0,931.0
54,171,2680.0,931.0
54,172,2680.0,931.0
54,173,2680.0,931.0
54,174,2680.0,931.0
54,175,2680.0,931.0
54,176,2680.0,931.0
54,177,2680.0,931.0
54,178,2680.0,931.0
54,179,2680.0,931.0
54,180,2680.0,931.0
54,181,2680.0,931.0
54,182,2680.0,931.0
54,183,2680.0,931.0
54,184,2680.0,931.0
54,185,2680.0,931.0
54,186,2680.0,931.0
54,187,2680.0,931.0
54,188,2680.0,931.0
54,189,2680.0,931.0
54,190,2680.0,931.0
54,191,2680.0,931.0
54,192,2680.0,931.0
54,193,2680.0,931.0
54,194,2680.0,931.0
54,195,2680.0,931.0
54,196,2680.0,931.0
54,197,2680.0,931.0
54,198,2680.0,931.0
54,199,2680.0,931.0
54,200,2680.0,931.0
54,201,2680.0,931.0
54,202,2680.0,931.0
54,203,2680.0,931.0
54,204,2680.0,931.0
54,205,2680.0,931.0
54,206,2680.0,931.0
54,207,2680.0,931.0
54,208,2680.0,931.0
54,209,2680.0,931.0
54,210,2680.0,931.0
54,211,2680.0,931.0
54,212,2680.0,931.0
54,213,2680.0,931.0
54,214,2680.0,931.0
54,215,2680.0,931.0
54,216,2680.0,931.0
54,217,2680.0,931.0
54,218,2680.0,931.0
54,219,2680.0,931.0
54,220,2680.0,931.0
54,221,2680.0,931.0
54,222,2680.0,931.0
54,223,2680.0,931.0
54,224,2680.0,931.0
54,225,2680.0,931.0
54,226,2680.0,931.0
54,227,2680.0,931.0
54,228,2680.0,931.0
54,229,2680.0,931.0
54,230,2680.0,931.0
54,231,2680.0,931.0
54,232,2680.0,931.0
54,233,2680.0,931.0
54,234,2680.0,931.0
54,235,2680.0,931.0
54,236,2680.0,931.0
54,237,2680.0,931.0
54,238,2680.0,931.0
54,239,2680.0,931.0
54,240,2680.0,931.0
54,241,2680.0,931.0
54,242,2680.0,931.0
54,243,2680.0,931.0
54,244,2680.0,931.0
54,245,2680.0,931.0
54,246,2680.0,931.0
54,247,2680.0,931.0
54,248,2680.0,931.0
54,249,2680.0,931.0
54,250,2680.0,931.0
54,251,2680.0,931.0
54,252,2680.0,931.0
54,253,2680.0,931.0
54,254,2680.0,931.0
54,255,2680.0,931.0
54,256,2680.0,931.0
54,257,2680.0,931.0
54,258,2680.0,931.0
54,259,2680.0,931.0
54,260,2680.0,931.0
54,261,2680.0,931.0
54,262,2680.0,931.0
54,263,2680.0,931.0
54,264,2680.0,931.0
54,265,2680.0,931.0
54,266,2680.0,931.0
54,267,2680.0,931.0
54,268,2680.0,931.0
54,269,2680.0,931.0
54,270,2680.0,931.0
54,271,2680.0,931.0
54,272,2680.0,931.0
54,273,2680.0,931.0
54,274,2680.0,931.0
54,275,2680.0,931.0
54,276,2680.0,931.0
54,277,2680.0,931.0
54,278,2680.0,931.0
54,279,2680.0,931.0
54,280,2680.0,931.0
54,281,2680.0,931.0
54,282,2680.0,931.0
54,283,2680.0,931.0
54,284,2680.0,931.0
54,285,2680.0,931.0
54,286,2680.0,931.0
54,287,2680.0,931.0
54,288,2680.0,931.0
54,289,2680.0,931.0
54,290,2680.0,931.0
54,291,2680.0,931.0
54,292,2680.0,931.0
54,293,2680.0,931.0
54,294,2680.0,931.0
54,295,2680.0,931.0
54,296,2680.0,931.0
54,297,2680.0,931.0
54,298,2680.0,931.0
54,299,2680.0,931.0
54,300,2680.0,931.0
54,301,2680.0,931.0
54,302,2680.0,931.0
54,303,2680.0,931.0
54,304,2680.0,931.0
54,305,2680.0,931.0
54,306,2680.0,931.0
54,307,2680.0,931.0
54,308,2680.0,931.0
54,309,2680.0,931.0
54,310,2680.0,931.0
54,311,2680.0,931.0
54,312,2680.0,931.0
54,313,2680.0,931.0
54,314,2680.0,931.0
54,315,2680.0,931.0
54,316,2680.0,931.0
54,317,2680.0,931.0
54,318,2680.0,931.0
54,319,2680.0,931.0
54,320,2680.0,931.0
54,321,2680.0,931.0
54,322,2680.0,931.0
54,323,2680.0,931.0
54,324,2680.0,931.0
54,325,2680.0,931.0
54,326,2680.0,931.0
54,327,2680.0,931.0
54,328,2680.0,931.0
54,329,2680.0,931.0
54,330,2680.0,931.0
54,331,2680.0,931.0
54,332,2680.0,931.0
54,333,2680.0,931.0
54,334,2680.0,931.0
54,335,2680.0,931.0
54,336,2680.0,931.0
54,337,2680.0,931.0
54,338,2680.0,931.0
54,339,2680.0,931.0
54,340,2680.0,931.0
54,341,2680.0,931.0
54,342,2680.0,931.0
54,343,2680.0,931.0
54,344,2680.0,931.0
54,345,2680.0,931.0
54,346,2680.0,931.0
54,347,2680.0,931.0
54,348,2680.0,931.0
54,349,2680.0,931.0
54,350,2680.0,931.0
54,351,2680.0,931.0
54,352,2680.0,931.0
54,353,2680.0,931.0
54,354,2680.0,931.0
54,355,2680.0,931.0
54,356,2680.0,931.0
54,357,2680.0,931.0
54,358,2680.0,931.0
54,359,2680.0,931.0
55,0,2115.0,1927.0
55,1,2115.0,1927.0
55,2,2115.0,1927.0
55,3,2115.0,1927.0
55,4,2115.0,1927.0
55,5,2115.0,1927.0
55,6,2115.0,1927.0
55,7,2115.0,1927.0
55,8,2115.0,1927.0
55,9,2115.0,1927.0
55,10,2115.0,1927.0
55,11,2115.0,1927.0
55,12,2115.0,1927.0
55,13,2115.0,1927.0
55,14,2115.0,1927.0
55,15,2115.0,1927.0
55,16,2115.0,1927.0
55,17,2115.0,1927.0
55,18,2115.0,1927.0
55,19,2115.0,1927.0
55,20,2115.0,1927.0
55,21,2115.0,1927.0
55,22,2115.0,1927.0
55,23,2115.0,1927.0
55,24,2115.0,1927.0
55,25,2115.0,1927.0
55,26,2115.0,1927.0
55,27,2115.0,1927.0
55,28,2115.0,1927.0
55,29,2115.0,1927.0
55,30,2115.0,1927.0
55,31,2115.0,1927.0
55,32,2115.0,1927.0
55,33,2115.0,1927.0
55,34,2115.0,1927.0
55,35,2115.0,1927.0
55,36,2115.0,1927.0
55,37,2115.0,1927.0
55,38,2115.0,1927.0
55,39,2115.0,1927.0
55,40,2115.0,1927.0
55,41,2115.0,1927.0
55,42,2115.0,1927.0
55,43,2115.0,1927.0
55,44,2115.0,1927.0
55,45,2115.0,1927.0
55,46,2115.0,1927.0
55,47,2115.0,1927.0
55,48,2115.0,1927.0
55,49,2115.0,1927.0
55,50,2115.0,1927.0
55,51,2115.0,1927.0
55,52,2115.0,1927.0
55,53,2115.0,1927.0
55,54,2115.0,1927.0
55,55,2115.0,1927.0
55,56,2115.0,1927.0
55,57,2115.0,1927.0
55,58,2115.0,1927.0
55,59,2115.0,1927.0
55,60,2115.0,1927.0
55,61,2115.0,1927.0
55,62,2115.0,1927.0
55,63,2115.0,1927.0
55,64,2115.0,1927.0
55,65,2115.0,1927.0
55,66,2115.0,1927.0
55,67,2115.0,1927.0
55,68,2115.0,1927.0
55,69,2115.0,1927.0
55,70,2115.0,1927.0
55,71,2115.0,1927.0
55,72,2115.0,1927.0
55,73,2115.0,1927.0
55,74,2115.0,1927.0
55,75,2115.0,1927.0
55,76,2115.0,1927.0
55,77,2115.0,1927.0
55,78,2115.0,1927.0
55,79,2115.0,1927.0
55,80,2115.0,1927.0
55,81,2115.0,1927.0
55,82,2115.0,1927.0
55,83,2115.0,1927.0
55,84,2115.0,1927.0
55,85,2115.0,1927.0
55,86,2115.0,1927.0
55,87,2115.0,1927.0
55,88,2115.0,1927.0
55,89,2115.0,1927.0
55,90,2115.0,1927.0
55,91,2115.0,1927.0
55,92,2115.0,1927.0
55,93,2115.0,1927.0
55,94,2115.0,1927.0
55,95,2115.0,1927.0
55,96,2115.0,1927.0
55,97,2115.0,1927.0
55,98,2115.0,1927.0
55,99,2115.0,1927.0
55,100,2115.0,1927.0
55,101,2115.0,1927.0
55,102,2115.0,1927.0
55,103,2115.0,1927.0
55,104,2115.0,1927.0
55,105,2115.0,1927.0
55,106,2115.0,1927.0
55,107,2115.0,1927.0
55,108,2115.0,1927.0
55,109,2115.0,1927.0
55,110,2115.0,1927.0
55,111,2115.0,1927.0
55,112,2115.0,1927.0
55,113,2115.0,1927.0
55,114,2115.0,1927.0
55,115,2115.0,1927.0
55,116,2115.0,1927.0
55,117,2115.0,1927.0
55,118,2115.0,1927.0
55,119,2115.0,1927.0
55,120,2115.0,1927.0
55,121,2115.0,1927.0
55,122,2115.0,1927.0
55,123,2115.0,1927.0
55,124,2115.0,1927.0
55,125,2115.0,1927.0
55,126,2115.0,1927.0
55,127,2115.0,1927.0
55,128,2115.0,1927.0
55,129,2115.0,1927.0
55,130,2115.0,1927.0
55,131,2115.0,1927.0
55,132,2115.0,1927.0
55,133,2115.0,1927.0
55,134,2115.0,1927.0
55,135,2115.0,1927.0
55,136,2115.0,1927.0
55,137,2115.0,1927.0
55,138,2115.0,1927.0
55,139,2115.0,1927.0
55,140,2115.0,1927.0
55,141,2115.0,1927.0
55,142,2115.0,1927.0
55,143,2115.0,1927.0
55,144,2115.0,1927.0
55,145,2115.0,1927.0
55,146,2115.0,1927.0
55,147,2115.0,1927.0
55,148,2115.0,1927.0
55,149,2115.0,1927.0
55,150,2115.0,1927.0
55,151,2115.0,1927.0
55,152,2115.0,1927.0
55,153,2115.0,1927.0
55,154,2115.0,1927.0
55,155,2115.0,1927.0
55,156,2115.0,1927.0
55,157,2115.0,1927.0
55,158,2115.0,1927.0
55,159,2115.0,1927.0
55,160,2115.0,1927.0
55,161,2115.0,1927.0
55,162,2115.0,1927.0
55,163,2115.0,1927.0
55,164,2115.0,1927.0
55,165,2115.0,1927.0
55,166,2115.0,1927.0
55,167,2115.0,1927.0
55,168,2115.0,1927.0
55,169,2115.0,1927.0
55,170,2115.0,1927.0
55,171,2115.0,1927.0
55,172,2115.0,1927.0
55,173,2115.0,1927.0
55,174,2115.0,1927.0
55,175,2115.0,1927.0
55,176,2115.0,1927.0
55,177,2115.0,1927.0
55,178,2115.0,1927.0
55,179,2115.0,1927.0
55,180,2115.0,1927.0
55,181,2115.0,1927.0
55,182,2115.0,1927.0
55,183,2115.0,1927.0
55,184,2115.0,1927.0
55,185,2115.0,1927.0
55,186,2115.0,1927.0
55,187,2115.0,1927.0
55,188,2115.0,1927.0
55,189,2115.0,1927.0
55,190,2115.0,1927.0
55,191,2115.0,1927.0
55,192,2115.0,1927.0
55,193,2115.0,1927.0
55,194,2115.0,1927.0
55,195,2115.0,1927.0
55,196,2115.0,1927.0
55,197,2115.0,1927.0
55,198,2115.0,1927.0
55,199,2115.0,1927.0
55,200,2115.0,1927.0
55,201,2115.0,1927.0
55,202,2115.0,1927.0
55,203,2115.0,1927.0
55,204,2115.0,1927.0
55,205,2115.0,1927.0
55,206,2115.0,1927.0
55,207,2115.0,1927.0
55,208,2115.0,1927.0
55,209,2115.0,1927.0
55,210,2115.0,1927.0
55,211,2115.0,1927.0
55,212,2115.0,1927.0
55,213,2115.0,1927.0
55,214,2115.0,1927.0
55,215,2115.0,1927.0
55,216,2115.0,1927.0
55,217,2115.0,1927.0
55,218,2115.0,1927.0
55,219,2115.0,1927.0
55,220,2115.0,1927.0
55,221,2115.0,1927.0
55,222,2115.0,1927.0
55,223,2115.0,1927.0
55,224,2115.0,1927.0
55,225,2115.0,1927.0
55,226,2115.0,1927.0
55,227,2115.0,1927.0
55,228,2115.0,1927.0
55,229,2115.0,1927.0
55,230,2115.0,1927.0
55,231,2115.0,1927.0
55,232,2115.0,1927.0
55,233,2115.0,1927.0
55,234,2115.0,1927.0
55,235,2115.0,1927.0
55,236,2115.0,1927.0
55,237,2115.0,1927.0
55,238,2115.0,1927.0
55,239,2115.0,1927.0
55,240,2115.0,1927.0
55,241,2115.0,1927.0
55,242,2115.0,1927.0
55,243,2115.0,1927.0
55,244,2115.0,1927.0
55,245,2115.0,1927.0
55,246,2115.0,1927.0
55,247,2115.0,1927.0
55,248,2115.0,1927.0
55,249,2115.0,1927.0
55,250,2115.0,1927.0
55,251,2115.0,1927.0
55,252,2115.0,1927.0
55,253,2115.0,1927.0
55,254,2115.0,1927.0
55,255,2115.0,1927.0
55,256,2115.0,1927.0
55,257,2115.0,1927.0
55,258,2115.0,1927.0
55,259,2115.0,1927.0
55,260,2115.0,1927.0
55,261,2115.0,1927.0
55,262,2115.0,1927.0
55,263,2115.0,1927.0
55,264,2115.0,1927.0
55,265,2115.0,1927.0
55,266,2115.0,1927.0
55,267,2115.0,1927.0
55,268,2115.0,1927.0
55,269,2115.0,1927.0
55,270,2115.0,1927.0
55,271,2115.0,1927.0
55,272,2115.0,1927.0
55,273,2115.0,1927.0
55,274,2115.0,1927.0
55,275,2115.0,1927.0
55,276,2115.0,1927.0
55,277,2115.0,1927.0
55,278,2115.0,1927.0
55,279,2115.0,1927.0
55,280,2115.0,1927.0
55,281,2115.0,1927.0
55,282,2115.0,1927.0
55,283,2115.0,1927.0
55,284,2115.0,1927.0
55,285,2115.0,1927.0
55,286,2115.0,1927.0
55,287,2115.0,1927.0
55,288,2115.0,1927.0
55,289,2115.0,1927.0
55,290,2115.0,1927.0
55,291,2115.0,1927.0
55,292,2115.0,1927.0
55,293,2115.0,1927.0
55,294,2115.0,1927.0
55,295,2115.0,1927.0
55,296,2115.0,1927.0
55,297,2115.0,1927.0
55,298,2115.0,1927.0
55,299,2115.0,1927.0
55,300,2115.0,1927.0
55,301,2115.0,1927.0
55,302,2115.0,1927.0
55,303,2115.0,1927.0
55,304,2115.0,1927.0
55,305,2115.0,1927.0
55,306,2115.0,1927.0
55,307,2115.0,1927.0
55,308,2115.0,1927.0
55,309,2115.0,1927.0
55,310,2115.0,1927.0
55,311,2115.0,1927.0
55,312,2115.0,1927.0
55,313,2115.0,1927.0
55,314,2115.0,1927.0
55,315,2115.0,1927.0
55,316,2115.0,1927.0
55,317,2115.0,1927.0
55,318,2115.0,1927.0
55,319,2115.0,1927.0
55,320,2115.0,1927.0
55,321,2115.0,1927.0
55,322,2115.0,1927.0
55,323,2115.0,1927.0
55,324,2115.0,1927.0
55,325,2115.0,1927.0
55,326,2115.0,1927.0
55,327,2115.0,1927.0
55,328,2115.0,1927.0
55,329,2115.0,1927.0
55,330,2115.0,1927.0
55,331,2115.0,1927.0
55,332,2115.0,1927.0
55,333,2115.0,1927.0
55,334,2115.0,1927.0
55,335,2115.0,1927.0
55,336,2115.0,1927.0
55,337,2115.0,1927.0
55,338,2115.0,1927.0
55,339,2115.0,1927.0
55,340,2115.0,1927.0
55,341,2115.0,1927.0
55,342,2115.0,1927.0
55,343,2115.0,1927.0
55,344,2115.0,1927.0
55,345,2115.0,1927.0
55,346,2115.0,1927.0
55,347,2115.0,1927.0
55,348,2115.0,1927.0
55,349,2115.0,1927.0
55,350,2115.0,1927.0
55,351,2115.0,1927.0
55,352,2115.0,1927.0
55,353,2115.0,1927.0
55,354,2115.0,1927.0
55,355,2115.0,1927.0
55,356,2115.0,1927.0
55,357,2115.0,1927.0
55,358,2115.0,1927.0
55,359,2115.0,1927.0
56,0,1932.0,1681.0
56,1,1932.0,1681.0
56,2,1932.0,1681.0
56,3,1932.0,1681.0
56,4,1932.0,1681.0
56,5,1932.0,1681.0
56,6,1932.0,1681.0
56,7,1932.0,1681.0
56,8,1932.0,1681.0
56,9,1932.0,1681.0
56,10,1932.0,1681.0
56,11,1932.0,1681.0
56,12,1932.0,1681.0
56,13,1932.0,1681.0
56,14,1932.0,1681.0
56,15,1932.0,1681.0
56,16,1932.0,1681.0
56,17,1932.0,1681.0
56,18,1932.0,1681.0
56,19,1932.0,1681.0
56,20,1932.0,1681.0
56,21,1932.0,1681.0
56,22,1932.0,1681.0
56,23,1932.0,1681.0
56,24,1932.0,1681.0
56,25,1932.0,1681.0
56,26,1932.0,1681.0
56,27,1932.0,1681.0
56,28,1932.0,1681.0
56,29,1932.0,1681.0
56,30,1932.0,1681.0
56,31,1932.0,1681.0
56,32,1932.0,1681.0
56,33,1932.0,1681.0
56,34,1932.0,1681.0
56,35,1932.0,1681.0
56,36,1932.0,1681.0
56,37,1932.0,1681.0
56,38,1932.0,1681.0
56,39,1932.0,1681.0
56,40,1932.0,1681.0
56,41,1932.0,1681.0
56,42,1932.0,1681.0
56,43,1932.0,1681.0
56,44,1932.0,1681.0
56,45,1932.0,1681.0
56,46,1932.0,1681.0
56,47,1932.0,1681.0
56,48,1932.0,1681.0
56,49,1932.0,1681.0
56,50,1932.0,1681.0
56,51,1932.0,1681.0
56,52,1932.0,1681.0
56,53,1932.0,1681.0
56,54,1932.0,1681.0
56,55,1932.0,1681.0
56,56,1932.0,1681.0
56,57,1932.0,1681.0
56,58,1932.0,1681.0
56,59,1932.0,1681.0
56,60,1932.0,1681.0
56,61,1932.0,1681.0
56,62,1932.0,1681.0
56,63,1932.0,1681.0
56,64,1932.0,1681.0
56,65,1932.0,1681.0
56,66,1932.0,1681.0
56,67,1932.0,1681.0
56,68,1932.0,1681.0
56,69,1932.0,1681.0
56,70,1932.0,1681.0
56,71,1932.0,1681.0
56,72,1932.0,1681.0
56,73,1932.0,1681.0
56,74,1932.0,1681.0
56,75,1932.0,1681.0
56,76,1932.0,1681.0
56,77,1932.0,1681.0
56,78,1932.0,1681.0
56,79,1932.0,1681.0
56,80,1932.0,1681.0
56,81,1932.0,1681.0
56,82,1932.0,1681.0
56,83,1932.0,1681.0
56,84,1932.0,1681.0
56,85,1932.0,1681.0
56,86,1932.0,1681.0
56,87,1932.0,1681.0
56,88,1932.0,1681.0
56,89,1932.0,1681.0
56,90,1932.0,1681.0
56,91,1932.0,1681.0
56,92,1932.0,1681.0
56,93,1932.0,1681.0
56,94,1932.0,1681.0
56,95,1932.0,1681.0
56,96,1932.0,1681.0
56,97,1932.0,1681.0
56,98,1932.0,1681.0
56,99,1932.0,1681.0
56,100,1932.0,1681.0
56,101,1932.0,1681.0
56,102,1932.0,1681.0
56,103,1932.0,1681.0
56,104,1932.0,1681.0
56,105,1932.0,1681.0
56,106,1932.0,1681.0
56,107,1932.0,1681.0
56,108,1932.0,1681.0
56,109,1932.0,1681.0
56,110,1932.0,1681.0
56,111,1932.0,1681.0
56,112,1932.0,1681.0
56,113,1932.0,1681.0
56,114,1932.0,1681.0
56,115,1932.0,1681.0
56,116,1932.0,1681.0
56,117,1932.0,1681.0
56,118,1932.0,1681.0
56,119,1932.0,1681.0
56,120,1932.0,1681.0
56,121,1932.0,1681.0
56,122,1932.0,1681.0
56,123,1932.0,1681.0
56,124,1932.0,1681.0
56,125,1932.0,1681.0
56,126,1932.0,1681.0
56,127,1932.0,1681.0
56,128,1932.0,1681.0
56,129,1932.0,1681.0
56,130,1932.0,1681.0
56,131,1932.0,1681.0
56,132,1932.0,1681.0
56,133,1932.0,1681.0
56,134,1932.0,1681.0
56,135,1932.0,1681.0
56,136,1932.0,1681.0
56,137,1932.0,1681.0
56,138,1932.0,1681.0
56,139,1932.0,1681.0
56,140,1932.0,1681.0
56,141,1932.0,1681.0
56,142,1932.0,1681.0
56,143,1932.0,1681.0
56,144,1932.0,1681.0
56,145,1932.0,1681.0
56,146,1932.0,1681.0
56,147,1932.0,1681.0
56,148,1932.0,1681.0
56,149,1932.0,1681.0
56,150,1932.0,1681.0
56,151,1932.0,1681.0
56,152,1932.0,1681.0
56,153,1932.0,1681.0
56,154,1932.0,1681.0
56,155,1932.0,1681.0
56,156,1932.0,1681.0
56,157,1932.0,1681.0
56,158,1932.0,1681.0
56,159,1932.0,1681.0
56,160,1932.0,1681.0
56,161,1932.0,1681.0
56,162,1932.0,1681.0
56,163,1932.0,1681.0
56,164,1932.0,1681.0
56,165,1932.0,1681.0
56,166,1932.0,1681.0
56,167,1932.0,1681.0
56,168,1932.0,1681.0
56,169,1932.0,1681.0
56,170,1932.0,1681.0
56,171,1932.0,1681.0
56,172,1932.0,1681.0
56,173,1932.0,1681.0
56,174,1932.0,1681.0
56,175,1932.0,1681.0
56,176,1932.0,1681.0
56,177,1932.0,1681.0
56,178,1932.0,1681.0
56,179,1932.0,1681.0
56,180,1932.0,1681.0
56,181,1932.0,1681.0
56,182,1932.0,1681.0
56,183,1932.0,1681.0
56,184,1932.0,1681.0
56,185,1932.0,1681.0
56,186,1932.0,1681.0
56,187,1932.0,1681.0
56,188,1932.0,1681.0
56,189,1932.0,1681.0
56,190,1932.0,1681.0
56,191,1932.0,1681.0
56,192,1932.0,1681.0
56,193,1932.0,1681.0
56,194,1932.0,1681.0
56,195,1932.0,1681.0
56,196,1932.0,1681.0
56,197,1932.0,1681.0
56,198,1932.0,1681.0
56,199,1932.0,1681.0
56,200,1932.0,1681.0
56,201,1932.0,1681.0
56,202,1932.0,1681.0
56,203,1932.0,1681.0
56,204,1932.0,1681.0
56,205,1932.0,1681.0
56,206,1932.0,1681.0
56,207,1932.0,1681.0
56,208,1932.0,1681.0
56,209,1932.0,1681.0
56,210,1932.0,1681.0
56,211,1932.0,1681.0
56,212,1932.0,1681.0
56,213,1932.0,1681.0
56,214,1932.0,1681.0
56,215,1932.0,1681.0
56,216,1932.0,1681.0
56,217,1932.0,1681.0
56,218,1932.0,1681.0
56,219,1932.0,1681.0
56,220,1932.0,1681.0
56,221,1932.0,1681.0
56,222,1932.0,1681.0
56,223,1932.0,1681.0
56,224,1932.0,1681.0
56,225,1932.0,1681.0
56,226,1932.0,1681.0
56,227,1932.0,1681.0
56,228,1932.0,1681.0
56,229,1932.0,1681.0
56,230,1932.0,1681.0
56,231,1932.0,1681.0
56,232,1932.0,1681.0
56,233,1932.0,1681.0
56,234,1932.0,1681.0
56,235,1932.0,1681.0
56,236,1932.0,1681.0
56,237,1932.0,1681.0
56,238,1932.0,1681.0
56,239,1932.0,1681.0
56,240,1932.0,1681.0
56,241,1932.0,1681.0
56,242,1932.0,1681.0
56,243,1932.0,1681.0
56,244,1932.0,1681.0
56,245,1932.0,1681.0
56,246,1932.0,1681.0
56,247,1932.0,1681.0
56,248,1932.0,1681.0
56,249,1932.0,1681.0
56,250,1932.0,1681.0
56,251,1932.0,1681.0
56,252,1932.0,1681.0
56,253,1932.0,1681.0
56,254,1932.0,1681.0
56,255,1932.0,1681.0
56,256,1932.0,1681.0
56,257,1932.0,1681.0
56,258,1932.0,1681.0
56,259,1932.0,1681.0
56,260,1932.0,1681.0
56,261,1932.0,1681.0
56,262,1932.0,1681.0
56,263,1932.0,1681.0
56,264,1932.0,1681.0
56,265,1932.0,1681.0
56,266,1932.0,1681.0
56,267,1932.0,1681.0
56,268,1932.0,1681.0
56,269,1932.0,1681.0
56,270,1932.0,1681.0
56,271,1932.0,1681.0
56,272,1932.0,1681.0
56,273,1932.0,1681.0
56,274,1932.0,1681.0
56,275,1932.0,1681.0
56,276,1932.0,1681.0
56,277,1932.0,1681.0
56,278,1932.0,1681.0
56,279,1932.0,1681.0
56,280,1932.0,1681.0
56,281,1932.0,1681.0
56,282,1932.0,1681.0
56,283,1932.0,1681.0
56,284,1932.0,1681.0
56,285,1932.0,1681.0
56,286,1932.0,1681.0
56,287,1932.0,1681.0
56,288,1932.0,1681.0
56,289,1932.0,1681.0
56,290,1932.0,1681.0
56,291,1932.0,1681.0
56,292,1932.0,1681.0
56,293,1932.0,1681.0
56,294,1932.0,1681.0
56,295,1932.0,1681.0
56,296,1932.0,1681.0
56,297,1932.0,1681.0
56,298,1932.0,1681.0
56,299,1932.0,1681.0
56,300,1932.0,1681.0
56,301,1932.0,1681.0
56,302,1932.0,1681.0
56,303,1932.0,1681.0
56,304,1932.0,1681.0
56,305,1932.0,1681.0
56,306,1932.0,1681.0
56,307,1932.0,1681.0
56,308,1932.0,1681.0
56,309,1932.0,1681.0
56,310,1932.0,1681.0
56,311,1932.0,1681.0
56,312,1932.0,1681.0
56,313,1932.0,1681.0
56,314,1932.0,1681.0
56,315,1932.0,1681.0
56,316,1932.0,1681.0
56,317,1932.0,1681.0
56,318,1932.0,1681.0
56,319,1932.0,1681.0
56,320,1932.0,1681.0
56,321,1932.0,1681.0
56,322,1932.0,1681.0
56,323,1932.0,1681.0
56,324,1932.0,1681.0
56,325,1932.0,1681.0
56,326,1932.0,1681.0
56,327,1932.0,1681.0
56,328,1932.0,1681.0
56,329,1932.0,1681.0
56,330,1932.0,1681.0
56,331,1932.0,1681.0
56,332,1932.0,1681.0
56,333,1932.0,1681.0
56,334,1932.0,1681.0
56,335,1932.0,1681.0
56,336,1932.0,1681.0
56,337,1932.0,1681.0
56,338,1932.0,1681.0
56,339,1932.0,1681.0
56,340,1932.0,1681.0
56,341,1932.0,1681.0
56,342,1932.0,1681.0
56,343,1932.0,1681.0
56,344,1932.0,1681.0
56,345,1932.0,1681.0
56,346,1932.0,1681.0
56,347,1932.0,1681.0
56,348,1932.0,1681.0
56,349,1932.0,1681.0
56,350,1932.0,1681.0
56,351,1932.0,1681.0
56,352,1932.0,1681.0
56,353,1932.0,1681.0
56,354,1932.0,1681.0
56,355,1932.0,1681.0
56,356,1932.0,1681.0
56,357,1932.0,1681.0
56,358,1932.0,1681.0
56,359,1932.0,1681.0
57,0,3129.0,1245.0
57,1,3129.0,1245.0
57,2,3129.0,1245.0
57,3,3129.0,1245.0
57,4,3129.0,1245.0
57,5,3129.0,1245.0
57,6,3129.0,1245.0
57,7,3129.0,1245.0
57,8,3129.0,1245.0
57,9,3129.0,1245.0
57,10,3129.0,1245.0
57,11,3129.0,1245.0
57,12,3129.0,1245.0
57,13,3129.0,1245.0
57,14,3129.0,1245.0
57,15,3129.0,1245.0
57,16,3129.0,1245.0
57,17,3129.0,1245.0
57,18,3129.0,1245.0
57,19,3129.0,1245.0
57,20,3129.0,1245.0
57,21,3129.0,1245.0
57,22,3129.0,1245.0
57,23,3129.0,1245.0
57,24,3129.0,1245.0
57,25,3129.0,1245.0
57,26,3129.0,1245.0
57,27,3129.0,1245.0
57,28,3129.0,1245.0
57,29,3129.0,1245.0
57,30,3129.0,1245.0
57,31,3129.0,1245.0
57,32,3129.0,1245.0
57,33,3129.0,1245.0
57,34,3129.0,1245.0
57,35,3129.0,1245.0
57,36,3129.0,1245.0
57,37,3129.0,1245.0
57,38,3129.0,1245.0
57,39,3129.0,1245.0
57,40,3129.0,1245.0
57,41,3129.0,1245.0
57,42,3129.0,1245.0
57,43,3129.0,1245.0
57,44,3129.0,1245.0
57,45,3129.0,1245.0
57,46,3129.0,1245.0
57,47,3129.0,1245.0
57,48,3129.0,1245.0
57,49,3129.0,1245.0
57,50,3129.0,1245.0
57,51,3129.0,1245.0
57,52,3129.0,1245.0
57,53,3129.0,1245.0
57,54,3129.0,1245.0
57,55,3129.0,1245.0
57,56,3129.0,1245.0
57,57,3129.0,1245.0
57,58,3129.0,1245.0
57,59,3129.0,1245.0
57,60,3129.0,1245.0
57,61,3129.0,1245.0
57,62,3129.0,1245.0
57,63,3129.0,1245.0
57,64,3129.0,1245.0
57,65,3129.0,1245.0
57,66,3129.0,1245.0
57,67,3129.0,1245.0
57,68,3129.0,1245.0
57,69,3129.0,1245.0
57,70,3129.0,1245.0
57,71,3129.0,1245.0
57,72,3129.0,1245.0
57,73,3129.0,1245.0
57,74,3129.0,1245.0
57,75,3129.0,1245.0
57,76,3129.0,1245.0
57,77,3129.0,1245.0
57,78,3129.0,1245.0
57,79,3129.0,1245.0
57,80,3129.0,1245.0
57,81,3129.0,1245.0
57,82,3129.0,1245.0
57,83,3129.0,1245.0
57,84,3129.0,1245.0
57,85,3129.0,1245.0
57,86,3129.0,1245.0
57,87,3129.0,1245.0
57,88,3129.0,1245.0
57,89,3129.0,1245.0
57,90,3129.0,1245.0
57,91,3129.0,1245.0
57,92,3129.0,1245.0
57,93,3129.0,1245.0
57,94,3129.0,1245.0
57,95,3129.0,1245.0
57,96,3129.0,1245.0
57,97,3129.0,1245.0
57,98,3129.0,1245.0
57,99,3129.0,1245.0
57,100,3129.0,1245.0
57,101,3129.0,1245.0
57,102,3129.0,1245.0
57,103,3129.0,1245.0
57,104,3129.0,1245.0
57,105,3129.0,1245.0
57,106,3129.0,1245.0
57,107,3129.0,1245.0
57,108,3129.0,1245.0
57,109,3129.0,1245.0
57,110,3129.0,1245.0
57,111,3129.0,1245.0
57,112,3129.0,1245.0
57,113,3129.0,1245.0
57,114,3129.0,1245.0
57,115,3129.0,1245.0
57,116,3129.0,1245.0
57,117,3129.0,1245.0
57,118,3129.0,1245.0
57,119,3129.0,1245.0
57,120,3129.0,1245.0
57,121,3129.0,1245.0
57,122,3129.0,1245.0
57,123,3129.0,1245.0
57,124,3129.0,1245.0
57,125,3129.0,1245.0
57,126,3129.0,1245.0
57,127,3129.0,1245.0
57,128,3129.0,1245.0
57,129,3129.0,1245.0
57,130,3129.0,1245.0
57,131,3129.0,1245.0
57,132,3129.0,1245.0
57,133,3129.0,1245.0
57,134,3129.0,1245.0
57,135,3129.0,1245.0
57,136,3129.0,1245.0
57,137,3129.0,1245.0
57,138,3129.0,1245.0
57,139,3129.0,1245.0
57,140,3129.0,1245.0
57,141,3129.0,1245.0
57,142,3129.0,1245.0
57,143,3129.0,1245.0
57,144,3129.0,1245.0
57,145,3129.0,1245.0
57,146,3129.0,1245.0
57,147,3129.0,1245.0
57,148,3129.0,1245.0
57,149,3129.0,1245.0
57,150,3129.0,1245.0
57,151,3129.0,1245.0
57,152,3129.0,1245.0
57,153,3129.0,1245.0
57,154,3129.0,1245.0
57,155,3129.0,1245.0
57,156,3129.0,1245.0
57,157,3129.0,1245.0
57,158,3129.0,1245.0
57,159,3129.0,1245.0
57,160,3129.0,1245.0
57,161,3129.0,1245.0
57,162,3129.0,1245.0
57,163,3129.0,1245.0
57,164,3129.0,1245.0
57,165,3129.0,1245.0
57,166,3129.0,1245.0
57,167,3129.0,1245.0
57,168,3129.0,1245.0
57,169,3129.0,1245.0
57,170,3129.0,1245.0
57,171,3129.0,1245.0
57,172,3129.0,1245.0
57,173,3129.0,1245.0
57,174,3129.0,1245.0
57,175,3129.0,1245.0
57,176,3129.0,1245.0
57,177,3129.0,1245.0
57,178,3129.0,1245.0
57,179,3129.0,1245.0
57,180,3129.0,1245.0
57,181,3129.0,1245.0
57,182,3129.0,1245.0
57,183,3129.0,1245.0
57,184,3129.0,1245.0
57,185,3129.0,1245.0
57,186,3129.0,1245.0
57,187,3129.0,1245.0
57,188,3129.0,1245.0
57,189,3129.0,1245.0
57,190,3129.0,1245.0
57,191,3129.0,1245.0
57,192,3129.0,1245.0
57,193,3129.0,1245.0
57,194,3129.0,1245.0
57,195,3129.0,1245.0
57,196,3129.0,1245.0
57,197,3129.0,1245.0
57,198,3129.0,1245.0
57,199,3129.0,1245.0
57,200,3129.0,1245.0
57,201,3129.0,1245.0
57,202,3129.0,1245.0
57,203,3129.0,1245.0
57,204,3129.0,1245.0
57,205,3129.0,1245.0
57,206,3129.0,1245.0
57,207,3129.0,1245.0
57,208,3129.0,1245.0
57,209,3129.0,1245.0
57,210,3129.0,1245.0
57,211,3129.0,1245.0
57,212,3129.0,1245.0
57,213,3129.0,1245.0
57,214,3129.0,1245.0
57,215,3129.0,1245.0
57,216,3129.0,1245.0
57,217,3129.0,1245.0
57,218,3129.0,1245.0
57,219,3129.0,1245.0
57,220,3129.0,1245.0
57,221,3129.0,1245.0
57,222,3129.0,1245.0
57,223,3129.0,1245.0
57,224,3129.0,1245.0
57,225,3129.0,1245.0
57,226,3129.0,1245.0
57,227,3129.0,1245.0
57,228,3129.0,1245.0
57,229,3129.0,1245.0
57,230,3129.0,1245.0
57,231,3129.0,1245.0
57,232,3129.0,1245.0
57,233,3129.0,1245.0
57,234,3129.0,1245.0
57,235,3129.0,1245.0
57,236,3129.0,1245.0
57,237,3129.0,1245.0
57,238,3129.0,1245.0
57,239,3129.0,1245.0
57,240,3129.0,1245.0
57,241,3129.0,1245.0
57,242,3129.0,1245.0
57,243,3129.0,1245.0
57,244,3129.0,1245.0
57,245,3129.0,1245.0
57,246,3129.0,1245.0
57,247,3129.0,1245.0
57,248,3129.0,1245.0
57,249,3129.0,1245.0
57,250,3129.0,1245.0
57,251,3129.0,1245.0
57,252,3129.0,1245.0
57,253,3129.0,1245.0
57,254,3129.0,1245.0
57,255,3129.0,1245.0
57,256,3129.0,1245.0
57,257,3129.0,1245.0
57,258,3129.0,1245.0
57,259,3129.0,1245.0
57,260,3129.0,1245.0
57,261,3129.0,1245.0
57,262,3129.0,1245.0
57,263,3129.0,1245.0
57,264,3129.0,1245.0
57,265,3129.0,1245.0
57,266,3129.0,1245.0
57,267,3129.0,1245.0
57,268,3129.0,1245.0
57,269,3129.0,1245.0
57,270,3129.0,1245.0
57,271,3129.0,1245.0
57,272,3129.0,1245.0
57,273,3129.0,1245.0
57,274,3129.0,1245.0
57,275,3129.0,1245.0
57,276,3129.0,1245.0
57,277,3129.0,1245.0
57,278,3129.0,1245.0
57,279,3129.0,1245.0
57,280,3129.0,1245.0
57,281,3129.0,1245.0
57,282,3129.0,1245.0
57,283,3129.0,1245.0
57,284,3129.0,1245.0
57,285,3129.0,1245.0
57,286,3129.0,1245.0
57,287,3129.0,1245.0
57,288,3129.0,1245.0
57,289,3129.0,1245.0
57,290,3129.0,1245.0
57,291,3129.0,1245.0
57,292,3129.0,1245.0
57,293,3129.0,1245.0
57,294,3129.0,1245.0
57,295,3129.0,1245.0
57,296,3129.0,1245.0
57,297,3129.0,1245.0
57,298,3129.0,1245.0
57,299,3129.0,1245.0
57,300,3129.0,1245.0
57,301,3129.0,1245.0
57,302,3129.0,1245.0
57,303,3129.0,1245.0
57,304,3129.0,1245.0
57,305,3129.0,1245.0
57,306,3129.0,1245.0
57,307,3129.0,1245.0
57,308,3129.0,1245.0
57,309,3129.0,1245.0
57,310,3129.0,1245.0
57,311,3129.0,1245.0
57,312,3129.0,1245.0
57,313,3129.0,1245.0
57,314,3129.0,1245.0
57,315,3129.0,1245.0
57,316,3129.0,1245.0
57,317,3129.0,1245.0
57,318,3129.0,1245.0
57,319,3129.0,1245.0
57,320,3129.0,1245.0
57,321,3129.0,1245.0
57,322,3129.0,1245.0
57,323,3129.0,1245.0
57,324,3129.0,1245.0
57,325,3129.0,1245.0
57,326,3129.0,1245.0
57,327,3129.0,1245.0
57,328,3129.0,1245.0
57,329,3129.0,1245.0
57,330,3129.0,1245.0
57,331,3129.0,1245.0
57,332,3129.0,1245.0
57,333,3129.0,1245.0
57,334,3129.0,1245.0
57,335,3129.0,1245.0
57,336,3129.0,1245.0
57,337,3129.0,1245.0
57,338,3129.0,1245.0
57,339,3129.0,1245.0
57,340,3129.0,1245.0
57,341,3129.0,1245.0
57,342,3129.0,1245.0
57,343,3129.0,1245.0
57,344,3129.0,1245.0
57,345,3129.0,1245.0
57,346,3129.0,1245.0
57,347,3129.0,1245.0
57,348,3129.0,1245.0
57,349,3129.0,1245.0
57,350,3129.0,1245.0
57,351,3129.0,1245.0
57,352,3129.0,1245.0
57,353,3129.0,1245.0
57,354,3129.0,1245.0
57,355,3129.0,1245.0
57,356,3129.0,1245.0
57,357,3129.0,1245.0
57,358,3129.0,1245.0
57,359,3129.0,1245.0
58,0,2255.0,1768.0
58,1,2255.0,1768.0
58,2,2255.0,1768.0
58,3,2255.0,1768.0
58,4,2255.0,1768.0
58,5,2255.0,1768.0
58,6,2255.0,1768.0
58,7,2255.0,1768.0
58,8,2255.0,1768.0
58,9,2255.0,1768.0
58,10,2255.0,1768.0
58,11,2255.0,1768.0
58,12,2255.0,1768.0
58,13,2255.0,1768.0
58,14,2255.0,1768.0
58,15,2255.0,1768.0
58,16,2255.0,1768.0
58,17,2255.0,1768.0
58,18,2255.0,1768.0
58,19,2255.0,1768.0
58,20,2255.0,1768.0
58,21,2255.0,1768.0
58,22,2255.0,1768.0
58,23,2255.0,1768.0
58,24,2255.0,1768.0
58,25,2255.0,1768.0
58,26,2255.0,1768.0
58,27,2255.0,1768.0
58,28,2255.0,1768.0
58,29,2255.0,1768.0
58,30,2255.0,1768.0
58,31,2255.0,1768.0
58,32,2255.0,1768.0
58,33,2255.0,1768.0
58,34,2255.0,1768.0
58,35,2255.0,1768.0
58,36,2255.0,1768.0
58,37,2255.0,1768.0
58,38,2255.0,1768.0
58,39,2255.0,1768.0
58,40,2255.0,1768.0
58,41,2255.0,1768.0
58,42,2255.0,1768.0
58,43,2255.0,1768.0
58,44,2255.0,1768.0
58,45,2255.0,1768.0
58,46,2255.0,1768.0
58,47,2255.0,1768.0
58,48,2255.0,1768.0
58,49,2255.0,1768.0
58,50,2255.0,1768.0
58,51,2255.0,1768.0
58,52,2255.0,1768.0
58,53,2255.0,1768.0
58,54,2255.0,1768.0
58,55,2255.0,1768.0
58,56,2255.0,1768.0
58,57,2255.0,1768.0
58,58,2255.0,1768.0
58,59,2255.0,1768.0
58,60,2255.0,1768.0
58,61,2255.0,1768.0
58,62,2255.0,1768.0
58,63,2255.0,1768.0
58,64,2255.0,1768.0
58,65,2255.0,1768.0
58,66,2255.0,1768.0
58,67,2255.0,1768.0
58,68,2255.0,1768.0
58,69,2255.0,1768.0
58,70,2255.0,1768.0
58,71,2255.0,1768.0
58,72,2255.0,1768.0
58,73,2255.0,1768.0
58,74,2255.0,1768.0
58,75,2255.0,1768.0
58,76,2255.0,1768.0
58,77,2255.0,1768.0
58,78,2255.0,1768.0
58,79,2255.0,1768.0
58,80,2255.0,1768.0
58,81,2255.0,1768.0
58,82,2255.0,1768.0
58,83,2255.0,1768.0
58,84,2255.0,1768.0
58,85,2255.0,1768.0
58,86,2255.0,1768.0
58,87,2255.0,1768.0
58,88,2255.0,1768.0
58,89,2255.0,1768.0
58,90,2255.0,1768.0
58,91,2255.0,1768.0
58,92,2255.0,1768.0
58,93,2255.0,1768.0
58,94,2255.0,1768.0
58,95,2255.0,1768.0
58,96,2255.0,1768.0
58,97,2255.0,1768.0
58,98,2255.0,1768.0
58,99,2255.0,1768.0
58,100,2255.0,1768.0
58,101,2255.0,1768.0
58,102,2255.0,1768.0
58,103,2255.0,1768.0
58,104,2255.0,1768.0
58,105,2255.0,1768.0
58,106,2255.0,1768.0
58,107,2255.0,1768.0
58,108,2255.0,1768.0
58,109,2255.0,1768.0
58,110,2255.0,1768.0
58,111,2255.0,1768.0
58,112,2255.0,1768.0
58,113,2255.0,1768.0
58,114,2255.0,1768.0
58,115,2255.0,1768.0
58,116,2255.0,1768.0
58,117,2255.0,1768.0
58,118,2255.0,1768.0
58,119,2255.0,1768.0
58,120,2255.0,1768.0
58,121,2255.0,1768.0
58,122,2255.0,1768.0
58,123,2255.0,1768.0
58,124,2255.0,1768.0
58,125,2255.0,1768.0
58,126,2255.0,1768.0
58,127,2255.0,1768.0
58,128,2255.0,1768.0
58,129,2255.0,1768.0
58,130,2255.0,1768.0
58,131,2255.0,1768.0
58,132,2255.0,1768.0
58,133,2255.0,1768.0
58,134,2255.0,1768.0
58,135,2255.0,1768.0
58,136,2255.0,1768.0
58,137,2255.0,1768.0
58,138,2255.0,1768.0
58,139,2255.0,1768.0
58,140,2255.0,1768.0
58,141,2255.0,1768.0
58,142,2255.0,1768.0
58,143,2255.0,1768.0
58,144,2255.0,1768.0
58,145,2255.0,1768.0
58,146,2255.0,1768.0
58,147,2255.0,1768.0
58,148,2255.0,1768.0
58,149,2255.0,1768.0
58,150,2255.0,1768.0
58,151,2255.0,1768.0
58,152,2255.0,1768.0
58,153,2255.0,1768.0
58,154,2255.0,1768.0
58,155,2255.0,1768.0
58,156,2255.0,1768.0
58,157,2255.0,1768.0
58,158,2255.0,1768.0
58,159,2255.0,1768.0
58,160,2255.0,1768.0
58,161,2255.0,1768.0
58,162,2255.0,1768.0
58,163,2255.0,1768.0
58,164,2255.0,1768.0
58,165,2255.0,1768.0
58,166,2255.0,1768.0
58,167,2255.0,1768.0
58,168,2255.0,1768.0
58,169,2255.0,1768.0
58,170,2255.0,1768.0
58,171,2255.0,1768.0
58,172,2255.0,1768.0
58,173,2255.0,1768.0
58,174,2255.0,1768.0
58,175,2255.0,1768.0
58,176,2255.0,1768.0
58,177,2255.0,1768.0
58,178,2255.0,1768.0
58,179,2255.0,1768.0
58,180,2255.0,1768.0
58,181,2255.0,1768.0
58,182,2255.0,1768.0
58,183,2255.0,1768.0
58,184,2255.0,1768.0
58,185,2255.0,1768.0
58,186,2255.0,1768.0
58,187,2255.0,1768.0
58,188,2255.0,1768.0
58,189,2255.0,1768.0
58,190,2255.0,1768.0
58,191,2255.0,1768.0
58,192,2255.0,1768.0
58,193,2255.0,1768.0
58,194,2255.0,1768.0
58,195,2255.0,1768.0
58,196,2255.0,1768.0
58,197,2255.0,1768.0
58,198,2255.0,1768.0
58,199,2255.0,1768.0
58,200,2255.0,1768.0
58,201,2255.0,1768.0
58,202,2255.0,1768.0
58,203,2255.0,1768.0
58,204,2255.0,1768.0
58,205,2255.0,1768.0
58,206,2255.0,1768.0
58,207,2255.0,1768.0
58,208,2255.0,1768.0
58,209,2255.0,1768.0
58,210,2255.0,1768.0
58,211,2255.0,1768.0
58,212,2255.0,1768.0
58,213,2255.0,1768.0
58,214,2255.0,1768.0
58,215,2255.0,1768.0
58,216,2255.0,1768.0
58,217,2255.0,1768.0
58,218,2255.0,1768.0
58,219,2255.0,1768.0
58,220,2255.0,1768.0
58,221,2255.0,1768.0
58,222,2255.0,1768.0
58,223,2255.0,1768.0
58,224,2255.0,1768.0
58,225,2255.0,1768.0
58,226,2255.0,1768.0
58,227,2255.0,1768.0
58,228,2255.0,1768.0
58,229,2255.0,1768.0
58,230,2255.0,1768.0
58,231,2255.0,1768.0
58,232,2255.0,1768.0
58,233,2255.0,1768.0
58,234,2255.0,1768.0
58,235,2255.0,1768.0
58,236,2255.0,1768.0
58,237,2255.0,1768.0
58,238,2255.0,1768.0
58,239,2255.0,1768.0
58,240,2255.0,1768.0
58,241,2255.0,1768.0
58,242,2255.0,1768.0
58,243,2255.0,1768.0
58,244,2255.0,1768.0
58,245,2255.0,1768.0
58,246,2255.0,1768.0
58,247,2255.0,1768.0
58,248,2255.0,1768.0
58,249,2255.0,1768.0
58,250,2255.0,1768.0
58,251,2255.0,1768.0
58,252,2255.0,1768.0
58,253,2255.0,1768.0
58,254,2255.0,1768.0
58,255,2255.0,1768.0
58,256,2255.0,1768.0
58,257,2255.0,1768.0
58,258,2255.0,1768.0
58,259,2255.0,1768.0
58,260,2255.0,1768.0
58,261,2255.0,1768.0
58,262,2255.0,1768.0
58,263,2255.0,1768.0
58,264,2255.0,1768.0
58,265,2255.0,1768.0
58,266,2255.0,1768.0
58,267,2255.0,1768.0
58,268,2255.0,1768.0
58,269,2255.0,1768.0
58,270,2255.0,1768.0
58,271,2255.0,1768.0
58,272,2255.0,1768.0
58,273,2255.0,1768.0
58,274,2255.0,1768.0
58,275,2255.0,1768.0
58,276,2255.0,1768.0
58,277,2255.0,1768.0
58,278,2255.0,1768.0
58,279,2255.0,1768.0
58,280,2255.0,1768.0
58,281,2255.0,1768.0
58,282,2255.0,1768.0
58,283,2255.0,1768.0
58,284,2255.0,1768.0
58,285,2255.0,1768.0
58,286,2255.0,1768.0
58,287,2255.0,1768.0
58,288,2255.0,1768.0
58,289,2255.0,1768.0
58,290,2255.0,1768.0
58,291,2255.0,1768.0
58,292,2255.0,1768.0
58,293,2255.0,1768.0
58,294,2255.0,1768.0
58,295,2255.0,1768.0
58,296,2255.0,1768.0
58,297,2255.0,1768.0
58,298,2255.0,1768.0
58,299,2255.0,1768.0
58,300,2255.0,1768.0
58,301,2255.0,1768.0
58,302,2255.0,1768.0
58,303,2255.0,1768.0
58,304,2255.0,1768.0
58,305,2255.0,1768.0
58,306,2255.0,1768.0
58,307,2255.0,1768.0
58,308,2255.0,1768.0
58,309,2255.0,1768.0
58,310,2255.0,1768.0
58,311,2255.0,1768.0
58,312,2255.0,1768.0
58,313,2255.0,1768.0
58,314,2255.0,1768.0
58,315,2255.0,1768.0
58,316,2255.0,1768.0
58,317,2255.0,1768.0
58,318,2255.0,1768.0
58,319,2255.0,1768.0
58,320,2255.0,1768.0
58,321,2255.0,1768.0
58,322,2255.0,1768.0
58,323,2255.0,1768.0
58,324,2255.0,1768.0
58,325,2255.0,1768.0
58,326,2255.0,1768.0
58,327,2255.0,1768.0
58,328,2255.0,1768.0
58,329,2255.0,1768.0
58,330,2255.0,1768.0
58,331,2255.0,1768.0
58,332,2255.0,1768.0
58,333,2255.0,1768.0
58,334,2255.0,1768.0
58,335,2255.0,1768.0
58,336,2255.0,1768.0
58,337,2255.0,1768.0
58,338,2255.0,1768.0
58,339,2255.0,1768.0
58,340,2255.0,1768.0
58,341,2255.0,1768.0
58,342,2255.0,1768.0
58,343,2255.0,1768.0
58,344,2255.0,1768.0
58,345,2255.0,1768.0
58,346,2255.0,1768.0
58,347,2255.0,1768.0
58,348,2255.0,1768.0
58,349,2255.0,1768.0
58,350,2255.0,1768.0
58,351,2255.0,1768.0
58,352,2255.0,1768.0
58,353,2255.0,1768.0
58,354,2255.0,1768.0
58,355,2255.0,1768.0
58,356,2255.0,1768.0
58,357,2255.0,1768.0
58,358,2255.0,1768.0
58,359,2255.0,1768.0
59,0,1692.0,1829.0
59,1,1692.0,1829.0
59,2,1692.0,1829.0
59,3,1692.0,1829.0
59,4,1692.0,1829.0
59,5,1692.0,1829.0
59,6,1692.0,1829.0
59,7,1692.0,1829.0
59,8,1692.0,1829.0
59,9,1692.0,1829.0
59,10,1692.0,1829.0
59,11,1692.0,1829.0
59,12,1692.0,1829.0
59,13,1692.0,1829.0
59,14,1692.0,1829.0
59,15,1692.0,1829.0
59,16,1692.0,1829.0
59,17,1692.0,1829.0
59,18,1692.0,1829.0
59,19,1692.0,1829.0
59,20,1692.0,1829.0
59,21,1692.0,1829.0
59,22,1692.0,1829.0
59,23,1692.0,1829.0
59,24,1692.0,1829.0
59,25,1692.0,1829.0
59,26,1692.0,1829.0
59,27,1692.0,1829.0
59,28,1692.0,1829.0
59,29,1692.0,1829.0
59,30,1692.0,1829.0
59,31,1692.0,1829.0
59,32,1692.0,1829.0
59,33,1692.0,1829.0
59,34,1692.0,1829.0
59,35,1692.0,1829.0
59,36,1692.0,1829.0
59,37,1692.0,1829.0
59,38,1692.0,1829.0
59,39,1692.0,1829.0
59,40,1692.0,1829.0
59,41,1692.0,1829.0
59,42,1692.0,1829.0
59,43,1692.0,1829.0
59,44,1692.0,1829.0
59,45,1692.0,1829.0
59,46,1692.0,1829.0
59,47,1692.0,1829.0
59,48,1692.0,1829.0
59,49,1692.0,1829.0
59,50,1692.0,1829.0
59,51,1692.0,1829.0
59,52,1692.0,1829.0
59,53,1692.0,1829.0
59,54,1692.0,1829.0
59,55,1692.0,1829.0
59,56,1692.0,1829.0
59,57,1692.0,1829.0
59,58,1692.0,1829.0
59,59,1692.0,1829.0
59,60,1692.0,1829.0
59,61,1692.0,1829.0
59,62,1692.0,1829.0
59,63,1692.0,1829.0
59,64,1692.0,1829.0
59,65,1692.0,1829.0
59,66,1692.0,1829.0
59,67,1692.0,1829.0
59,68,1692.0,1829.0
59,69,1692.0,1829.0
59,70,1692.0,1829.0
59,71,1692.0,1829.0
59,72,1692.0,1829.0
59,73,1692.0,1829.0
59,74,1692.0,1829.0
59,75,1692.0,1829.0
59,76,1692.0,1829.0
59,77,1692.0,1829.0
59,78,1692.0,1829.0
59,79,1692.0,1829.0
59,80,1692.0,1829.0
59,81,1692.0,1829.0
59,82,1692.0,1829.0
59,83,1692.0,1829.0
59,84,1692.0,1829.0
59,85,1692.0,1829.0
59,86,1692.0,1829.0
59,87,1692.0,1829.0
59,88,1692.0,1829.0
59,89,1692.0,1829.0
59,90,1692.0,1829.0
59,91,1692.0,1829.0
59,92,1692.0,1829.0
59,93,1692.0,1829.0
59,94,1692.0,1829.0
59,95,1692.0,1829.0
59,96,1692.0,1829.0
59,97,1692.0,1829.0
59,98,1692.0,1829.0
59,99,1692.0,1829.0
59,100,1692.0,1829.0
59,101,1692.0,1829.0
59,102,1692.0,1829.0
59,103,1692.0,1829.0
59,104,1692.0,1829.0
59,105,1692.0,1829.0
59,106,1692.0,1829.0
59,107,1692.0,1829.0
59,108,1692.0,1829.0
59,109,1692.0,1829.0
59,110,1692.0,1829.0
59,111,1692.0,1829.0
59,112,1692.0,1829.0
59,113,1692.0,1829.0
59,114,1692.0,1829.0
59,115,1692.0,1829.0
59,116,1692.0,1829.0
59,117,1692.0,1829.0
59,118,1692.0,1829.0
59,119,1692.0,1829.0
59,120,1692.0,1829.0
59,121,1692.0,1829.0
59,122,1692.0,1829.0
59,123,1692.0,1829.0
59,124,1692.0,1829.0
59,125,1692.0,1829.0
59,126,1692.0,1829.0
59,127,1692.0,1829.0
59,128,1692.0,1829.0
59,129,1692.0,1829.0
59,130,1692.0,1829.0
59,131,1692.0,1829.0
59,132,1692.0,1829.0
59,133,1692.0,1829.0
59,134,1692.0,1829.0
59,135,1692.0,1829.0
59,136,1692.0,1829.0
59,137,1692.0,1829.0
59,138,1692.0,1829.0
59,139,1692.0,1829.0
59,140,1692.0,1829.0
59,141,1692.0,1829.0
59,142,1692.0,1829.0
59,143,1692.0,1829.0
59,144,1692.0,1829.0
59,145,1692.0,1829.0
59,146,1692.0,1829.0
59,147,1692.0,1829.0
59,148,1692.0,1829.0
59,149,1692.0,1829.0
59,150,1692.0,1829.0
59,151,1692.0,1829.0
59,152,1692.0,1829.0
59,153,1692.0,1829.0
59,154,1692.0,1829.0
59,155,1692.0,1829.0
59,156,1692.0,1829.0
59,157,1692.0,1829.0
59,158,1692.0,1829.0
59,159,1692.0,1829.0
59,160,1692.0,1829.0
59,161,1692.0,1829.0
59,162,1692.0,1829.0
59,163,1692.0,1829.0
59,164,1692.0,1829.0
59,165,1692.0,1829.0
59,166,1692.0,1829.0
59,167,1692.0,1829.0
59,168,1692.0,1829.0
59,169,1692.0,1829.0
59,170,1692.0,1829.0
59,171,1692.0,1829.0
59,172,1692.0,1829.0
59,173,1692.0,1829.0
59,174,1692.0,1829.0
59,175,1692.0,1829.0
59,176,1692.0,1829.0
59,177,1692.0,1829.0
59,178,1692.0,1829.0
59,179,1692.0,1829.0
59,180,1692.0,1829.0
59,181,1692.0,1829.0
59,182,1692.0,1829.0
59,183,1692.0,1829.0
59,184,1692.0,1829.0
59,185,1692.0,1829.0
59,186,1692.0,1829.0
59,187,1692.0,1829.0
59,188,1692.0,1829.0
59,189,1692.0,1829.0
59,190,1692.0,1829.0
59,191,1692.0,1829.0
59,192,1692.0,1829.0
59,193,1692.0,1829.0
59,194,1692.0,1829.0
59,195,1692.0,1829.0
59,196,1692.0,1829.0
59,197,1692.0,1829.0
59,198,1692.0,1829.0
59,199,1692.0,1829.0
59,200,1692.0,1829.0
59,201,1692.0,1829.0
59,202,1692.0,1829.0
59,203,1692.0,1829.0
59,204,1692.0,1829.0
59,205,1692.0,1829.0
59,206,1692.0,1829.0
59,207,1692.0,1829.0
59,208,1692.0,1829.0
59,209,1692.0,1829.0
59,210,1692.0,1829.0
59,211,1692.0,1829.0
59,212,1692.0,1829.0
59,213,1692.0,1829.0
59,214,1692.0,1829.0
59,215,1692.0,1829.0
59,216,1692.0,1829.0
59,217,1692.0,1829.0
59,218,1692.0,1829.0
59,219,1692.0,1829.0
59,220,1692.0,1829.0
59,221,1692.0,1829.0
59,222,1692.0,1829.0
59,223,1692.0,1829.0
59,224,1692.0,1829.0
59,225,1692.0,1829.0
59,226,1692.0,1829.0
59,227,1692.0,1829.0
59,228,1692.0,1829.0
59,229,1692.0,1829.0
59,230,1692.0,1829.0
59,231,1692.0,1829.0
59,232,1692.0,1829.0
59,233,1692.0,1829.0
59,234,1692.0,1829.0
59,235,1692.0,1829.0
59,236,1692.0,1829.0
59,237,1692.0,1829.0
59,238,1692.0,1829.0
59,239,1692.0,1829.0
59,240,1692.0,1829.0
59,241,1692.0,1829.0
59,242,1692.0,1829.0
59,243,1692.0,1829.0
59,244,1692.0,1829.0
59,245,1692.0,1829.0
59,246,1692.0,1829.0
59,247,1692.0,1829.0
59,248,1692.0,1829.0
59,249,1692.0,1829.0
59,250,1692.0,1829.0
59,251,1692.0,1829.0
59,252,1692.0,1829.0
59,253,1692.0,1829.0
59,254,1692.0,1829.0
59,255,1692.0,1829.0
59,256,1692.0,1829.0
59,257,1692.0,1829.0
59,258,1692.0,1829.0
59,259,1692.0,1829.0
59,260,1692.0,1829.0
59,261,1692.0,1829.0
59,262,1692.0,1829.0
59,263,1692.0,1829.0
59,264,1692.0,1829.0
59,265,1692.0,1829.0
59,266,1692.0,1829.0
59,267,1692.0,1829.0
59,268,1692.0,1829.0
59,269,1692.0,1829.0
59,270,1692.0,1829.0
59,271,1692.0,1829.0
59,272,1692.0,1829.0
59,273,1692.0,1829.0
59,274,1692.0,1829.0
59,275,1692.0,1829.0
59,276,1692.0,1829.0
59,277,1692.0,1829.0
59,278,1692.0,1829.0
59,279,1692.0,1829.0
59,280,1692.0,1829.0
59,281,1692.0,1829.0
59,282,1692.0,1829.0
59,283,1692.0,1829.0
59,284,1692.0,1829.0
59,285,1692.0,1829.0
59,286,1692.0,1829.0
59,287,1692.0,1829.0
59,288,1692.0,1829.0
59,289,1692.0,1829.0
59,290,1692.0,1829.0
59,291,1692.0,1829.0
59,292,1692.0,1829.0
59,293,1692.0,1829.0
59,294,1692.0,1829.0
59,295,1692.0,1829.0
59,296,1692.0,1829.0
59,297,1692.0,1829.0
59,298,1692.0,1829.0
59,299,1692.0,1829.0
59,300,1692.0,1829.0
59,301,1692.0,1829.0
59,302,1692.0,1829.0
59,303,1692.0,1829.0
59,304,1692.0,1829.0
59,305,1692.0,1829.0
59,306,1692.0,1829.0
59,307,1692.0,1829.0
59,308,1692.0,1829.0
59,309,1692.0,1829.0
59,310,1692.0,1829.0
59,311,1692.0,1829.0
59,312,1692.0,1829.0
59,313,1692.0,1829.0
59,314,1692.0,1829.0
59,315,1692.0,1829.0
59,316,1692.0,1829.0
59,317,1692.0,1829.0
59,318,1692.0,1829.0
59,319,1692.0,1829.0
59,320,1692.0,1829.0
59,321,1692.0,1829.0
59,322,1692.0,1829.0
59,323,1692.0,1829.0
59,324,1692.0,1829.0
59,325,1692.0,1829.0
59,326,1692.0,1829.0
59,327,1692.0,1829.0
59,328,1692.0,1829.0
59,329,1692.0,1829.0
59,330,1692.0,1829.0
59,331,1692.0,1829.0
59,332,1692.0,1829.0
59,333,1692.0,1829.0
59,334,1692.0,1829.0
59,335,1692.0,1829.0
59,336,1692.0,1829.0
59,337,1692.0,1829.0
59,338,1692.0,1829.0
59,339,1692.0,1829.0
59,340,1692.0,1829.0
59,341,1692.0,1829.0
59,342,1692.0,1829.0
59,343,1692.0,1829.0
59,344,1692.0,1829.0
59,345,1692.0,1829.0
59,346,1692.0,1829.0
59,347,1692.0,1829.0
59,348,1692.0,1829.0
59,349,1692.0,1829.0
59,350,1692.0,1829.0
59,351,1692.0,1829.0
59,352,1692.0,1829.0
59,353,1692.0,1829.0
59,354,1692.0,1829.0
59,355,1692.0,1829.0
59,356,1692.0,1829.0
59,357,1692.0,1829.0
59,358,1692.0,1829.0
59,359,1692.0,1829.0
60,0,2649.0,1503.0
60,1,2649.0,1503.0
60,2,2649.0,1503.0
60,3,2649.0,1503.0
60,4,2649.0,1503.0
60,5,2649.0,1503.0
60,6,2649.0,1503.0
60,7,2649.0,1503.0
60,8,2649.0,1503.0
60,9,2649.0,1503.0
60,10,2649.0,1503.0
60,11,2649.0,1503.0
60,12,2649.0,1503.0
60,13,2649.0,1503.0
60,14,2649.0,1503.0
60,15,2649.0,1503.0
60,16,2649.0,1503.0
60,17,2649.0,1503.0
60,18,2649.0,1503.0
60,19,2649.0,1503.0
60,20,2649.0,1503.0
60,21,2649.0,1503.0
60,22,2649.0,1503.0
60,23,2649.0,1503.0
60,24,2649.0,1503.0
60,25,2649.0,1503.0
60,26,2649.0,1503.0
60,27,2649.0,1503.0
60,28,2649.0,1503.0
60,29,2649.0,1503.0
60,30,2649.0,1503.0
60,31,2649.0,1503.0
60,32,2649.0,1503.0
60,33,2649.0,1503.0
60,34,2649.0,1503.0
60,35,2649.0,1503.0
60,36,2649.0,1503.0
60,37,2649.0,1503.0
60,38,2649.0,1503.0
60,39,2649.0,1503.0
60,40,2649.0,1503.0
60,41,2649.0,1503.0
60,42,2649.0,1503.0
60,43,2649.0,1503.0
60,44,2649.0,1503.0
60,45,2649.0,1503.0
60,46,2649.0,1503.0
60,47,2649.0,1503.0
60,48,2649.0,1503.0
60,49,2649.0,1503.0
60,50,2649.0,1503.0
60,51,2649.0,1503.0
60,52,2649.0,1503.0
60,53,2649.0,1503.0
60,54,2649.0,1503.0
60,55,2649.0,1503.0
60,56,2649.0,1503.0
60,57,2649.0,1503.0
60,58,2649.0,1503.0
60,59,2649.0,1503.0
60,60,2649.0,1503.0
60,61,2649.0,1503.0
60,62,2649.0,1503.0
60,63,2649.0,1503.0
60,64,2649.0,1503.0
60,65,2649.0,1503.0
60,66,2649.0,1503.0
60,67,2649.0,1503.0
60,68,2649.0,1503.0
60,69,2649.0,1503.0
60,70,2649.0,1503.0
60,71,2649.0,1503.0
60,72,2649.0,1503.0
60,73,2649.0,1503.0
60,74,2649.0,1503.0
60,75,2649.0,1503.0
60,76,2649.0,1503.0
60,77,2649.0,1503.0
60,78,2649.0,1503.0
60,79,2649.0,1503.0
60,80,2649.0,1503.0
60,81,2649.0,1503.0
60,82,2649.0,1503.0
60,83,2649.0,1503.0
60,84,2649.0,1503.0
60,85,2649.0,1503.0
60,86,2649.0,1503.0
60,87,2649.0,1503.0
60,88,2649.0,1503.0
60,89,2649.0,1503.0
60,90,2649.0,1503.0
60,91,2649.0,1503.0
60,92,2649.0,1503.0
60,93,2649.0,1503.0
60,94,2649.0,1503.0
60,95,2649.0,1503.0
60,96,2649.0,1503.0
60,97,2649.0,1503.0
60,98,2649.0,1503.0
60,99,2649.0,1503.0
60,100,2649.0,1503.0
60,101,2649.0,1503.0
60,102,2649.0,1503.0
60,103,2649.0,1503.0
60,104,2649.0,1503.0
60,105,2649.0,1503.0
60,106,2649.0,1503.0
60,107,2649.0,1503.0
60,108,2649.0,1503.0
60,109,2649.0,1503.0
60,110,2649.0,1503.0
60,111,2649.0,1503.0
60,112,2649.0,1503.0
60,113,2649.0,1503.0
60,114,2649.0,1503.0
60,115,2649.0,1503.0
60,116,2649.0,1503.0
60,117,2649.0,1503.0
60,118,2649.0,1503.0
60,119,2649.0,1503.0
60,120,2649.0,1503.0
60,121,2649.0,1503.0
60,122,2649.0,1503.0
60,123,2649.0,1503.0
60,124,2649.0,1503.0
60,125,2649.0,1503.0
60,126,2649.0,1503.0
60,127,2649.0,1503.0
60,128,2649.0,1503.0
60,129,2649.0,1503.0
60,130,2649.0,1503.0
60,131,2649.0,1503.0
60,132,2649.0,1503.0
60,133,2649.0,1503.0
60,134,2649.0,1503.0
60,135,2649.0,1503.0
60,136,2649.0,1503.0
60,137,2649.0,1503.0
60,138,2649.0,1503.0
60,139,2649.0,1503.0
60,140,2649.0,1503.0
60,141,2649.0,1503.0
60,142,2649.0,1503.0
60,143,2649.0,1503.0
60,144,2649.0,1503.0
60,145,2649.0,1503.0
60,146,2649.0,1503.0
60,147,2649.0,1503.0
60,148,2649.0,1503.0
60,149,2649.0,1503.0
60,150,2649.0,1503.0
60,151,2649.0,1503.0
60,152,2649.0,1503.0
60,153,2649.0,1503.0
60,154,2649.0,1503.0
60,155,2649.0,1503.0
60,156,2649.0,1503.0
60,157,2649.0,1503.0
60,158,2649.0,1503.0
60,159,2649.0,1503.0
60,160,2649.0,1503.0
60,161,2649.0,1503.0
60,162,2649.0,1503.0
60,163,2649.0,1503.0
60,164,2649.0,1503.0
60,165,2649.0,1503.0
60,166,2649.0,1503.0
60,167,2649.0,1503.0
60,168,2649.0,1503.0
60,169,2649.0,1503.0
60,170,2649.0,1503.0
60,171,2649.0,1503.0
60,172,2649.0,1503.0
60,173,2649.0,1503.0
60,174,2649.0,1503.0
60,175,2649.0,1503.0
60,176,2649.0,1503.0
60,177,2649.0,1503.0
60,178,2649.0,1503.0
60,179,2649.0,1503.0
60,180,2649.0,1503.0
60,181,2649.0,1503.0
60,182,2649.0,1503.0
60,183,2649.0,1503.0
60,184,2649.0,1503.0
60,185,2649.0,1503.0
60,186,2649.0,1503.0
60,187,2649.0,1503.0
60,188,2649.0,1503.0
60,189,2649.0,1503.0
60,190,2649.0,1503.0
60,191,2649.0,1503.0
60,192,2649.0,1503.0
60,193,2649.0,1503.0
60,194,2649.0,1503.0
60,195,2649.0,1503.0
60,196,2649.0,1503.0
60,197,2649.0,1503.0
60,198,2649.0,1503.0
60,199,2649.0,1503.0
60,200,2649.0,1503.0
60,201,2649.0,1503.0
60,202,2649.0,1503.0
60,203,2649.0,1503.0
60,204,2649.0,1503.0
60,205,2649.0,1503.0
60,206,2649.0,1503.0
60,207,2649.0,1503.0
60,208,2649.0,1503.0
60,209,2649.0,1503.0
60,210,2649.0,1503.0
60,211,2649.0,1503.0
60,212,2649.0,1503.0
60,213,2649.0,1503.0
60,214,2649.0,1503.0
60,215,2649.0,1503.0
60,216,2649.0,1503.0
60,217,2649.0,1503.0
60,218,2649.0,1503.0
60,219,2649.0,1503.0
60,220,2649.0,1503.0
60,221,2649.0,1503.0
60,222,2649.0,1503.0
60,223,2649.0,1503.0
60,224,2649.0,1503.0
60,225,2649.0,1503.0
60,226,2649.0,1503.0
60,227,2649.0,1503.0
60,228,2649.0,1503.0
60,229,2649.0,1503.0
60,230,2649.0,1503.0
60,231,2649.0,1503.0
60,232,2649.0,1503.0
60,233,2649.0,1503.0
60,234,2649.0,1503.0
60,235,2649.0,1503.0
60,236,2649.0,1503.0
60,237,2649.0,1503.0
60,238,2649.0,1503.0
60,239,2649.0,1503.0
60,240,2649.0,1503.0
60,241,2649.0,1503.0
60,242,2649.0,1503.0
60,243,2649.0,1503.0
60,244,2649.0,1503.0
60,245,2649.0,1503.0
60,246,2649.0,1503.0
60,247,2649.0,1503.0
60,248,2649.0,1503.0
60,249,2649.0,1503.0
60,250,2649.0,1503.0
60,251,2649.0,1503.0
60,252,2649.0,1503.0
60,253,2649.0,1503.0
60,254,2649.0,1503.0
60,255,2649.0,1503.0
60,256,2649.0,1503.0
60,257,2649.0,1503.0
60,258,2649.0,1503.0
60,259,2649.0,1503.0
60,260,2649.0,1503.0
60,261,2649.0,1503.0
60,262,2649.0,1503.0
60,263,2649.0,1503.0
60,264,2649.0,1503.0
60,265,2649.0,1503.0
60,266,2649.0,1503.0
60,267,2649.0,1503.0
60,268,2649.0,1503.0
60,269,2649.0,1503.0
60,270,2649.0,1503.0
60,271,2649.0,1503.0
60,272,2649.0,1503.0
60,273,2649.0,1503.0
60,274,2649.0,1503.0
60,275,2649.0,1503.0
60,276,2649.0,1503.0
60,277,2649.0,1503.0
60,278,2649.0,1503.0
60,279,2649.0,1503.0
60,280,2649.0,1503.0
60,281,2649.0,1503.0
60,282,2649.0,1503.0
60,283,2649.0,1503.0
60,284,2649.0,1503.0
60,285,2649.0,1503.0
60,286,2649.0,1503.0
60,287,2649.0,1503.0
60,288,2649.0,1503.0
60,289,2649.0,1503.0
60,290,2649.0,1503.0
60,291,2649.0,1503.0
60,292,2649.0,1503.0
60,293,2649.0,1503.0
60,294,2649.0,1503.0
60,295,2649.0,1503.0
60,296,2649.0,1503.0
60,297,2649.0,1503.0
60,298,2649.0,1503.0
60,299,2649.0,1503.0
60,300,2649.0,1503.0
60,301,2649.0,1503.0
60,302,2649.0,1503.0
60,303,2649.0,1503.0
60,304,2649.0,1503.0
60,305,2649.0,1503.0
60,306,2649.0,1503.0
60,307,2649.0,1503.0
60,308,2649.0,1503.0
60,309,2649.0,1503.0
60,310,2649.0,1503.0
60,311,2649.0,1503.0
60,312,2649.0,1503.0
60,313,2649.0,1503.0
60,314,2649.0,1503.0
60,315,2649.0,1503.0
60,316,2649.0,1503.0
60,317,2649.0,1503.0
60,318,2649.0,1503.0
60,319,2649.0,1503.0
60,320,2649.0,1503.0
60,321,2649.0,1503.0
60,322,2649.0,1503.0
60,323,2649.0,1503.0
60,324,2649.0,1503.0
60,325,2649.0,1503.0
60,326,2649.0,1503.0
60,327,2649.0,1503.0
60,328,2649.0,1503.0
60,329,2649.0,1503.0
60,330,2649.0,1503.0
60,331,2649.0,1503.0
60,332,2649.0,1503.0
60,333,2649.0,1503.0
60,334,2649.0,1503.0
60,335,2649.0,1503.0
60,336,2649.0,1503.0
60,337,2649.0,1503.0
60,338,2649.0,1503.0
60,339,2649.0,1503.0
60,340,2649.0,1503.0
60,341,2649.0,1503.0
60,342,2649.0,1503.0
60,343,2649.0,1503.0
60,344,2649.0,1503.0
60,345,2649.0,1503.0
60,346,2649.0,1503.0
60,347,2649.0,1503.0
60,348,2649.0,1503.0
60,349,2649.0,1503.0
60,350,2649.0,1503.0
60,351,2649.0,1503.0
60,352,2649.0,1503.0
60,353,2649.0,1503.0
60,354,2649.0,1503.0
60,355,2649.0,1503.0
60,356,2649.0,1503.0
60,357,2649.0,1503.0
60,358,2649.0,1503.0
60,359,2649.0,1503.0
61,0,2360.0,1796.0
61,1,2360.0,1796.0
61,2,2360.0,1796.0
61,3,2360.0,1796.0
61,4,2360.0,1796.0
61,5,2360.0,1796.0
61,6,2360.0,1796.0
61,7,2360.0,1796.0
61,8,2360.0,1796.0
61,9,2360.0,1796.0
61,10,2360.0,1796.0
61,11,2360.0,1796.0
61,12,2360.0,1796.0
61,13,2360.0,1796.0
61,14,2360.0,1796.0
61,15,2360.0,1796.0
61,16,2360.0,1796.0
61,17,2360.0,1796.0
61,18,2360.0,1796.0
61,19,2360.0,1796.0
61,20,2360.0,1796.0
61,21,2360.0,1796.0
61,22,2360.0,1796.0
61,23,2360.0,1796.0
61,24,2360.0,1796.0
61,25,2360.0,1796.0
61,26,2360.0,1796.0
61,27,2360.0,1796.0
61,28,2360.0,1796.0
61,29,2360.0,1796.0
61,30,2360.0,1796.0
61,31,2360.0,1796.0
61,32,2360.0,1796.0
61,33,2360.0,1796.0
61,34,2360.0,1796.0
61,35,2360.0,1796.0
61,36,2360.0,1796.0
61,37,2360.0,1796.0
61,38,2360.0,1796.0
61,39,2360.0,1796.0
61,40,2360.0,1796.0
61,41,2360.0,1796.0
61,42,2360.0,1796.0
61,43,2360.0,1796.0
61,44,2360.0,1796.0
61,45,2360.0,1796.0
61,46,2360.0,1796.0
61,47,2360.0,1796.0
61,48,2360.0,1796.0
61,49,2360.0,1796.0
61,50,2360.0,1796.0
61,51,2360.0,1796.0
61,52,2360.0,1796.0
61,53,2360.0,1796.0
61,54,2360.0,1796.0
61,55,2360.0,1796.0
61,56,2360.0,1796.0
61,57,2360.0,1796.0
61,58,2360.0,1796.0
61,59,2360.0,1796.0
61,60,2360.0,1796.0
61,61,2360.0,1796.0
61,62,2360.0,1796.0
61,63,2360.0,1796.0
61,64,2360.0,1796.0
61,65,2360.0,1796.0
61,66,2360.0,1796.0
61,67,2360.0,1796.0
61,68,2360.0,1796.0
61,69,2360.0,1796.0
61,70,2360.0,1796.0
61,71,2360.0,1796.0
61,72,2360.0,1796.0
61,73,2360.0,1796.0
61,74,2360.0,1796.0
61,75,2360.0,1796.0
61,76,2360.0,1796.0
61,77,2360.0,1796.0
61,78,2360.0,1796.0
61,79,2360.0,1796.0
61,80,2360.0,1796.0
61,81,2360.0,1796.0
61,82,2360.0,1796.0
61,83,2360.0,1796.0
61,84,2360.0,1796.0
61,85,2360.0,1796.0
61,86,2360.0,1796.0
61,87,2360.0,1796.0
61,88,2360.0,1796.0
61,89,2360.0,1796.0
61,90,2360.0,1796.0
61,91,2360.0,1796.0
61,92,2360.0,1796.0
61,93,2360.0,1796.0
61,94,2360.0,1796.0
61,95,2360.0,1796.0
61,96,2360.0,1796.0
61,97,2360.0,1796.0
61,98,2360.0,1796.0
61,99,2360.0,1796.0
61,100,2360.0,1796.0
61,101,2360.0,1796.0
61,102,2360.0,1796.0
61,103,2360.0,1796.0
61,104,2360.0,1796.0
61,105,2360.0,1796.0
61,106,2360.0,1796.0
61,107,2360.0,1796.0
61,108,2360.0,1796.0
61,109,2360.0,1796.0
61,110,2360.0,1796.0
61,111,2360.0,1796.0
61,112,2360.0,1796.0
61,113,2360.0,1796.0
61,114,2360.0,1796.0
61,115,2360.0,1796.0
61,116,2360.0,1796.0
61,117,2360.0,1796.0
61,118,2360.0,1796.0
61,119,2360.0,1796.0
61,120,2360.0,1796.0
61,121,2360.0,1796.0
61,122,2360.0,1796.0
61,123,2360.0,1796.0
61,124,2360.0,1796.0
61,125,2360.0,1796.0
61,126,2360.0,1796.0
61,127,2360.0,1796.0
61,128,2360.0,1796.0
61,129,2360.0,1796.0
61,130,2360.0,1796.0
61,131,2360.0,1796.0
61,132,2360.0,1796.0
61,133,2360.0,1796.0
61,134,2360.0,1796.0
61,135,2360.0,1796.0
61,136,2360.0,1796.0
61,137,2360.0,1796.0
61,138,2360.0,1796.0
61,139,2360.0,1796.0
61,140,2360.0,1796.0
61,141,2360.0,1796.0
61,142,2360.0,1796.0
61,143,2360.0,1796.0
61,144,2360.0,1796.0
61,145,2360.0,1796.0
61,146,2360.0,1796.0
61,147,2360.0,1796.0
61,148,2360.0,1796.0
61,149,2360.0,1796.0
61,150,2360.0,1796.0
61,151,2360.0,1796.0
61,152,2360.0,1796.0
61,153,2360.0,1796.0
61,154,2360.0,1796.0
61,155,2360.0,1796.0
61,156,2360.0,1796.0
61,157,2360.0,1796.0
61,158,2360.0,1796.0
61,159,2360.0,1796.0
61,160,2360.0,1796.0
61,161,2360.0,1796.0
61,162,2360.0,1796.0
61,163,2360.0,1796.0
61,164,2360.0,1796.0
61,165,2360.0,1796.0
61,166,2360.0,1796.0
61,167,2360.0,1796.0
61,168,2360.0,1796.0
61,169,2360.0,1796.0
61,170,2360.0,1796.0
61,171,2360.0,1796.0
61,172,2360.0,1796.0
61,173,2360.0,1796.0
61,174,2360.0,1796.0
61,175,2360.0,1796.0
61,176,2360.0,1796.0
61,177,2360.0,1796.0
61,178,2360.0,1796.0
61,179,2360.0,1796.0
61,180,2360.0,1796.0
61,181,2360.0,1796.0
61,182,2360.0,1796.0
61,183,2360.0,1796.0
61,184,2360.0,1796.0
61,185,2360.0,1796.0
61,186,2360.0,1796.0
61,187,2360.0,1796.0
61,188,2360.0,1796.0
61,189,2360.0,1796.0
61,190,2360.0,1796.0
61,191,2360.0,1796.0
61,192,2360.0,1796.0
61,193,2360.0,1796.0
61,194,2360.0,1796.0
61,195,2360.0,1796.0
61,196,2360.0,1796.0
61,197,2360.0,1796.0
61,198,2360.0,1796.0
61,199,2360.0,1796.0
61,200,2360.0,1796.0
61,201,2360.0,1796.0
61,202,2360.0,1796.0
61,203,2360.0,1796.0
61,204,2360.0,1796.0
61,205,2360.0,1796.0
61,206,2360.0,1796.0
61,207,2360.0,1796.0
61,208,2360.0,1796.0
61,209,2360.0,1796.0
61,210,2360.0,1796.0
61,211,2360.0,1796.0
61,212,2360.0,1796.0
61,213,2360.0,1796.0
61,214,2360.0,1796.0
61,215,2360.0,1796.0
61,216,2360.0,1796.0
61,217,2360.0,1796.0
61,218,2360.0,1796.0
61,219,2360.0,1796.0
61,220,2360.0,1796.0
61,221,2360.0,1796.0
61,222,2360.0,1796.0
61,223,2360.0,1796.0
61,224,2360.0,1796.0
61,225,2360.0,1796.0
61,226,2360.0,1796.0
61,227,2360.0,1796.0
61,228,2360.0,1796.0
61,229,2360.0,1796.0
61,230,2360.0,1796.0
61,231,2360.0,1796.0
61,232,2360.0,1796.0
61,233,2360.0,1796.0
61,234,2360.0,1796.0
61,235,2360.0,1796.0
61,236,2360.0,1796.0
61,237,2360.0,1796.0
61,238,2360.0,1796.0
61,239,2360.0,1796.0
61,240,2360.0,1796.0
61,241,2360.0,1796.0
61,242,2360.0,1796.0
61,243,2360.0,1796.0
61,244,2360.0,1796.0
61,245,2360.0,1796.0
61,246,2360.0,1796.0
61,247,2360.0,1796.0
61,248,2360.0,1796.0
61,249,2360.0,1796.0
61,250,2360.0,1796.0
61,251,2360.0,1796.0
61,252,2360.0,1796.0
61,253,2360.0,1796.0
61,254,2360.0,1796.0
61,255,2360.0,1796.0
61,256,2360.0,1796.0
61,257,2360.0,1796.0
61,258,2360.0,1796.0
61,259,2360.0,1796.0
61,260,2360.0,1796.0
61,261,2360.0,1796.0
61,262,2360.0,1796.0
61,263,2360.0,1796.0
61,264,2360.0,1796.0
61,265,2360.0,1796.0
61,266,2360.0,1796.0
61,267,2360.0,1796.0
61,268,2360.0,1796.0
61,269,2360.0,1796.0
61,270,2360.0,1796.0
61,271,2360.0,1796.0
61,272,2360.0,1796.0
61,273,2360.0,1796.0
61,274,2360.0,1796.0
61,275,2360.0,1796.0
61,276,2360.0,1796.0
61,277,2360.0,1796.0
61,278,2360.0,1796.0
61,279,2360.0,1796.0
61,280,2360.0,1796.0
61,281,2360.0,1796.0
61,282,2360.0,1796.0
61,283,2360.0,1796.0
61,284,2360.0,1796.0
61,285,2360.0,1796.0
61,286,2360.0,1796.0
61,287,2360.0,1796.0
61,288,2360.0,1796.0
61,289,2360.0,1796.0
61,290,2360.0,1796.0
61,291,2360.0,1796.0
61,292,2360.0,1796.0
61,293,2360.0,1796.0
61,294,2360.0,1796.0
61,295,2360.0,1796.0
61,296,2360.0,1796.0
61,297,2360.0,1796.0
61,298,2360.0,1796.0
61,299,2360.0,1796.0
61,300,2360.0,1796.0
61,301,2360.0,1796.0
61,302,2360.0,1796.0
61,303,2360.0,1796.0
61,304,2360.0,1796.0
61,305,2360.0,1796.0
61,306,2360.0,1796.0
61,307,2360.0,1796.0
61,308,2360.0,1796.0
61,309,2360.0,1796.0
61,310,2360.0,1796.0
61,311,2360.0,1796.0
61,312,2360.0,1796.0
61,313,2360.0,1796.0
61,314,2360.0,1796.0
61,315,2360.0,1796.0
61,316,2360.0,1796.0
61,317,2360.0,1796.0
61,318,2360.0,1796.0
61,319,2360.0,1796.0
61,320,2360.0,1796.0
61,321,2360.0,1796.0
61,322,2360.0,1796.0
61,323,2360.0,1796.0
61,324,2360.0,1796.0
61,325,2360.0,1796.0
61,326,2360.0,1796.0
61,327,2360.0,1796.0
61,328,2360.0,1796.0
61,329,2360.0,1796.0
61,330,2360.0,1796.0
61,331,2360.0,1796.0
61,332,2360.0,1796.0
61,333,2360.0,1796.0
61,334,2360.0,1796.0
61,335,2360.0,1796.0
61,336,2360.0,1796.0
61,337,2360.0,1796.0
61,338,2360.0,1796.0
61,339,2360.0,1796.0
61,340,2360.0,1796.0
61,341,2360.0,1796.0
61,342,2360.0,1796.0
61,343,2360.0,1796.0
61,344,2360.0,1796.0
61,345,2360.0,1796.0
61,346,2360.0,1796.0
61,347,2360.0,1796.0
61,348,2360.0,1796.0
61,349,2360.0,1796.0
61,350,2360.0,1796.0
61,351,2360.0,1796.0
61,352,2360.0,1796.0
61,353,2360.0,1796.0
61,354,2360.0,1796.0
61,355,2360.0,1796.0
61,356,2360.0,1796.0
61,357,2360.0,1796.0
61,358,2360.0,1796.0
61,359,2360.0,1796.0
62,0,1827.0,1851.0
62,1,1827.0,1851.0
62,2,1827.0,1851.0
62,3,1827.0,1851.0
62,4,1827.0,1851.0
62,5,1827.0,1851.0
62,6,1827.0,1851.0
62,7,1827.0,1851.0
62,8,1827.0,1851.0
62,9,1827.0,1851.0
62,10,1827.0,1851.0
62,11,1827.0,1851.0
62,12,1827.0,1851.0
62,13,1827.0,1851.0
62,14,1827.0,1851.0
62,15,1827.0,1851.0
62,16,1827.0,1851.0
62,17,1827.0,1851.0
62,18,1827.0,1851.0
62,19,1827.0,1851.0
62,20,1827.0,1851.0
62,21,1827.0,1851.0
62,22,1827.0,1851.0
62,23,1827.0,1851.0
62,24,1827.0,1851.0
62,25,1827.0,1851.0
62,26,1827.0,1851.0
62,27,1827.0,1851.0
62,28,1827.0,1851.0
62,29,1827.0,1851.0
62,30,1827.0,1851.0
62,31,1827.0,1851.0
62,32,1827.0,1851.0
62,33,1827.0,1851.0
62,34,1827.0,1851.0
62,35,1827.0,1851.0
62,36,1827.0,1851.0
62,37,1827.0,1851.0
62,38,1827.0,1851.0
62,39,1827.0,1851.0
62,40,1827.0,1851.0
62,41,1827.0,1851.0
62,42,1827.0,1851.0
62,43,1827.0,1851.0
62,44,1827.0,1851.0
62,45,1827.0,1851.0
62,46,1827.0,1851.0
62,47,1827.0,1851.0
62,48,1827.0,1851.0
62,49,1827.0,1851.0
62,50,1827.0,1851.0
62,51,1827.0,1851.0
62,52,1827.0,1851.0
62,53,1827.0,1851.0
62,54,1827.0,1851.0
62,55,1827.0,1851.0
62,56,1827.0,1851.0
62,57,1827.0,1851.0
62,58,1827.0,1851.0
62,59,1827.0,1851.0
62,60,1827.0,1851.0
62,61,1827.0,1851.0
62,62,1827.0,1851.0
62,63,1827.0,1851.0
62,64,1827.0,1851.0
62,65,1827.0,1851.0
62,66,1827.0,1851.0
62,67,1827.0,1851.0
62,68,1827.0,1851.0
62,69,1827.0,1851.0
62,70,1827.0,1851.0
62,71,1827.0,1851.0
62,72,1827.0,1851.0
62,73,1827.0,1851.0
62,74,1827.0,1851.0
62,75,1827.0,1851.0
62,76,1827.0,1851.0
62,77,1827.0,1851.0
62,78,1827.0,1851.0
62,79,1827.0,1851.0
62,80,1827.0,1851.0
62,81,1827.0,1851.0
62,82,1827.0,1851.0
62,83,1827.0,1851.0
62,84,1827.0,1851.0
62,85,1827.0,1851.0
62,86,1827.0,1851.0
62,87,1827.0,1851.0
62,88,1827.0,1851.0
62,89,1827.0,1851.0
62,90,1827.0,1851.0
62,91,1827.0,1851.0
62,92,1827.0,1851.0
62,93,1827.0,1851.0
62,94,1827.0,1851.0
62,95,1827.0,1851.0
62,96,1827.0,1851.0
62,97,1827.0,1851.0
62,98,1827.0,1851.0
62,99,1827.0,1851.0
62,100,1827.0,1851.0
62,101,1827.0,1851.0
62,102,1827.0,1851.0
62,103,1827.0,1851.0
62,104,1827.0,1851.0
62,105,1827.0,1851.0
62,106,1827.0,1851.0
62,107,1827.0,1851.0
62,108,1827.0,1851.0
62,109,1827.0,1851.0
62,110,1827.0,1851.0
62,111,1827.0,1851.0
62,112,1827.0,1851.0
62,113,1827.0,1851.0
62,114,1827.0,1851.0
62,115,1827.0,1851.0
62,116,1827.0,1851.0
62,117,1827.0,1851.0
62,118,1827.0,1851.0
62,119,1827.0,1851.0
62,120,1827.0,1851.0
62,121,1827.0,1851.0
62,122,1827.0,1851.0
62,123,1827.0,1851.0
62,124,1827.0,1851.0
62,125,1827.0,1851.0
62,126,1827.0,1851.0
62,127,1827.0,1851.0
62,128,1827.0,1851.0
62,129,1827.0,1851.0
62,130,1827.0,1851.0
62,131,1827.0,1851.0
62,132,1827.0,1851.0
62,133,1827.0,1851.0
62,134,1827.0,1851.0
62,135,1827.0,1851.0
62,136,1827.0,1851.0
62,137,1827.0,1851.0
62,138,1827.0,1851.0
62,139,1827.0,1851.0
62,140,1827.0,1851.0
62,141,1827.0,1851.0
62,142,1827.0,1851.0
62,143,1827.0,1851.0
62,144,1827.0,1851.0
62,145,1827.0,1851.0
62,146,1827.0,1851.0
62,147,1827.0,1851.0
62,148,1827.0,1851.0
62,149,1827.0,1851.0
62,150,1827.0,1851.0
62,151,1827.0,1851.0
62,152,1827.0,1851.0
62,153,1827.0,1851.0
62,154,1827.0,1851.0
62,155,1827.0,1851.0
62,156,1827.0,1851.0
62,157,1827.0,1851.0
62,158,1827.0,1851.0
62,159,1827.0,1851.0
62,160,1827.0,1851.0
62,161,1827.0,1851.0
62,162,1827.0,1851.0
62,163,1827.0,1851.0
62,164,1827.0,1851.0
62,165,1827.0,1851.0
62,166,1827.0,1851.0
62,167,1827.0,1851.0
62,168,1827.0,1851.0
62,169,1827.0,1851.0
62,170,1827.0,1851.0
62,171,1827.0,1851.0
62,172,1827.0,1851.0
62,173,1827.0,1851.0
62,174,1827.0,1851.0
62,175,1827.0,1851.0
62,176,1827.0,1851.0
62,177,1827.0,1851.0
62,178,1827.0,1851.0
62,179,1827.0,1851.0
62,180,1827.0,1851.0
62,181,1827.0,1851.0
62,182,1827.0,1851.0
62,183,1827.0,1851.0
62,184,1827.0,1851.0
62,185,1827.0,1851.0
62,186,1827.0,1851.0
62,187,1827.0,1851.0
62,188,1827.0,1851.0
62,189,1827.0,1851.0
62,190,1827.0,1851.0
62,191,1827.0,1851.0
62,192,1827.0,1851.0
62,193,1827.0,1851.0
62,194,1827.0,1851.0
62,195,1827.0,1851.0
62,196,1827.0,1851.0
62,197,1827.0,1851.0
62,198,1827.0,1851.0
62,199,1827.0,1851.0
62,200,1827.0,1851.0
62,201,1827.0,1851.0
62,202,1827.0,1851.0
62,203,1827.0,1851.0
62,204,1827.0,1851.0
62,205,1827.0,1851.0
62,206,1827.0,1851.0
62,207,1827.0,1851.0
62,208,1827.0,1851.0
62,209,1827.0,1851.0
62,210,1827.0,1851.0
62,211,1827.0,1851.0
62,212,1827.0,1851.0
62,213,1827.0,1851.0
62,214,1827.0,1851.0
62,215,1827.0,1851.0
62,216,1827.0,1851.0
62,217,1827.0,1851.0
62,218,1827.0,1851.0
62,219,1827.0,1851.0
62,220,1827.0,1851.0
62,221,1827.0,1851.0
62,222,1827.0,1851.0
62,223,1827.0,1851.0
62,224,1827.0,1851.0
62,225,1827.0,1851.0
62,226,1827.0,1851.0
62,227,1827.0,1851.0
62,228,1827.0,1851.0
62,229,1827.0,1851.0
62,230,1827.0,1851.0
62,231,1827.0,1851.0
62,232,1827.0,1851.0
62,233,1827.0,1851.0
62,234,1827.0,1851.0
62,235,1827.0,1851.0
62,236,1827.0,1851.0
62,237,1827.0,1851.0
62,238,1827.0,1851.0
62,239,1827.0,1851.0
62,240,1827.0,1851.0
62,241,1827.0,1851.0
62,242,1827.0,1851.0
62,243,1827.0,1851.0
62,244,1827.0,1851.0
62,245,1827.0,1851.0
62,246,1827.0,1851.0
62,247,1827.0,1851.0
62,248,1827.0,1851.0
62,249,1827.0,1851.0
62,250,1827.0,1851.0
62,251,1827.0,1851.0
62,252,1827.0,1851.0
62,253,1827.0,1851.0
62,254,1827.0,1851.0
62,255,1827.0,1851.0
62,256,1827.0,1851.0
62,257,1827.0,1851.0
62,258,1827.0,1851.0
62,259,1827.0,1851.0
62,260,1827.0,1851.0
62,261,1827.0,1851.0
62,262,1827.0,1851.0
62,263,1827.0,1851.0
62,264,1827.0,1851.0
62,265,1827.0,1851.0
62,266,1827.0,1851.0
62,267,1827.0,1851.0
62,268,1827.0,1851.0
62,269,1827.0,1851.0
62,270,1827.0,1851.0
62,271,1827.0,1851.0
62,272,1827.0,1851.0
62,273,1827.0,1851.0
62,274,1827.0,1851.0
62,275,1827.0,1851.0
62,276,1827.0,1851.0
62,277,1827.0,1851.0
62,278,1827.0,1851.0
62,279,1827.0,1851.0
62,280,1827.0,1851.0
62,281,1827.0,1851.0
62,282,1827.0,1851.0
62,283,1827.0,1851.0
62,284,1827.0,1851.0
62,285,1827.0,1851.0
62,286,1827.0,1851.0
62,287,1827.0,1851.0
62,288,1827.0,1851.0
62,289,1827.0,1851.0
62,290,1827.0,1851.0
62,291,1827.0,1851.0
62,292,1827.0,1851.0
62,293,1827.0,1851.0
62,294,1827.0,1851.0
62,295,1827.0,1851.0
62,296,1827.0,1851.0
62,297,1827.0,1851.0
62,298,1827.0,1851.0
62,299,1827.0,1851.0
62,300,1827.0,1851.0
62,301,1827.0,1851.0
62,302,1827.0,1851.0
62,303,1827.0,1851.0
62,304,1827.0,1851.0
62,305,1827.0,1851.0
62,306,1827.0,1851.0
62,307,1827.0,1851.0
62,308,1827.0,1851.0
62,309,1827.0,1851.0
62,310,1827.0,1851.0
62,311,1827.0,1851.0
62,312,1827.0,1851.0
62,313,1827.0,1851.0
62,314,1827.0,1851.0
62,315,1827.0,1851.0
62,316,1827.0,1851.0
62,317,1827.0,1851.0
62,318,1827.0,1851.0
62,319,1827.0,1851.0
62,320,1827.0,1851.0
62,321,1827.0,1851.0
62,322,1827.0,1851.0
62,323,1827.0,1851.0
62,324,1827.0,1851.0
62,325,1827.0,1851.0
62,326,1827.0,1851.0
62,327,1827.0,1851.0
62,328,1827.0,1851.0
62,329,1827.0,1851.0
62,330,1827.0,1851.0
62,331,1827.0,1851.0
62,332,1827.0,1851.0
62,333,1827.0,1851.0
62,334,1827.0,1851.0
62,335,1827.0,1851.0
62,336,1827.0,1851.0
62,337,1827.0,1851.0
62,338,1827.0,1851.0
62,339,1827.0,1851.0
62,340,1827.0,1851.0
62,341,1827.0,1851.0
62,342,1827.0,1851.0
62,343,1827.0,1851.0
62,344,1827.0,1851.0
62,345,1827.0,1851.0
62,346,1827.0,1851.0
62,347,1827.0,1851.0
62,348,1827.0,1851.0
62,349,1827.0,1851.0
62,350,1827.0,1851.0
62,351,1827.0,1851.0
62,352,1827.0,1851.0
62,353,1827.0,1851.0
62,354,1827.0,1851.0
62,355,1827.0,1851.0
62,356,1827.0,1851.0
62,357,1827.0,1851.0
62,358,1827.0,1851.0
62,359,1827.0,1851.0
63,0,2790.0,2552.0
63,1,2790.0,2552.0
63,2,2790.0,2552.0
63,3,2790.0,2552.0
63,4,2790.0,2552.0
63,5,2790.0,2552.0
63,6,2790.0,2552.0
63,7,2790.0,2552.0
63,8,2790.0,2552.0
63,9,2790.0,2552.0
63,10,2790.0,2552.0
63,11,2790.0,2552.0
63,12,2790.0,2552.0
63,13,2790.0,2552.0
63,14,2790.0,2552.0
63,15,2790.0,2552.0
63,16,2790.0,2552.0
63,17,2790.0,2552.0
63,18,2790.0,2552.0
63,19,2790.0,2552.0
63,20,2790.0,2552.0
63,21,2790.0,2552.0
63,22,2790.0,2552.0
63,23,2790.0,2552.0
63,24,2790.0,2552.0
63,25,2790.0,2552.0
63,26,2790.0,2552.0
63,27,2790.0,2552.0
63,28,2790.0,2552.0
63,29,2790.0,2552.0
63,30,2790.0,2552.0
63,31,2790.0,2552.0
63,32,2790.0,2552.0
63,33,2790.0,2552.0
63,34,2790.0,2552.0
63,35,2790.0,2552.0
63,36,2790.0,2552.0
63,37,2790.0,2552.0
63,38,2790.0,2552.0
63,39,2790.0,2552.0
63,40,2790.0,2552.0
63,41,2790.0,2552.0
63,42,2790.0,2552.0
63,43,2790.0,2552.0
63,44,2790.0,2552.0
63,45,2790.0,2552.0
63,46,2790.0,2552.0
63,47,2790.0,2552.0
63,48,2790.0,2552.0
63,49,2790.0,2552.0
63,50,2790.0,2552.0
63,51,2790.0,2552.0
63,52,2790.0,2552.0
63,53,2790.0,2552.0
63,54,2790.0,2552.0
63,55,2790.0,2552.0
63,56,2790.0,2552.0
63,57,2790.0,2552.0
63,58,2790.0,2552.0
63,59,2790.0,2552.0
63,60,2790.0,2552.0
63,61,2790.0,2552.0
63,62,2790.0,2552.0
63,63,2790.0,2552.0
63,64,2790.0,2552.0
63,65,2790.0,2552.0
63,66,2790.0,2552.0
63,67,2790.0,2552.0
63,68,2790.0,2552.0
63,69,2790.0,2552.0
63,70,2790.0,2552.0
63,71,2790.0,2552.0
63,72,2790.0,2552.0
63,73,2790.0,2552.0
63,74,2790.0,2552.0
63,75,2790.0,2552.0
63,76,2790.0,2552.0
63,77,2790.0,2552.0
63,78,2790.0,2552.0
63,79,2790.0,2552.0
63,80,2790.0,2552.0
63,81,2790.0,2552.0
63,82,2790.0,2552.0
63,83,2790.0,2552.0
63,84,2790.0,2552.0
63,85,2790.0,2552.0
63,86,2790.0,2552.0
63,87,2790.0,2552.0
63,88,2790.0,2552.0
63,89,2790.0,2552.0
63,90,2790.0,2552.0
63,91,2790.0,2552.0
63,92,2790.0,2552.0
63,93,2790.0,2552.0
63,94,2790.0,2552.0
63,95,2790.0,2552.0
63,96,2790.0,2552.0
63,97,2790.0,2552.0
63,98,2790.0,2552.0
63,99,2790.0,2552.0
63,100,2790.0,2552.0
63,101,2790.0,2552.0
63,102,2790.0,2552.0
63,103,2790.0,2552.0
63,104,2790.0,2552.0
63,105,2790.0,2552.0
63,106,2790.0,2552.0
63,107,2790.0,2552.0
63,108,2790.0,2552.0
63,109,2790.0,2552.0
63,110,2790.0,2552.0
63,111,2790.0,2552.0
63,112,2790.0,2552.0
63,113,2790.0,2552.0
63,114,2790.0,2552.0
63,115,2790.0,2552.0
63,116,2790.0,2552.0
63,117,2790.0,2552.0
63,118,2790.0,2552.0
63,119,2790.0,2552.0
63,120,2790.0,2552.0
63,121,2790.0,2552.0
63,122,2790.0,2552.0
63,123,2790.0,2552.0
63,124,2790.0,2552.0
63,125,2790.0,2552.0
63,126,2790.0,2552.0
63,127,2790.0,2552.0
63,128,2790.0,2552.0
63,129,2790.0,2552.0
63,130,2790.0,2552.0
63,131,2790.0,2552.0
63,132,2790.0,2552.0
63,133,2790.0,2552.0
63,134,2790.0,2552.0
63,135,2790.0,2552.0
63,136,2790.0,2552.0
63,137,2790.0,2552.0
63,138,2790.0,2552.0
63,139,2790.0,2552.0
63,140,2790.0,2552.0
63,141,2790.0,2552.0
63,142,2790.0,2552.0
63,143,2790.0,2552.0
63,144,2790.0,2552.0
63,145,2790.0,2552.0
63,146,2790.0,2552.0
63,147,2790.0,2552.0
63,148,2790.0,2552.0
63,149,2790.0,2552.0
63,150,2790.0,2552.0
63,151,2790.0,2552.0
63,152,2790.0,2552.0
63,153,2790.0,2552.0
63,154,2790.0,2552.0
63,155,2790.0,2552.0
63,156,2790.0,2552.0
63,157,2790.0,2552.0
63,158,2790.0,2552.0
63,159,2790.0,2552.0
63,160,2790.0,2552.0
63,161,2790.0,2552.0
63,162,2790.0,2552.0
63,163,2790.0,2552.0
63,164,2790.0,2552.0
63,165,2790.0,2552.0
63,166,2790.0,2552.0
63,167,2790.0,2552.0
63,168,2790.0,2552.0
63,169,2790.0,2552.0
63,170,2790.0,2552.0
63,171,2790.0,2552.0
63,172,2790.0,2552.0
63,173,2790.0,2552.0
63,174,2790.0,2552.0
63,175,2790.0,2552.0
63,176,2790.0,2552.0
63,177,2790.0,2552.0
63,178,2790.0,2552.0
63,179,2790.0,2552.0
63,180,2790.0,2552.0
63,181,2790.0,2552.0
63,182,2790.0,2552.0
63,183,2790.0,2552.0
63,184,2790.0,2552.0
63,185,2790.0,2552.0
63,186,2790.0,2552.0
63,187,2790.0,2552.0
63,188,2790.0,2552.0
63,189,2790.0,2552.0
63,190,2790.0,2552.0
63,191,2790.0,2552.0
63,192,2790.0,2552.0
63,193,2790.0,2552.0
63,194,2790.0,2552.0
63,195,2790.0,2552.0
63,196,2790.0,2552.0
63,197,2790.0,2552.0
63,198,2790.0,2552.0
63,199,2790.0,2552.0
63,200,2790.0,2552.0
63,201,2790.0,2552.0
63,202,2790.0,2552.0
63,203,2790.0,2552.0
63,204,2790.0,2552.0
63,205,2790.0,2552.0
63,206,2790.0,2552.0
63,207,2790.0,2552.0
63,208,2790.0,2552.0
63,209,2790.0,2552.0
63,210,2790.0,2552.0
63,211,2790.0,2552.0
63,212,2790.0,2552.0
63,213,2790.0,2552.0
63,214,2790.0,2552.0
63,215,2790.0,2552.0
63,216,2790.0,2552.0
63,217,2790.0,2552.0
63,218,2790.0,2552.0
63,219,2790.0,2552.0
63,220,2790.0,2552.0
63,221,2790.0,2552.0
63,222,2790.0,2552.0
63,223,2790.0,2552.0
63,224,2790.0,2552.0
63,225,2790.0,2552.0
63,226,2790.0,2552.0
63,227,2790.0,2552.0
63,228,2790.0,2552.0
63,229,2790.0,2552.0
63,230,2790.0,2552.0
63,231,2790.0,2552.0
63,232,2790.0,2552.0
63,233,2790.0,2552.0
63,234,2790.0,2552.0
63,235,2790.0,2552.0
63,236,2790.0,2552.0
63,237,2790.0,2552.0
63,238,2790.0,2552.0
63,239,2790.0,2552.0
63,240,2790.0,2552.0
63,241,2790.0,2552.0
63,242,2790.0,2552.0
63,243,2790.0,2552.0
63,244,2790.0,2552.0
63,245,2790.0,2552.0
63,246,2790.0,2552.0
63,247,2790.0,2552.0
63,248,2790.0,2552.0
63,249,2790.0,2552.0
63,250,2790.0,2552.0
63,251,2790.0,2552.0
63,252,2790.0,2552.0
63,253,2790.0,2552.0
63,254,2790.0,2552.0
63,255,2790.0,2552.0
63,256,2790.0,2552.0
63,257,2790.0,2552.0
63,258,2790.0,2552.0
63,259,2790.0,2552.0
63,260,2790.0,2552.0
63,261,2790.0,2552.0
63,262,2790.0,2552.0
63,263,2790.0,2552.0
63,264,2790.0,2552.0
63,265,2790.0,2552.0
63,266,2790.0,2552.0
63,267,2790.0,2552.0
63,268,2790.0,2552.0
63,269,2790.0,2552.0
63,270,2790.0,2552.0
63,271,2790.0,2552.0
63,272,2790.0,2552.0
63,273,2790.0,2552.0
63,274,2790.0,2552.0
63,275,2790.0,2552.0
63,276,2790.0,2552.0
63,277,2790.0,2552.0
63,278,2790.0,2552.0
63,279,2790.0,2552.0
63,280,2790.0,2552.0
63,281,2790.0,2552.0
63,282,2790.0,2552.0
63,283,2790.0,2552.0
63,284,2790.0,2552.0
63,285,2790.0,2552.0
63,286,2790.0,2552.0
63,287,2790.0,2552.0
63,288,2790.0,2552.0
63,289,2790.0,2552.0
63,290,2790.0,2552.0
63,291,2790.0,2552.0
63,292,2790.0,2552.0
63,293,2790.0,2552.0
63,294,2790.0,2552.0
63,295,2790.0,2552.0
63,296,2790.0,2552.0
63,297,2790.0,2552.0
63,298,2790.0,2552.0
63,299,2790.0,2552.0
63,300,2790.0,2552.0
63,301,2790.0,2552.0
63,302,2790.0,2552.0
63,303,2790.0,2552.0
63,304,2790.0,2552.0
63,305,2790.0,2552.0
63,306,2790.0,2552.0
63,307,2790.0,2552.0
63,308,2790.0,2552.0
63,309,2790.0,2552.0
63,310,2790.0,2552.0
63,311,2790.0,2552.0
63,312,2790.0,2552.0
63,313,2790.0,2552.0
63,314,2790.0,2552.0
63,315,2790.0,2552.0
63,316,2790.0,2552.0
63,317,2790.0,2552.0
63,318,2790.0,2552.0
63,319,2790.0,2552.0
63,320,2790.0,2552.0
63,321,2790.0,2552.0
63,322,2790.0,2552.0
63,323,2790.0,2552.0
63,324,2790.0,2552.0
63,325,2790.0,2552.0
63,326,2790.0,2552.0
63,327,2790.0,2552.0
63,328,2790.0,2552.0
63,329,2790.0,2552.0
63,330,2790.0,2552.0
63,331,2790.0,2552.0
63,332,2790.0,2552.0
63,333,2790.0,2552.0
63,334,2790.0,2552.0
63,335,2790.0,2552.0
63,336,2790.0,2552.0
63,337,2790.0,2552.0
63,338,2790.0,2552.0
63,339,2790.0,2552.0
63,340,2790.0,2552.0
63,341,2790.0,2552.0
63,342,2790.0,2552.0
63,343,2790.0,2552.0
63,344,2790.0,2552.0
63,345,2790.0,2552.0
63,346,2790.0,2552.0
63,347,2790.0,2552.0
63,348,2790.0,2552.0
63,349,2790.0,2552.0
63,350,2790.0,2552.0
63,351,2790.0,2552.0
63,352,2790.0,2552.0
63,353,2790.0,2552.0
63,354,2790.0,2552.0
63,355,2790.0,2552.0
63,356,2790.0,2552.0
63,357,2790.0,2552.0
63,358,2790.0,2552.0
63,359,2790.0,2552.0
