cell_id,f0,f1,f2,f3,f4,f5,f6,f7,f8,f9,f10,f11,f12,f13,f14,f15,f16,f17,f18,f19,f20,f21,f22,f23,f24,f25,f26,f27,f28,f29,f30,f31,f32,f33,f34,f35,f36,f37,f38,f39,f40,f41,f42,f43,f44,f45,f46,f47,f48,f49,f50,f51,f52,f53,f54,f55,f56,f57,f58,f59,f60,f61,f62,f63,f64,f65,f66,f67,f68,f69,f70,f71,f72,f73,f74,f75,f76,f77,f78,f79,f80,f81,f82,f83,f84,f85,f86,f87,f88,f89,f90,f91,f92,f93
0,40.381513549357,40.49949220445949,41.477832522473356,41.76274734669694,41.41574287845622,41.05100499089252,41.216558645384254,41.308602179330414,41.41587279058118,41.16065154419782,41.860763185030066,41.26458618389269,41.21933872897128,41.526549742220574,41.48920224706937,41.28172227233732,41.57041887795187,41.3198943855288,41.58299125039506,41.3316681227054,41.211348673681776,41.08446666309129,41.48483095970052,41.59223584939913,40.71051949602428,40.077690096123035,39.48396902718742,39.98642944184324,39.974736870470814,40.3994291305461,40.85241352988362,40.788279844961146,41.419844510886406,41.06887605447144,41.26907563061343,41.22664706679396,41.20453514225145,40.66873165040707,40.87431379153425,40.551955232974905,41.135024832117345,40.70332086044481,40.887636530216746,40.59627248944372,41.00189715168765,40.78094756022273,40.75328018470237,41.125543818644566,41.13487255086265,41.265126094679125,41.22334905375869,41.116874753371256,40.78804244986069,40.995504918213925,40.663849180165776,40.54263928348048,40.474831079960126,40.7614757224186,40.89953976558767,40.82008583957632,40.96825919499537,40.66873538434759,41.12343116341007,41.00209179632453,41.0764778538673,40.75294307595185,40.939176097791446,41.126349944202516,40.82249534973293,41.09875467682066,40.75069147410187,40.63154590700622,40.690685438814434,40.593220320458705,40.32650899897326,40.20643355803888,40.5924410466508,40.843615584778945,40.48948681343651,40.605178526323,40.72108347495715,40.78047939529113,40.78315317088296,40.51460920620863,41.21780902405816,40.82190474244202,41.01545782856928,40.444834190094156,40.853327311903215,40.89838948857804,41.06647055747209,40.82155999962729,40.95909417542315,40.98337421044482
1,41.10791884576628,41.17291673793385,41.53160644136514,42.44771414693044,42.04272782398405,41.50185468144428,41.67878687465342,42.02082425595787,41.881499367242995,42.12555675106889,42.55093721581201,42.17804706473956,41.78324520402023,42.375429243290945,42.12887350276434,41.85594425784741,42.17611749439126,41.79068314382666,42.29332015118019,42.2841035890516,42.09670502124454,41.92225059283186,42.01287650851458,40.62307420751566,39.732254742530806,39.207328226343726,39.00718304835291,39.76850658406206,39.82101023696402,40.59766806941747,40.949425831889656,40.93236734321298,41.747065325665446,41.56965325549436,41.75604302872134,41.60943151414684,41.3390260971315,39.64723756039294,40.076781239349714,40.07526398325317,41.23569470617883,41.184719462512845,41.38627246033729,41.16726751863778,41.61097241527272,41.604812396484625,41.399148264517,41.72908423493591,41.66371549267847,41.875213729920645,41.733203872582344,41.0817090604661,39.41143250885179,39.69588702922459,39.900176056767904,40.36355519177945,40.63287939350109,41.2698277177747,41.28101788993735,41.3037827219976,41.357564868262685,41.17468344713144,41.505540321460714,41.46530155753029,41.33985037985749,41.19903954463359,41.52943291801501,41.765904723206525,41.55658093848456,41.228502194517475,39.557320878156276,39.424523465957186,40.00935956569548,40.15383514118533,40.30029913939127,40.534562410305455,40.91287932288265,41.336482943657856,41.03042887156148,41.22498955079332,41.45984726654049,41.39904387658207,41.15956553556954,40.97275280297924,41.60607065239103,41.378776882868344,41.55629771315579,40.98963473881062,41.156469398919576,41.50940031902044,41.71939071170893,41.599770929604134,41.593065791784795,41.3026451608649
2,40.70333442152366,40.78272732644009,41.400293958542335,41.48799218646438,41.35141595947145,41.084207888342966,40.96183964394332,41.283774228773325,41.31886434537864,41.031455304369864,41.549047794232834,40.96445050714575,41.1412829370895,41.32141162919361,41.31845201804245,41.128845428314435,41.59607666400358,41.20667538600567,41.35142260819853,41.16624540373066,41.0689030090764,40.840257026477154,41.06738213175196,41.01689719116057,40.36513527155963,39.97781475747795,39.9645581375248,40.60346746208611,40.59398774727562,41.01605766161159,41.06253876510128,40.95282492923537,41.45341308578581,41.03387825429161,41.22521621408118,41.22760222563025,41.25681941664002,40.27853111691449,40.77127972284388,40.33848265070455,41.16626776500248,40.93179941612254,41.067622644077545,40.61934867732716,40.7885673334266,40.69847324199275,40.347007554449554,40.841425030177575,40.775932309528876,40.94668609501298,41.067253191280855,40.76700937793339,40.10332836528429,40.38699874118599,40.38210547211203,40.48709989518005,40.331067598178585,40.74259371974121,40.90697168684994,40.637309978651594,40.62445095268537,40.37199230643167,40.74231629956966,40.70893436518719,40.725377336540824,40.491048698140666,40.594592554519615,40.881664693275134,40.551745459582115,40.66677456362588,40.05855130747107,40.28697898082483,40.61692129909455,40.34681019816154,40.33905885755046,40.26352158051789,40.410872860958165,40.61638424389886,40.17670327950887,40.13535074705037,40.63904655935136,40.56996928906203,40.26459944493479,40.10068232559026,40.79266937108747,40.44147553616782,40.585133527748496,40.12321993939098,40.357854004270436,40.55541046891172,40.592030057544335,40.40405056184949,40.520923694983146,40.40355853916802
3,40.36802683944777,40.42802801846734,40.44072900072108,40.86653009225514,40.72119189668043,40.62637177447331,40.520144538254826,40.72236937576875,40.6053701025619,40.47900247349005,41.20802793721123,40.506030222826475,40.55652990360237,40.91895110123133,40.929261698637724,40.673002883525164,40.639821980075425,40.624497208346256,40.83944170894634,40.719149906775776,40.5271929916807,40.541157439907266,40.116313943938806,39.75294625353256,38.817109855616366,38.793843413396765,39.038748554464206,39.73934602411694,39.73003557772619,40.37541610150306,40.61449132639719,40.23956116715871,40.96411202217479,40.41489088167774,40.710978126073,40.56905230005156,40.30504643478358,39.156291669288834,39.876827685707184,39.84052834529916,40.62544480506069,40.31483122255888,40.527556707559846,40.246061821390406,40.41472651817243,40.25316841187776,40.187099612306675,40.553524950823565,40.4632826366849,40.574566508475435,40.85890365308328,39.95516989887149,39.14331152979248,39.770508421177084,40.01379287491083,40.057769833894234,40.12211794098471,40.5505415366928,40.457062145644635,40.576539562748756,40.63563114941574,40.24751300594493,40.78619861672186,40.52625734720973,40.66747955869663,40.358546443408166,40.61575700217406,40.81561342944773,40.69734946679621,39.86096511784439,39.31461809464781,39.57781784784216,40.12975313977106,40.199516738233555,40.06960521843491,39.96049331747037,40.28309740497494,40.46986979599879,40.169533825071035,40.29565506750175,40.58087948662249,40.46667915384226,40.41209102192794,40.32840403615581,41.10648678634017,40.76331096304453,40.87917509111707,40.1123045323555,40.526890166330695,40.65672758520458,40.90457891627623,40.59111814050984,40.78995118300187,40.44798792815759
4,38.221307198912164,38.562266725459565,39.336680506840224,39.927028683543405,39.512799595923575,39.12772871023449,39.18621266981999,39.3201682614994,39.52934614512595,39.275365036917364,39.73250500168381,39.300236181500274,39.34169947666344,39.41794358224513,39.44801511880447,39.228898372140065,39.51963532840886,39.23128106304646,39.53857798119466,39.30579773851133,39.27775292447367,38.91350080092915,39.288893540950795,39.5698572743255,38.94349416319773,38.55735772292045,37.810583162624404,38.22595417020813,38.18447199859836,38.527440508063734,38.8422227562391,38.78642180407216,39.307260779599275,38.86039019322042,39.14036722066146,38.94378725135851,39.16547305617888,38.729937088148134,38.74182850432517,38.363338685130756,39.196656446434545,38.654278691602414,38.73699129031572,38.538854183206745,38.84889159158479,38.77039622483515,38.60544987182108,38.92002457363272,38.764589310312275,39.019759419055696,38.990342930914025,38.83890460289469,38.71374872584794,38.90043338478056,38.71589434520691,38.36519959198991,38.250117137219746,38.80019732940712,38.62128429835054,38.65265721810392,38.783807764144434,38.524872640484176,38.78007388568733,38.864207353210126,38.90127947528614,38.54604896374774,38.687398361026546,38.97019409687702,38.76667177107112,38.875259539292195,38.57936293601928,38.72497550776271,38.76754015974417,38.5159150361202,38.4196510671676,38.204573586461336,38.49809241257584,38.608285103307274,38.32317536974622,38.41867752038755,38.786332035321955,38.58041053167423,38.67187381720792,38.40924922227141,39.15527176896358,38.61871811963154,38.979728154761965,38.28702149421574,38.60684262251013,38.55151512826063,38.875721548587315,38.63262892998196,38.73111836564606,38.73457893651789
5,40.717681981570756,41.1781207314767,41.54630175110618,42.40454564087166,41.88548466308708,41.50949477818886,41.80478117143884,41.72103870781807,41.93516762484711,41.77970839940472,42.34031960161089,41.85560541199972,41.84132157431651,41.97423836434945,42.13223016180252,41.58715379625661,41.91366915519249,41.862424064413254,42.19634414065167,42.02740505638159,41.5749272183634,41.506641620007244,41.74704570561295,40.52231860488706,39.386595927696156,38.95214300091853,38.909166400175636,39.5437934512183,39.2832496220152,40.399420734606785,40.444267163512855,40.72546038662948,41.40920032101622,41.38286975465141,41.35046842127097,41.506365175450085,41.053022646558404,39.41768040158331,39.832683043208235,39.95965995730074,41.10333341898043,40.75440573503271,41.193498621652694,41.10024261281308,41.27957094394249,41.21186795279388,41.160148776924686,41.24467527707934,41.38841577002437,41.69680667218059,41.22537271484287,41.16508281763621,39.70877690429917,39.50817803323902,39.80613027119457,40.14772221605094,40.40401432938594,41.05163218997488,41.126279909691995,40.78975958624123,41.06682424566069,40.902740846997396,41.12278595820123,41.43031779078736,41.27404499445068,40.84560189290846,41.155020754284074,41.69334318103764,41.223226665145084,41.07228262374523,39.43399030684253,39.483355309193655,39.942636128662514,40.294111898972155,40.43763583225595,40.342747658938386,40.90510256071719,41.07129435220189,40.61281482373522,40.754769901661966,41.184173473959035,41.01659653119908,40.908953183155305,40.71743053379764,41.485320015790364,41.29108017887737,41.14852685063613,40.67149944860729,41.03720454878693,41.42151610197558,41.4430902405256,41.402978914380604,41.39085702435543,41.07402931733307
6,47.53726429472806,52.10607481573024,52.571471328838925,53.085332740069894,53.20247993634596,53.240860909440556,53.45911398345372,54.093458472634985,54.072615693996866,53.83153881518446,54.2215558138403,54.13545530908125,53.897022931591096,54.225975580429214,54.040109051341574,54.0370126262649,54.19483022063347,53.933251694102495,54.1283713293245,54.08681256122701,53.96912035414776,53.92293775321119,52.78400225718317,48.79007597719612,44.622923718824524,42.7945989278901,44.334561923832844,47.98571437748784,49.44329963449728,50.81611178938574,51.72753648898784,52.33919993226183,53.53847058180411,53.241378864514026,52.854980373732786,53.12992210254794,51.95972756511112,46.759811083485744,48.615102623571254,49.607651801957445,51.537927544117714,52.06026121909801,52.5138650106767,52.431453753641364,53.16091556762054,53.06967686325797,53.084380362694226,53.848096337764076,53.610207810795465,53.8276328003595,53.489263934122775,52.04736751492879,47.704557810704586,49.087225716854356,49.65129877752929,51.29058665739407,51.71434957762832,51.94286778617418,52.381121438661815,52.666760170984865,52.87181425314803,52.54547390097182,53.03513087956387,52.781469361805,53.341842381894644,52.67432017069197,53.101889858915555,53.33124044574144,52.7403481932957,51.009742693426624,46.926880788803835,48.178765990447616,49.53938048512655,50.50242490913679,50.910635219263355,51.15802202418684,51.58900951180207,52.22698584870966,51.85639562369314,51.97489520839045,52.13832853257573,52.201638174518294,52.0539270554942,51.68602698169766,52.64273202882528,52.35751502193275,52.22099704031961,51.756302760616705,51.87145332173322,52.14017946978551,52.10981225783177,51.99208324026681,52.41819094026567,51.91886750894137
7,38.52024567208855,38.05779950719561,38.09482401384589,38.353408337121984,38.127559359357655,37.74794048075401,37.676697778067165,37.78215072378234,37.99540221554132,37.76791104126121,38.283884164650246,37.70744646660113,37.6751925964634,38.167778409201496,37.88526770483555,37.78942414081425,37.75523471622095,37.67680836066827,38.22738372802665,37.88713816509727,37.59416296269356,38.11415619500485,37.419062331660804,37.729692878480165,37.523848997914,37.464025883789304,37.46728134531018,37.69365661322837,37.792720228008264,37.877769301637066,38.075118882419105,37.82443081349138,38.27139250872116,37.900231353067376,38.013774112140965,38.0975183982466,37.517533193451676,37.08863504487151,38.11058342999865,37.56658694901531,38.12262261029352,37.84130048895141,37.83421603847355,37.6032181891688,37.53797943100707,37.42743353908784,37.354059051688075,37.69455211235319,37.59762626686571,37.70506273211151,38.11240744874751,37.18037381822858,37.074813491330694,37.84798028121378,37.68721032441218,37.582761275214125,37.41691470396712,37.87925067082702,37.878096148905755,37.64286153292146,37.96687574841081,37.336874437161285,37.82771380372904,37.713021127679255,37.64350164733383,37.42405084280858,37.643845050339536,37.81731534361705,37.80897393056073,37.39249967113045,37.30331152392843,37.77365451730019,37.68576923374271,37.761415736148386,37.50561642190096,37.27574261611501,37.665867120010944,37.63867346679639,37.1982948948021,37.487617999233876,37.60013281944145,37.44577180648564,37.52317426172179,37.176178130247585,37.83346554577005,37.53440637564957,37.81709026609054,37.20963164099264,37.49219305138759,37.557993839649036,37.664681906374824,37.59261121671963,37.62696376434391,37.339737448753006
8,40.69865529472876,40.87769103315432,41.71339433275123,41.768335572845444,41.50782137861802,41.16601386229331,41.07010136089127,41.49957614932041,41.45043937454643,41.264086284077266,41.82562862203351,41.268758911147,41.311439270545954,41.61753171162322,41.66846495219252,41.22554031572758,41.452861985774874,41.33331163971012,41.51802017964281,41.389166254023365,41.35955465679645,41.24275608119604,41.51348170709036,41.375130700849056,40.41894550747939,39.737559113543725,39.57739898371668,40.22531028533196,40.23420208631803,40.72677792202888,40.92938919102561,40.92111153770431,41.51245073460889,41.169284497107675,41.37007413686393,41.15782748085429,41.2413772955775,40.50250154135645,40.77224441390218,40.359782214390144,41.145811780631554,40.883330445527385,41.00248799666898,40.802690240523084,40.859321043721394,40.68206955587562,40.75413616973116,40.94467902020663,40.95589276030031,41.2521301844084,41.14075266391522,40.96409381483727,40.7358858033308,40.69469433968663,40.5169090529095,40.492874349943804,40.53614208241453,40.835033114907546,40.885836297421385,40.85586602055543,40.91705815099432,40.63677218901645,41.022074430311925,40.933039512137704,41.07545738794677,40.711018793362236,40.82459921952701,41.129756489017886,41.01569803348173,41.0041357810355,40.510242440670105,40.587126455046125,40.73999596321752,40.63888732611125,40.53607086298717,40.34525476140316,40.71017250793957,40.95616802416083,40.6053397831281,40.72891369315839,41.0856583162596,40.933509248396604,40.882804229080996,40.67610318688447,41.26427485518084,40.97724329403883,41.11464658613008,40.53783650881981,40.890813694026754,41.07542604403341,41.22751571718837,41.01693766667183,41.08670769441061,40.92483580558243
9,44.224919562415536,44.31441885385172,44.63525087116729,45.4554231507544,44.98677832276075,44.96162944561121,44.73461339482989,44.949196846187704,44.94536804996231,44.7551946771475,45.44545235129537,45.2031665342852,45.26937236134489,45.65676038715778,45.56177619913343,45.24878322570247,45.529370839018036,45.29196242259419,45.63642172452872,45.32999307138773,45.319144343289885,45.249068084547,41.55172589342915,39.6043536449172,38.783068063581105,38.22382360883785,38.36894268047221,39.22629954096916,39.681765389010174,40.02886630409972,40.452908231616746,40.54247953516489,41.18336903872123,41.02698144498335,41.28240881801594,41.081931447822946,40.02165958086035,38.504197295078285,39.26739628588167,39.504844535126324,40.627318803270285,40.35270671728779,40.72327408294912,40.72304219224275,41.048004569288096,40.952259371100766,40.83095038471399,41.15810540171219,41.194818038592636,41.44933020974403,41.268092908281524,39.876149660441094,38.59476496844776,39.352480686979085,39.79759847740869,40.19954795804523,40.41298699753726,41.05155560582695,41.08066177297424,41.14158469313266,41.02410706174015,40.8007364077672,41.37158952087057,41.22521639450616,41.40803594388891,40.970141092397114,41.22978641752343,41.507721433961436,41.31382785603935,39.77370656736227,38.544182011946546,39.147609364105016,39.91945672764251,40.245817284220244,40.456823407153976,40.43966432945468,41.01340233779865,41.15372619833976,40.88034620508954,41.01356898258809,41.223030801354895,41.1382961828816,41.283960781495765,40.78352126893406,41.61458962929326,41.25007510506977,41.345109650681664,40.87298225209219,41.09345543750506,41.27188694870073,41.47214800709841,41.18837618210116,41.25601009635573,41.213636177578465
10,39.74773579664569,40.191875405721056,40.610256110887214,40.76560619363398,40.63387959687142,40.37014182372091,40.3532471899327,40.67882257677563,40.67721961195003,40.325391710971566,40.81735601926107,40.24847977441138,40.56695716065635,40.75800307059454,40.66228678611983,40.01110173660809,40.3789344613865,40.7074990547152,40.52081838164066,40.657647777047565,40.43535979726494,40.04394283136675,40.42691963515131,40.14429483294238,39.615615897088915,39.38397831343497,39.1489371990084,39.83407697896563,39.74112873745776,40.10617826934057,40.479845857546565,40.12607288769824,40.542827319676526,40.251010100773854,40.47439785880274,40.40816320027605,40.41826740974534,39.76719011871052,40.125294390857896,39.47348159992399,40.273204630472684,40.01809223128958,40.27472270868299,39.98289583174993,40.011791374123284,39.94363691599809,39.58542966319563,40.095518368165145,40.14565392807013,40.04887250502385,40.158391161037684,39.79741956868753,39.45087815196796,39.739751501686676,39.62003180832245,39.44415912971439,39.45373574511548,39.95912115596036,40.07332739366425,39.728744765675316,39.9530783238866,39.53423009562733,40.129287904396456,39.731940226720326,39.970165779320624,39.751578682734554,39.91076751714118,40.08213739579508,39.56179378720988,39.87510772153829,39.33879967065135,39.56294748319092,39.71908243052879,39.65793435980117,39.46299025240213,39.2862470087459,39.854947549172884,40.0206420138117,39.28934769863232,39.57408865974857,39.796109995727264,39.45856554060861,39.41553160072137,39.44759714148856,39.96119082365858,39.85258960544476,39.782223566232176,39.25975659743476,39.58237666185875,39.66423014606277,39.50054090662706,39.30414531443462,39.63153129357211,39.4812715350052
11,36.58685782518272,37.01081068245261,37.836884068181746,38.53323603321348,38.09200303893698,37.769817397687014,37.42402232654951,38.115063344374846,37.61171362511138,37.55785826162482,38.22856497932783,37.85319208383454,37.94850003163531,38.19443109452045,37.946044991899086,38.19647450589599,38.17322830998342,37.9033763340381,38.44580850069652,37.88709766574543,38.05567859104992,37.86121254632998,38.131553119822094,38.29913465939297,38.47783082776225,38.28240146359238,37.766970267813534,37.97260789126132,37.83489126880557,38.33994032330511,38.3734775637314,38.21120184587044,38.55661714732723,38.42341268635212,38.42499400329837,38.12723510031819,38.78616183546143,38.0978348345776,38.31239411669475,38.19777830997326,38.76616202687511,38.233611202321434,38.440153740587355,38.35250302487253,38.33663604092959,38.139139809931464,38.087734032882594,38.28041018948706,38.322913573001415,38.70747762083546,38.453388672747536,38.42358279128578,38.199657333497036,38.15081027814002,38.16742060121097,38.14165234892873,37.94359900989124,38.34989914639395,38.237677505563546,38.095519789544895,37.94169579008305,37.714244670577486,38.00131968638586,38.03532557905575,38.195166988194856,37.58056231758483,37.8453452524145,38.204731268769144,37.95734699922151,38.10943909292983,37.88784623505695,38.30177786521995,38.228145126081436,38.09442600713093,37.84261082469539,37.54090004393091,37.65744007537998,37.90454749036484,37.63527179921111,37.12866448284832,37.855497150951656,37.46048480730856,37.94602022946044,37.172995477583214,38.177769170104604,37.65768605948424,37.90693842549304,37.16312637200475,37.39362796043128,37.51324381110821,37.53576689780642,37.06980841435251,37.52362563194468,37.257237056977445
12,39.221730367905664,39.13005790118077,40.03472748550225,40.12265691655163,39.92847107447953,39.470030542148194,39.45544037846913,39.81526850573646,39.74947724473811,39.72522663715347,40.42528830770811,39.830122758185354,39.69231167776692,40.08876943773428,40.00802883117702,39.74320383230736,39.76109002095748,39.4836308523511,39.96608642056809,39.682712961890154,39.75474572593181,39.57296487144653,39.81603195961765,39.82557674265772,39.52401993849726,39.138068856066766,38.381153824708505,38.873679910478494,38.957144618812336,39.39796435893216,39.66993862462384,39.418968633199185,39.86444633398069,39.72939784503367,39.91102577576618,39.983219082674985,39.803085227957105,39.31592034698744,39.41745242831059,39.14722436670176,39.59321091652452,39.50352036020586,39.4070632148954,39.63813079309321,39.59724174790476,39.226008930436784,38.93525424630738,39.494664751888834,39.46974018997042,39.55451955915804,39.69917496794992,39.46345401908147,39.14001593777807,39.51589851373406,39.1601461215166,39.049888127296036,38.82078429598931,39.18688014315779,39.402241695987065,39.277153803034274,39.49828507703079,38.964904396950445,39.45478471349141,39.18451876960833,39.51444317878879,39.206604926402086,39.09070114700094,39.49106300670428,38.962113850716314,39.39423190461162,39.07331643639118,39.406634812873484,39.29242179912415,39.165506357866185,39.11340908312355,39.080440527438995,39.422697080772814,39.39427947161488,38.95489130026661,39.05758117519828,39.189192633248844,39.44189570060543,39.40726838487223,39.05613485965946,39.54006958772665,39.32060135043017,39.577885952876535,39.09838400022142,39.19843127667635,39.31391987223337,39.7377633251442,39.23497728448242,39.317783977729285,39.129533654951445
13,47.17223714069348,47.606291833003134,47.51290228538554,48.31388959650824,47.9332413547582,47.59712629909231,47.508441331881926,47.971127728986346,47.95209232934067,47.82204803757844,48.299777327822454,47.733213058091835,47.759724989120464,48.18381435747394,48.14834559366913,47.701303483597336,47.959276292208315,47.75990887856113,47.9827722964893,47.9904458293717,47.86556676388814,47.68802317966182,45.857672640165944,40.433347413912095,38.581644294566075,38.39234825336972,38.22463488607783,39.53980566950658,40.551972688981316,41.68831241112733,42.56023178651188,42.8239869507582,43.67635916266563,43.99547923641274,44.34071868846802,44.20129788041391,42.70595163697442,39.097933457550674,39.799465602274424,40.35356005435398,42.16563495385419,42.36387599901927,43.15356556323018,43.30021803242384,43.64371224375306,43.905449803711036,43.92116418146904,44.43592346740766,44.48231810861326,44.74582832798826,44.70901220808447,42.85591416511169,39.22440505687034,39.9862772662425,40.710605948394424,41.730992289159815,42.22511882256786,43.18466224266061,43.65639633130313,43.71709109547423,44.213024632730296,44.06322946608124,44.48204015646633,44.67387023377433,44.68170453926499,44.53840025572388,44.644554670524975,45.022585632907614,44.67655574120573,42.759785190464314,39.20803475798389,39.53268419547429,40.95303975076937,41.912197194569,42.433970424802965,42.82903009066819,43.590056815722264,44.01154229726977,43.892652980481216,43.896105719125,44.49547943833308,44.4431586997002,44.621225562179774,44.34485444354207,45.09203753959205,44.81910773701538,45.043970156391765,44.49937535152047,44.741763634252415,44.9416770575164,45.30311872249358,44.95687149315544,45.150206512905726,44.90232931945674
14,40.158858756961905,40.037923456134855,40.23806571100039,40.61428799527599,40.666745984550566,40.29296278305394,40.29377926938579,40.58480087767849,40.40260424614447,40.2862642385334,41.083300607850894,40.325460420447556,40.33996210348078,40.58970587285201,40.71342982797767,40.32386161593272,40.63307424080698,40.37773639110161,40.73344643765491,40.76281790777098,40.40456826707373,40.28212544093775,40.53383624527426,40.738271289413525,39.661808259857054,39.14957269196925,39.12927014269222,39.783258331703024,39.78697369230864,40.09785415876319,40.27308368036183,40.231973796410095,41.08086046963314,40.303225663861475,40.6843120683436,40.550445032621006,40.605463292467135,39.99338455910264,40.14789552841896,39.835758422887686,40.54191215314361,40.14385437059226,40.4630820975043,40.05459767756609,40.21349668086939,40.31876047073532,39.91581160666692,40.36102163436653,40.437213701715216,40.54173268239441,40.29804293733561,40.19142861015588,39.76329356447562,39.9324987396274,39.9842709225518,39.864394306599834,39.74168015729868,40.10576293370485,40.2672531462384,40.22191755957572,40.01601241931814,39.836053247112915,40.21797351217353,40.146227723046806,40.14773989954034,39.91005464601332,40.0092497433477,40.30195221231368,39.902936003782735,40.147568022495726,39.73616034506068,39.97148977037642,39.968869182240375,39.92698259482479,39.716081083118134,39.48076188785817,39.9257986485579,39.95371485321666,39.41171623459339,39.67525161947877,39.80458320330451,39.773799938636124,39.70275707396935,39.594499995442305,40.16391970518358,39.79762092399021,39.91084047208397,39.491216241616094,39.816529711090354,39.841928274503495,39.97890348817677,39.89446949876513,39.70002182187053,39.674155398780385
15,38.47204145916298,39.11569754359157,40.21491775789423,40.50780443833173,39.76636456115588,39.57563736409549,39.592076409527266,40.25103813714305,40.08205211505788,39.65471668621455,40.53950207117992,39.916222776721035,40.0737935666935,40.218154954667284,40.308502177248656,39.96804131521364,40.31206876372404,40.26993148015378,40.40449883792596,40.318772966950995,39.91501455829326,39.91784872714032,40.1052317600605,39.91196848684479,39.273491992387605,38.898304071976575,38.403285446024114,39.23070320078485,39.203117196137676,39.483222057899184,39.93658956292574,40.10572194732359,40.570737272362244,39.841634015587196,40.00146843888479,40.23626102718292,40.17543224156859,39.484792720906405,39.57448036899473,39.12052729304524,40.12068453143662,39.85698367516516,39.95527566111758,39.89853113609754,39.80086656544003,39.838133413858046,39.74886886053265,40.24414645873613,40.205965114980565,40.1636582931361,39.845860160341275,40.008791543032864,39.411922437766485,39.60769681120393,39.19841830355313,39.37574877570592,39.65021648509336,39.709606013687825,39.91421267030658,39.53407452222351,39.760631365218394,39.44949473277877,39.82861920213911,39.994877948754194,39.660032728087934,39.61952511716391,39.717546010114035,39.80115372886717,39.65821739353136,39.85518846615852,39.16631734159212,39.20031465433987,39.358660671444916,39.263616687153934,39.41339315732074,39.23051496075863,39.548983872958374,39.79328950862877,39.325146168535596,39.320623313041665,39.55521643124402,39.464939540312535,39.640396993796976,39.245973277090144,39.949063215850344,39.535456716189856,39.712929399868116,39.11354733984788,39.42242287691328,39.43826796674435,39.65727055792262,39.211242383197025,39.59000359938308,39.20382956774136
16,38.97097724883376,39.01262475871797,39.82443116279489,40.337760420222835,40.03177010281495,39.525813146472935,39.61163204668322,39.99019901092471,40.00565824956389,39.8010641997767,40.37023652482039,39.9459719599529,39.940287158244395,40.08429455041506,40.20377218576787,39.91941547876233,40.13221320838006,39.958860048001384,40.310009476651224,39.966268274241834,39.97383274712639,39.86726342308047,40.089092220294724,40.196816858468644,39.55354410436774,39.16006248312646,38.69613802465416,38.990188520965866,38.89369391836627,39.376301984551134,39.675350379342916,39.49239209513187,40.17188690300631,39.98545758048715,39.955507688008694,39.944107525928494,40.00781505091067,39.61799480218105,39.49657192939259,39.494315464244444,39.79395539225834,39.329644659830066,39.51012880992093,39.26698702047012,39.53221455818161,39.401976988456404,39.1990755776501,39.65281692906357,39.58015876674886,39.68950055712686,39.733994107128304,39.41267392159906,39.14511644347971,39.56156841144047,39.375931153893276,39.22880145181903,38.907489694782996,39.5116622702806,39.55112600576209,39.39996854305304,39.70612218921834,39.085617844582714,39.65620368817833,39.53507052673954,39.62836029730222,39.25539893608818,39.160450634553186,39.72197454722581,39.171912470056476,39.712660952306976,39.32743906163323,39.324282974659766,39.47445616099429,39.09848346346127,39.07393591965344,38.90995238722695,39.076689460707335,39.343547632323215,38.99176559921577,39.20572236560261,39.350052783104296,39.32710780742248,39.34523387214257,38.91414068144832,39.79484852926171,39.41480297529711,39.40983131051097,38.79041892280177,39.08795491309879,39.14782379953862,39.57109839085295,39.04412833355245,39.074352347407554,39.05111958379133
17,41.57860510816602,42.06746670052134,42.38866160057958,43.15085385403472,42.770131151404954,42.597764553397,42.555239628352695,42.784978021054485,42.86089857692486,42.64162500857923,43.19529930610977,42.85218646397337,42.660448550808916,43.08025630291682,43.049244760012854,42.794759546631184,42.98844291628492,42.72572160801372,43.2079389078356,43.14417036076166,42.88490564520262,42.59606005102567,42.35871173718491,39.96443379250703,38.493293559090944,38.3195507557657,37.878010341816704,38.84368588799732,39.38743912427616,39.81270452821032,39.89121977385388,40.37757406815824,41.17131580505908,41.09552329738829,41.25711263987338,41.181420966781005,40.70896964198454,38.66772857781555,39.112881495077964,39.246364676298164,40.40384783955984,40.07128114455631,40.64343721242471,40.643545825009134,41.2028793956542,40.87645035928302,41.107460941289105,41.58240252781971,41.58926629211707,41.82655789892274,41.723676596199326,40.61224747320511,38.661077387835654,38.979339831002335,39.287329286687296,39.84028039073881,40.256202820634314,40.65897957838199,40.90057564838233,41.017256977419464,41.20148391542133,40.80310561995558,41.59444204077937,41.51950334164795,41.3370094198568,41.252613055606,41.38715514064718,41.96188898645334,41.36329813386944,41.00899485660201,38.72611239261154,39.09327989880741,39.317985776534414,39.957565723996375,40.11923225973103,40.17151650341955,40.58500121790933,40.93970738935178,40.71495017721071,40.95171522909624,41.21288220878647,41.07646314212498,41.32233035258719,41.06408352814359,41.722053519421,41.357008060003906,41.49125562400124,40.85888552023537,41.23199237027941,41.47413511824865,41.54945807017306,41.25021446862875,41.30314491733315,41.34396324169613
18,41.79788300157116,41.84705356850806,42.62539158511688,42.56479420256413,42.577978780286585,41.94647226247349,42.164114360161605,42.37375760074787,42.56305428469844,42.37319420669922,42.86543333162392,42.407977499259104,42.28384910728136,42.61072836176982,42.60391050282838,42.48255560828012,42.56438234908889,42.34414347084779,42.649938726616405,42.48263032882643,42.332892959771215,42.27145150915754,42.54988587439218,42.698979469405344,42.130951336939624,41.88500626608819,41.08180787709377,41.2730145353862,41.307364113917664,41.53685732518633,41.897613804110726,41.87445721687798,42.5118120984692,42.00474002742545,42.311800047739155,42.176119110876314,42.17066484785855,41.79577516124791,42.16136788666056,41.69482419857992,42.23612659331665,41.97252351323847,41.88652960176492,41.95519977641378,42.09091686660395,42.12191951157224,41.817077850533316,42.01929959742816,42.224584341390624,42.26435504411973,42.3625465052926,42.160893685011665,41.94637757712324,42.30068894870727,41.994433406211,41.895339192703595,41.65333247194049,41.98218454362455,42.01814115061865,42.045964598456294,42.17974478567292,41.70477590482914,42.21442471437726,42.11082983697859,42.26506114742289,41.98138834277352,41.891551676466925,42.254460280260176,41.90461900934588,42.20672990625164,41.927961408894795,41.97766845899966,42.19754146925485,42.039859747714274,41.67774205436778,41.618278234448944,41.850577029247546,42.0369270032532,41.63564200817291,41.7373216453198,41.94915864224288,41.91397355581667,41.94460111475651,41.74668495780512,42.323066304825744,41.99984422488263,42.15229106161871,41.73507261881569,41.99985785100734,41.97010117480504,42.30412144676854,41.99649971779824,42.03287860095241,41.93061101189302
19,47.3573594384425,48.23074542502283,48.92022751540826,49.61794377436634,49.268537334866096,49.146089350182294,49.340780270734875,49.58338122485376,49.66032349773295,49.708641698839756,50.05442897040282,49.61318310475982,49.52435835294664,49.69141277228902,49.90418227724046,49.428088517995484,49.74600233559141,49.56832693435616,49.83856262184172,49.77882920475644,49.625000208349384,49.45077355924868,49.778081920778625,47.505068312808916,43.73021005652521,41.59449062140169,41.514723410585,43.05106916746704,44.67474919053145,46.147257377904516,47.15915502468932,47.36990315018398,48.40453361322373,48.24067332071314,48.58665436215297,48.73093128829602,48.10661826886694,45.52112177245725,45.00944261835599,45.0559741958537,46.66825879788965,46.97905819808467,47.4151975258314,47.91803425386927,48.22673764461488,48.57062164371649,48.43912741544024,48.661260987431724,48.947589575571406,49.196976373226434,49.1770265172199,48.52599679631743,45.88368193080738,44.88552403409685,44.93926722685147,45.557576586370786,45.92483648721559,46.63909339753785,46.98462209307238,47.187845601293816,47.48301079040192,47.291933967011836,47.92103584415605,47.902863041124604,48.082626758208136,47.917210284682945,48.00796636710317,48.42770874739122,47.956590549928826,47.87614042527207,45.503125980772296,44.42362058391786,44.91542299529418,45.42987757131099,45.94611805356246,46.10851428253878,46.6583894072005,47.039002059352875,46.93806231982919,47.220831534828044,47.68723585528147,47.89506702240058,47.879715772880594,47.63578907964411,48.34317299367655,48.00244973397917,48.28149775071949,47.8601985329348,48.32186287409173,48.29362732857669,48.686693331416954,48.42004580879075,48.34187315846425,48.48606576725852
20,40.02824035733044,39.6221619374799,39.833820020502,40.36489929615882,40.0927616146222,39.5112740783846,39.53938168188284,39.89224891070946,39.81650502349086,39.71609993328887,40.19548930443679,39.7115117186644,39.551904642704436,39.82946027720455,39.740504950005615,39.62294491434734,40.12406123629501,39.68238598965733,40.06633331967985,39.75648129816982,39.51477797999686,39.443998250242736,39.412418508587145,38.87822428807027,38.44733372242544,38.48435483387827,38.06570363283906,38.72196171196588,38.37596935708122,38.75365965233096,38.75382822780268,38.605996640131906,38.97552933467007,38.781183736076095,38.9488254395872,39.01967828207896,39.04492117874627,38.36441181562874,38.75964747795346,38.400215300422296,39.115621485927726,38.66309294788235,38.786342604299165,38.66042602658666,38.59790891984155,38.63111189480274,38.36984197482324,38.7236473435511,38.73771379240637,38.806714129153484,38.81927002874045,38.68289542765205,38.35841227411404,38.74353807722746,38.61980866374844,38.51199632867606,38.44447872610219,38.88484035748018,38.81491377343494,38.709615022427265,38.81764572415224,38.33229596495323,38.739929090302375,38.81215824398736,38.763792639284205,38.480995395085706,38.61552363822779,38.81302810146043,38.611679917389964,38.74534198704245,38.283379145524066,38.45732013624292,38.621159867791285,38.726842629804274,38.40649337780338,38.364779750017036,38.566877394118286,38.81229372113302,38.3030947142646,38.52245842573027,38.60860720501167,38.59493322588822,38.45323119690978,38.04968269838864,38.94643152324684,38.599966286477276,38.782976010756826,38.20912556729853,38.47261545293932,38.52277543083031,38.7394999229832,38.55823354420009,38.65358660113378,38.441928051838424
21,40.80133422069027,41.62457092545727,41.953398339139866,42.21371475931289,42.04292850441218,41.62632369117114,41.651948362859045,41.95668201533228,41.92302103901637,41.78373410556019,42.380243618392775,41.76691363276732,41.82493449149776,42.058468470511826,42.0082351296332,41.638607102057584,41.87305029936963,41.79294037063684,41.934691396172205,41.896967087949804,41.729017938361,41.6412711448446,41.77052322737172,42.07324216914919,41.46245220085532,41.18010707108909,40.70475000228462,40.866786042834356,40.78037190089439,41.1503703544838,41.308493537785445,41.28199512758812,41.87310451140439,41.43797181583604,41.67641378198428,41.57183608922032,41.66572681655867,41.14545601115873,41.43787336147976,41.000912444009444,41.81344047321465,41.22174629773922,41.43736217193812,41.257349168525614,41.1875031187539,41.27379373078549,41.072726472564625,41.56995876408213,41.27595892259929,41.696655698032835,41.46171007698722,41.23020056288903,41.30019595202287,41.43904938805765,41.24351567207312,41.11815016497343,41.0309107604121,41.3757638708587,41.32271276197402,41.16332809127169,41.40068115253012,41.09690013478464,41.444118099502965,41.26398513375231,41.55177142587436,40.96169464952048,41.144999123455634,41.5049332066627,41.31657369320963,41.45787136916922,41.232944574514214,41.13077369964689,41.224874260295614,41.1713268958073,40.95299577166555,40.689114005740755,41.09727016100939,41.36785944484879,40.979973344299914,40.993012142460614,41.294317294758756,41.19067074020497,41.21740591441699,40.94931916379442,41.51320249819283,41.26435964478726,41.53238824081758,40.65436033972924,41.16054223393908,41.22285801965746,41.540182196781345,41.23154734358734,41.37880302998741,41.264549101632085
22,39.70537965429879,40.432702182932125,40.922584478850425,41.55347080645198,41.20738273022685,40.65992222235619,40.644850748686004,40.567452736053895,41.16846773106445,40.84240152635044,41.31028088048605,40.69070260828809,41.040873438438965,41.09970418052521,41.02076024890128,40.55374458868243,41.04463049043574,40.73803931546724,41.23193023390036,41.0379665023885,40.520301338107636,40.72515069964228,41.30150622075519,41.04568662207335,39.548184554273874,38.544016021032874,38.20613513640008,38.778298297638294,39.13035157454258,39.62101165348672,40.315226278562285,40.140982288484395,40.89369246832643,40.5995676299563,40.72398157265846,40.60216949780857,40.83403640186399,39.72777650050382,39.82641668159908,39.245106912450204,40.17694616749138,39.89184473421904,40.51527302279149,40.42338137071179,40.24602051342944,40.318233165707696,40.38570886539874,40.387964759268556,40.41447444998284,40.730834301880286,40.59896768853646,40.08037902104148,39.51112093388546,39.70218190856482,39.736108215944974,39.19582100094771,39.39098279749641,40.003997644881025,39.8354805710636,39.86108181532647,40.0806790470401,40.09538251042398,40.54084987301213,40.15996342462778,40.44113347008763,40.0497091398738,40.37626135372592,40.16280234653984,40.247483754514995,40.20352317134887,39.821040269991435,39.42349903446828,39.41986607824252,39.48206891192138,39.47957654156466,39.10861558039577,39.96111554766122,40.38796352011827,39.83587999709903,40.05209162149782,40.247630806799165,40.283100562375466,40.276354704983014,40.04308429160043,40.9278572509689,40.36431353178192,40.817338835571135,40.05560630329121,40.23050249118967,40.69596474384244,40.63769963163875,40.43469328066917,40.70950251917976,41.078412223485216
23,38.94716080676997,38.56678731428168,38.464994514919844,39.07848513468722,38.70142013199047,38.0945164813498,38.25127841040825,38.41808093582774,38.5009786877203,38.39046175060245,38.87351345304144,38.26981385818814,38.34226931157062,38.58963172522974,38.430266187444474,38.12273429772362,38.49157293807173,38.10796798047062,38.604710975721,38.47577177319736,38.239321757891815,38.29546954377283,37.71568614552349,38.05672730676498,37.85158037468683,37.873747633680566,37.92311284095862,38.252202862221004,37.893991637090814,38.13357835544056,38.31644116647966,37.97932246651551,38.57496026466781,38.31758530439835,38.438020144112954,38.22805825834554,37.94336860427649,37.6362434250472,38.46941880226043,38.25917405504536,38.51778053869969,38.07005525900456,38.21150485991043,37.819813247407275,37.921510696631834,37.766616846476005,37.81040122931296,38.06092373050739,37.97987332588094,37.95614374412783,37.97544890291216,37.57515110634407,37.319377106734215,38.2527616538215,37.88037320794455,37.80133409205125,37.85845363245909,38.08063646438745,38.290800551463064,37.73988002893349,38.168509784498035,37.669922598973635,38.247832153514665,37.96328937158769,38.031289229381784,37.659219590777155,38.02709212851426,38.12977013564677,37.804895983673475,37.75063079973368,37.53553677823617,37.90118342845216,38.15371463097868,38.14959137455983,37.80028643887259,37.766444059937285,37.91324676079452,38.1758734287276,37.8705897850441,37.77397616289588,38.02391222632761,37.940318412238945,37.99436057846694,37.71440397242807,38.08858143193771,37.9104708383392,38.077771358956376,37.32603350459297,37.634747048495576,37.770595054671915,38.134899831857055,37.88666505628339,37.91769511910536,37.76208379824592
24,39.45225951967873,39.19563889360566,39.44826769183233,39.700709926789145,39.5525949147086,39.36088144712628,39.16866548248211,39.48797497054623,39.57083003530856,39.471726382384105,39.80901029166056,39.191714676173994,39.315502331304835,39.70847190127169,39.74358278997692,39.45135920178377,39.60717545449782,39.15416211204702,39.621136187955955,39.59375386042143,39.32454441441772,39.157723101924084,39.38559725178126,39.76362673655079,39.39197857401291,39.19850114594703,39.00723559518751,39.32374860731464,39.06251307060814,39.25079380425828,39.478054271932464,39.24466034477276,39.73019050358424,39.360352331776966,39.58048504987187,39.407412222931285,39.626437293998784,39.03239011540262,39.581792473868425,38.875805091643066,39.64585471630225,39.21717764296505,39.31141203457954,38.91633895027745,38.98502908358527,39.173049112144376,38.80750447074978,39.11461226701878,38.853901074990574,39.46379626643325,39.14463523297595,38.998629152282476,38.759531886531626,39.209605875438484,39.099236084717276,39.049470619280115,38.67174273163623,39.07869914555934,39.24242851464121,39.01921234675299,38.91436413203835,38.664143894943095,39.11574397597613,39.19318258850352,38.860610642357756,38.77375357113957,38.76882991504864,39.125021500570845,38.68369290540836,38.983015222338636,38.92326931673676,38.98767866904221,38.962055962937725,39.17211025431668,38.7811317774963,38.69440814357371,38.859566828145205,38.830879989616164,38.421366621366126,38.45641890618698,39.05517211054064,39.00794491030333,38.66018127064905,38.38892709123893,39.04099659341307,38.73502923238496,38.94782535148746,38.38446712172669,38.74094419673217,38.844961718548895,39.040575640548646,38.65416774198453,38.92893065489494,38.67358479051595
25,40.17673688427917,40.19109486682163,40.86668636029428,41.776094776715844,41.15534770318187,40.77991505008834,40.605582924776236,41.25293315708131,41.30191994525361,41.20567085168423,41.57286259045599,41.20891276450249,41.34527436853435,41.53474741098364,41.44221786388477,41.43103026770834,41.433740870941534,41.410000255869875,41.67297590468531,41.56173733350165,41.40390790943669,41.03159711421987,41.69670244122698,41.62540888380829,40.37522819821543,39.518995399049224,39.01874513077373,39.41078948373965,39.451412303352356,40.078254316509884,40.644036477625036,40.660980164220184,41.0913105842294,41.14461964896715,41.245296657031346,41.08945933550518,41.142877962414566,40.42594410456719,40.01494136305915,39.767980955459436,40.5510505406976,40.57336775385678,40.90377092732134,40.47779310208168,40.90437556964973,40.466364274590916,40.636711071665175,41.07776261648065,40.727549260389594,41.125449030070826,41.23274940293397,40.76889121909742,40.15939082525099,40.29340113382475,39.67601551750862,39.62884685781529,39.40707569745541,40.18682680844145,40.17267296707564,40.201534371438804,40.34208733920481,39.7545685587521,40.13146685713049,39.74332924760495,40.01309128692691,39.68947863678023,40.06582332934267,40.02326800565327,39.985191347461985,40.1727830952481,39.59899672611964,39.520221481227495,39.39084719346083,39.38260847705372,39.11656869686056,39.46335360268363,39.70752609945805,39.91252195758865,39.7105769913658,39.54358195945257,39.92793781306463,40.00603345532767,40.031006660805275,39.70862352269134,40.57500906492041,40.195658940912686,40.48339609665805,39.77592056118229,39.955288154198485,40.33252802804526,40.045104060322046,40.120016764968014,40.26360730577562,40.34701070495861
26,39.42008371095645,39.603557899110086,39.33480813560533,39.394181887909085,39.39309048403949,38.98699997660732,38.75624988998918,38.9124341787578,39.13090050363977,38.93317418848149,39.506892200052384,38.93886679232665,38.8707258678529,39.136663518161015,38.98415805597055,38.59171021099142,39.04657021905782,38.76719933597465,38.92186672593319,39.06988159515655,38.896874595736456,39.07146316339673,38.13881871236808,38.49568762597195,38.35836928851076,38.21168413900863,38.148448641302586,38.81639392108294,38.27356720329798,38.82764853243907,38.853315765285664,38.39721338653602,39.150386730616276,38.807164211187235,39.05252035979335,38.66158518329785,38.42734866992605,38.1586119892829,38.59367870667445,38.598203310210785,39.0990024483568,39.12523808639868,38.773663364257324,38.47592987180721,38.45904699883842,38.30755611469814,38.03582207017284,38.5340576539971,38.475637975840904,38.78667614155278,38.6158869962406,37.90879201584854,37.80918627093815,38.556780609458826,38.40689032971917,38.49606961866899,38.377190131475245,38.8423288674245,38.647083755869524,38.41293353154324,38.799890466013515,38.322113998913295,38.61226776795116,38.71574484927089,38.64571199894113,38.215007390291056,38.547566329611726,38.49761045297221,38.47017114828394,37.90243435368239,37.89654310648608,38.505557813793764,38.73562366425589,38.17872711610258,38.10735245142236,38.15795421346896,38.37712174735593,38.39308010330467,38.076808945535525,38.321528558644985,38.47852735589728,38.137470174729444,38.42797607043904,37.97658275350174,38.473055875796376,38.39198259886957,38.36356212174384,38.130079725660174,38.04088911795395,38.19050892415952,38.4267715758748,38.25041070105116,38.36752727233102,38.53726950692947
27,38.49366166550143,38.881004184937645,39.28734669425358,39.32519899451069,39.2618708961758,38.78585510190716,38.92911776650636,39.151950194104685,39.21200751171176,39.024674858469545,39.721371542113054,38.990146190999,39.11332403218685,39.367404296527674,39.5109788525671,39.10079925719772,39.37345984344014,39.39855449663447,39.60783033930873,39.67716064434025,39.20041027913341,39.14381147943051,39.22464111395455,39.76109823815433,38.89473710637124,38.801584778485385,38.52731520115417,38.920854555825315,38.7038943679682,38.93301265192432,39.13345684707612,38.97334724547451,39.575571001780766,38.957560977174744,39.242081059716966,39.25781385832023,39.21766189169885,38.84648900430368,39.11584160444145,38.75904575382373,39.41665452788598,39.065158686905306,39.06274299577183,38.7817535459727,38.81821787497765,38.85315516343837,38.58041020392682,38.814823974265536,38.87437945213244,38.945858229823074,38.9477512625283,38.86460533345671,38.72600072612512,38.94236889897874,38.66474594970317,38.473273561743426,38.543860176445676,38.84398361884256,38.898251992533226,38.77150237883643,38.53696637690674,38.40558810351465,38.75923422679079,38.490990923057964,38.72126623165782,38.306471313456484,38.594780273011494,38.79458115634807,38.36728763409838,38.61853460116431,38.66165881856757,38.75979895422228,38.69565818370961,38.67749607716866,38.468720918005516,38.10374336407741,38.56840908696665,38.46919729341705,38.11965805569199,38.2409312457578,38.354474234835635,38.25881742660523,38.45133530321337,38.05669102995091,38.60822985549849,38.530050989229075,38.55374835207628,37.750058994902155,38.17004433118252,38.414498541969415,38.242259776433684,38.27891916140004,38.30655174096343,38.16759213941126
28,42.111596748216265,42.06869447177592,42.36977938640503,43.10411650659817,42.98444945421313,42.30454959513979,42.221381784053754,42.515619202602856,42.67929107029994,42.49720573606401,43.01510153894385,42.61176343711839,42.38600883054722,42.74402651769448,42.736899164581594,42.32649912647697,42.56600439330298,42.504072262757894,42.57602201583276,42.43814712028868,42.244643211737554,42.18625527033137,42.63085965014499,41.78571956633947,40.51345405952714,40.00549930479662,39.57706510121729,39.96063962841829,40.10607824179594,40.542964045904135,41.08463127259813,41.386002351990605,42.130101069681444,41.90119278955261,42.11071388850069,42.09867407957768,41.77706576230061,40.56516378933269,40.535777710196164,40.44121961696251,41.46449557418449,41.23289521489385,41.681542678786414,41.6471660910077,41.70103926061422,41.80254543744797,41.78401079254626,41.91414161120997,42.109544949947605,42.00669994435082,41.94248349252367,41.72805122364068,40.469390617689854,40.21423166692825,40.4639940446388,40.40121347306545,40.321647111653775,41.263538309456045,41.57598076333223,41.483307963624824,41.60639733961938,41.281542390172426,41.76096898636734,41.715744734177036,41.878131555626304,41.715443803786826,41.45902908024302,41.92462911783397,41.64594543589541,41.82579116896607,40.5316073866962,39.9394516323099,40.3059249594168,40.65751700143842,40.559958352245864,40.6825303988181,41.00713393607172,41.32887839380217,41.09944781430983,41.200154189542246,41.382221867699464,41.44584593553329,41.54488133070188,41.21078964018986,42.07773881532225,41.71721754251858,41.918370251934824,41.38624569140523,41.58818254912676,41.507792694764404,41.8410916345776,41.54241156321673,41.677627589269385,41.838182058961706
29,38.65460012212274,38.74942523693579,38.6801466333455,39.181507896628524,38.77040636350975,38.278596064747,38.34892610039348,38.48722607567815,38.503703460971295,38.41427536964526,38.9281584481116,38.40120412585425,38.30456294317534,38.69290843027087,38.65229470511657,38.43480700540071,38.64342101209461,38.09215837897595,38.55627815419393,38.43231999508232,38.24624979319217,38.17876976036044,37.99263403685689,38.33729271104582,37.99959901261248,37.890037240080744,37.79438386214189,38.46190630465553,38.215481825172404,38.34764408285846,38.43677934447002,38.141563715310134,38.56634899631385,38.148607272762995,38.37008413192467,38.33584325867989,38.34781218310853,37.547056412761634,38.18572485469778,38.205673971361946,38.83736802299572,38.22047495298739,38.18593112505068,38.019176088020416,38.01447790092359,37.98427491305996,37.750435392568214,38.23470223782512,38.15285906880454,38.33049016211201,38.21670787385603,37.90925669939519,37.61038469732474,38.087566728021685,38.056019638893,38.06839504114895,37.97480766323242,38.213407264401305,38.149115416182156,38.09608524089307,38.08917807485193,37.767910051177815,38.195056117102396,38.10458586108387,38.041857904331984,37.7877388675369,38.02018525828956,38.3271987962629,37.96893859641413,37.99500849310467,37.52413125456754,37.90847595169151,38.3987896720754,38.26936821948147,37.67865884913088,37.59671068436769,37.90443157428894,38.11663321792365,37.66987692690936,37.767868265599745,38.09430585940456,37.90952461256963,37.840648456825114,37.487093787571794,38.204546237169176,38.02414225104955,38.12466589716524,37.440128271551266,37.65677827333319,37.66878015535274,38.00683549336154,37.7081685684145,37.82684664404525,37.62900588651175
30,40.25891270862426,40.685680532699294,40.77448061375829,41.51708262545289,41.33522033336748,40.99230156774862,41.1059154865976,41.2902331207522,41.30301963157897,41.35734370586512,41.80552782089876,41.21666966925901,41.3948878005864,41.360713420769606,41.68919695602593,41.27021271431505,41.44169993141194,41.37534032964562,41.611124116016995,41.57538484655241,41.25217129416415,41.19461686056369,41.59099582516812,41.688513343653234,40.14296573524113,38.85712835624596,38.031384661345236,38.219539063610014,38.01120925018445,38.50696097110266,38.65051831566713,38.81157055657958,39.63391677715992,39.65944284038794,40.1187968680858,40.22554370503574,40.177276534701384,39.81792717997038,39.493474159094376,38.736014730675606,39.41478358468897,39.07136781162385,39.434714334864374,39.2715666280393,39.48782553156727,39.880344037191584,39.87816411912733,40.458764875514944,40.46324263581167,40.60005854270434,40.81283863767429,40.422209619673225,40.242174942909834,40.06794036092622,39.222724249816864,39.13368574855926,39.11121449087114,39.53810329229295,39.82112724742078,39.9235808639192,39.992032921525706,39.97039237550923,40.51842924826263,40.81658435756496,40.78960753319529,40.46608822366753,40.78987124602727,40.83137759609045,40.87685322633407,41.06546552467668,40.62526924268488,40.11623429785728,39.77246607124812,39.26911393027852,39.09378303048365,39.1525312757299,39.44959678949578,39.87591682870725,39.742206711317415,39.988552909281836,40.41044788001517,40.42012941129456,40.55584721352029,40.14839473691233,41.11669598846703,40.832351698053024,41.05433001923637,40.5040318732406,40.75597157477115,41.007696337891986,41.12359974059471,40.900285036298364,41.028478644908674,40.90397197702753
31,39.93774036798663,39.872583659777455,40.57509937172118,40.80745168973504,40.31840677198229,40.20734481087879,40.05252649940027,40.454329193096186,40.5365632087462,40.3398895197032,41.028669439395756,40.42304592151279,40.321433151600445,40.651684434672035,40.534070375605594,40.394624648708785,40.6596795492193,40.462484364035646,40.78874751792546,40.55600930924744,40.543772347822866,40.365761277308344,40.643476292389494,40.42298494826948,39.67598116444022,39.126791996205526,38.85850315552714,39.5320886440588,39.37722166599241,40.06818305492756,40.301526229863,40.05271672602556,40.729536708517486,40.422129098076624,40.57702316018234,40.5557394542601,40.448831472851694,39.60888541962205,39.81025802323474,39.621993051092545,40.379285176728885,39.98097580751256,40.12287115280993,39.98278097072755,40.05180539397253,39.91269062726107,39.897530034161896,40.36510190627606,40.073997438844856,40.396976760121674,40.11476958620591,40.14131465691296,39.536521249755296,39.51885090286892,39.65436448243138,39.68193178109639,39.625975307935754,39.934040615474025,40.11747923641718,39.80008673989732,40.013866777596064,39.79092645862212,39.96328509467853,39.991622752217026,40.064382237286274,39.79114089052385,39.917319622227154,40.26751536464844,39.85808705032868,40.177926977632765,39.458004689939145,39.450876430283586,39.57410120037535,39.6722117941727,39.3423628566923,39.36865024113642,39.62108312392566,39.96512489878052,39.43977052222408,39.5967276324443,39.935058533670805,39.831535144422496,39.62362049706783,39.399970086307206,40.16563654582461,39.678129592993585,40.07506115368382,39.33417690905365,39.62467150351042,39.78143848172283,40.15806357641795,39.79366738908374,39.62929431767342,39.70197786941971
32,38.56596492290539,38.49617097039556,38.51380931332814,39.026744465081016,38.66231360247551,38.36827880568523,38.10063504439678,38.43947507831843,38.4487590416799,38.25179454939842,38.62324886258317,38.30380176131772,38.22594433819623,38.50844746800926,38.41755430714265,38.17025406062335,38.52306285194659,38.14031375648467,38.49128825676559,38.3609165717034,38.20900224440422,38.25534716769715,38.26584906276016,38.2111352399141,38.02440078402111,37.915622330375,37.826551163156566,38.33203241391737,38.14896299413036,38.18285672927898,38.162822763516274,37.99089230931947,38.451297457283836,38.1206301529962,38.231423710782536,38.16995611623031,38.57058638460239,37.63254212371235,38.104415167380786,38.11020646805713,38.574885143130004,37.97791064798066,38.13565220611844,37.88655438499975,37.95538531959606,37.734221366118724,37.710636487682166,37.97797990991564,37.93865529692944,37.96482855404938,38.13454935105185,38.04239112803135,37.410666130849805,38.04023629822666,38.13191512755155,38.13521730209353,37.93822206625688,38.18278707373479,38.179470732553696,38.0122087523125,37.92046551745194,37.61826695888432,38.17292541640413,38.08271041740441,38.06480010720403,37.55836282643921,37.71724898888603,37.9972669506389,37.7882990777542,38.01894102340592,37.687053690924074,37.87439039853167,38.04453419022343,38.096088575831445,37.80178898647912,37.588492051588055,37.96547092955962,38.0143752910086,37.696327820128076,37.59328088369776,37.84666265298283,37.70329183935493,37.78395944706654,37.43128604261165,38.07119219512263,37.81833044796748,37.93849757133332,37.36729737341985,37.53985045550003,37.77073119235393,37.91694741517637,37.97442321559456,37.919078172764436,37.706151295526645
33,51.55439336255161,51.93444326546731,52.108115598501094,52.56826969263587,52.26094304517781,52.14740159958986,52.17965358236418,52.13955923383019,52.47014208223794,52.241720239527304,52.74906092984807,52.14163007574818,52.25548006821314,52.477777179977515,52.61059466731352,52.17439682659622,52.34407876113905,52.394024488794045,52.54240506876853,52.38346978624581,52.28803333112259,52.319895249313184,52.58212267561777,51.687766047009774,43.3528854080605,39.268582192037236,38.04673285232907,38.05287492870766,38.493981340307606,39.52648331789558,41.224215943187914,42.463300315567366,43.80215805205996,45.18162548923508,46.224624008811986,46.8716568959953,46.40083892687838,45.42823088338783,43.42651500353542,41.47083302030178,42.26892328150377,42.48778170964482,43.53720643368384,44.46451124733395,45.384676501243945,46.305341896466665,47.15949257293248,48.16300817730716,48.563731130944426,49.529005188232425,49.730092946323595,48.96013317508531,47.434959458052184,44.999184424517935,42.88809051729425,42.406914244384076,43.05879979133091,44.14470560983269,45.00809571080502,45.91253155289407,46.87652755174038,47.32559014746624,48.42642366031693,48.87381192854649,49.670117276317235,49.71284820233397,50.12698542283227,50.59896375478472,50.48023839017694,50.33974822579762,48.66436458668721,45.26193663646096,43.34259096859561,42.784609590901646,42.90622681674674,43.8619372548435,45.15754842984758,46.1347958940273,46.67546270382631,47.45827290579664,48.45240180337816,48.83319176182904,49.515661218619314,49.54685451051343,50.59709909207866,50.55249994809774,51.01033848181764,50.737473015941184,51.091532200862325,51.51810934711529,51.792895966482334,51.68502327974185,51.87155690027832,51.82230548697084
34,42.18611368538944,40.93945097808675,41.212738483436496,41.95760042705659,41.313967495276245,40.77801015935275,40.89663364738327,41.12990138351919,41.45227506427488,41.07254535994267,41.40910549513964,40.96315480669497,41.03680608897515,41.48532810055795,41.433400708112906,40.82333639733773,40.930909354402374,40.847726682241024,40.91158192141131,40.77440408747301,40.92958658200058,40.57167339061018,41.0399249225181,40.710563415219596,39.65935541629947,38.91669127359672,39.03801560788059,39.16114862393717,39.299160598437474,39.995922461736946,40.24909035077691,40.285656744750746,40.71847240315862,40.36088123584905,40.55006156758274,40.74941162616751,40.565751336064636,39.483051066032964,39.7421555799698,39.56047546403231,40.341120204191625,40.06991328761848,40.3993089025258,39.90535213890539,40.159864089621095,40.21074104075619,39.85183748945993,40.61047467491346,40.22556575907013,40.44791743569775,40.41245387645572,40.40155774689155,39.62849252178357,39.55903294457788,39.73811831003066,39.64739250106004,39.90158878701902,40.204659200798545,40.115609275332126,39.87571186242914,40.05688945850107,40.03244121540735,40.324917502926624,40.400723891376714,40.27036230609891,40.0416287912242,39.81546980199435,39.92659780485846,40.22717069009847,40.52128401599899,39.496379417348955,39.334830443680005,39.857463017729785,39.48745832660921,39.42449694241234,39.485111956818855,40.186338434008725,40.233117941838884,39.79766098186584,39.856058350252084,40.37391012496113,40.29472518410639,40.42311897618248,40.15094495453458,41.038143803282566,40.39683218185333,40.683485237638926,39.99121071365539,40.57619477204132,40.72687207390433,40.79399124286001,40.67504740324964,40.44065820396201,40.69860048844386
35,37.51679305221073,37.565217813125,38.138789263238074,38.183498618775694,37.82740708597159,37.524275513495056,37.22989946272823,37.58911412975284,37.78490868643612,37.67599720803851,38.20380737914004,37.665562272094895,37.72531004110964,37.808590146815476,37.93128656065182,37.6830432598264,37.82170095516128,37.513281238427574,37.98338559181886,37.6488181290855,37.75429247373817,37.651215643096236,38.071530550869404,37.86799813325391,37.525407676959816,37.46584792629767,37.00175806571967,37.93612709122813,37.458175368632794,37.55548716652829,37.76001251950176,37.462805485155016,37.98510774375948,37.57830343311185,37.834344827410185,37.62535458518394,38.13437632888068,37.39969254834146,37.626039757722054,37.56865852537509,38.293839941843025,37.51388900666447,37.51100563474958,37.394955926825396,37.52923857220664,37.39585804244652,37.04452648974398,37.1457594004132,37.57870372187152,37.725134028664385,37.383662203331696,37.64275590982426,37.17243216627475,37.6531223811332,37.72961104116318,37.50586494286425,37.406718236991985,37.76670607308088,37.49619060624577,37.385874390010535,37.45868983099672,37.23683227135996,37.49085601076311,37.35873742355565,37.45048368103728,37.11056408401079,37.21330152691325,37.67429084800346,37.417173218796265,37.97145616351669,37.15618260266113,37.462081969247414,37.698985545898786,37.51550115863397,37.32019178058969,37.154232296711605,37.174938613407356,37.59991698474025,37.06479468484274,37.1091769811475,37.37446819986852,37.155610043243854,37.316366308957946,36.79918424228558,37.55959451533969,37.149012085396926,37.357335347088544,36.9108890594047,37.186587830751364,37.34306689037322,37.35757042609526,37.26755840338146,37.20988942469754,37.038154731528614
36,41.324181715158375,41.43348122429027,41.632150809070865,42.17874061141272,41.96268461265734,41.55208876636158,41.544135032850576,41.748956073911714,41.880960393513455,41.66607579842877,42.318557734008216,41.648165956409564,41.71162446601879,42.133652696057226,41.9434207786667,41.769730877408925,42.06313229578417,41.67081381369583,42.12568621140442,41.84323058730365,41.783881536133364,41.67267663217105,40.95890990519669,38.44487371333045,37.44794496169349,37.45007060675033,37.269925168077336,37.77022589734445,37.54611983349521,37.93948138604701,38.052866835037975,37.872662292574525,38.57614858462386,38.28810393145704,38.46512231870156,38.436120603926966,38.437419151755556,37.668068698621944,38.086479218468156,37.76045541610003,38.51609159464689,37.87683115593458,38.273436951559276,38.098642924965766,38.23355466399338,38.141580667921076,38.06631675610002,38.17978827740482,38.41996579420963,38.495387771754075,38.509527531140044,37.98881773769115,37.57994219868365,37.894563316732075,37.92828436483889,38.11107044601339,38.04301958742163,38.251882277688765,38.23618557154492,38.18058068799802,38.20501445443465,38.06962354292011,38.43538001772344,38.358772619847855,38.41087437188072,38.12046089293045,38.17946332123566,38.672907221993164,38.26026178430704,38.40489336354377,37.6298900645408,37.52290789084466,37.879687170426436,38.0398855047663,37.7458316592384,37.840451610974945,38.25665644368816,38.29470811142598,38.0805072426934,37.969125909417265,38.27483807508094,38.33636434678885,38.25393744716696,37.80928810587366,38.61464223568732,38.37996041687216,38.38265855191746,37.87626776838622,38.25119012377356,38.282780983281846,38.52623448215997,38.32572267596281,38.349142973734104,38.14218439051168
37,41.160265344759225,41.25543224434737,41.5267953235495,42.19534593566542,42.14103664921577,41.48256725580157,41.674385467252854,41.89901681502215,41.91988436607499,41.783066720808826,42.40140240925306,41.93675153066286,41.802130141847776,42.057341828625475,42.177785804787234,41.884177582104826,42.17137354069628,41.97915796303569,42.05506028676644,41.90739169820598,41.80961251494813,41.670390349167654,42.170124099730465,41.369638625938435,39.88761735188538,39.51698315367076,39.0375231619818,39.43476591300481,39.33687997609438,39.8537597148121,40.30513014005541,40.48175769824684,41.16060928679236,40.99695273250807,41.64290681607344,41.2595741845089,41.21549490987955,40.22069797538397,40.002998920929144,39.860972622757096,40.61055758536508,40.459649750138375,40.7605763102354,40.76659188906924,41.103262502627246,41.00439381530077,41.03380646858418,41.25016454421534,41.2231868913378,41.46594948427523,41.39117640560445,41.18525976803406,40.195739762458835,39.90261061204758,39.75393301244159,39.85631182067854,40.10560010635653,40.506168386927136,40.68814918574137,40.89385930743612,41.00680340612197,40.86500716990505,41.24994824521213,41.16615884834484,41.283693062033244,41.0393236489117,41.13663596255983,41.50954510059834,41.225201477605104,41.39167605471022,40.134768305066274,39.775838170297185,39.83361134575852,40.03928937737126,39.882288919044306,39.99807305939456,40.72278334210424,40.88941902998503,40.67753389506833,40.69449580679839,41.032893108428404,41.01009930328025,40.90434558492152,40.79780524079667,41.65606792717143,41.26582244391716,41.52616297144694,40.943799744749526,41.01671242505728,41.22463734143821,41.63708324179019,41.33386500841641,41.493525618711985,41.539905290656534
38,37.566447558744834,37.436966181421056,37.846197144207544,38.21878921600201,37.673687401327705,37.34396916343823,37.39713653905138,37.558082044081395,37.644371729534996,37.479083188688165,37.849547136407885,37.63332586290142,37.57253412833936,37.630310389434925,37.780252292836884,37.56325102841282,37.66483979675102,37.38496402120181,37.694413072424155,37.56467492557224,37.38899827169726,37.52445315519612,37.55877275785564,37.463020969347525,37.330225428709404,37.39456213336725,37.09805853670363,37.41142092447908,37.531072957616246,37.587122956823514,37.60238291961921,37.44659123344571,37.9017171703812,37.5478017367896,37.82358821709104,37.59130445142799,37.865429821891944,36.92254515907382,37.2114185441897,37.16433152289179,38.079282612525525,37.409841699757834,37.57108525242033,37.34044908514977,37.378882691105964,37.117570955614895,37.13463462780788,37.19728883645609,37.21098436214435,37.49590852137822,37.303878373231086,37.369211464340964,36.81453101910791,37.31430729311303,37.32003834374957,37.45209847266422,37.34012344043732,37.34071039771586,37.51818664980693,37.31642666854187,37.21641237304282,36.95676206011517,37.31018011320157,37.273645966860144,37.24022708973291,36.95655648122786,37.097705396991095,37.441751517317066,37.3996181931553,37.476040918039246,37.03775712493861,37.09582557509328,37.31486235128162,37.27593563126642,37.30887769975085,36.928820351468076,37.31680200719768,37.27092227026256,36.921684380300086,36.92016055978786,37.193048026480945,37.018310460670094,37.15015855092845,36.667217934483396,37.5306157871732,37.066984326699064,37.295036392025516,36.77310155727345,36.795332988102146,37.2002829220685,37.22943766213902,37.20310539975382,37.037520682741956,37.12135723380229
39,39.29972173361117,39.55367428964691,39.53497036243479,39.73264557664786,39.86030021941849,39.58851229780183,39.666483499907095,39.718892050765064,39.84848240170828,39.56686468560149,40.144004149112675,39.738083984167176,39.774646490655556,39.861862162795894,39.8436237840119,39.588923371978474,39.89397583109033,39.62077313155272,40.07212547842223,40.04539730153618,39.746054065013794,39.67967022307246,39.78499734055126,40.11348886292092,39.38015014011762,39.12419500020406,38.89095551149351,39.61386015580114,39.389253636327695,39.870215242863374,40.02206013111105,39.84564880499228,40.32600281816477,39.866926243581176,40.06482525287627,39.975625655064164,39.99404416879168,39.39775822134701,39.74327743520177,39.46044553674843,40.271533850619264,39.568646107427895,39.94208588553493,39.65285817988783,39.78997941477848,39.56542877150152,39.530752833107876,39.88283957969233,39.62024407528386,39.93190496400837,39.74720477678316,39.651237644787614,39.332037775321,39.798940606031245,39.4804221746726,39.673494392916076,39.49978823206715,39.773603525559004,39.75680222393217,39.595496202455756,39.67398868185282,39.40530485136573,39.91584723730579,39.87709268429372,39.8651317312791,39.42713666244685,39.543464413304825,39.77953759569834,39.695159196480446,39.87149338684613,39.479390859940025,39.63401462763497,39.663779076869005,39.647624523520285,39.48154613956512,39.2607206807453,39.706298874681984,39.77533539796043,39.35770146621912,39.301210551045216,39.73043269741126,39.62562754180063,39.739880909513886,39.244991962146365,40.154721651097674,39.664588510092486,39.88777175650261,39.19866931877642,39.39894005384204,39.58186635366483,39.831571728796966,39.732747874640076,39.73045731635927,39.75471814302919
40,46.01821634957994,46.7209039903367,47.184389529807895,47.95877582005545,47.660439129456556,47.04145906315111,46.96630620167179,47.213720814132245,47.43761647980858,47.157073579503454,47.648500344412255,47.3313956989297,47.41457947783189,47.3502892903236,47.525443495084936,47.2094145654233,47.6866739920845,47.441014912626166,47.55437926453797,47.359127454214516,47.320530551516384,47.3566899864243,47.10282728107406,42.350274522291436,38.730601658409526,38.39035313846593,38.06743720787602,39.11302818277383,39.82017327415299,41.07986510690894,42.28269894231405,42.88953954593976,44.05200549125345,44.377314962231026,44.861200409414586,45.09938840435298,44.22297077666911,40.30728274722544,40.00613311679603,40.316659509504774,41.76069364827299,42.21937781972068,43.293710076381934,43.848310746477324,44.35986282409019,44.75514371512559,44.99299560500837,45.67702978429589,45.92454861436285,46.00951906960947,45.95770168721379,45.057618079874956,40.52001191815209,40.28464400057331,40.6706119822111,41.767803002217136,42.32488522476097,43.41939847017004,44.132740078583566,44.40656888139268,45.039495984092014,45.0655240435745,45.58721079031578,45.7409943160249,46.13948249283652,45.918995210660206,46.18040963063326,46.456501325653264,46.28206402379511,45.5531643343239,40.67860505330504,40.05149817150193,40.7972139346258,41.81782710607942,42.610543431567194,43.228769253545664,43.971314188452695,44.67644719602289,44.776720652640165,45.17906756035387,45.43433943992336,45.85022569825202,45.87373897486249,45.698262846746864,46.54262313277013,46.27211370338373,46.60105403318036,46.28190433659037,46.41306970661455,46.588523321654016,46.84210609658701,46.6154871887341,46.7600241350996,46.78220232390203
41,39.509326160005195,39.527525800396496,39.50946318799937,39.93539459584372,39.62066542455383,39.07548461442152,39.09794463329111,39.153665119551036,39.30021039443181,38.98519275686453,39.70353493135979,39.0033295216451,39.14946425226091,39.36183952444551,39.38923067960842,39.01151112246527,39.3183555236742,38.862945278214646,39.32844161804923,39.21946082888544,39.12351132763835,39.053796500607106,38.643614206118436,38.954781697148675,38.8342136300899,38.76785348641745,38.60808585578541,39.0844524799841,39.09239079950968,39.02239782302369,39.208363969718455,38.749448790202734,39.442203695226965,39.208085412875725,39.40335433118776,39.2565078860968,38.87775121281255,38.331040123064845,39.05443850863011,38.88845732917786,39.601286191120906,39.0787994971751,39.06943007220911,38.882028115678224,38.94717519631092,38.61241322641879,38.45676980206935,38.97514697757388,38.87886407273134,38.95783605921097,38.91573166176681,38.51564219283596,38.24087154866024,38.90550867040995,38.92742391484908,38.845884002767804,38.727858136834826,39.00135099840491,39.08722419831398,38.790644901522725,38.85223181125353,38.58925696102217,39.009099260012455,38.88488685449892,38.92970604489893,38.56396397470692,38.781215586002325,39.06240104543015,38.716824570734744,38.63334191055435,38.36368462284834,38.781870746556166,38.926324102208255,38.97629951315511,38.55959239923038,38.510565789514395,38.71666855286358,38.84277529068905,38.49044777660224,38.42323242296115,38.868870772923515,38.66476803948191,38.6150295543683,38.43209702956206,39.007455232420504,38.74339757083727,38.75718871613816,38.257665034057034,38.47866535277933,38.536775672332986,38.80045542790606,38.6701246557428,38.721694377665585,38.470737318990615
42,40.447059528000594,40.041978185820355,40.01668060884112,40.47260369950542,40.43719326108213,40.0706530680554,40.09419555788934,40.243619176317964,40.25878781022824,40.17268716383644,40.67631426488186,40.13074072429925,40.049699856954426,40.33871608031538,40.41298146719583,40.052503837494456,40.39520440657854,39.96344633966933,40.331106351500885,40.32246576277203,40.200336878925434,39.96562087337371,40.162592148389116,40.167850596472974,39.15395480517173,39.02944306963097,38.9560482938086,39.46261328066989,39.49743088796473,39.74401026252478,39.9481078804323,39.8748881396762,40.258917294072106,39.882070409842136,40.2189802070898,40.05078586595575,40.13599993972963,39.41796519738249,39.55231132202796,39.50207054467323,40.18876816596991,39.79113654885118,39.85487101993758,39.691998715972375,39.97029064474407,39.773372159759,39.62720954844496,39.9391922198438,39.89963885049025,39.982055623865755,39.8466518102767,39.57712513179098,39.1233387445661,39.60592959902883,39.40307628162333,39.48435875845944,39.53221913309427,39.76061198616591,39.82237189174672,39.580103066970324,39.85945720517224,39.40640979897341,39.809687596342485,39.87961102275173,39.88799049799217,39.66004337596246,39.573656787303314,39.877462252116715,39.56229576480073,39.740585639717324,39.21313041840611,39.40848963139071,39.439323438958844,39.574103638621246,39.40303984483783,39.20042393489827,39.68217924668185,39.660945782285765,39.325486989764315,39.24392496602945,39.720611282497075,39.38647220611758,39.61408506282315,39.34898975386953,39.85359808165506,39.7537316963211,39.88066429035911,39.288430756611504,39.49883246695177,39.58458637159387,39.84734706904037,39.58254800294153,39.49380071579219,39.64315694740044
43,37.73807292316398,38.00468449099741,37.968279546087615,38.65219181664089,38.23745047068939,37.85959066833897,37.70108565743949,38.06129840718918,37.993127281576626,37.980193003234675,38.54962706608639,38.06697122575409,38.109667191027,38.121924649283535,38.24255327497328,37.91881847602043,38.25396956706975,37.787056557437026,38.15828914365002,38.03128346527994,38.189866753415956,37.78929253498059,38.281209171791666,38.38620172547827,37.638413050130424,37.650804561836516,37.215797019023334,37.84338331221145,37.5453421695634,37.711370967704816,37.797278635991916,37.62585161203129,38.01184339247144,37.86149610926049,38.0580063770382,37.68329614060622,38.045353193726505,37.661086578649794,37.912643701443905,37.593236722624525,38.236720110917396,37.70228267058729,37.78002390233884,37.58181426824503,37.62074926637258,37.37609423613543,37.181808274869645,37.534952842129634,37.62894308961718,37.948420076066746,37.697327243638924,37.737725448916606,37.60274804514863,37.86907507762932,37.82058180688554,37.508651022471646,37.52638269281652,37.67639644679787,37.85516269066684,37.54073451946818,37.80725655752394,37.405072456141106,37.623492613708535,37.66997559054842,37.66692144213258,37.21608972932536,37.52435380780738,37.84597787043323,37.5218834134624,37.77551576130382,37.39440899653404,37.48497143489986,37.88387161520702,37.614170711420115,37.592043347091845,37.341868839502936,37.57627387452746,37.73024197687969,37.29371827613641,37.29842329676968,37.48171598317638,37.54846124424781,37.30311607834756,37.182122134765926,37.980492365965745,37.634735945112965,37.622177212058276,37.19624667483301,37.22974117352944,37.490565700202765,37.692845504705346,37.55349882687335,37.45237496287265,37.46711007705903
44,37.55936508998469,37.698145202502374,37.92211073751971,38.58103935264572,38.357323700849115,37.694576584507374,37.75965270629767,37.835872384326066,37.93494569798955,37.5757386402683,38.2527164591377,37.818899934934265,37.67782324777073,37.92272754038786,37.770527470027645,37.62331997540577,37.96364700792188,37.77637450966822,37.802576065228884,37.88923357541076,37.74932375266044,37.623765872736925,37.32090612287035,37.54597404910965,37.33526670316555,37.284968170481356,36.97243191965928,37.3929381375626,37.49839165800579,37.55341086791534,37.71751724396827,37.295789667077685,37.86047622281283,37.68847156552176,37.731372012373235,37.85105394239752,37.40940081272641,36.91254389256779,37.215251253261286,37.098803547509476,37.9022724147033,37.413321310428394,37.49133738829715,37.22324715956374,37.22812323998182,37.093309403700175,37.09008226222146,37.40409372141013,37.30005769321821,37.51135486458772,37.53154980578778,37.12752162529435,36.70424725658765,37.35068138683511,37.198245472396714,37.177189747180414,37.31715723842555,37.51381087557682,37.56268655145861,37.35224522269979,37.604414609233054,37.12248694945154,37.465900593399724,37.45761652341007,37.38204282442735,37.20253089692628,37.31479357636288,37.51764777198136,37.336681051868275,37.09772413299182,36.914012721774625,37.282741143273675,37.263748128868905,37.26471792801044,37.121417764406225,36.951772738461145,37.30831635982632,37.423236540041664,37.10662673417999,36.89286030301006,37.541487394281845,37.21874786849078,37.13511114578414,36.68064835739971,37.524615414010825,37.157732316166346,37.349049926745906,36.78904482381721,37.0995278649926,37.026827723078654,37.273134064462425,37.25236704414804,37.224552527672905,37.18097382610978
45,40.980771643095984,40.905530866865185,41.21260235432453,41.768775560242055,41.35592495701621,41.20249118373139,41.368574186851376,41.55288504452484,41.39407409372521,41.347202033929115,41.822428020765436,41.46123980262472,41.315346764052784,41.522857844116665,41.57284769363756,41.13398595546501,41.54463288848954,41.252192989665666,41.53397765308354,41.45244605532606,41.354648785741304,41.178687961154914,40.93102184691062,40.05955860129078,39.234807324279345,39.35791007048559,39.70598760116342,40.44077094910362,40.563044703565936,40.953207320169646,41.07009158952487,40.95642483293502,41.47497003516091,41.01779247388532,41.30489111325707,41.374701308042326,40.936851650056404,39.6902101053188,40.29543974319751,40.47693131641321,41.277113488879614,40.82400158462363,40.900599927456604,40.873573030642895,40.968040742938825,40.761079323538894,40.568171842836804,41.085928319098045,40.99613806418313,41.219522700405335,40.93261870887025,40.21737757527541,39.28190425119057,39.95035036420938,40.069671257241865,40.50066587996076,40.396055345893586,40.806808999035525,40.933577198180885,40.80966270470776,40.90195397265768,40.5970424509002,41.040245100229136,40.99168317802417,40.884519763652776,40.68107138564265,40.77084003139055,41.26121010813885,40.84643034188096,40.2553638907427,39.284225893874904,39.99111109481559,40.25463478601476,40.39443953865502,40.48900053325097,40.24723065577976,40.67405921967155,40.909035611875694,40.23276584822089,40.46050585739613,40.72623240584511,40.80249817786846,40.70237659389815,40.49770995225064,41.15553237434409,40.60321331836207,41.037127646936995,40.346751019586016,40.555850932976185,40.66158431459739,41.017892985220705,40.73604095196651,40.689386279448435,40.536208784158994
46,37.44008058948605,37.62520049780707,37.768788181430686,38.27557567774392,37.94237694738354,37.46068236634329,37.53125917523525,37.55901451721038,37.80738724941245,37.41390981091058,38.11882843604078,37.69266685070756,37.52314202008219,37.89569490233173,37.622612197002006,37.5437938193051,37.79746305046703,37.49363450779845,37.8095411440531,37.75122535404657,37.525844146169305,37.5336539374749,37.88194372498654,37.993830373244194,37.369153978048715,37.36298637466153,37.0984819235224,37.53983432814788,37.374688126376704,37.4458327048284,37.46723776836864,37.338555165141024,37.659667328911816,37.40367794493156,37.57290019747761,37.536125042966354,37.93733435829349,37.50485841938517,37.58632671603207,37.317684366325075,38.025562294019686,37.56265678438495,37.577024834203705,37.23657949251401,37.25987476251425,37.22547039868006,36.9357589929867,37.36060211048412,37.23183622878808,37.51076042316562,37.519358962016696,37.41547097817708,37.511359410270224,37.68711267708492,37.48127066411635,37.50488880740911,37.403148467026824,37.65962225005985,37.53320655257379,37.24743466193064,37.385206774488026,37.072134973359724,37.38859873701661,37.36687666231023,37.15688529947232,37.05301200336773,37.26655257612857,37.35815331294566,37.13409554961141,37.69769219600435,37.51006254722046,37.26933952377938,37.52156104996184,37.31709573303105,37.33466328468359,37.08139323318432,37.20068482999219,37.299235235219186,37.08774961187973,37.07471244857276,37.367876959367265,37.15515423943981,37.05786828447267,36.7004711744308,37.50242597257557,37.21006442476696,37.27626667071413,36.780791504637385,36.97889635728617,37.07472965145993,37.376815800024715,37.12179735306553,37.235528690530245,37.100335848173856
47,36.78891547309963,36.888708739956805,37.00619503403885,37.5248767649153,37.14604168415248,36.765738706462116,36.602990971892275,36.87381416690243,37.03863494875928,36.634389920846836,37.119797721791926,36.65883731887201,36.6418677350157,37.091811702633784,36.947082359091205,36.67837968674385,36.902272607720036,36.62245966202331,37.08752740709237,36.91371230089513,36.67095229849698,36.63422695819909,36.49403207939327,36.7205986244125,36.597016036335184,36.60416173690459,36.205910715507684,36.506729714471064,36.5878953242922,36.75452665293216,36.86545535548565,36.578211254901966,36.90005307428675,36.86575024124536,36.96860732144251,36.91771071311177,36.67020121437428,36.16929767117007,36.58047672987704,36.38767052475413,37.1149011236142,36.60948838234185,36.76896730028572,36.516827118909,36.49099771610336,36.323447236008285,36.36915838704491,36.65006107474404,36.55840447087785,36.69746575034987,36.675110091249564,36.26326676185394,35.97837184836536,36.47091239915342,36.43740470893241,36.61306734726899,36.547669838623484,36.62540197283888,36.66348446438307,36.403229900355335,36.61559702653111,36.29382799825634,36.74189399221402,36.60864291046124,36.70138215123009,36.12449932816481,36.392515950593655,36.633904434694244,36.44966816990654,36.29429992315581,36.18114267142037,36.35315226078531,36.62042665471272,36.54931982938857,36.32176170096294,36.08172382755883,36.330145526350385,36.58917716589978,36.238526839151355,36.3039581942102,36.55190978931127,36.4776687405663,36.3265522336175,35.98127105616685,36.68492333167284,36.4800499660284,36.46657953383972,35.92660600480465,36.20562521488042,36.2844705356844,36.7212982634717,36.53176747095678,36.31642583828586,36.22986494802341
48,39.37314656396865,39.34146533200069,39.156998929668724,39.44512102220942,39.24416337036496,38.85018751154537,38.82968189943929,38.79415327061292,38.92355499844793,38.81968254014947,39.470639790369226,38.7905080861785,38.7920573493949,39.09437286902851,39.04707748255156,38.855852652433015,38.72034876542013,38.77765505727323,39.009993196824034,38.97983652223798,38.82901210932677,38.969988800774054,38.18018545252693,38.71420044602659,38.16671042830521,38.21669017182298,38.75890521519639,38.806959106711936,38.64826627907205,38.62637564972513,38.97533766388975,38.6395148116109,39.187602310105156,38.81777966542868,38.91048385818162,38.80258682729552,38.53709552731693,38.30550550457618,38.91501046495135,38.57621669818412,39.28889838749171,38.83878687941039,38.85718658167284,38.659124035502195,38.50579609441477,38.430980615777635,38.348837280379634,38.72206279626652,38.61487239012648,38.74112040621415,38.88523564905106,37.88298306889179,37.99911710615497,38.79509748663115,38.6938357073912,38.69863763429523,38.5757706551667,38.85645339961243,38.91257151643447,38.684161037066424,38.96271792772012,38.24804139011178,38.719344170130455,38.48468271238023,38.719412760452876,38.42519049840174,38.488122370107305,39.05671843362965,38.62589570821141,38.19743970219899,38.272653347517405,38.50323225038231,38.89691492001808,38.64622808568773,38.34332192108513,38.275428373348156,38.72379983599696,38.83806819952604,38.27605592809451,38.349872423059445,38.59629234365966,38.28081168618599,38.37308637818427,38.05828847132818,38.82187832841866,38.61171188786544,38.693125996559935,38.01155707012312,38.21640084920456,38.42146350708812,38.671664386883585,38.51278321899847,38.57622573709801,38.334232194752474
49,36.40307788265177,36.5346060449727,36.96839712909739,37.2724101716589,37.11006945827214,36.7806757723713,37.03521408669339,36.80550141229635,36.866947883714005,36.630067203866396,37.32360270855118,36.76979359509706,36.79393964823079,36.99213130534279,37.173649319590524,36.673118943970906,37.19243606455991,36.94967472107031,37.28201474912438,37.036164347895074,36.79319869018268,36.61191758975313,37.01676529135094,37.232568197829295,37.18754454402328,36.73702254143825,36.570159891343984,36.67764317349672,36.79205978211806,36.93430394454367,37.046789022935464,36.82673091703224,37.19076677315087,37.04822749379412,36.986815027300885,36.97961615313738,37.07824746154025,36.736862098022634,37.01839543114021,36.86413225065263,37.3954629682503,36.97656411729706,36.89877139945622,36.4084337352975,36.73210683087707,36.52072613027363,36.62163539764839,36.79211930075459,36.604775744727,36.843946152536866,36.81493780241299,36.860779680401606,36.54555644644985,37.046796388427225,36.9294334681082,36.97196030101136,36.632106721970175,36.828703377339295,36.764423803607166,36.63774768902837,36.55999485043482,36.59807890689552,36.78421162065905,36.679709254805964,36.724334201917955,36.244910064389494,36.4790594981708,36.744215983524455,36.63690389477919,36.85428891023641,36.63721000641587,36.6849854478996,37.07024084856458,36.76287717052198,36.300172326343954,36.52158505454045,36.80297358343563,36.7023980235542,36.433167390315944,36.48512649615689,36.77929029609576,36.542117221489,36.52688653129034,36.21053952691866,37.006611974011456,36.65617502276572,36.813039613565074,36.1248596779861,36.299198839427376,36.542286232392875,36.76914717400005,36.503963640650966,36.47832749091554,36.601831182423766
50,42.670603751620455,43.41421873804039,43.93244941728,44.51029460807983,44.27711251752488,43.726352423107365,43.90353708144219,44.03564228360624,44.139454054629475,44.09183496355582,44.36301573536042,44.13495564432246,44.009299115515695,44.324236938197735,44.21816835077674,43.890684513377366,44.47346456901686,44.154989564698056,44.141664651976086,44.19758091021318,44.10141436030801,44.142734912132035,38.400177597561125,38.473735228190584,37.94698385578839,37.73286292885474,38.07010646516337,38.35144669585149,38.28821039318162,38.40673538284381,38.63020762132494,38.510125454087216,38.8993291007055,38.76187266030107,38.83121185056112,38.90744906181665,38.40741851239527,37.69137415998834,38.55890260439979,38.092569231212,38.98501046005178,38.75751281099535,38.837132054710615,38.28236072816502,38.6696692847628,38.35838619896467,38.29464239490161,38.50003951029525,38.631292475605385,38.59600310503322,38.75474710788662,37.96529662042384,37.69269712930904,38.600824107276296,38.191830538014024,38.34582652198168,38.43139655457635,38.68345025238134,38.84072384720583,38.50819536989647,38.64110053332669,38.187593698841404,38.86824183772783,38.63976624576105,38.59016497640249,38.510947635557066,38.62414986895881,38.77419011876992,38.432542262171935,38.14302211474055,37.65274701251102,37.969695678117134,38.59509473427356,38.47708234437027,38.45771465162685,38.2724270368313,38.50849905872004,38.58949972158416,38.383127744593736,38.0613836168178,38.567234949397125,38.305934316921395,38.466959686244884,38.18731083015417,38.68201157494433,38.624223468821896,38.721138849483765,37.893293241504985,38.35587839132791,38.286018536480775,38.84764476016379,38.183155522783586,38.4773088369186,38.33615836793656
51,40.00691885821897,40.35370937817272,40.84063083240015,41.08837528844616,41.00375270229576,40.647973362786665,40.456954581348455,40.971787713524066,40.88135662047406,40.92880321951226,41.36045927303389,40.753113627264405,40.80814775209835,41.10094630576383,41.129981320613005,40.8513642409856,41.175634691064744,40.935109390015505,41.14594959739423,41.019530693598384,40.98217140257739,40.90657235580819,40.35729181513333,40.99179811107141,39.86455899352122,40.28229078145003,40.426209137546486,40.5910032182493,40.5283093576347,40.97380134374753,41.15333957339198,41.162941006983715,41.63298039774341,41.2682520345157,41.51177078511663,41.31111918044615,40.46592766974242,40.33916981906596,40.83261539886033,40.79741304799365,41.675456408359366,41.19473944895698,41.252404839147026,40.84486794331283,41.184200399818195,40.93276253226467,40.855653766092956,41.120961834229405,41.193984809744926,41.39196212187795,41.41688726640894,40.202392510588574,40.19838590939097,41.088145000284825,41.05390989495275,41.06832507998861,40.81641790746439,41.45125745791736,41.291819003577935,41.234926592658184,41.333775447064376,40.907162821534584,41.383528098065675,41.355235191110715,41.214216053015264,40.933628191651515,41.011152057934304,41.37009057608572,41.15387033383719,40.26807171316376,40.361802578406376,41.12635342998805,41.2841753294446,41.205598840769795,40.92652684393524,40.70287332623739,41.1776536513901,41.30274128844021,40.87678581983643,40.919071402733415,40.920127956541855,41.03365061567979,41.00133699587622,40.77965919018155,41.38679923244084,41.25798558730049,41.48551986746602,40.52467535407594,40.98398683131839,41.19107642622551,41.22943789365299,41.08983090449541,41.14467603272814,40.89809843466195
52,39.821079068199005,40.08639670402377,40.37549201226551,40.718589828099155,40.50443086125809,40.20048767740395,40.155534795471375,40.35871616504409,40.591506408846804,40.35307127037489,40.73790096597229,40.2955555965652,40.31857123533279,40.45771930893039,40.66937770803948,40.11221909179611,40.49339347776909,40.396221813078014,40.680206673858486,40.42353266372885,40.36573581252216,40.1373989129542,40.235645779077316,39.76605965752727,38.977527542273855,38.871200616938474,38.70711684467029,39.35481281903772,39.13856089753999,39.6873529784056,40.29560762103182,39.81456302194665,40.55750877513846,40.39227690263322,40.29330777347959,40.387367397904654,40.2494983090892,39.0137651162937,39.416646640116994,39.41512875686267,40.39710755906416,39.85965193208681,40.19714814794098,40.0158006537609,40.01486658569477,40.140045663635384,39.84080469336546,40.36499859157611,40.20717027679494,40.5355228588029,40.330357433249695,39.98644304646938,38.66614923937571,39.232143443959814,39.433068514524514,39.680510178066825,39.68337938722489,40.144943493862975,40.26901266311764,40.153107209754424,40.32957453096546,39.89803111868297,40.301377864677015,40.400242116974226,40.388406565445464,39.86078948737203,40.19999601842132,40.3706128560486,40.29222700708727,40.081732779175596,38.838731942565424,39.143680072523686,39.585132735658256,39.57255780010422,39.80876817710527,39.78391110067543,39.98492835462098,40.23400092557957,39.79381991669373,39.78145580987713,40.20451467066268,40.144820763845125,40.00254437075415,39.63382859094139,40.625095071096595,40.17127957735942,40.53717634937292,39.819780535661124,40.06866095880441,40.558788207100214,40.48329428108683,40.2170247851072,40.42078915374089,40.300616513702295
53,41.80627300977694,42.14224114320289,42.24116088528322,42.82597442595048,42.837909523224695,42.47850797378382,42.54754131737519,42.95357621980687,42.673973824752764,42.71048915546637,43.07208335866158,42.62333869336739,42.69802855770598,42.9435018883215,42.73433370002318,42.50307375515154,42.99265681050153,42.67763180601033,42.88025906962863,42.829927492849436,42.61193892085501,42.51401433463717,42.17418289468829,40.67578865882628,39.78710091191994,39.528660414544355,39.87866646841254,40.91785756296144,41.27036539031315,41.68636179959078,42.12354782797973,42.11837136958887,42.598064344470586,42.205596912713915,42.329243075681866,42.33751339387024,41.7548748659946,39.89152577130985,40.95736458545181,41.17378835739545,42.03460572880084,41.99059601282324,42.18898069264806,42.012135653338035,42.486379238645696,42.1533983744012,42.016476477972475,42.49813117490601,42.34551952173441,42.708743591746874,42.44619358931929,41.37515197276513,39.54529892350938,40.53658958743052,40.85410043925141,41.33471085571186,41.57793767575198,41.73487541857048,42.13683744558432,41.99201351798366,42.227577383742,42.12652892566848,42.330561896155295,42.36240092481356,42.30212328379554,42.08455182708548,42.20418381229742,42.41028562043818,42.258418064325994,41.06695909978755,39.48381987920843,40.27055046115988,41.046753577262805,41.29956349815075,41.566553808553266,41.19135364102153,41.65356745756433,42.13195794141931,41.69792832579819,41.64961425797869,42.368925903508796,42.18047129966869,42.08573822751267,41.842063731238596,42.46764628123213,42.32811425500714,42.58207628763867,41.85049229635965,42.214341303002996,42.25607111152231,42.65404431282211,42.600537962248495,42.46471723736271,42.35197162766766
54,38.67650386184527,38.21558141487285,38.38950993567022,38.611056458461796,38.347750736652245,37.941275465002654,37.70439652864483,37.70085632104638,37.89748314753555,38.02110928675783,38.235048077662086,37.67821746216304,37.84920010712693,38.0758592100445,38.06420014865746,37.761207643663475,38.00566626925853,37.65794386840067,38.03433138919598,37.91932069374436,37.73337927772422,37.67987772303086,37.27323352979433,37.595079109521784,37.078317158758274,37.09011335293721,37.16321107022515,37.654015633829324,37.532185505791865,38.027635379014306,38.103576791337964,37.61986094487802,38.09837824978999,37.92815791328157,37.89530148444698,38.08576093298913,37.37095587727663,37.03677926446837,37.765851484688085,37.62491870728377,38.241934853899785,37.55016155938214,37.85371157566915,37.49311975589527,37.54307465045069,37.5587446263615,37.25253168419283,37.63117444785604,37.52162255435243,37.86079507967561,37.95602062969154,36.790636440571966,36.8125648934603,37.649421438071755,37.6179066777126,37.70413127819782,37.495312231646736,37.74245327422141,37.90385538371436,37.669307511205965,37.781972495331374,37.44745013071065,37.85235962543818,37.7285456531823,37.764630897109726,37.53338269502755,37.7154121628668,38.095423551318596,38.181673984382904,37.15668680663388,36.95199849187812,37.453902946897756,37.648869100891254,37.72571537121447,37.165473253548114,37.12870411999389,37.56792569476566,37.660328764106346,37.41476972770052,37.291022188079715,37.79026155312464,37.56311623983446,37.46847388333039,37.35413932609208,37.95261168673876,37.60042246794406,37.846669857826626,37.33245707296401,37.483450960728106,37.643825905603684,37.94985850047528,37.604138964411504,37.59133753403886,37.52966840510933
55,38.63579183342065,38.88578800509496,39.28224981053436,39.88224175345331,39.432696886392534,39.211882546685345,39.35845785071516,39.64504680071907,39.6472638776758,39.42337296158289,39.94971972453804,39.54626395586733,39.40922579551195,39.80403809320891,39.78212549667278,39.58919241318575,39.72894486360839,39.55189116137379,39.81688074431853,39.640344453164005,39.560346656890516,39.4186454505248,39.63991503711896,38.93296749154996,38.04929384201892,37.679173675014276,37.63363242122139,38.035493349664684,38.109688981880005,38.76300062490198,39.00701034839244,38.922363629327066,39.579823514525785,39.51758065888753,39.387069608875535,39.37454064305187,39.34527481097385,37.95811700134993,38.08652617828599,38.243743265754155,39.40662494723855,38.885981576515356,39.15851097557084,39.14447257390343,39.2312369494393,39.20008031648885,39.03010504045874,39.38347670255472,39.3080340164581,39.55931460976777,39.27294422267005,39.180553724488504,37.811588766092065,38.06062368903929,38.23530434209607,38.3968559501741,38.468169942149444,39.006886264849136,39.01796720248507,38.94769297479291,39.12392157039996,38.78545807374725,39.149102603832404,39.157059894252214,39.20247157907934,38.990110559572145,39.034471097634686,39.419686297868395,38.89988374596354,38.87838565132016,37.90866046087173,37.76863230495787,38.19548941915433,38.49286915882199,38.34966456951188,38.31372566688942,38.65242819719419,39.07594640277946,38.69511285134895,38.64953917504458,38.89327208936371,38.83177365433596,38.80384337895414,38.64068539248704,39.45408575717541,38.94323194394126,39.12249586793277,38.48365738219357,38.825202484731456,38.90857614349926,39.23214368776046,38.87492168324372,38.99565872493103,38.76694621065956
56,41.44670710622583,41.76009184878267,42.41118608271716,42.48072761079876,42.3100921157713,42.3467342852699,42.07172553337291,42.14276832640151,42.444292763937355,42.14822538881158,42.89603346455684,42.44333380280097,42.3829581330854,42.364057302937454,42.52269215045957,42.362626096438554,42.64112184769377,42.154783858806134,42.66603742349233,42.4595232084614,42.284731460213436,42.20828269856616,41.86464676462843,40.885848721095435,40.05832368907559,39.86780747971629,39.73685743213367,40.439555881604875,40.799584805793955,41.64797475432596,41.930994120086964,41.92380473086268,42.585321834605494,41.98016139285657,42.30349382092452,42.241924359827564,41.815989320904485,40.18797651341034,40.498108806637326,40.965506062969354,41.99455876512041,41.68327095125314,41.93292610780288,41.93571522140887,42.24523107785242,41.87928918743622,41.78434463198387,42.20054511223078,42.20467815413009,42.513153457691814,42.1362303602688,41.58626109939759,39.93887369981092,40.46300127116324,40.69803616662968,40.92923158821441,41.062574819393085,41.69213302283635,41.98075545245913,42.00615345572771,41.939634750594,41.5765040769724,42.11985773207002,42.04843576227035,42.05989698704286,41.75437244242837,41.8505177141685,42.4516738781783,41.792081081285474,41.598517375162956,39.97910056931813,40.38675807216249,40.67083612507859,41.07442381139521,41.223869306717155,41.09354095621195,41.81712173782881,41.89736614450277,41.637546837331556,41.72322328368383,41.86038504059803,41.85607388019199,41.81228150526942,41.5587139182681,42.3910613642267,41.92375380112567,42.05093267704225,41.717674559818164,41.9611636658702,42.12196537212742,42.4595515378702,41.90434985995309,41.92765949421915,42.09833570709274
57,39.362917463845164,39.17590172056706,39.510770104072414,39.59763186119764,39.191064940397986,38.90425006555761,38.62619362553892,39.139906550173826,39.02152286231366,38.926178762313,39.2926654010393,38.780948985249836,38.762827906991355,39.149689347823006,39.0117918158205,38.741478378589164,39.05320665174756,38.73188357880969,38.867844622337564,38.99513574058394,38.710180015656384,38.91112984908287,38.221907005749614,38.51432187088082,38.337213396890434,38.21974200305784,38.15979212550339,38.60805285759387,38.499358950799476,38.90652954544894,38.71530427313689,38.38820682051701,39.0190195661057,38.7764931137024,39.00923371024866,39.01876124657,38.57150266059347,37.96169347426762,38.32299242604178,38.55280280776248,39.18608957577462,38.41861987685823,38.70423487305206,38.58916981684582,38.483483371732255,38.330354793741684,38.184779444936,38.46466719663841,38.53923270424957,38.699195669022075,38.85476983948002,38.020851388892886,37.632599767605775,38.299839233185814,38.33473254901064,38.501115139631054,38.491152237440325,38.811463702128485,38.73357427492384,38.616698947930466,38.637655047244436,38.21723759095876,38.56205921046403,38.710348809940676,38.568300711584186,38.31080777321079,38.36332932994791,38.58333407583841,38.47517107936676,38.365627012058965,37.886480609387746,38.22485461021877,38.45681123479818,38.56101853130331,38.24382625145023,38.09424784670043,38.57883179107289,38.37895391720645,38.11254883072132,38.10170391011663,38.3408388805523,38.278548205544396,38.3581168516869,38.10369899546243,38.67847128552378,38.505869902603884,38.45502472828993,37.922645617005706,38.15226337050649,38.452953442305265,38.46714399009879,38.38414062409911,38.39551650266242,38.36987759506174
58,40.00269708597917,40.74452945713517,41.08738586260435,41.48380078969503,41.41261387842859,40.98386461519769,40.98464953356709,41.32681580739956,41.183192200253536,40.909936170612085,41.662245039789,41.352310835384415,41.043091995369906,41.19330708479656,41.17999619531509,40.74658793256305,41.03553231038774,41.1697736322286,41.20109601740914,41.208980654089665,40.73225583517144,40.74082139506777,40.65225683255678,40.00785783000315,39.44922254402169,39.039822443165626,39.289817203279966,39.72255163461471,39.760040426965524,40.137445818559506,40.602234750006936,40.375186416466946,40.86375414357407,40.78082664618669,40.898493661951115,40.77177228391971,40.58346366148951,39.41114285228084,39.83417928036869,39.61967788838276,40.62840210992096,40.44585010710739,40.65937295874448,40.37085293350068,40.33501310322132,40.37192352756874,40.14135308031976,40.56462010437321,40.74355523148599,40.591916901377466,40.755589387863154,40.32290450254763,39.188791066465235,39.83707851658515,39.772100966138645,40.00388002448499,39.881652741524306,40.363673464229855,40.161763250681005,40.22299027116309,40.21140495889434,40.06862770222242,40.378769170617375,40.363966846477105,40.557489852652076,39.99531303637651,40.29813273551446,40.35878313782776,40.170844926452396,39.97505270173333,39.180940997045255,39.40487868293315,39.788665827863774,39.66873811176713,39.78461392687368,39.70178469223629,40.01295413269988,40.26804074278666,39.87512814814704,39.71899736040789,40.26590439538184,40.230180025232336,40.232855242089855,39.81784871247724,40.4462502072544,40.220653899340434,40.35889079577476,39.72430215949382,40.07847416146689,40.298125659902034,40.22329849873518,40.06789218412419,40.291525574198516,40.244178619207645
59,39.39030632429864,39.727609839668844,40.03731804828973,40.164235665103085,40.11350030915616,39.82360122565612,39.533109011595855,40.06702611477415,39.6690408897802,39.80674941743611,40.3787181999654,39.633601428854575,39.854057330857806,39.96031641439589,40.18437453220515,39.911878750119925,39.930420006141595,39.86049963298657,40.001747313110656,39.90445214768997,39.80672065957155,39.73914199186771,39.62923543489987,39.83043005844276,39.60856387894,39.19202407706712,39.156345611713725,39.497364815836065,39.407865281616964,39.881270147342285,39.99668915386649,39.617999857437795,40.25636630591932,40.06300707536745,40.174019744841175,40.152117579087275,40.17079997943918,39.28060905612787,39.736911348125986,39.36816303199366,40.52754834227242,39.74362896983192,40.123732204054484,39.77630347587875,40.03097163362197,39.81155614521547,39.57863480178196,40.20452002080579,39.68707438049176,40.26693140845652,40.31336083626542,39.99045374196104,39.25440598621369,39.72897177171899,39.24947019260612,39.54786434354381,39.56012350308178,39.852348153863446,40.07450762781849,39.6519222720227,39.89365197460202,39.84862455533886,40.04831292389128,40.094120703202236,40.202709686398016,39.81816019988504,39.74866350555123,40.423227241348904,39.961452174338476,39.98838685376362,39.50237675143467,39.569171647883614,39.95791518162797,40.21692790247586,39.79454514677243,39.820317435033516,39.99949362415928,40.19711028143108,39.77567802833109,39.77860759911504,40.363260128232405,40.255660059231985,39.972222421444336,39.94587628796108,40.68115768690237,40.37840433235894,40.5690996236397,39.95675151015697,40.47021480172178,40.37149918413393,40.7100840205243,40.40044365501886,40.473020910531204,40.41010111533734
60,39.107632103786656,39.081814152370214,38.9789348018664,39.60545300251231,39.17103604733626,38.75387769716373,38.654996381017575,39.11592546801765,39.09901892883596,38.85896953117136,39.29517530150989,38.82912832977155,38.81626285801647,39.13460901253657,39.087036494459355,38.82973794739453,39.136299974143235,38.70435922979784,39.079326047232904,38.901783890562186,38.81351558554382,38.701553312264906,38.6162960608948,38.73361164135442,38.296479057700296,38.19465346437497,38.28095460434207,38.69765866759713,38.29829791151261,38.56814852017653,38.61796225410044,38.41514669306275,38.858677500807744,38.56301784517397,38.58599324079943,38.58336633678284,38.83868606131358,37.91579807095386,38.729331703563346,38.378999863499516,39.06828868239448,38.47576517933802,38.59229320282247,38.297635398409895,38.277512856677625,38.29119056342014,38.12219632068037,38.49375935931049,38.388560880612346,38.415637080228876,38.505414420731185,38.510999669646125,37.71649847667193,38.625487392798156,38.40952185220606,38.38149691993974,38.28889770967933,38.58897611467596,38.66233316384031,38.32698103874926,38.450776822783226,38.00105456379341,38.55075416722266,38.40522279013531,38.37045893023522,37.98082639820515,38.33775363191029,38.52473170628322,38.24762185568942,38.51402513176894,38.051772544969964,38.33670120077066,38.69004209200735,38.437017857981076,38.145689356338806,38.02261434627464,38.28506268287168,38.430711392858676,38.06769600983131,38.058908802496525,38.47107608408327,38.257207902354835,38.215796767797194,37.78291060585529,38.58776492949392,38.33377205636524,38.35889774779565,37.76120030452521,38.05817617040897,38.07839364890641,38.31630981016334,38.29950281085288,38.16949827078615,38.11604249044538
61,44.261344650625695,44.800692753967766,44.68739721932258,45.76534381488141,45.22403940160638,44.77126862653027,44.539127812460144,45.198522955007164,45.132097143306545,45.12575642964769,45.6564584523715,44.825073879708555,45.40985818429523,45.261576844801695,45.11016020410025,44.99411724409936,45.41551822977503,45.11141968394659,45.220706227032245,45.035723300762236,45.10322650204739,45.01015025068608,44.214746875355225,41.719305816146615,40.38960406362434,39.55942237620951,39.91518086963496,40.702635517434025,40.916688605050474,41.77257297831311,42.5514406090486,43.25518631974609,44.11902457282163,44.17278994127363,44.309773715200535,44.47626747733761,43.51988945798837,40.67727215654334,41.240956782588185,41.355615236898046,42.85624681178838,42.88583923766459,43.67270050452494,43.786038366866975,43.81242220576459,43.798151335961805,44.01827922577078,44.216130094136915,44.33900445785708,44.41941331290862,44.53487210675947,43.26204526006753,40.7732024270256,41.142769833609485,41.32115012568384,42.053510721751216,42.55754189256664,43.58948192207056,43.6672147212403,43.934088734599015,43.96559279183042,43.84234583479567,44.103335713362775,44.21319005631362,44.216336817019695,43.785737171051856,44.0841882640971,44.32382270684199,44.074171050762295,42.855502007451186,40.59955735816514,40.64645722585583,41.50292907921834,42.11143253491896,42.4583234730598,42.93251092349347,43.54892821488319,44.08823923465707,43.32892208525842,43.480933226450674,43.959123175260245,43.802430755615475,44.09403272375857,43.646766522963446,44.344073077179445,44.02802883654945,44.205160196299225,43.708355372690086,43.842983739216535,44.23437179961887,44.325247498757015,43.98215639364141,44.303063114625324,44.18055217177814
62,40.806379663382394,40.654841667215926,41.488822807040826,41.41945315924099,41.17980059744719,41.0706501643616,41.035878521479965,41.401001211444466,41.3167144522592,41.18358543817581,41.75835786358941,41.096767868982475,41.14164465809913,41.55812626850835,41.420367154935455,41.37747006103263,41.1959051762531,41.06323153478184,41.44589497955343,41.25620808237124,41.159493444197274,40.80025103920987,41.33483883250617,40.74370265519459,40.18060512071077,39.59188822250558,39.552743846426544,40.065990422292174,40.304896006614555,40.68236438505213,41.01746284626965,41.005406704119444,41.43378599274965,40.98617259230192,41.17351368309957,41.07901517794363,41.25937924001802,39.793097058546806,40.45503230829355,40.086024750417735,41.123491811445234,40.554605681964,40.92665975398174,40.70562663435099,40.819528030834,40.70828289679665,40.47177863236684,40.92857668330535,40.828387135747136,40.87177507533998,41.0418390400771,40.79813553730315,39.60130795379284,40.181097965893706,40.088568353320525,40.13033803645294,40.0862136432065,40.749691030358846,40.94796438553581,40.72512126122628,40.84108576298606,40.447058217374355,40.88650960665662,40.882238165485724,40.76213571594821,40.42678408955736,40.479000390673676,40.93612747577712,40.65529346110075,40.696233121590865,39.86641390116989,39.87851972714763,40.15300433903733,40.349297165525115,40.25846743295,40.147018295686664,40.6617700808056,40.73190953940317,40.12667781563422,40.42948511953006,40.79862861560466,40.50268938701451,40.468560271930556,40.04836256656081,40.96701557364374,40.61864407356098,40.77468196638934,40.28402805104847,40.60343082067674,40.500739892978785,40.86566491865523,40.571775201431166,40.41044674902149,40.5314713443215
63,38.97216392503334,39.25921000629167,39.57088467482392,39.979398724132416,39.95120110409872,39.67568036195256,39.559218094032154,39.758133117405315,39.64408388933573,39.61390988855071,40.13350348707121,39.645938523803906,39.7362091026528,39.834351932396395,39.85159595604814,39.63745755342882,39.825044505202484,39.689318816690665,39.98561143677701,39.72574224837002,39.700427484695226,39.516460241935654,39.886428369787374,39.514597073278885,38.61892847864352,38.28512085531159,37.80869051994109,38.28270456103399,38.20480255469491,38.56412649966856,38.688945608242285,38.623800228518164,39.24657983156562,39.199239858183596,39.31697438353056,39.306145377022325,39.40065478798047,38.62397642590308,38.44068116404439,38.20864194865942,38.94544243072778,38.59682725721862,38.80562959873238,38.736043854732564,38.908390752354485,38.96844636105313,38.753157576733614,39.271991255918024,39.24080289541507,39.55860263426466,39.46413497093403,39.18792441603569,38.736492787250135,38.508816790519695,38.38366377895999,38.42599248537438,38.30605584092827,38.79641002345736,38.914798207851405,38.91219854589798,39.14458226093986,38.86486846345239,39.1251000103863,39.18912698605691,39.26166823438285,39.114594868304394,39.32827169139069,39.487229596055194,39.26692097374001,39.452392870089845,38.74171504307908,38.42872143153027,38.50127111541633,38.572847480515016,38.45607229493199,38.450469895440634,38.68321600015953,39.03418298819781,38.89148273102888,38.87171465839664,39.122428329202926,39.107082929215906,39.16225540489083,38.717468961592125,39.6132859390412,39.13040053618649,39.401537856946526,38.75604829401308,39.224700169917405,39.25408675469159,39.362461904458584,39.22575202122818,39.337067005554474,39.28273980529164
