cell_id,f0,f1,f2,f3,f4,f5,f6,f7,f8,f9,f10,f11,f12,f13,f14,f15,f16,f17,f18,f19,f20,f21,f22,f23,f24,f25,f26,f27,f28,f29,f30,f31,f32,f33,f34,f35,f36,f37,f38,f39,f40,f41,f42,f43,f44,f45,f46,f47,f48,f49,f50,f51,f52,f53,f54,f55,f56,f57,f58,f59,f60,f61,f62,f63,f64,f65,f66,f67,f68,f69,f70,f71,f72,f73,f74,f75,f76,f77,f78,f79,f80,f81,f82,f83,f84,f85,f86,f87,f88,f89,f90,f91,f92,f93
0,-0.02240170724566928,-0.019545555465506913,0.004139139350453273,0.011036658072750179,0.002636007727744648,-0.006193951945492282,-0.002186054376409369,4.223262266163445e-05,0.002639152777556001,-0.0035395124781196865,0.013409528918718607,-0.0010233530429476624,-0.0021187511792404544,0.005318537215132268,0.004414389641420352,-0.000608504530955116,0.006380567545994119,0.00031560626645725276,0.006684932805144436,0.0006006373203110911,-0.0023121828692261367,-0.005383876474342883,0.004308564903976872,0.006908735813234539,-0.014436784103924462,-0.029756986012454904,-0.044130412175748764,-0.03196632023442563,-0.03224938634084145,-0.02196798795075579,-0.011001663598018558,-0.012554279519945867,0.0027353043738783714,-0.005761310379863536,-0.0009146677792256254,-0.0019418232250767342,-0.002477132028097364,-0.015448428367414956,-0.010471478953642624,-0.018275475109387995,-0.004159910966852824,-0.014611056270420886,-0.010148948036744179,-0.01720259619883117,-0.0073828063382048986,-0.01273178720631588,-0.013401588229019908,-0.004389437345878742,-0.004163597552161812,-0.0010102823128866239,-0.0020216650048758126,-0.004599307226080356,-0.012560026631049817,-0.007537556271566442,-0.015566628359262128,-0.018501005445441417,-0.020142577991136525,-0.013203182003611829,-0.009860781953948787,-0.011784286438900372,-0.008197149490398167,-0.0154483379722425,-0.0044405827331832435,-0.007378094175435843,-0.005577277998259646,-0.013409749313387872,-0.008901223797563808,-0.004369921807704699,-0.01172595447438405,-0.005037977160499429,-0.013464258466983856,-0.016348660084065113,-0.014916947890827608,-0.01727648632643377,-0.023733315445127724,-0.026640228429349964,-0.017295351809107358,-0.011214653537178813,-0.019787776529619713,-0.01698698945992697,-0.014181040154237221,-0.012743121037012872,-0.012678391455973596,-0.019179587134888005,-0.002155783890004354,-0.011740252518923069,-0.007054515162296577,-0.02086877435534831,-0.010979541798616132,-0.009888629073632227,-0.005819545189634035,-0.01174859841677333,-0.00841902595562559,-0.007831229246218119
1,-0.01998947197280904,-0.018439925792600013,-0.009888782958624689,0.011951174438130943,0.002296322737085672,-0.010598063281454417,-0.006380009510781557,0.0017741428780770855,-0.0015473548184879145,0.004270959810611469,0.014412006732238644,0.005522326006251439,-0.0038897286745345335,0.010227906304564776,0.004350030988906559,-0.0021565872232350907,0.005476325155101558,-0.003712408597970158,0.00827043005729467,0.008050707722234936,0.0035831361558614438,-0.0005758478381190886,0.0015846690154437603,-0.03154814152564824,-0.05278522865555571,-0.06529944797748462,-0.0700708980307164,-0.05192098674405693,-0.050669302541875356,-0.03215382246284551,-0.023767936720699014,-0.024174610154061003,-0.004752254987857883,-0.00898174899895328,-0.004538227039975335,-0.008033437496921682,-0.014479887790474025,-0.054812033609387543,-0.04457173588951095,-0.044607907191539224,-0.01694330247680855,-0.01815854948673021,-0.013353537085968922,-0.018574602870417043,-0.007996702498692377,-0.008143557008350904,-0.013046578621341226,-0.005180923203499529,-0.00673931042948739,-0.0016972040671053186,-0.005082711268219885,-0.020614311815173113,-0.06043361308995813,-0.05365223294380694,-0.04878199374478457,-0.037735060610483734,-0.031314386430163016,-0.016129573354623335,-0.015862800264723583,-0.015320087918435329,-0.014037924504679581,-0.01839780754234034,-0.01051019782584289,-0.011469487748414067,-0.014460236935548277,-0.017817159515294292,-0.009940599635942567,-0.004303124784959068,-0.009293392318659627,-0.017114771559871015,-0.05695564237654069,-0.060121525391396285,-0.046179064887270825,-0.04273477510081714,-0.03924308142599716,-0.0336582579109135,-0.024639203488639332,-0.014540516429639936,-0.021836828702839067,-0.017198512793373946,-0.011599517746113027,-0.013049067223978025,-0.018758217723844176,-0.023211823010818762,-0.008113560256633604,-0.013532231241242738,-0.009300144394945345,-0.022809358587593864,-0.018832029451568977,-0.010418175695973291,-0.005412016264954609,-0.008263745301952426,-0.008423595419383064,-0.015347207313374888
2,-0.012234580433550595,-0.010307918474526672,0.004678838068596843,0.0068070488928394885,0.0034926945266493745,-0.0029917592961362545,-0.0059613224041431875,0.0018512033944657138,0.0027027504297120167,-0.004271929065565567,0.008288711731557655,-0.0058979634576777915,-0.0016066944046937662,0.0027645664676854997,0.0026927443039235187,-0.0019085208090452255,0.009429981653077287,-1.978756627014947e-05,0.003492855874184831,-0.0010009194310792264,-0.003363169420269944,-0.008911820363591694,-0.0034000772080429375,-0.004625217094830146,-0.020441805468278552,-0.02984107988979317,-0.03016278401934811,-0.014658095128147527,-0.014888143467189778,-0.004645590321470381,-0.0035176132811882287,-0.0061800863845964315,0.005967902902088987,-0.004213130291950242,0.000430150727075902,0.0004880531012266505,0.001197079311154514,-0.02254346594315149,-0.010585722421793984,-0.021088596145151052,-0.001000376780425353,-0.0066903216043064494,-0.0033942405914225452,-0.014272698809670298,-0.010166196499330194,-0.012352548779563884,-0.020881718619166444,-0.008883475912661611,-0.010472816088583461,-0.006329060129561222,-0.003403206262218781,-0.010689352728552608,-0.02679518688770611,-0.019911235195459804,-0.02002998227229232,-0.01748203720027679,-0.02126854043162069,-0.011281858065054955,-0.007292826847927434,-0.013836824142623194,-0.014148879686947946,-0.020275402837545132,-0.011288590340335136,-0.012098684178834092,-0.011699655481827578,-0.01738620989107447,-0.014873466348235958,-0.007906962605639901,-0.015913255331365627,-0.013121794316366852,-0.02788181111460087,-0.022338457976152633,-0.01433160504702055,-0.02088650794955923,-0.02107461308442643,-0.022907708854131535,-0.019331871605997444,-0.014344637997717175,-0.025014566111429635,-0.02601808590052116,-0.013794681787754955,-0.015471009780032692,-0.022881551852177627,-0.026859399477306114,-0.010066650577386626,-0.018589223251804177,-0.015103012641679752,-0.02631246945625806,-0.020618503130548776,-0.01582431496494064,-0.014935651570549994,-0.019497431288938966,-0.016661220422519916,-0.019509371416137535
3,-0.007415782703395471,-0.005940451160665472,-0.0056281546350174195,0.004841602651988944,0.0012679724700734958,-0.0010635003353535177,-0.003675455547751283,0.0012969247684831019,-0.0015798973383336066,-0.0046870721004980895,0.013238480024577722,-0.004022503640734541,-0.002780798508204123,0.006130550124489213,0.006384070969022694,8.308290152331218e-05,-0.000732781624400705,-0.001109592871889822,0.004175543301321802,0.0012177632547630676,-0.0035021455255721478,-0.003158782423677837,-0.013604993990980092,-0.022539615343845035,-0.0455503124541532,-0.04612239648074356,-0.04010057681823795,-0.022874022896714787,-0.023102951652142916,-0.007234092750534477,-0.00135562125822322,-0.010574544940788577,0.007240983823548621,-0.006263472017981101,0.0010168324392678572,-0.0024728931174443965,-0.00896436856609474,-0.03721038252930639,-0.01949357212549114,-0.020386113951490672,-0.00108629300769659,-0.008723776526409729,-0.003493202342823667,-0.010414704411100458,-0.006267513449630012,-0.010239964893001342,-0.011864489370524412,-0.002854685416618633,-0.005073597356570784,-0.0023373076880601183,0.004654080899036638,-0.01756726434125763,-0.03752954307816437,-0.022107790164606067,-0.016125820571438736,-0.015044498574075854,-0.013462283130032861,-0.002928042724659402,-0.005226549128401514,-0.0022887934879641486,-0.0008358273438933447,-0.010379022139808484,0.002866382136911357,-0.0035251515035105855,-5.2726685445439004e-05,-0.00764889024466967,-0.0013245003464846742,0.0035896446085340915,0.00068172584228562,-0.0198836069064585,-0.03331739287149281,-0.026845738409507047,-0.013274545992386822,-0.011559172410935936,-0.01475348569035398,-0.01743637012380353,-0.00950405956114079,-0.0049116298074064965,-0.012296403549630337,-0.009195287034808942,-0.0021820818084839406,-0.004990082516036796,-0.0063323160219089705,-0.008390043083994936,0.010741748040089094,0.002303611905375833,0.005152522636956355,-0.013703578910031548,-0.003509591509102816,-0.0003171002510756039,0.005777161438655316,-0.0019303299382386007,0.002958651647103368,-0.005449669398752657
4,-0.027526210773680462,-0.018851096627825185,0.0008524969852620769,0.015872865738576998,0.005333536763013271,-0.004463913161395761,-0.002975891899038637,0.0004323720085923626,0.005754534540972852,-0.000707567066544434,0.010923553539290483,-7.476463283733422e-05,0.000980195825508364,0.0029200926970445766,0.0036852099378947784,-0.0018898294453145376,0.005507459926800097,-0.0018292060751551253,0.005989422336843803,6.673938198856002e-05,-0.0006468114767881981,-0.009914564695525626,-0.000363358128019992,0.006785268814751056,-0.009151436461706583,-0.018975997544366074,-0.037976359896430896,-0.027407976780240834,-0.028463417516496777,-0.019737188341514875,-0.01172810890131735,-0.013147865769229123,0.00010396388357829074,-0.011265870490950979,-0.004142348541401837,-0.009143979350080109,-0.003503574810554263,-0.01458501980067407,-0.014282463676971459,-0.023912469964826835,-0.0027101684122584286,-0.01651001433821562,-0.014405538060916155,-0.01944678749631202,-0.011558432141059144,-0.013555608384730373,-0.017752377587308132,-0.009748578798494976,-0.013703355088954495,-0.007211001458671821,-0.007959452147184003,-0.011812533464278673,-0.014996904144281334,-0.010247042065576835,-0.014942312641761653,-0.023865122470004194,-0.026793192676535214,-0.0127973718091102,-0.017349498515506875,-0.016551269873224035,-0.01321437540743896,-0.01980252320571321,-0.013309377363096682,-0.011168749583495976,-0.010225514784060703,-0.019263728987639415,-0.01566734272954482,-0.008472103713036602,-0.01365037054568581,-0.010887546190254387,-0.018416113685512596,-0.014711258467835725,-0.013628275926602994,-0.020030433659243587,-0.022479700665369497,-0.02795196804626178,-0.020483898899506903,-0.017680240119786035,-0.024934354729171226,-0.022504470847123346,-0.013150149776843359,-0.018389459460662384,-0.016062337381997246,-0.022744357273488516,-0.0037631285820049066,-0.017414790409625274,-0.008229526415776183,-0.0258542263638425,-0.017716941501017863,-0.019124652066781468,-0.010875791178120842,-0.017060854360753802,-0.014554964276969477,-0.014466916151061559
5,-0.026140942778921022,-0.015128467975114426,-0.006322553610309912,0.014204366014708527,0.001789802860196514,-0.00720287886950923,-0.0001404108078254829,-0.0021433086326085407,0.00297808765306554,-0.0007400850757791538,0.012668249345005898,0.0010751703497413087,0.0007335388023962339,0.0039125562103351635,0.00769130135073742,-0.005345480942132053,0.002463901226661796,0.0012382544470622113,0.009224737832337368,0.00518416259994776,-0.005637908286731623,-0.007271118852770265,-0.0015212901600163116,-0.030813517065414568,-0.05797699400829008,-0.06836795678141878,-0.06939584318961332,-0.05421724579560814,-0.060448763787898166,-0.03375290846151121,-0.03268030071841905,-0.025954903941528464,-0.009601656519741191,-0.0102314138951178,-0.011006367930882029,-0.007277730674040695,-0.018120482675112282,-0.05723353576212421,-0.04730777226949638,-0.0442708209542684,-0.01691718231481301,-0.02526260790857484,-0.014760669591217775,-0.016991106208161133,-0.012702047720849343,-0.014321323866305555,-0.015558309505002331,-0.013536659603908636,-0.010098767903509215,-0.0027228747137803457,-0.013998325743696916,-0.01544030032565388,-0.050271278779432285,-0.055069072218132245,-0.047942844215181774,-0.039772870061871565,-0.03364304184673424,-0.018153738712087777,-0.016368363061766762,-0.02441703747009442,-0.017790384996762623,-0.021714825096279842,-0.016451929122976123,-0.00909658260095754,-0.012834213789752184,-0.02308143746838967,-0.01568095821807139,-0.0028057122441853305,-0.014049653565756645,-0.0176598350568674,-0.056843446047137536,-0.05566276600078468,-0.044677985824690465,-0.036271616757199775,-0.032838904590046444,-0.03510837825631011,-0.021658339162291144,-0.0176834718934121,-0.02864908731203545,-0.025253898007790286,-0.014983702413800948,-0.01899169883074009,-0.021566242477145992,-0.026146956743354918,-0.0077810751265701686,-0.01242677731896116,-0.015836275185455058,-0.027245506590589778,-0.018498809658208448,-0.009307095674174213,-0.008791099448303813,-0.009750456080666438,-0.01004037956886992,-0.017618058774723486
6,-0.10987291021353247,-0.024322719785420735,-0.015608250201268693,-0.005986283743612933,-0.003792722661692995,-0.0030740455482593737,0.0010127056876511865,0.01289069703726329,0.012500419595608528,0.007986296544234465,0.015289297697779492,0.01367708056944099,0.009212475350042234,0.015372057066239082,0.011891738308311714,0.011833758281839088,0.014788865566125508,0.009890852690835346,0.013544434268091219,0.012766253490325464,0.010562487174946258,0.00969772592331903,-0.011628645157869976,-0.08641422714645804,-0.1644434357572863,-0.1986785026986415,-0.16984296072342978,-0.10147575962012464,-0.07418272662408491,-0.04847705537051489,-0.031410784783583036,-0.019957492113760047,0.0024986443295352016,-0.0030643469286810764,-0.010299592145245456,-0.005151355607825878,-0.027063046857761133,-0.12443058774578826,-0.0896905730692408,-0.0711052605836666,-0.034961179632733895,-0.02518057149497777,-0.016686918591210905,-0.018230055191072972,-0.004571008310252511,-0.006279437341562013,-0.006004116846008691,0.008296333303954,0.0038419115919405356,0.00791315708910628,0.0015772583232396163,-0.025422003885734644,-0.10674036792853514,-0.08085014942938741,-0.07028797848045443,-0.039592595153818806,-0.03165770742849893,-0.027378743315734335,-0.019172519123729914,-0.013823983037247335,-0.009984380651357073,-0.0160950475622991,-0.006926304938712434,-0.011676073187756649,-0.0011831848617751993,-0.01368242334427993,-0.005676254543742225,-0.001381704290988482,-0.012446059988571793,-0.04485135002832186,-0.12130223627683828,-0.0978609014036932,-0.07238362923756733,-0.054350788198071716,-0.0467071204194426,-0.04207484508797098,-0.034004678582241536,-0.022058681509221828,-0.028997919670931762,-0.026779035348654508,-0.023718774490368164,-0.022533312344537235,-0.025299177617953934,-0.03218804316121279,-0.014273905862441557,-0.01961454521284293,-0.022170820915277542,-0.03087214129980454,-0.02871596686750156,-0.023684116009776917,-0.02425273682551678,-0.026457192410903527,-0.01847839908817433,-0.027828144374972056
7,0.014786247384097144,0.0026034588244459892,0.0035788409776316213,0.010391046104346187,0.004441228479297499,-0.005559538923219013,-0.0074363731347274285,-0.004658296380781956,0.0009596501638311466,-0.005033429865458254,0.008559485249681104,-0.006626322583259352,-0.007476025986485496,0.005500768416083498,-0.0019417588193305097,-0.004466683802858534,-0.005367377899635718,-0.007433459921147372,0.007071024699743206,-0.0018924829822543243,-0.009610689370519484,0.004088132422422982,-0.014223580830063568,-0.006040257971401274,-0.011463056696126848,-0.01303905062945267,-0.012953287999369987,-0.006989605664972828,-0.00437985092066095,-0.0021392984847816753,0.003059724444860277,-0.003544459933835462,0.00823040218121376,-0.0015475530147877204,0.0014436436504353248,0.0036498224624924537,-0.011629441707377662,-0.022928433578112948,0.003994010676048495,-0.010337158242929611,0.004311173621918917,-0.0031000413078380988,-0.0032866757072240113,-0.009372136393151516,-0.011090801303612209,-0.014003047808460473,-0.015936042248734638,-0.006966014429232776,-0.009519451285634865,-0.006689120235124632,0.004042063047185319,-0.020511646147753974,-0.023292551776374213,-0.002924067317928028,-0.007159428186174406,-0.009911058058445202,-0.014280158429973005,-0.0021002729527521006,-0.0021306879448572025,-0.008327762990578235,0.00020814232618842965,-0.016388757702234982,-0.003457972080880639,-0.006479462424472483,-0.008310899668678496,-0.014092162340400179,-0.0083018529805948,-0.0037319115153653195,-0.003951659627185678,-0.014923353693134004,-0.01727294683905368,-0.004882122406358641,-0.0071973926115588395,-0.005204543683297448,-0.011943379889024493,-0.017999228512919744,-0.0077216984916614086,-0.008438094371718231,-0.020039529168024924,-0.012417534492103708,-0.009453418085746745,-0.013519940257315795,-0.011480832102189812,-0.02062217832082665,-0.0033064468603145923,-0.011184930699068263,-0.0037378410097003286,-0.019740871308410676,-0.012297008261659245,-0.010563537100463238,-0.007752922033390221,-0.009651568924798026,-0.008746577477223055,-0.016313333863713492
8,-0.016497450247088718,-0.012170965650403752,0.008024205910877132,0.009351887361970353,0.0030564367527537066,-0.005203506024117328,-0.007521277680182428,0.002857186827202865,0.001669773068028682,-0.0028335388547731833,0.010736401409216584,-0.0027206225777155796,-0.0016892311966181532,0.005707639635587869,0.0069384658534155895,-0.0037650206907227568,0.001728316631765195,-0.0011606748920839679,0.0033028956772480716,0.00018907868563827198,-0.0005264997816115251,-0.0033489934507177194,0.0031932213085251217,-0.00015009719705763732,-0.023256771579904998,-0.03972280100887897,-0.043593147459221285,-0.02793605971178191,-0.027721185070878764,-0.01581785345316216,-0.01092165483864031,-0.011121688306294394,0.0031683073634106176,-0.005124469563184093,-0.0002722914940521816,-0.005401333862905246,-0.0033823124673185946,-0.021237599895479055,-0.014719133842848621,-0.024686480969163153,-0.005691699029040234,-0.012034686542215747,-0.00915518709631507,-0.013983395821674401,-0.012614885266798482,-0.016898252591379184,-0.015156728259292415,-0.01055216877390615,-0.010281183359411894,-0.0031224637449022057,-0.005813955014010195,-0.010083000938165932,-0.01559775712765905,-0.016593168627835754,-0.020889435459936878,-0.0214702455991941,-0.02042466006574539,-0.013201814730282029,-0.0119741314278218,-0.0126983775607962,-0.011219640342683346,-0.01799288521450815,-0.008681871521417072,-0.01083344307598707,-0.0073918467142824245,-0.016198680365336247,-0.013453954822781401,-0.006079682861054316,-0.008835960212930713,-0.009115367595789117,-0.02105053734618288,-0.01919259821707733,-0.015498433140190617,-0.017941771910868196,-0.020426381117409013,-0.025037543847055418,-0.016219131258983346,-0.01027453147603347,-0.018752464397461165,-0.015766241518164557,-0.007145336382851124,-0.010822091673711152,-0.012047402815345592,-0.017042432763256406,-0.0028289819434986234,-0.009765237458537383,-0.006444820920507663,-0.020383713437954053,-0.01185385024857738,-0.007392604155001017,-0.0037172841657834668,-0.008806003881587856,-0.007119977655893055,-0.011031689584529058
9,-0.019550781623446138,-0.017566617238251068,-0.010453896543230326,0.0077290030168334295,-0.0026606700419069393,-0.0032182108399069344,-0.008251068146370652,-0.0034938367202425897,-0.0035787196392767433,-0.0077947891443702864,0.007507954281574688,0.0021365722132344906,0.0036043295779717094,0.012192571023626433,0.01008680862025628,0.003147876470823051,0.009368394425030615,0.0041051424254364205,0.011741670805496061,0.004948267076717235,0.004707755005939964,0.0031541916803074516,-0.0788144426828604,-0.12198692593061632,-0.14019450695625207,-0.15259273840494034,-0.14937550518522502,-0.13036823796888422,-0.1202707377557117,-0.11257564584227044,-0.10317480169135695,-0.10118904082572551,-0.08698077048753441,-0.09044782244740737,-0.08478509720743636,-0.08922960231570456,-0.11273541608576687,-0.14637696313055393,-0.1294571391624653,-0.12419300408476908,-0.09930818734030125,-0.10539623018407185,-0.09718089621369017,-0.09718603714020978,-0.08998174798087652,-0.09210438168275564,-0.09479375459879026,-0.0875408554668616,-0.08672695062565157,-0.08108451505444535,-0.08510247534284814,-0.11596131427060698,-0.14436911313458128,-0.12757085117421316,-0.11770276336240192,-0.108791700142473,-0.10405983988107304,-0.08990302288576289,-0.08925775051190989,-0.08790711313276807,-0.09051154640286033,-0.09546358668383723,-0.08280799580684035,-0.08605303093082237,-0.08199999282312614,-0.09170795089573096,-0.08595171530290094,-0.0797900043869199,-0.08408854938831087,-0.11823243768996013,-0.14549051755216985,-0.13211276849971934,-0.11500121348109878,-0.1077659272268416,-0.10308800377666845,-0.10346841383698739,-0.09074886595765497,-0.0876379406976793,-0.09369866852610838,-0.09074517150766688,-0.08610148467857481,-0.0879800181224702,-0.08475069078237554,-0.09584523959762879,-0.07742077817646796,-0.0855019230128636,-0.08339504420141768,-0.09386192449201734,-0.08897411995896541,-0.08501836294648184,-0.08057865338635117,-0.08686976407165567,-0.08537034657078144,-0.08630975982366677
10,-0.018190501187192665,-0.007219801139770124,0.0031146277835196095,0.006951932823043406,0.003698151913120946,-0.002816439312897009,-0.003233753949813335,0.004808289225109262,0.004768694363653769,-0.003921812610008311,0.008230206147152407,-0.00582161566478387,0.0020450996764903844,0.006764127951365849,0.004399838378517492,-0.011685094619086539,-0.002599252220181482,0.005516627395052048,0.0009054249102851049,0.0042852501364216535,-0.001205489037730529,-0.010873886178172427,-0.0014139696258343838,-0.008395089678268516,-0.021453997076132946,-0.02717568097473325,-0.03298143554491007,-0.016057786172326317,-0.018353702268711393,-0.009336607564918017,-0.00010663810512100083,-0.008845190258061774,0.001449068063519018,-0.0057591140302131775,-0.00024120921487109709,-0.001877272643108277,-0.0016276883929336936,-0.017709959646564157,-0.008864419921772908,-0.02496485877093619,-0.005210886574151826,-0.011512422290911678,-0.005173388498426415,-0.012381809155331653,-0.011668059871079278,-0.013351544301893092,-0.022199627753599373,-0.009599917965389157,-0.008361518646372626,-0.010752118225216508,-0.008046896037927343,-0.016963261487877676,-0.02552318692383248,-0.01838772139294704,-0.021344919577550844,-0.025689153606942173,-0.025452601466831135,-0.012969067826890057,-0.010148057604445768,-0.018659598966607238,-0.013118331924852813,-0.023464309144027428,-0.0087657760758478,-0.01858066782891607,-0.012696254397179398,-0.01809557799246774,-0.014163451882820114,-0.009930441591778721,-0.02278345792884002,-0.015044285101289741,-0.028291639399519234,-0.02275496046476506,-0.018898268471610066,-0.02040868800799852,-0.025224005724740317,-0.02958974359621206,-0.01554226186221335,-0.011449440069410167,-0.029513153402523258,-0.02247976207288144,-0.016995609271871118,-0.02533330060610441,-0.026396282688122646,-0.02560423121955954,-0.012917944929830031,-0.015600505470397215,-0.01733861820331375,-0.030244083697137616,-0.022275039991613954,-0.02025317568433407,-0.02429646637524654,-0.029147637242588734,-0.02106087059656399,-0.024772439451833522
11,-0.03377435954714353,-0.02257815015975346,-0.0007623033329780259,0.017627718751134336,0.005975156661194579,-0.002533473105507945,-0.011665606443432962,0.006584158355114422,-0.0067088499483304335,-0.008131121118083671,0.009581633307702639,-0.00033162347126568367,0.002185372750275404,0.008680188453740656,0.002120537383630728,0.0087341530897439,0.008120242197449246,0.0009936969354570628,0.01531883713022444,0.0005637921108350573,0.005015861028553109,-0.00011981035114449302,0.007019638327692831,0.011445314377099133,0.016164517664631377,0.011003405894372858,-0.0026086632160826277,0.002822039397583195,-0.0008149313521082688,0.012522954849423925,0.013408642867912646,0.00912308874437081,0.018245192710417968,0.014727384041747239,0.014769145184134769,0.006905603359711037,0.024307259159654194,0.00612916908021043,0.011795484585338493,0.008768585369651668,0.02377908240414854,0.009714899467566982,0.015169500058585401,0.012854724372398617,0.012435691757037695,0.007219995913601677,0.00586241609383825,0.010950818156258669,0.01207329385925022,0.022229280612445508,0.01551902258014009,0.014731876358339554,0.00881820867199599,0.0075282023650296015,0.00796686589071533,0.00728634978343646,0.0020559412233547444,0.012785958309932963,0.009822286838003617,0.006068030846364605,0.0020056789191450638,-0.004001098286650355,0.003580291794258494,0.004478356492274693,0.008699622736407191,-0.007531527648875324,-0.0005388511525981454,0.008952206687932042,0.0024190131181605263,0.006435626989548902,0.0005835611455496904,0.011515119039068827,0.009570545365310061,0.00603914504757583,-0.0006110649017753819,-0.008578972224361527,-0.0055012559836471325,0.001024626108912811,-0.006086699995848118,-0.0194657384759938,-0.00027074874509592915,-0.010702665488179287,0.0021198834301467463,-0.018294997222828544,0.008240162183466078,-0.005494759767169176,0.001087768531160766,-0.018555631325484052,-0.012468294009800897,-0.00930934818064914,-0.008714533945058469,-0.021020073717042093,-0.00903517373432973,-0.01607025372635573
12,-0.013704582281606226,-0.016009838398906212,0.006739577733320561,0.008950709014707079,0.004067584164656726,-0.007460662857936925,-0.007827556705950327,0.0012209179472834335,-0.00043351235550830475,-0.0010433340771218386,0.016560876938344217,0.0015944527451250525,-0.0018710352854272247,0.008098552193422894,0.006068195818927273,-0.0005912677088766624,-0.00014148985000638715,-0.007118660516203198,0.005013484387187291,-0.002112410905432473,-0.00030102766370754405,-0.0048722085403798574,0.0012401162605040691,0.0014801356499401265,-0.0061030100026197645,-0.01580838966063044,-0.03484227266446922,-0.022456887905942184,-0.02035802947724235,-0.009272886480191849,-0.002433642788676085,-0.008744699190448454,0.002457575947724727,-0.0009384421414525124,0.0036288932139945896,0.005444313572203971,0.000914549234484292,-0.011336019143469815,-0.008782826675388987,-0.015578159171015123,-0.004363088180313311,-0.006618505875553292,-0.009044080666199215,-0.0032335034320475995,-0.00426172624440085,-0.013596990735305708,-0.020908499175832027,-0.006841194824313701,-0.007467964244687942,-0.005336046489850103,-0.0016984464782921558,-0.007626040430634217,-0.01575942706383103,-0.006307236689054962,-0.01525322022917827,-0.018025840239731035,-0.023787035803516023,-0.014580948945006021,-0.009165325750521812,-0.012310868144345958,-0.006750155748151803,-0.020162896994602303,-0.00784404448853969,-0.01464032959673919,-0.006343833498382363,-0.01408493657770719,-0.016999529214169088,-0.006931766676651494,-0.020233069904819104,-0.009366745230396266,-0.017436696576545285,-0.009054853545090459,-0.011926929076897049,-0.01511842820190421,-0.016428500523351902,-0.017257549499403144,-0.00865094119653592,-0.00936554907925997,-0.020414692906812207,-0.017832385799473095,-0.0145227975488556,-0.008168160080307555,-0.009038921327075143,-0.017868755800876237,-0.005699414971435587,-0.01121830755342576,-0.004748459791431112,-0.016806331136081154,-0.014290476547384896,-0.011386324396825357,-0.0007280782788018864,-0.013371466608330322,-0.011289155059612246,-0.016023021439248636
13,-0.01406952132340908,-0.004997495562063486,-0.0069493979302166315,0.009791758540987058,0.0018359623790054113,-0.00518906119014836,-0.007042634763781629,0.0026278122750929395,0.002229960025082325,-0.00048805036827445533,0.009496802934385429,-0.0023447592961810893,-0.0017906426709352519,0.007073101329488695,0.006331781065795263,-0.003011690185252446,0.0023801095278028544,-0.001786799261861481,0.0028711913198036817,0.0030315731546808476,0.00042151935456796085,-0.003289257186729665,-0.04154477553683085,-0.15491670553174022,-0.19361850670726358,-0.19757491725340043,-0.20108023585852358,-0.1735923099376053,-0.15243736002426914,-0.1286871197536384,-0.11046343694257453,-0.10495078223079561,-0.08713564786712226,-0.08046583048859934,-0.07325010109235083,-0.0761640867829656,-0.1074177971631697,-0.18282772695096858,-0.16816524823087764,-0.15658431331058809,-0.11871076773899442,-0.11456740078418975,-0.09806237458146332,-0.09499724246318013,-0.08781798973475055,-0.08234750426662761,-0.08201906353699161,-0.07126025920733911,-0.0702905809901403,-0.06478304578570032,-0.06555252666937131,-0.10428348265718271,-0.1801843881564923,-0.16426076278684235,-0.14912182158752468,-0.1277950825061166,-0.11746751614209672,-0.09741243372865512,-0.08755288404403425,-0.0862843239434416,-0.0759189900221287,-0.07904980656401239,-0.07029639037103642,-0.06628701681979379,-0.06612327473269564,-0.069118427590227,-0.06689973118440842,-0.05899863786579276,-0.06623088796545444,-0.10629264083439835,-0.18052653806490257,-0.17374115338296905,-0.14405479722507988,-0.1240077819675439,-0.11310238163406212,-0.10484537732216972,-0.08893942312541675,-0.0801301020551026,-0.0826149662064734,-0.0825428017201112,-0.07001550062725703,-0.07110903814024744,-0.067387324742655,-0.0731636611177598,-0.05754704778330085,-0.06325145841146228,-0.05855168739761553,-0.06993407350430182,-0.06486800053204189,-0.06068967978578016,-0.05313531358725192,-0.06037210618505952,-0.05633127835663091,-0.061512073137706576
14,-0.007760631380519391,-0.010748683587447115,-0.005803597229199244,0.0034920494441635433,0.004788173979770083,-0.004447208183307126,-0.004427034555184273,0.00276348593780451,-0.0017382025123577087,-0.004612714868294204,0.01508034634752668,-0.0036442611821431944,-0.0032859556609657185,0.0028846778607002238,0.005941631741286029,-0.0036837642166279725,0.00395621732595546,-0.002352633936716204,0.006436199285355148,0.007161905390196612,-0.001689675762666046,-0.004714975690445698,0.0015042590512851998,0.006555411036157676,-0.020041684345796125,-0.03269792787954263,-0.03319956037856155,-0.017040913249771264,-0.01694911464852558,-0.009267924313466187,-0.004938378224351187,-0.005954115388177259,0.015020055759609713,-0.004193634384452019,0.005222194278937486,0.0019146266060557908,0.00327400994268514,-0.011849144318607589,-0.008031509271579987,-0.015743748466160397,0.0017037974339323006,-0.008131357624211763,-0.00024392436536392362,-0.010336699296626483,-0.00641064533015027,-0.003809802586406784,-0.013765805790801947,-0.0027656197680569804,-0.0008830770081294063,0.0016993630961949658,-0.004321688454087696,-0.0069559000816346115,-0.01753419987796567,-0.013353502483753835,-0.012074322753875287,-0.015036217125532415,-0.01806822086747501,-0.009072515427417917,-0.005082438231941406,-0.0062025834571434,-0.011290058367751333,-0.015736463991149162,-0.0063000324192227525,-0.008072717169430322,-0.008035354527770946,-0.013908047955567255,-0.011457149603478236,-0.004225098644116357,-0.014083934355005366,-0.00803960124133571,-0.018204603602927645,-0.012390117643403328,-0.012454866762228126,-0.013489794604734541,-0.01870071915025419,-0.024514952347015798,-0.01351904738065254,-0.012829297767684345,-0.026220922524504673,-0.019709527728898606,-0.016514021356209132,-0.017274609879988106,-0.019029926872646843,-0.02170472736676308,-0.0076355861918978194,-0.016686044362957973,-0.013888631876816054,-0.024256647661744162,-0.01621884874150981,-0.015591304650244317,-0.012206940558769072,-0.014293123556419665,-0.019097509092350255,-0.01973661299395101
15,-0.03767189086129731,-0.021571670567001953,0.005923894270121392,0.0132500738719113,-0.005296080893492489,-0.010066873810818566,-0.009655672457669772,0.006827398605881358,0.002600432920249348,-0.008088807359429946,0.014042948955375379,-0.0015475724246400621,0.002393856067805618,0.006004868539522524,0.008264786874372342,-0.0002513990406814609,0.008354000399019368,0.007299991022744008,0.010666018559758274,0.00852169732826923,-0.0015777944381057017,-0.0015069013883967288,0.003180241609880654,-0.0016539879559468414,-0.017624647539808184,-0.027009485680099674,-0.03939173315732089,-0.018694953542652232,-0.01938498159117644,-0.012378522569093282,-0.0010381237415383483,0.0031925030070959174,0.014824256911810742,-0.0034133133300483934,0.0005847370076369397,0.006457768408285531,0.004936215404565313,-0.012339234475597175,-0.010095814539341724,-0.02145086066237817,0.0035667725995377595,-0.0030293615479922054,-0.0005707152844325864,-0.001990105818321359,-0.004433058103825751,-0.003500876332038739,-0.005733713102760105,0.006655012228694714,0.005699955544747437,0.004641705388917638,-0.003307601812388084,0.0007679149389489398,-0.01416198988775479,-0.009264948413939295,-0.019502518281313577,-0.015066827023790696,-0.008201374040880805,-0.006715822180691209,-0.001597852623756636,-0.011106514274700587,-0.005439489337562209,-0.013222167766447543,-0.0037388619711202628,0.00041988446368217835,-0.007955833482035182,-0.008969078715398227,-0.006517213490910273,-0.00442587508396585,-0.008001241716301545,-0.0030742663677871167,-0.020305482118266875,-0.019455083531358826,-0.01549426373987228,-0.01787166546379262,-0.014125201749822926,-0.018699662122223914,-0.010733576246018273,-0.0046225883309066445,-0.01633258546625334,-0.016445718817391014,-0.010577676901906552,-0.012835835981955184,-0.008446995851773867,-0.01831299243271546,-0.0007261115275327766,-0.01107194048928019,-0.006632691995301588,-0.021625455118703747,-0.013899335051515128,-0.013502990725663595,-0.008024925578307881,-0.019181740598427942,-0.009707521109080021,-0.019367162541488004
16,-0.023214325105847717,-0.022170453642472405,-0.001822981696194803,0.011043328069611169,0.003373852480330715,-0.009307674695966082,-0.007156672122298636,0.0023318963910896992,0.0027193735321196753,-0.0024086615111045817,0.01185732340631283,0.00122337017794802,0.0010808838133381314,0.004690348283603078,0.0076849881649096955,0.0005577468799508225,0.005891402554362079,0.0015464028723080445,0.010347766242345034,0.0017320859056546946,0.0019216851734528335,-0.000749415128870657,0.0048105991867663485,0.007510656789365724,-0.00861261379847351,-0.018475009819710293,-0.0301030160248236,-0.022732805350894846,-0.025151388413928312,-0.013055088066421538,-0.005559607871825045,-0.010145354592505795,0.006885801445968214,0.0022130550979821105,0.0014623778503785438,0.0011766391854148848,0.002773432547516543,-0.006997193226415347,-0.010040589392412607,-0.010097146425061054,-0.002586839782210639,-0.014224527727260104,-0.009700793789859902,-0.015795006295418478,-0.009147226903851285,-0.012411558501910294,-0.017497168498958635,-0.006124396157688847,-0.007945532221585385,-0.0052049416065088954,-0.004089735744744297,-0.012143445875626137,-0.01884962391599355,-0.008411489044799809,-0.013064382728756893,-0.01675210614456803,-0.024805605019997488,-0.009662358466496474,-0.0086732220830283,-0.012461899058840258,-0.004788329725912471,-0.02034092290774762,-0.00603950894106882,-0.009075643654667597,-0.006737387908142299,-0.01608545512741649,-0.01846528102202336,-0.004390999268528185,-0.018177996547320018,-0.004624439298538179,-0.014279809808319747,-0.014358915357167382,-0.010594908716323752,-0.02001845339052251,-0.0206337238004029,-0.024743879015910734,-0.02056470783912721,-0.013876057523830402,-0.02269327676959048,-0.017330570488992975,-0.0137130095700823,-0.014288112509217967,-0.013833792869047259,-0.024638901771651348,-0.0025644538044345146,-0.012090082339473174,-0.012214694327324282,-0.02773991822158606,-0.020282345596915146,-0.018781765555698948,-0.008172625458887828,-0.021380834218515107,-0.020623286272438087,-0.021205602454647914
17,-0.02750875541344151,-0.016074662876103974,-0.00856216390458002,0.009264920271248827,0.00036011228263103197,-0.0036714084234107684,-0.004666033355505079,0.0007073690197468112,0.0024830917905326985,-0.0026455464798140556,0.010304464837311825,0.0022793222425852664,-0.0022052784630576063,0.007613698442791551,0.0068883625668819835,0.0009361512974902003,0.005466254717753445,-0.0006785924072378992,0.010600095293924156,0.009108598560253617,0.0030445984511717136,-0.003711275408562997,-0.009262667922261927,-0.0652629674091882,-0.09967179360319603,-0.1037355026815591,-0.11406278964992798,-0.09147638947298825,-0.07875842406454965,-0.06881179692600942,-0.06697538637889543,-0.055599937593453254,-0.03703493553071225,-0.03880766335367203,-0.03502821427459788,-0.03679858365517104,-0.04784885279389323,-0.09559189414486481,-0.0851801135328491,-0.0820580457121874,-0.05498541450919267,-0.06276389092249833,-0.04938160536742543,-0.04937906500352597,-0.036296687688544015,-0.04393160903869421,-0.03852845114478879,-0.027419936720375113,-0.02725939861028891,-0.021709332430048824,-0.024115646106755748,-0.050111109116603415,-0.09574746030694999,-0.08830354922202673,-0.0810999153266756,-0.06816681894271445,-0.058438716702432635,-0.04901808151244534,-0.043367337284960214,-0.04063825172280287,-0.03632932688615374,-0.04564708546333283,-0.02713834187341243,-0.0288910997785039,-0.033159490713468215,-0.03513345605201974,-0.031986621294321886,-0.01854404351760188,-0.03254461813315371,-0.04083149630462061,-0.09422634211234819,-0.08563857962865593,-0.08038288386569896,-0.06542360619147679,-0.061642351622315864,-0.06041946381536228,-0.05074837784300692,-0.042452076290051384,-0.04770897272503899,-0.04217122225496524,-0.036062729666935085,-0.03925346556530972,-0.03350282268339018,-0.039543015110729565,-0.024153608610598874,-0.032691738070105,-0.029551791930621827,-0.04434243696671092,-0.03561575784846807,-0.029952227248352614,-0.02819048196920376,-0.0351895571364281,-0.03395155509660116,-0.03299684622749827
18,-0.014351094725580783,-0.013191588262747309,0.005162643074162972,0.0037336773111512895,0.00404458694736792,-0.010847165056740493,-0.005714878923496534,-0.0007712163323966775,0.0036926477657190037,-0.0007845019030384667,0.010823142307005198,3.573375894956526e-05,-0.0028913765366062184,0.0048168650346560975,0.0046560909781877624,0.001794383389870831,0.003723965265998412,-0.0014695563587461778,0.00574149686792362,0.0017961453983598192,-0.0017348581666388721,-0.00318372816164718,0.003382119378382293,0.006897941907064611,-0.006496906509274188,-0.012296613873239081,-0.031237085399052147,-0.02672818160074186,-0.025918173484424097,-0.02050642254846471,-0.011999311590019355,-0.012545374290252084,0.0024842898027375216,-0.009473134732393097,-0.0022322566988245344,-0.005431791155639951,-0.005560409831670326,-0.014400800365146895,-0.005779644371056921,-0.016781356476956676,-0.004016736011020174,-0.010232842393638968,-0.01226069161990205,-0.010641358830604901,-0.007440971830910634,-0.006709888798010205,-0.013898455010173479,-0.009129800974702592,-0.004288917450804075,-0.0033510721153007,-0.0010355886682396627,-0.005790826667923296,-0.010849397861493172,-0.0024942709878439753,-0.009716178379285833,-0.01205294991048834,-0.017759785813642643,-0.01000502262526692,-0.009157118669944824,-0.008501005275371723,-0.005346292988327873,-0.01654668219046743,-0.004528494781630703,-0.006971397870674684,-0.003334421273253432,-0.010023798085669172,-0.01214226451123601,-0.003584403625553355,-0.011834119662213073,-0.0047099484501102636,-0.0112836752638448,-0.010111517824233845,-0.004926623846486817,-0.008644965663282019,-0.017184175843234197,-0.018586410712503443,-0.013108500436971008,-0.008714123624401764,-0.01817695015293838,-0.015779210941151766,-0.0107838166981945,-0.011613527186562451,-0.010891289174193564,-0.015558411751380579,-0.0019665835793624903,-0.00958858417792095,-0.005993687811140372,-0.015832245936049136,-0.009588262856027563,-0.010289964311153978,-0.0024133281813309647,-0.00966745204178597,-0.008809590260731965,-0.011221194149800948
19,-0.041330955889171524,-0.02365074485495817,-0.009693354823942747,0.004430721918667238,-0.0026424160546876787,-0.005121166851228685,-0.0011799809211767793,0.003731061998938682,0.005288627202477765,0.0062667468488745125,0.013266620934462969,0.0043343502747426816,0.0025362445331248962,0.005917976589229459,0.010225132654230668,0.0005874257699229776,0.007023049276771473,0.0034263135405736738,0.008896774547656678,0.007687573305491762,0.00457356740037427,0.0010466457744100492,0.007672445814745083,-0.038340841425978066,-0.1147564144038026,-0.15799041506678635,-0.15960516632512928,-0.12850446443552507,-0.09563582914608677,-0.06582741007092197,-0.045343266502019294,-0.04107702981965668,-0.020132699122765968,-0.023449771524005597,-0.01644597489744907,-0.013525334377941355,-0.026163487616615813,-0.07850245845781799,-0.08886053102289224,-0.08791857852702552,-0.05528062411832328,-0.04898901986867171,-0.040160122367036685,-0.0299810496499761,-0.02373187553999336,-0.016770529962179287,-0.01943240654530139,-0.014935690899598906,-0.00913945654134095,-0.004091045782025421,-0.004494896621994493,-0.017673883956298406,-0.0711630458605007,-0.09136905160191,-0.09028111224387837,-0.07776449286974176,-0.07032994199405829,-0.05587102795012294,-0.048876388295614234,-0.04476247466787632,-0.03878735838072624,-0.04265538307220448,-0.029920287569379547,-0.030288164999995534,-0.026649154867973986,-0.029997729502096247,-0.028160527263357896,-0.019663558022355337,-0.02920054313681393,-0.030829118822152574,-0.07886675259535446,-0.10071949985969726,-0.09076379808079245,-0.08034954182840252,-0.06989913294750558,-0.06661169801772875,-0.055480413115220784,-0.04777555854262382,-0.049818911566302165,-0.044094730652049885,-0.03465316994511378,-0.03044598211451906,-0.030756742002269202,-0.03569462225173912,-0.021374840305992196,-0.028272202100519638,-0.02262335050402822,-0.031151835267273446,-0.021806227364192243,-0.022377807869309603,-0.014420856432750935,-0.019818681156548237,-0.021401153254924612,-0.01848221959646479
20,0.004852948492724992,-0.005341081868426082,-2.7701942192905626e-05,0.013304299946054015,0.0064726643496127185,-0.008124766366402076,-0.007419164321492466,0.0014390735662481188,-0.00046237070715652646,-0.002982899964313258,0.009051499219208371,-0.003098080670548603,-0.007104792917875719,-0.00013714719554434987,-0.0023702461782132626,-0.005321426330065505,0.007258397543074853,-0.0038292413313343074,0.0058092189955480525,-0.0019691823189071306,-0.008036805820675553,-0.009813631869036252,-0.01060639708259498,-0.024016595301709315,-0.03483349985461238,-0.03390413666832778,-0.04441378910367974,-0.027939348561304166,-0.036625002361175156,-0.027143616134581047,-0.027139384283310846,-0.03085048937874461,-0.021573888300197946,-0.026452662536347378,-0.022244252210045556,-0.020465590768739148,-0.019831903179222024,-0.036915138262782934,-0.02699330015321103,-0.036016341889523705,-0.01805707092338405,-0.029417166487732932,-0.02632315637023663,-0.029484115814094613,-0.031053520276625675,-0.03022000606289447,-0.03677882171654797,-0.02789703313965789,-0.027543914629304764,-0.025811757751850784,-0.025496559466632415,-0.028920052949730303,-0.037065748355228606,-0.027397704110853453,-0.03050375785790272,-0.033210235629952005,-0.034905170541301184,-0.02385050813938015,-0.025605917158828016,-0.02824929492108043,-0.02553733535985524,-0.03772136174291971,-0.027488302676275566,-0.025675090868822196,-0.026889241679793355,-0.0339884706771639,-0.03061132742604632,-0.025653254314460076,-0.03070781865780159,-0.027352419479797364,-0.03894935002807755,-0.03458280491324644,-0.03046983777162487,-0.027816819950566455,-0.035858739544006375,-0.036905901784945586,-0.03183252329651585,-0.025671689904701634,-0.03845441826981674,-0.03294759932671982,-0.03078495480132508,-0.03112822090838276,-0.03468545201210543,-0.04481597223929612,-0.022304348129116403,-0.03100187296683679,-0.02640766998905165,-0.04081338218012798,-0.03419883739573114,-0.03293964135738078,-0.02749907632113781,-0.032049515050314864,-0.029655810017261485,-0.034969201648632146
21,-0.02476959197242973,-0.005092650450108856,0.0027669575490264138,0.008989020957258807,0.004906900795417101,-0.00505075597643636,-0.004438277009679967,0.002845443729297713,0.002040881616460672,-0.001288344143967857,0.012969381165834652,-0.0016903858138868596,-0.000303575631951668,0.005278335891096067,0.004077662372512715,-0.004757158817432548,0.0008464847726825593,-0.0010682966916333726,0.002319825611511257,0.001418142046427395,-0.0025961658385907083,-0.004693483068004023,-0.0016041095563551471,0.005631455719782593,-0.008967599957576145,-0.015716191918249946,-0.027078140663884143,-0.023205167464386205,-0.025270631756500773,-0.016426956671959238,-0.012647508290791198,-0.013280871289389332,0.0008477805446417491,-0.009552728270829,-0.0038535064100957616,-0.006353114521760448,-0.0041089454503051865,-0.016544418934839464,-0.009555081519414726,-0.019999288356665257,-0.0005783047885886257,-0.01472093426867608,-0.009567299933218967,-0.013869957140914449,-0.015539412145732389,-0.013476900456155282,-0.018282794871644414,-0.006397986205382691,-0.013425148205000851,-0.003369685661967347,-0.008985338146204487,-0.014518861061779824,-0.012845836558810879,-0.009526972220998133,-0.014200604328009868,-0.017197081207420837,-0.019282270864363123,-0.011039617871906035,-0.012307641468489467,-0.01611724182620404,-0.010444046887880837,-0.01770499782356673,-0.009405820262970125,-0.013711344801409082,-0.006832698589182839,-0.02093666911766051,-0.016555339430201255,-0.007952222166181619,-0.012454377026293116,-0.009077090650458293,-0.01445327390322308,-0.016895354435356,-0.01464616994396884,-0.01592605500449858,-0.02114458903895431,-0.027451871071985785,-0.01769615348469799,-0.011228548865220402,-0.02049977313598651,-0.02018812076742253,-0.012986347780608804,-0.015463699897120748,-0.014824677782930765,-0.021232467042524582,-0.007754570184768184,-0.01370239326694565,-0.007295994014022319,-0.028282550571375287,-0.016183829177698162,-0.014694361975376317,-0.007109703467404977,-0.01448667041127736,-0.010966976120018155,-0.013697864883754055
22,-0.028582775394603063,-0.010788369742030962,0.0011969104499127995,0.016631943453906388,0.008164679788307762,-0.005229287773949259,-0.005598020909128267,-0.007491612237952568,0.007212599722306903,-0.0007648161940928724,0.010682148111545402,-0.004476226165306083,0.0040909246571921055,0.0055302559693838835,0.0035988427547201866,-0.007826990733008233,0.004182843310412029,-0.0033181036864306443,0.0087652499905607,0.0040198046282480596,-0.008645201009247948,-0.0036334318238946325,0.010467470511763785,0.004208682238868371,-0.03242865293354853,-0.05699627117798039,-0.06526274071069699,-0.05126440711079898,-0.042651201037939526,-0.030646891892365698,-0.013662492039174239,-0.01792548145570558,0.0004900491399126533,-0.006705901047811832,-0.0036620352549591407,-0.006642244705274661,-0.0009694742551127903,-0.02803482238748323,-0.02562152797276145,-0.03984363911989576,-0.017045602410720114,-0.024020789285943724,-0.008768221923576932,-0.011016409307877763,-0.015355654851804852,-0.013588926643479046,-0.011938090976048645,-0.011882899105800827,-0.011234322756625184,-0.0034943789005910967,-0.006720578994076463,-0.01940817872176839,-0.03333543784695371,-0.028661010266374434,-0.027830981699885893,-0.04104945011530118,-0.03627469333415506,-0.02127689739634973,-0.025399774184624538,-0.024773423552422676,-0.01940083839596302,-0.019041108865183662,-0.008142468107046176,-0.017461095955483546,-0.010582092969468661,-0.020158536761466964,-0.01216923032413046,-0.017391639935450637,-0.0153198557332312,-0.016395379202924276,-0.025753065283012723,-0.035479163031993576,-0.03556804560369205,-0.03404621393803343,-0.0341071913550911,-0.04318298588150407,-0.022326035025285847,-0.011882929422396275,-0.025390001974053833,-0.020100247841752954,-0.015316258006096891,-0.014448468003347686,-0.014613509670819832,-0.020320617864309425,0.0013259121545155651,-0.01246154134429895,-0.001377990774715285,-0.020014258928844095,-0.01573531308015514,-0.004347484690971704,-0.005772977510358405,-0.010739656276639604,-0.004016274455481961,0.0050093347744654786
23,0.011979382783320567,0.002095988867517484,-0.0005489334358323862,0.015391634396974274,0.005594206271432375,-0.010175209754331645,-0.006102002955007911,-0.0017679073951750992,0.0003860574653334285,-0.002485547537313766,0.010065774653074788,-0.005620389132193781,-0.0037377506169738507,0.0026895641734545773,-0.0014512932144561906,-0.009442015143840148,0.00014166417640538014,-0.00982569416716641,0.003081374264071746,-0.00026890369929047787,-0.006412677355479995,-0.004953767372736291,-0.020018507224232616,-0.011157100726101609,-0.016487514070846494,-0.01591153347021241,-0.014628857892393758,-0.0060779825603114,-0.015385525575110458,-0.009160249731215955,-0.004408853459547149,-0.013168341105053143,0.002308349848804526,-0.004379124874438838,-0.0012498191115702727,-0.006705341289967292,-0.014102544434991239,-0.022082698645863878,-0.0004339754394230171,-0.005896847317959534,0.000822626561296539,-0.010810795306096858,-0.007135454745847789,-0.017312931821235583,-0.014670487037968647,-0.018695154809139834,-0.01755748798565248,-0.01104806339909812,-0.013154027909711654,-0.013770602956487426,-0.01326898943020161,-0.023670084367783905,-0.030315960701142012,-0.006063463258589227,-0.01573937857071875,-0.017793082975881433,-0.016308923513434954,-0.010535859688951163,-0.005075083634512095,-0.01938986804506741,-0.008252612684379521,-0.02120759943614681,-0.00619154840201451,-0.013584935310460327,-0.011818068286154481,-0.021485699903658048,-0.011927123207165716,-0.009259200202485033,-0.017700532946284025,-0.01911052654305666,-0.024699399020703155,-0.015198658434291981,-0.008637040971745082,-0.008744177163430724,-0.017820304560077795,-0.018699644389668545,-0.014885212129984882,-0.008061280222959778,-0.015993585092149758,-0.01850393479889982,-0.012009747855163162,-0.014181798773217413,-0.012777599933281113,-0.020051822431576244,-0.010329422475269934,-0.014957340013887054,-0.010610304849155153,-0.030143004900073902,-0.022121579585777165,-0.018591787462424764,-0.009125913290237368,-0.015575895003069346,-0.014769628688097145,-0.018812938782476675
24,-0.0007095033356654232,-0.007209474592190152,-0.0008106127696950886,0.005583523571804535,0.001831902605416417,-0.0030240282986682427,-0.007892687004522028,0.00019513713538742343,0.0022937819234306305,-0.0002164250902571693,0.008326675085022847,-0.0073088715148012205,-0.0041734407718570935,0.005780127452803866,0.00666945490425366,-0.0007323075838216389,0.0032143789294143544,-0.008260044423890174,0.0035679918388148582,0.002874421939018562,-0.003944412882586235,-0.008169847730818771,-0.002397999041793474,0.007177150168625685,-0.0022363658491734964,-0.007136976296817347,-0.011981561867839472,-0.003964569965728469,-0.010581432786769216,-0.005812449967224373,-5.614529978121997e-05,-0.005967805017864677,0.006330240251309973,-0.003037430317884584,0.0025383348188980337,-0.0018454453067063925,0.003702264120172192,-0.011344420337667471,0.0025714507009990126,-0.015310579134854549,0.004194090084358007,-0.006663917308351082,-0.004277044334641259,-0.014283892698650035,-0.012544032972875117,-0.007781653580436098,-0.017040572859064275,-0.009261806674327423,-0.015865388312987797,-0.00041728784447239877,-0.008501351761783954,-0.012199555379739461,-0.01825567557037327,-0.006855703417039547,-0.009651271638715707,-0.010911786429982038,-0.020479296454581568,-0.01017145396492346,-0.006024335281727358,-0.011678201447777313,-0.014333913080828299,-0.02067176820108231,-0.009233141497228807,-0.007271690606567109,-0.015695440964258397,-0.017895453001417757,-0.018020164812614686,-0.008998150085508924,-0.020176609226286866,-0.012595042279562745,-0.014108352706124809,-0.012476921339740323,-0.01312592160032778,-0.00780543401066646,-0.017708569624281207,-0.01990520181392328,-0.01572187984597479,-0.016448491844132097,-0.026821099703135613,-0.025933256635734564,-0.010767372748666409,-0.011963595549483843,-0.020772137935214204,-0.027642764027740144,-0.011126425936578662,-0.018876305915248772,-0.013486370278226195,-0.027755731072042662,-0.0187264851513118,-0.016091814227427746,-0.011137088296658512,-0.020924455245275336,-0.013964956067028522,-0.020432638748401614
25,-0.024748287202407633,-0.02439976096178285,-0.008000426116386327,0.014074590037917457,-0.0009934491714834923,-0.01010671635951323,-0.014338461319189179,0.0013753440267714882,0.002564451275752234,0.00022809694142401286,0.009141323846678403,0.00030679126241519016,0.0036168382748177842,0.008216114460683162,0.005970048545661861,0.005698480390075179,0.005764277681017556,0.005187997044334892,0.011571478427355423,0.008871268915853927,0.005040111184140884,-0.003997375901335024,0.012147417321239952,0.010416834666300183,-0.019930101134949103,-0.04071433023611998,-0.052857425191002436,-0.04334092493803533,-0.04235484499530453,-0.027138856978503236,-0.013405038244364521,-0.012993746520484134,-0.00254788874981213,-0.0012538623871715406,0.0011899753201252655,-0.0025928260351448097,-0.001296140155982309,-0.018699021202347812,-0.028675718134573445,-0.034670444913866866,-0.015662182584278622,-0.0151204536623643,-0.007100233857974034,-0.0174404365696913,-0.00708555674599027,-0.017717860383818777,-0.01358285544066569,-0.002876752659042761,-0.011377845626252783,-0.001719210754508628,0.0008854027739620628,-0.0103743092724582,-0.025169346130768357,-0.0219163745580512,-0.03690281762093983,-0.03804779154674125,-0.04343107353435112,-0.024503363981051855,-0.024846934890616536,-0.02414635201052873,-0.020734563667752247,-0.03499601796623365,-0.025847173646130265,-0.03526884145308115,-0.028720626956361853,-0.03657601332702575,-0.027440607256568602,-0.028473596880297398,-0.02939787119918045,-0.02484426163496795,-0.03877237483351411,-0.04068456826844618,-0.04382500488727422,-0.04402499181778147,-0.050482852048018285,-0.042064981419290395,-0.03613792849851191,-0.031161850865972535,-0.036063871026717695,-0.040117515088731945,-0.030787645775586726,-0.028891949041966316,-0.028285748456631746,-0.03611128960319763,-0.015080612412173957,-0.024288972445347105,-0.017304429255977884,-0.03447771860803339,-0.03012374250456656,-0.02096660676792655,-0.027943547618760747,-0.026125113639746702,-0.02263959112786377,-0.020615053691171618
26,0.008573184995176678,0.013267420240016802,0.00639138702476117,0.007910480056252377,0.007882556201880477,-0.002507375982949779,-0.008411177494504913,-0.0044151614858988115,0.0011743567585579197,-0.003884522895244639,0.010794202965967375,-0.0037388761322106174,-0.005482279564048248,0.001321804997214192,-0.0025800872681196953,-0.012620968354454958,-0.0009832556994980597,-0.008131033045992919,-0.004173827291454686,-0.0003868280254496638,-0.004813257500105674,-0.00034636318704449565,-0.024208316178803417,-0.015077731387092702,-0.018591057081349907,-0.022344035119388258,-0.02396193192026226,-0.006872376678061543,-0.020760740682339136,-0.006584424493470434,-0.0059277216063858265,-0.017597220641253315,0.0016729169886512173,-0.007108521227483353,-0.0008310197875501222,-0.010833198853829626,-0.01682620150866428,-0.02370189999547278,-0.012570603875900303,-0.012454840707233808,0.00035823664456236345,0.001029482327709589,-0.007965649186314788,-0.015583238711541665,-0.016015191446265866,-0.019891125465975497,-0.026843512294173054,-0.014096024152337903,-0.015590706946428822,-0.007632713864849064,-0.012002398960221854,-0.030093609564878776,-0.03264204868349407,-0.01351465137468029,-0.017349633510824948,-0.015067958003709574,-0.018109520875791034,-0.006208824270964208,-0.011204221679544744,-0.017195016606508805,-0.007294621906276756,-0.019518658178555914,-0.012094997865639404,-0.009447509589209408,-0.011239318440486517,-0.022259008863355162,-0.013750401142259899,-0.015028535353769409,-0.01573057716388895,-0.03025627201955686,-0.03040700112485109,-0.014825200041879332,-0.008938904891909447,-0.02318724919787787,-0.025013388721383877,-0.023718729362263172,-0.018111270501426736,-0.01770297177724026,-0.025794852333665342,-0.01953363682143154,-0.01551678139955566,-0.024242818868124322,-0.01681014930191877,-0.02835916575472891,-0.015656770653573147,-0.017731051716181355,-0.018458197080558424,-0.02443190544670676,-0.026713870547174494,-0.02288580854736773,-0.016840966611386374,-0.021353205868249743,-0.018356747662388276,-0.014013848052320314
27,-0.01828644887975072,-0.008407955023802826,0.001955100360693604,0.002920457110238296,0.0013053846642268178,-0.010834566059130945,-0.007180902231855328,-0.0014979506928918878,3.3706208213952616e-05,-0.004743885641927281,0.013024145399046458,-0.005624478947197053,-0.0024830434313279823,0.003996829560311722,0.007658447633561895,-0.0028024659232283046,0.004151265698787418,0.004791260961270219,0.01012847549961994,0.011896623735144725,-0.00026206093590956973,-0.0017055143836046157,0.000355904148980964,0.0140373053364891,-0.008057720868762414,-0.010433408154596716,-0.01742817428170146,-0.007391640975595373,-0.012924831305051832,-0.00708156998780689,-0.0019695911811695886,-0.006052906687047661,0.009305757487585666,-0.006455507864513371,0.0008006794793858925,0.0012019170057112978,0.00017791128552636907,-0.0092882043708816,-0.002418837151869851,-0.011518291617351685,0.005252870618198129,-0.0037114163662846237,-0.003773024345844081,-0.010939169073427898,-0.010009210104397192,-0.009118195635071467,-0.016074079049826114,-0.010095765609279779,-0.008576907253495523,-0.006753965978483011,-0.006705687488492029,-0.008826179064465383,-0.012361047283745952,-0.006842955262069202,-0.013923243278682104,-0.018806411826243128,-0.01700622360868504,-0.009352099847475492,-0.007968079841471925,-0.011200607171469161,-0.01718203791507371,-0.02053261111937303,-0.011513484943790953,-0.01835456149712351,-0.01248179228890138,-0.023060411586608147,-0.015707595557724222,-0.010612023294379234,-0.021509397639890446,-0.015101782942441659,-0.014001975161770814,-0.011499082557834382,-0.01313488078713137,-0.013598073565804296,-0.018922519046433463,-0.028230633552647363,-0.016380146559089096,-0.018910369924300483,-0.027824757163030265,-0.02473189644456337,-0.021836180989353568,-0.024275740668365804,-0.019365908760416002,-0.029430621083717152,-0.01536458746722008,-0.017358402789203062,-0.016754042974460686,-0.03725073512302994,-0.02653974328543761,-0.020305365962664468,-0.024698014592041042,-0.02376308106168637,-0.02305836042363654,-0.02660228214995784
28,-0.010025484371215301,-0.011034046468547812,-0.003956034340315928,0.013307025980526268,0.010493850005986134,-0.005489479661766643,-0.007444618384909251,-0.0005275796497216734,0.0033200773012663333,-0.0009604500233346759,0.011214430204256524,0.001732613488147135,-0.003574506748292951,0.004841901409755803,0.004674349037238777,-0.004973482209005081,0.000656893479056903,-0.0007990292517958355,0.0008923913413432844,-0.00234882113867034,-0.0068977804024459395,-0.00827038506423888,0.0021815341109955983,-0.017686322007266577,-0.047595195717003026,-0.059536378220299675,-0.06960816309474084,-0.060590955577207485,-0.05717193250636277,-0.046901464376335834,-0.03416775699438792,-0.027083017602293362,-0.009590478147417656,-0.014971736072612806,-0.010046238953961695,-0.010329275099042762,-0.01788975873546626,-0.04637958484801562,-0.04707040333284656,-0.049293308892743914,-0.025237770790918896,-0.03068231507830486,-0.02013534963287953,-0.020943486784236694,-0.019677016996698504,-0.017290773396268593,-0.017726492474284677,-0.014667330530242769,-0.010073718780594959,-0.012491436047628493,-0.014001059422231944,-0.019042010084631335,-0.04863105490682712,-0.05462942300953431,-0.04875791948107284,-0.05023378766782982,-0.05210426222071415,-0.029961946224139765,-0.02261693699099904,-0.024795522394702375,-0.021901893209662782,-0.0295386998392281,-0.01826816751566526,-0.019331315451480927,-0.015513867828444742,-0.019338389830993716,-0.02536627909052696,-0.01442078646419069,-0.020972182382286767,-0.016744304404896403,-0.0471684407929689,-0.061089050586759494,-0.05247386421273789,-0.044208512424241925,-0.04650195612948188,-0.04362048850999249,-0.03598959216841291,-0.02842590809339756,-0.03381944441930234,-0.03145200284168842,-0.0271718905825164,-0.02567619318322947,-0.023348033604092214,-0.031201980854483436,-0.010821428797577257,-0.019296692144906875,-0.014567922127887833,-0.027077297092084122,-0.022330093035544927,-0.0242199265559805,-0.016384615573260916,-0.02340609378367745,-0.02022738696101596,-0.016453014920078682
29,0.0024443192292137243,0.004903454684354608,0.003106826536765164,0.01610881720984961,0.005447566150483979,-0.0073067357586174345,-0.005482840427084813,-0.0018962550236487719,-0.0014689407782374198,-0.003788113188405188,0.009538610439031378,-0.004127094681996153,-0.00663332690982923,0.0034377830281161134,0.0023845319807623633,-0.0032556585371474843,0.002154407153902477,-0.012141694557853973,-0.00010550143622520225,-0.0033201551134322744,-0.008145583814629946,-0.009895568948607724,-0.014722696846509868,-0.005784533499270212,-0.014542071504178078,-0.017383378260220874,-0.019863993375289917,-0.0025528821921002357,-0.00894350112998691,-0.005516087471190078,-0.0032045091244157853,-0.010860447342998819,0.0001556695095631127,-0.010677784111883325,-0.004934141217999509,-0.005822122693974896,-0.005511728064024745,-0.026278029371973124,-0.009715199864820917,-0.00919785190078939,0.0071841081130395185,-0.008814012463760826,-0.009709850577987409,-0.014034371826318073,-0.014156211683696287,-0.014939477155644903,-0.02100372560699751,-0.008445050921833603,-0.010567520682048295,-0.005960946565591817,-0.008911705547207183,-0.016884952775348242,-0.024635713091213464,-0.012260771573278971,-0.013078894130112002,-0.01275795815740849,-0.015184994914937775,-0.008997301496652559,-0.010664606237004727,-0.012039857767180334,-0.012218983908390863,-0.020550548696660297,-0.009473208718639332,-0.011819407978713444,-0.013446155731998189,-0.020036320525798162,-0.014008200633232621,-0.006046302797127513,-0.015337199637599134,-0.014661119177375429,-0.02687255614308168,-0.016905200199919677,-0.004189709622184391,-0.007546044949138861,-0.022865133770459053,-0.024990326424854273,-0.017010084563985305,-0.011506979331473273,-0.023092878670550265,-0.020551632337811137,-0.012086003138216745,-0.01687800488198198,-0.018664196197848783,-0.02783306273922361,-0.009227097856809427,-0.013905582448050272,-0.011298664832073983,-0.029051037173979225,-0.023432570992434364,-0.023121321660852855,-0.014354405120482663,-0.022099847093984548,-0.019022123812480217,-0.024152802771126462
30,-0.024453172651325763,-0.014111810483794807,-0.011960022680373737,0.006034577465303338,0.0016277226815606014,-0.006681823983522097,-0.003928751666891141,0.0005376005300823848,0.0008474409910058132,0.0021638123173271656,0.013024130246268134,-0.001244975969993393,0.0030735741570496883,0.002245466650814357,0.010205221375808139,5.2469594645907854e-05,0.004207917402700734,0.002599903310621457,0.008313374173573532,0.007447346539139513,-0.000384706896345254,-0.0017793557162263042,0.00782562900222012,0.010188656202124797,-0.027262779131342906,-0.0584209622805951,-0.07843023693721062,-0.07387091285636503,-0.07891912391959907,-0.06690615620746312,-0.06342750011344327,-0.05952491079622402,-0.03959796313433486,-0.038979420100720766,-0.02784843483060718,-0.025261764423740722,-0.026431365928519853,-0.035139055712762955,-0.04300114372865408,-0.06135576615940283,-0.044907959761144554,-0.053229549822452905,-0.04442500136032986,-0.0483783676356271,-0.04313802026833679,-0.03362658150671779,-0.03367940489434521,-0.019610390414258515,-0.019501886121489568,-0.016186587348619698,-0.011030537852866232,-0.020496190885756816,-0.024858759219393067,-0.02908078068576325,-0.04956190747585872,-0.05171947263521609,-0.05226399216317347,-0.04191969849404729,-0.03506151224627308,-0.03257887439539997,-0.030920156284783652,-0.03144454615495383,-0.01816461392344727,-0.01093977223328951,-0.011593469853397917,-0.019432932341619174,-0.011587079610858789,-0.010581305102937593,-0.0094793477021769,-0.004908927964843552,-0.01557568614124588,-0.027910530577563483,-0.036240661230595474,-0.04843780097244601,-0.05268638821743723,-0.05126281116564061,-0.04406437236113394,-0.03373386083694125,-0.0369739006698135,-0.031004483323822496,-0.0207811992736028,-0.02054659812598007,-0.01725790843050102,-0.0271312245264199,-0.003667520458982922,-0.010557700837070225,-0.005178761556273256,-0.01851348855964379,-0.012408530428008704,-0.006308780645769309,-0.0035002299627465185,-0.008911552241948124,-0.005805187470716344,-0.008822210948580518
31,-0.01256928556902132,-0.01418023637255067,0.003188938371737722,0.008933675386454445,-0.0031575938760529418,-0.005903517671141829,-0.009731284452678806,0.00020298617056548643,0.00223616060846915,-0.0026264490307376007,0.014403118539212039,-0.0005704692859703986,-0.003082768906964548,0.005082446685616233,0.0021745271763744236,-0.001273163966523489,0.005280119903896004,0.0004046166632488654,0.008471228749198546,0.002716950876869741,0.0024144011719890914,-0.001986789203710648,0.00487950651615443,-0.0005719768037379468,-0.019041085800711295,-0.03261937660412463,-0.039252617222746894,-0.022598720581556143,-0.026427690608023753,-0.009344187845124391,-0.0035749526352428433,-0.009726581241861699,0.0070072858396338375,-0.0005931370586645192,0.003236502600387539,0.002710278914447957,6.705915569832673e-05,-0.02069997783192386,-0.015721191049798043,-0.020375901462350746,-0.0016524209208865737,-0.011500321713118067,-0.007992065590202196,-0.011455690404821089,-0.00974911324422124,-0.013188621644448716,-0.013563455952478706,-0.002003091658568755,-0.00920043155815041,-0.0012150097737361409,-0.008192370755845188,-0.007536063766732323,-0.02248912772604277,-0.022926013816479775,-0.019575542070969548,-0.018893961261316684,-0.020277443144891976,-0.012660759178521405,-0.008125376684089447,-0.015972668411311466,-0.010687117115445871,-0.016199149504147903,-0.011937711336355154,-0.011237083980608095,-0.00943816021422627,-0.016193847836002112,-0.01307417321135407,-0.004415845801150401,-0.014538654182194877,-0.006630851562130197,-0.02443039085308917,-0.024606631733506638,-0.021559991596979543,-0.01913428065705313,-0.027289548556276955,-0.026639612666989883,-0.020398398729952794,-0.011892223558075692,-0.02488121699117416,-0.021000570012858752,-0.012635591913598114,-0.015195130166486192,-0.020335664079682885,-0.025865252955902033,-0.006934723282191717,-0.018987967514053034,-0.00917413200555403,-0.02749193997979375,-0.020309678732667424,-0.01643373262582289,-0.007121959278086363,-0.016131382051633426,-0.020195383115299163,-0.018398336743448165
32,0.003487360391244006,0.0016713200220904167,0.0021302701411000406,0.0154768554660965,0.0059943554147648065,-0.0016564372643263795,-0.008620534547446932,0.00019609150909357919,0.00043766046519756784,-0.0046873604916346095,0.004977889917342456,-0.0033341315522177895,-0.005359983625962962,0.0019907547933931875,-0.0003742874986376169,-0.006809046024707,0.00237104744463884,-0.007588093478322958,0.0015442716927700558,-0.0018480027744796448,-0.00580081732512832,-0.00459492127570417,-0.004321661706626854,-0.005745316729247554,-0.010604151886431884,-0.013434569938592288,-0.015752203910869962,-0.0025995692738987625,-0.007363040101029923,-0.006481124274832308,-0.007002408559085937,-0.011476043226277901,0.0005037101019449507,-0.008100261327542393,-0.005217410215853146,-0.006816798545177129,0.0036076109388122734,-0.020800323911837185,-0.00852217565398334,-0.008371485867262,0.0037194647419377725,-0.011813826375135185,-0.007709387134055145,-0.014190918595624985,-0.012399935976380477,-0.0181546275115805,-0.01876830663136298,-0.011812024177875252,-0.012835251579622198,-0.01215422278253034,-0.00773808345014318,-0.010136042690682438,-0.02657354272943721,-0.010192111415453654,-0.007806626010721719,-0.007720703347531374,-0.012846524252428902,-0.006482936713813684,-0.006569227993303819,-0.010921388852796777,-0.013308550091158642,-0.021171764053450753,-0.006739537281272829,-0.009086933784767534,-0.009552960498806553,-0.02273047106010911,-0.018596249186620936,-0.011310174901607024,-0.01674752411837964,-0.010746214992568502,-0.019381931585820307,-0.014507425824138102,-0.010080280159482027,-0.008738833771875834,-0.016396516359975476,-0.021946507877139622,-0.01213750815587862,-0.01086501546238179,-0.019140618514736647,-0.021821902347296675,-0.015228902448566714,-0.018959414562349043,-0.016860441416119712,-0.02603701211580519,-0.009386638213194205,-0.015966107123251957,-0.01283935560353113,-0.027701998869555294,-0.02321216340945068,-0.0172046409306575,-0.013400091199313367,-0.011904569452007782,-0.013344648834213465,-0.018885011442094108
33,-0.013952381563691931,-0.006683412282614362,-0.0033616936238000323,0.00543937683870107,-0.00043866165700859046,-0.0026102956286952095,-0.0019934327634720315,-0.0027602914986077764,0.0035625533475335844,-0.0008063238579397541,0.008897254184547855,-0.0027206838413702367,-0.0005431484926446092,0.003708584935757129,0.006248899320864285,-0.0020939753393344977,0.0011514215421882608,0.002106701249563273,0.0049446808661039185,0.0019048282639226475,7.947676333431075e-05,0.0006888791149381196,0.005704333906112873,-0.011401448281447934,-0.17081733251444314,-0.2489351648941154,-0.2723046888653229,-0.27218721333335866,-0.26375045560494637,-0.2440024564602036,-0.21153101993027387,-0.18783185260937776,-0.1622243845278601,-0.13584020090317192,-0.11589144117228056,-0.10351606061120283,-0.1125210921300488,-0.13112353864147416,-0.16940906674834433,-0.20681413421611683,-0.19154957672590958,-0.18736361278049812,-0.16729194318311114,-0.14955598231874767,-0.1319565752070182,-0.11434760221509638,-0.0980108133328774,-0.07881721784628791,-0.0711528484625177,-0.052690674373227324,-0.048844598568046314,-0.06357112232679078,-0.09274213595517679,-0.13932963343522067,-0.17970716449982607,-0.18891031261204458,-0.1764421183586545,-0.15567269840544465,-0.13915919301205842,-0.1218606322114546,-0.1034229027213624,-0.09483397219258329,-0.07377903986105919,-0.06522213311400892,-0.04999171451135698,-0.049174427659854844,-0.041253492248852525,-0.032226267218729114,-0.03449705066479168,-0.037184115393218545,-0.06922809728423557,-0.13430414140773642,-0.17101422761601304,-0.1816863774120108,-0.1793602832019198,-0.16108102628635773,-0.1363007072833176,-0.11760952556577095,-0.10726854033836787,-0.09229623468223777,-0.07328217268008425,-0.06599904883427646,-0.05294589587035489,-0.05234928190251951,-0.03226193141920897,-0.03311495047031909,-0.024358168237850676,-0.029577089948147322,-0.02280522836068101,-0.01464636251613339,-0.009390696142569734,-0.01145390742132072,-0.007886199214673565,-0.008828199219502252
34,0.02448808351430131,-0.005787070469262247,0.0008497056673633978,0.018938648175627144,0.003308048170993176,-0.009707654295002291,-0.006826887632813789,-0.0011619899908587425,0.00666684195218015,-0.00255487872932194,0.005618470692401963,-0.0052114239396032665,-0.0034228054952899364,0.007469533616278621,0.006208478967712038,-0.008606908418469443,-0.005994503458794395,-0.008014591325141138,-0.006463869395935035,-0.00979522760636834,-0.006026626933664449,-0.014718534470978891,-0.0033470647474446893,-0.011345595778580781,-0.03687413998675635,-0.05490970898764875,-0.051963352382224395,-0.04897307201229224,-0.04562145673167427,-0.028700622750118105,-0.022552450690842992,-0.021664437275749536,-0.011153526322820604,-0.01983761351821221,-0.01524337672878332,-0.010402168529538664,-0.01486235132875055,-0.041155684081260656,-0.034863341323814724,-0.03927543567262214,-0.020317509381622627,-0.02690375850302653,-0.01890439916997448,-0.030900119417503827,-0.024719306874192413,-0.023483762150823026,-0.03219972053883935,-0.01377624683362464,-0.023123744459519386,-0.017723942886109373,-0.018585174003851353,-0.018849786074500316,-0.03762364414563903,-0.0393104671998759,-0.03496138626280638,-0.037164658904860245,-0.030991512267539986,-0.02363145939093657,-0.025794033269121976,-0.031619932346195215,-0.027220041672223496,-0.027813766277887914,-0.020710991333777063,-0.018870036222326,-0.022035862106671394,-0.027590646366655078,-0.033082908374327695,-0.03038416926960525,-0.023084768773689257,-0.015942238417967117,-0.04083200560265138,-0.04475521596666092,-0.032063104809812545,-0.041048653934445595,-0.042577668631374084,-0.04110563543095558,-0.024076378479644087,-0.022940340003047933,-0.033515394858841786,-0.032097217103325436,-0.019521207467247236,-0.021444210588711817,-0.018326172483563427,-0.024935907713026107,-0.0033903191568394,-0.018964546232443147,-0.012003188238070313,-0.02881504736382092,-0.014608732903767225,-0.010949540654726123,-0.009319554321230559,-0.012208100708722526,-0.017900233038461274,-0.011636114976843453
35,-0.0062048966975689936,-0.004922156720081515,0.010271372687487512,0.011455694027087616,0.0020230641875464903,-0.0060066912332942465,-0.013804518658854101,-0.004289159053712123,0.0008973096141806653,-0.001987683614700714,0.011993659694252715,-0.002264098185359953,-0.0006814191915167979,0.0015246158802387471,0.0047747629568728025,-0.001801038350147476,0.0018719125459283595,-0.006297922328425914,0.006154831929947061,-0.002707639489878627,8.630633310209701e-05,-0.0026441309250432813,0.008489733758131533,0.0030982942577432674,-0.005976700969844738,-0.007554399481537397,-0.019847833792217273,0.004902985419209274,-0.007757640473552558,-0.005179915130463878,0.0002378265726548015,-0.007634991740727764,0.0062004505989881045,-0.004575527277407503,0.0022068403823842305,-0.003329173292169177,0.010154476966963824,-0.009306811810024677,-0.0033110235235483385,-0.004831014521939659,0.01437856289819875,-0.006281822948691345,-0.006358201568954284,-0.009432281789889772,-0.005875223081469328,-0.00940838534208739,-0.01871492644824011,-0.016033333413992403,-0.004564923892179062,-0.0006860816451003963,-0.009731445076327179,-0.002868223679699444,-0.015326789438662303,-0.0025936226920560143,-0.0005674885368745494,-0.00649437510639172,-0.009120705951549528,0.00041513439215233805,-0.0067506419025905855,-0.009672845710278962,-0.007744012704852032,-0.013620873130816587,-0.006891951818429797,-0.01039168605315725,-0.007961388204813057,-0.01696563413199932,-0.014244187031225325,-0.0020328839665789997,-0.008843760379262744,0.005838829242420101,-0.015757229661192605,-0.007654157199916544,-0.0013787377070158251,-0.006239118106333548,-0.011412734712084711,-0.015808891979447928,-0.015260395307276896,-0.0040029985502483215,-0.01817803532820507,-0.017002377571967566,-0.009974988164051582,-0.01577239638251789,-0.011514068932473894,-0.025213880764992588,-0.005071114169500981,-0.01594717193412082,-0.010428826134014618,-0.022254893835758262,-0.014951815223215084,-0.010806788141471787,-0.01042259904617594,-0.012806958159355813,-0.014334571368426433,-0.018883710120795632
36,-0.011562302397186041,-0.008947955284395716,-0.0041959553944086155,0.008877986867387742,0.003710119408206877,-0.0061109682966947595,-0.00630121453298205,-0.0014020772761922996,0.0017553487229511825,-0.0033844998015727925,0.012222288170105315,-0.003812887304365185,-0.002295016156575668,0.007799524006322828,0.0032493456208888146,-0.0009051624412301354,0.006112738710478546,-0.0032711706875431655,0.007608972774056855,0.0008528852927475874,-0.0005666912616782047,-0.0032266137252931312,-0.020299279437079865,-0.0804327906656128,-0.10427844033229762,-0.10422759679181595,-0.10853651557121109,-0.09656976679553234,-0.10193018465684278,-0.09252132594041859,-0.08980924677779158,-0.09411957926732284,-0.07729281242166941,-0.08418258451069728,-0.07994846202214097,-0.08064215726276126,-0.08061109715285357,-0.0990132761914314,-0.08900526844090209,-0.09680346802287368,-0.07872932224313352,-0.09401986376104521,-0.08453340563380768,-0.0887143233926084,-0.08548735450491882,-0.08768729074427795,-0.08948753662030688,-0.08677339868443436,-0.08102856595276944,-0.07922453928512618,-0.07888632880806311,-0.09134124425934875,-0.10112118374292796,-0.09359572623515276,-0.09278914873577968,-0.08841706813475726,-0.09004478418851909,-0.08504897427494867,-0.08542442553464237,-0.08675444492734131,-0.08617001095096259,-0.08940844121864973,-0.08065987142651498,-0.0824922522948749,-0.08124602469440072,-0.08819245699075111,-0.08678117134717889,-0.07497843181508576,-0.08484854392436346,-0.08138908509788723,-0.0999264751853982,-0.10248539369421827,-0.09395155043283203,-0.090119748660055,-0.09715325528937659,-0.09489003014226,-0.08493478046753244,-0.08402461839564981,-0.08914811279352902,-0.09181225528951971,-0.08449989200449107,-0.08302823826992387,-0.08499981644766937,-0.09563543348609067,-0.0763720785014733,-0.08198545902181424,-0.08192092202963903,-0.09403333949046191,-0.08506552998141241,-0.08430990469999979,-0.07848671338884133,-0.08328277757774226,-0.08272258487106514,-0.08767285023650068
37,-0.016963083502075982,-0.014690197874634135,-0.008209191923971302,0.007757904661836198,0.006460827661931347,-0.009265497634768244,-0.004684273934342642,0.0006806309225697609,0.001179013837986432,-0.0020886229228169223,0.012679182955923237,0.0015818549112312527,-0.0016333283206304576,0.004461931452910505,0.007338513368626479,0.0003262232517723023,0.00718536828399342,0.002594654225577054,0.004407441039518372,0.0008806495393619695,-0.0014546256587538251,-0.0047796899509942505,0.007155527694189328,-0.01196258938466693,-0.04735793028508553,-0.05620984356382185,-0.06766085992307481,-0.058173450505377,-0.060511275317315226,-0.04816655741296344,-0.03738640846802867,-0.03316798546422347,-0.01695486908186092,-0.02086350361423731,-0.00543608337803136,-0.014591275283863489,-0.015644027345837634,-0.03940291477858446,-0.04460225461333201,-0.04799429042863178,-0.030091838048324514,-0.03369599297235307,-0.0265089178830091,-0.02636524689308142,-0.018324491104570302,-0.020685787095097437,-0.019983320195344424,-0.014816007163069305,-0.015460318575470486,-0.009662382415356809,-0.011448199296708372,-0.016366137865794644,-0.03999899559754223,-0.04699984395802601,-0.05055073382340425,-0.04810560507797459,-0.04215181479942993,-0.0325849812505996,-0.028238705981726613,-0.023325699662904112,-0.02062823846874509,-0.02401477967916126,-0.014821173065265814,-0.01682232805398427,-0.014015240440736768,-0.01985155253321941,-0.01752742765344337,-0.008621181638730789,-0.015412203903331104,-0.011436266100647739,-0.04145518624567176,-0.05002756958591949,-0.048647763994626426,-0.04373552408814351,-0.04748519006210551,-0.04471989971822863,-0.02741153312481505,-0.02343174748881953,-0.02849223259346133,-0.028087128659719192,-0.02000513411572777,-0.020549522052501584,-0.02307525429287427,-0.025619773636806478,-0.00512175454746909,-0.014442047148166917,-0.00822429448601356,-0.022132964555539623,-0.020391579853012248,-0.01542567725374182,-0.005575168693892585,-0.012816976166828564,-0.009003777376283778,-0.007896084573172132
38,-0.0015599830048251557,-0.005001335514229981,0.005875193835545581,0.015777935741417778,0.001290234601818803,-0.00747300771773216,-0.0060599266610852475,-0.0017823214250251406,0.0005110834777428245,-0.0038819508456157865,0.005964229836732871,0.00021750673610109646,-0.001398214324411567,0.00013736156468369796,0.004122513377264174,-0.0016449403006681793,0.001055083209073993,-0.006383447507968478,0.0018410809220468906,-0.001607096000862425,-0.006276225308505991,-0.0026761091151610615,-0.001763963653201763,-0.004308852072471753,-0.007838288323910555,-0.006128349145031721,-0.014008813637422651,-0.005680276655401417,-0.0025001681872753654,-0.0010104728394900277,-0.0006048939651699379,-0.004745521144451044,0.00735080357452104,-0.002055551151394216,0.005274294388262416,-0.0008993371901202698,0.006386359417653034,-0.018673603393482445,-0.010995934455169151,-0.012247412020925526,0.012070133045190369,-0.005722249246902271,-0.0014367225090079275,-0.007566564262323142,-0.0065450769331291785,-0.013490213100629488,-0.013036695287221137,-0.01137147344132483,-0.011007474133709597,-0.0034347676130054277,-0.00853853964467781,-0.006802118533895699,-0.02154440025482095,-0.008261360096947393,-0.008109040389687336,-0.004599149890945461,-0.007575219238594953,-0.007559619104080042,-0.0028426601242097916,-0.008205031394695694,-0.01086320860832971,-0.017764187532325455,-0.008371052171890075,-0.009342055715331176,-0.010230261718698836,-0.0177696514023765,-0.014018199375055572,-0.004874150987509211,-0.0059939693261039035,-0.003962808231815551,-0.01561150291203012,-0.014068161230103711,-0.008246607776105494,-0.00928120107728904,-0.008405667681004543,-0.01850682150145044,-0.008195055654154956,-0.009414446049097218,-0.018696481148216447,-0.018736981208163434,-0.011484185572995916,-0.01612835582372459,-0.012624100882597132,-0.025459683393747216,-0.00251231885082197,-0.014834703142054581,-0.008773541579618706,-0.022645511359708253,-0.02205464499845009,-0.011291896715708996,-0.010517022830549186,-0.011216880980891743,-0.015617787066273725,-0.013389581502396442
39,-0.011270499362067275,-0.004881385830502672,-0.0053519521296168686,-0.00037870277273328016,0.0028329207613023715,-0.0040049071968950535,-0.002043253925041301,-0.0007247234613856298,0.0025355999537290124,-0.004549532752921325,0.009970539868046475,-0.00024187956601224512,0.0006779851858902985,0.0028722172099142212,0.0024133634991990558,-0.003994565109280385,0.0036801550225948085,-0.00319326689417504,0.00816216670296371,0.007489720796994162,-4.136277586964469e-05,-0.0017114932500237293,0.0009383990055586973,0.0092028152545565,-0.009247026047389452,-0.015686521965143172,-0.021554521865117037,-0.003367188305352146,-0.009017994011924749,0.0030823697585732127,0.006902588170021726,0.00246431037348688,0.01454938789115456,0.0029996228465230756,0.007978502594410252,0.005734357600212032,0.0061977432700583085,-0.00880402979720894,-0.00011121914345691053,-0.007226899086887178,0.013179020043601343,-0.004504714514136104,0.004890540949220594,-0.0023860491221675616,0.0010637414646277946,-0.004585658470061012,-0.005458059640850476,0.0033999815303151965,-0.003206577256626588,0.004634402304646368,-1.2412375640042967e-05,-0.0024268196617470345,-0.010457470099444673,0.0012891932938424143,-0.006724313054012204,-0.00186686904397819,-0.006237088427160403,0.0006517455507578517,0.0002290468181772556,-0.0038292013074796563,-0.0018544333820437562,-0.008614166475008296,0.004230410942782832,0.0032553971727922446,0.0029544752685237287,-0.008064906716514962,-0.0051382529402931075,0.0008010389794846443,-0.0013218109757604075,0.00311452618630527,-0.006750259581253494,-0.0028601282043428794,-0.00211129366481577,-0.0025177210582150527,-0.006696035570154943,-0.012251714745367206,-0.0010415512695942518,0.0006953171909399454,-0.009811805266033815,-0.011233042666366436,-0.0004343759145791207,-0.003071136293534979,-0.0001966712789719638,-0.01264742869447388,0.010240178173822346,-0.0020909293855906792,0.0035240686357593557,-0.013812845700676908,-0.008774296440302046,-0.004172110442566442,0.002110149582950526,-0.00037612908930000614,-0.0004337565341077267,0.00017661407362852807
40,-0.026975303452039377,-0.012117438835528788,-0.0023173441736147027,0.014056540884316421,0.007748409216762951,-0.005339514196235472,-0.006928571661655711,-0.0016971535992504928,0.003036971915266778,-0.002894921845334711,0.007495971516730541,0.0007910038773789198,0.002549869771031941,0.0011904963499489302,0.004894015965796714,-0.0017882063752088005,0.008303128005809766,0.0031088295256519283,0.005505843640244995,0.0013773734699283166,0.0005612675337432581,0.0013258348283846418,-0.00404192388616,-0.1045315032912699,-0.18106708787860543,-0.1882614174100678,-0.19508926082289973,-0.17298093238759918,-0.15802881793084517,-0.13139346870304988,-0.10596034415946119,-0.0931291016421427,-0.0685495293898488,-0.06167107615129734,-0.05143963895622979,-0.046403311608474766,-0.06493458169830663,-0.14772921084435092,-0.15409682026098112,-0.14753094541828274,-0.11699780026102446,-0.10729922734494682,-0.08458318354854165,-0.0728565198155222,-0.06204009004982824,-0.05368213749188568,-0.04865291686285406,-0.034189467330748284,-0.02895584565610015,-0.027159201674859915,-0.028254845895367007,-0.04728651744572814,-0.1432311934632472,-0.1482078921436017,-0.14004685488484736,-0.11684747768199176,-0.10506834316653754,-0.08192558573344542,-0.06684245002933975,-0.06105252141204207,-0.047669697154738566,-0.04711935108119049,-0.03608863045123584,-0.0328369796853634,-0.024411211194585853,-0.029073268698130348,-0.023545833981077038,-0.017708058007199975,-0.02139641918612529,-0.036808520206596425,-0.13987784669216582,-0.15313760623465356,-0.137369940477846,-0.11578975114798351,-0.0990282896389827,-0.08595631422257338,-0.07025569352766169,-0.05534612324999479,-0.05322590744337481,-0.04471854864417369,-0.03932099387437438,-0.030527354476562296,-0.0300301818207394,-0.0337405082926318,-0.01588706945346136,-0.0216068121188997,-0.014651586776149667,-0.021399795666272852,-0.018626390817291966,-0.01491654036947953,-0.009554700598146918,-0.014346407264275024,-0.011290269292544581,-0.010821326183895323
41,0.005245810203184833,0.005708868271461399,0.005249296641208864,0.01608637752270714,0.008078643361243493,-0.005792530319857038,-0.0052210743609702355,-0.0038033638910817615,-7.477527931003441e-05,-0.008089848961461943,0.010187113249414518,-0.007628390653302639,-0.003910247623431791,0.0014932703128077132,0.002190190423584333,-0.007420224107714748,0.00038689584797367576,-0.011200222578643402,0.0006435189063056553,-0.0021293069641198396,-0.004570574469647724,-0.006344346502569322,-0.016780718696931516,-0.008863605270020452,-0.011931249191971766,-0.013619667165010682,-0.01768467552907453,-0.005564358640928825,-0.005362381963047133,-0.0071432310231209,-0.0024116471675150754,-0.014087942520631268,0.0035379963008275246,-0.002418734559942971,0.0025495420743161744,-0.001186709287529326,-0.010823511427954378,-0.02473362040158774,-0.0063280117295430455,-0.010551112992805338,0.007585572607910466,-0.005708188916871467,-0.005946577573588368,-0.010714693103163019,-0.009057139400835322,-0.017574573140064376,-0.02153464827724372,-0.008345446272872788,-0.010795196650674261,-0.008785892361085238,-0.00985716522841935,-0.02003674310125803,-0.02702780231866587,-0.010117271391394914,-0.009559676266568073,-0.011634316938800375,-0.014637278992474472,-0.007678730722114141,-0.005493837108192647,-0.013039779407614022,-0.011472808036866485,-0.0181637438759972,-0.007481589736064418,-0.010641957485999252,-0.00950161145266416,-0.018807279744413756,-0.013279691874902851,-0.0061254188854026675,-0.014918008814309167,-0.01704207931936144,-0.023903038110696755,-0.013263022458697387,-0.009587659078644376,-0.008316122017646227,-0.018918506848464633,-0.020165903319006126,-0.014921978416591628,-0.01171341268899469,-0.020677771026080087,-0.022387948323343846,-0.01104945871328795,-0.016242496347295535,-0.01750800524420323,-0.022162403888377404,-0.007523419147226075,-0.014241905230324712,-0.013891013621202321,-0.026600521408698674,-0.020977554224964553,-0.01949903862021062,-0.012790167695614826,-0.016106206600633898,-0.014794105080950071,-0.021179269200233435
42,0.004984980312011268,-0.0050800446724117345,-0.005708611623856428,0.005619674378686071,0.004739833935970207,-0.004367562076773709,-0.003782603640774625,-6.988647475471398e-05,0.00030700740652057896,-0.0018323287387685661,0.010681255144340072,-0.0028745686989629614,-0.004888184903043876,0.0022929789920269725,0.004138245353608647,-0.00481851461401171,0.0036965400943648,-0.007031319419672777,0.0021039006448724824,0.001889208600632824,-0.001145318392439049,-0.006977288947802057,-0.0020831588119301935,-0.0019525025564273958,-0.027144693379444237,-0.030238426905472647,-0.032062061260988366,-0.01947547995474734,-0.018610369541529465,-0.012483630767947498,-0.007412432937793184,-0.00923171821046623,0.000310224681640077,-0.009053260895508387,-0.0006820890500131824,-0.004861200920832229,-0.002743893377260127,-0.020584847449620303,-0.01724675961313982,-0.01849508834778492,-0.001432765314354165,-0.011312687552579168,-0.009729082046581239,-0.013775957668788886,-0.006861259497368131,-0.011754077963412343,-0.01538576913621819,-0.007633959671394325,-0.008616739200609078,-0.006568935965102605,-0.009933304117496131,-0.01663021278854585,-0.027905408284904322,-0.015914510404299764,-0.020954791195487252,-0.018935171738940493,-0.017745988687776736,-0.012071129016242238,-0.010536585387644688,-0.01655622026195655,-0.009615129454438692,-0.020871963546023154,-0.010851751100946333,-0.009114369097574803,-0.0089061649201189,-0.014569949546702684,-0.016716390477538003,-0.009167759436440668,-0.016998676930726996,-0.012568722107710938,-0.02567436146421231,-0.02082028610975595,-0.02005416086224925,-0.016705287597175506,-0.02095569653749692,-0.025990078483619436,-0.0140199412677643,-0.014547527526124577,-0.022882646368676592,-0.024909211705537466,-0.013065023426817722,-0.021367351383791915,-0.015711872222033556,-0.02229867499480681,-0.009760710646279983,-0.012242083049364126,-0.009088198638262962,-0.02380337974658095,-0.018575544616129966,-0.01644482393645333,-0.009916029076415943,-0.01649547112573851,-0.018700568150573617,-0.0149895253397017
43,-0.008765904470366034,-0.0017630435442880417,-0.00271926149198085,0.015244484624673099,0.0043508238972162,-0.005574100467162927,-0.009737417747188025,-0.0002760136123412823,-0.0020666070052624344,-0.002406340772795208,0.012550502927300615,-0.0001270104772118939,0.000994448390235536,0.0013164046960900098,0.00448485494854488,-0.004018413654620397,0.00478471705315173,-0.007479292710585612,0.0022715601635180517,-0.001064390746922377,0.0031009825751777895,-0.0074205621765032,0.005500196749321829,0.008257947501533925,-0.011383586202767963,-0.011058108828148408,-0.022484084635840524,-0.005999805405109676,-0.013828200433781756,-0.009467262187341395,-0.00721079800468426,-0.01171352689046809,-0.0015750067242298947,-0.005524051859427198,-0.00036248258853429895,-0.010204679964420035,-0.0006948330702632303,-0.010788039774625691,-0.004180601244456256,-0.012570194650577023,0.004331640153799405,-0.009705976813590074,-0.007664013523691665,-0.012870218614668584,-0.011847545895476414,-0.01827369298856339,-0.023376838278507058,-0.014101088124759924,-0.011632325659156164,-0.003240893421727603,-0.009836136828891473,-0.008775031283015421,-0.012320368773175504,-0.005324981496946941,-0.006598713291965976,-0.014791935812519473,-0.0143261930001529,-0.010385908395598177,-0.0056904064177024614,-0.013949225688143534,-0.006948716365136805,-0.017512546552817483,-0.01177548870747907,-0.010554559604946,-0.010634780342468743,-0.022476396261501098,-0.014379484009502057,-0.005931656335137251,-0.014444371771766327,-0.007782425057594421,-0.017792634642115206,-0.015413907544277544,-0.0049363333385561885,-0.012020339243495864,-0.01260154003801032,-0.01917266258206186,-0.01301574345815222,-0.008971593323982313,-0.020437392771784,-0.020313809967718716,-0.015499415745802221,-0.013746274332785859,-0.020190548636586654,-0.023368594385634038,-0.0023984776647193997,-0.011480169615322437,-0.011810039251904275,-0.02299759701842144,-0.02211782530384105,-0.0152669677013511,-0.009953854881089574,-0.013613956403684123,-0.016270091550629234,-0.01588305674859258
44,-0.008224422269678256,-0.004559857494955552,0.0013540749517547352,0.018753445425242793,0.012846111281645808,-0.0046540888049154275,-0.0029357182166375177,-0.0009230959310923617,0.0016929891028492198,-0.007792069719172699,0.010083899850899958,-0.0013712627401085426,-0.0050964698244317565,0.0013703619688393172,-0.0026485641325592825,-0.006535658540972825,0.0024508628893617685,-0.0024941698528995145,-0.001802303447773915,0.00048593550459917283,-0.0032084598866943806,-0.006523884378066864,-0.01452106171787445,-0.008578020028011765,-0.0141418627408764,-0.015470023006427774,-0.023722713646381854,-0.01261901697309948,-0.009834459089581802,-0.008381646759991528,-0.004048328144802224,-0.015184275470147076,-0.0002734181191503711,-0.004815295170278806,-0.0036824854074120413,-0.0005222185868909902,-0.01218431103138679,-0.02530408975658742,-0.01731093633624201,-0.020385801695938077,0.0008302331875153837,-0.01208078814530872,-0.010020730939465044,-0.01709980005708512,-0.016971044486746977,-0.020530877568161913,-0.020616092003943893,-0.012324447680226933,-0.015071575905573942,-0.009492158529755091,-0.00895890006204845,-0.019627485145108207,-0.030804276354352147,-0.01373482958775246,-0.017759983281026858,-0.018315971221475172,-0.014620053062035204,-0.009427306216309675,-0.008136717262835953,-0.013693535646429111,-0.0070348650747688295,-0.0197604285143777,-0.010692403421003527,-0.010911148819927769,-0.012906713675463264,-0.01764682430247532,-0.014682466851569395,-0.009325990868215176,-0.014104516089824241,-0.02041430422664627,-0.0252653045180269,-0.015528828877885594,-0.016030349811186853,-0.01600474173443754,-0.01978866093027396,-0.024268230625146714,-0.014853501296833322,-0.011818971084384762,-0.02017922617312899,-0.025823845704502236,-0.008696492602648346,-0.017218606298686157,-0.019427079705601397,-0.031427418194472284,-0.009142006469580228,-0.018829755329350596,-0.013777909183710513,-0.028565150212902922,-0.020366675696641592,-0.02228636270612751,-0.015782509048343767,-0.016330873577954288,-0.01706533109821119,-0.018216050547700313
45,-0.009768451173207284,-0.011586518217694153,-0.0041666512304252,0.00927234059501193,-0.0007035011443,-0.004410970693321046,-0.0003978537406778206,0.004055708716590812,0.00021830870005231832,-0.000914275936782051,0.010568762232582199,0.0018412552987851695,-0.001684005055175779,0.0033301518279583472,0.00453807261939217,-0.006066284528788577,0.0038563092195982632,-0.0032100099915945163,0.0035988433438678934,0.0016287691581292135,-0.0007343376807400819,-0.004986135606374681,-0.01097057147878607,-0.03202801780925639,-0.05195674783768422,-0.048982176638725936,-0.04057146745743641,-0.022816661398152718,-0.01986212139298712,-0.010434496762134303,-0.007610184616791585,-0.010356750967673075,0.0021730233179057677,-0.008873904947219942,-0.0019366483038583593,-0.00024980214322123715,-0.01082970407275761,-0.04095270415748918,-0.026328346008940618,-0.021942906827619936,-0.002607847964264263,-0.013556536452877679,-0.011705666090512523,-0.012358725679651069,-0.010076072003053384,-0.015076947259005566,-0.01973823267987407,-0.007227516633129137,-0.009397147404562635,-0.003999432685159801,-0.01093198599032036,-0.028214587247136203,-0.05081872966451642,-0.034666851521114546,-0.03178366245517949,-0.021369400944736345,-0.023897138881813242,-0.01397196642094943,-0.010908825705226936,-0.013903011414139762,-0.011672947861380088,-0.019040622903582778,-0.008331374924767095,-0.009504792249795254,-0.012094216253684856,-0.017010204762095544,-0.014841096139905955,-0.002992126461498579,-0.013014583186828625,-0.027296711704747824,-0.0507626310665897,-0.03368193689454241,-0.027314329296487944,-0.023936182151139268,-0.021651274464362553,-0.027493237673669683,-0.017179641980864156,-0.011501831938230584,-0.027842755465019294,-0.022339800469943844,-0.015918964524572813,-0.014076130177507178,-0.0164954001714779,-0.021440825975482705,-0.005545651488392913,-0.018891514250929883,-0.008406702950036045,-0.02508849515564349,-0.0200359467824901,-0.01748107711929037,-0.0088714762595374,-0.015681957473995044,-0.016809289312202675,-0.02051056633370126
46,-0.00699039265805054,-0.002080524821797637,0.001727798960877827,0.015169138957916682,0.006331830512194168,-0.006443979241587431,-0.004572096270669605,-0.0038359514546751354,0.002751547968274466,-0.007684510676705605,0.011011789014089833,-0.00029113934111249816,-0.004787384617392238,0.005093699650909788,-0.002149173380391893,-0.00423964447596192,0.0024883320578700874,-0.005570001607665115,0.002808674930548362,0.0012619864933316063,-0.0047157171123412955,-0.004508580864884305,0.004728982187671389,0.007696510967092298,-0.008871553314346317,-0.009035134410362113,-0.01605048953327887,-0.004344660616349374,-0.008724773115916627,-0.006837831399966785,-0.006270112703677571,-0.00968311447319512,-0.0011663736265340586,-0.007955886727671108,-0.003467666619473434,-0.004443040634865242,0.006198087760216593,-0.005272313892732555,-0.003111559962975519,-0.010236663060987375,0.008538125132803411,-0.003739348930324009,-0.0033582703833723903,-0.012387778059368549,-0.011769926106283834,-0.012682420504905242,-0.02036633049335853,-0.00909837137986993,-0.012513581913843302,-0.0051157771982522585,-0.004887721287212948,-0.007643104406476067,-0.005099890481659257,-0.00043845066313131956,-0.005897923325959775,-0.005271507922252721,-0.007969929877098101,-0.0011675692364896985,-0.004520446691506258,-0.012099870358575175,-0.008445790847012927,-0.0167492800867117,-0.008355827061529741,-0.008931953729400408,-0.014501478086018189,-0.017256471647840194,-0.01159281289042933,-0.009163319944185039,-0.015105922312753133,-0.00015785393997687442,-0.005134286707509978,-0.01151889569396923,-0.004829316111494572,-0.010252275167237208,-0.009786337399642039,-0.016503726636816728,-0.013339799106739724,-0.010725982639012106,-0.01633513872212575,-0.016680918651347944,-0.008905423215251135,-0.01454739036014007,-0.01712767027462659,-0.02660678352224828,-0.005336828792627273,-0.013091027534198363,-0.01133516950136035,-0.024476476687855082,-0.019222213907327167,-0.016680462385443424,-0.008668341603470648,-0.015432102895987924,-0.012415648097276171,-0.01600131856566345
47,-0.0029213253359978764,-0.00021665908044867318,0.002967535856751108,0.01702520747180246,0.0067577566544653675,-0.003549478122367044,-0.007960379976979222,-0.0006203421183899207,0.003846744900010569,-0.007109383909091655,0.006046474604644521,-0.0064467935905554155,-0.006906715008826631,0.005287978124591298,0.0013654231868154322,-0.00591714279745984,0.0001509582607738392,-0.007432726049059264,0.0051718621786502215,0.0004610047506716911,-0.00611844501945178,-0.007113800635671963,-0.010913459368656404,-0.004772895899310296,-0.008122316819907462,-0.00792864909250474,-0.018722324184350332,-0.010569319265804233,-0.008369512676563303,-0.0038533549648928408,-0.0008468884164263569,-0.008631977034340509,9.080292796309161e-05,-0.0008388962182686935,0.0019488076290430753,0.0005693724886834754,-0.006138801421699296,-0.019714636277656145,-0.008570576562035621,-0.013796143910209282,0.005913763608448503,-0.007784282657542109,-0.003461974535776553,-0.01029565241520395,-0.01099569878475901,-0.015536767975957903,-0.014297872691689648,-0.00668465343912977,-0.009168794217183493,-0.0053998590787061205,-0.0060057576397352505,-0.017167820879769098,-0.024889240201505194,-0.011540064959926485,-0.012448213594561929,-0.007687283070565224,-0.009459731657538812,-0.007352981502890651,-0.006320843433353192,-0.013374442933065922,-0.0076187219506309144,-0.016339529077840927,-0.004195734087635203,-0.00780719722219678,-0.005293714068751703,-0.02092879200626116,-0.013664819822175463,-0.007122541891145991,-0.012115840779064945,-0.01632673864226393,-0.019393604874607676,-0.0147316818146876,-0.007487826021666619,-0.009415012464702999,-0.01558245051450251,-0.02208812325872722,-0.015355226270503172,-0.00833477131724956,-0.017838339404774875,-0.016064973488857878,-0.009344817576543233,-0.011356949914133437,-0.015452614179597876,-0.024810663863086283,-0.005739792399130239,-0.011292412291936746,-0.011657497277485293,-0.026292233957277197,-0.01873006202014645,-0.016593141511354263,-0.004753933796815055,-0.009890728643267614,-0.01572706676148432,-0.018073099979118212
48,0.009158378805017638,0.008346369009473492,0.0036183797130408197,0.011003129197918437,0.005852458859332753,-0.00424538887881394,-0.004770960545679861,-0.005681581529688173,-0.002364934289813854,-0.005027250380011581,0.011657191190739139,-0.005775009887218771,-0.005735301301742412,0.0020132345991256085,0.0008010242550908532,-0.004100187773675242,-0.007573237170871323,-0.006104441059088718,-0.00014946918853392594,-0.000922403624596022,-0.004788127685293405,-0.0011748068865835922,-0.02141796081376382,-0.007730822443399099,-0.021763334114723032,-0.02048232202036215,-0.006585011241671633,-0.005353359938966857,-0.009420756391746391,-0.009981826916980354,-0.0010377121786074469,-0.009645061977811401,0.004402763499513328,-0.005076022249569499,-0.002699955792320745,-0.005465424195766442,-0.012270132309148862,-0.018205929477829914,-0.002583936028906441,-0.01126743222509166,0.006999045335120371,-0.0045375942128223845,-0.004065998332734385,-0.009142465301683106,-0.013072356355777755,-0.014989923878818054,-0.0170953089550452,-0.0075293054879574835,-0.010276662657087748,-0.007040847022302397,-0.003347083187956488,-0.029035443840144323,-0.026058855810072005,-0.005657380682426607,-0.008252783435078678,-0.00812970704437829,-0.011278864586678629,-0.004084790247631389,-0.0026464478052331633,-0.008500751288106711,-0.0013611639117119588,-0.01967877068187608,-0.007598985576633948,-0.013613505546139089,-0.007597227563759271,-0.015138328209537614,-0.013525344966697895,0.0010481278627310774,-0.009994128118234795,-0.020975723600177968,-0.019047950815998048,-0.013138069282305005,-0.0030477361663627583,-0.009472996563307615,-0.01723667106424641,-0.018976825167862393,-0.007484784072950967,-0.0045560144278741005,-0.018960740547106704,-0.01706877760056245,-0.010752880871959428,-0.018838847491955687,-0.016473789407750402,-0.024542256702279972,-0.004970970952957522,-0.010357668307290943,-0.008270973767688684,-0.025740011750959444,-0.02048973754007641,-0.01523385332856163,-0.008821048250365466,-0.012893271981458275,-0.011267200552073855,-0.01746964643680748
49,-0.014259447048565183,-0.010697862397045847,0.0010485471925195467,0.009280762766297797,0.004884820612828088,-0.004034664578102491,0.0028578498273002816,-0.0033624236179843315,-0.0016985456649330703,-0.008112917908104617,0.010666979607243313,-0.004329337558178639,-0.0036754987854143864,0.0016912329591298163,0.00660646755308376,-0.006947141590153086,0.0071151843279118054,0.0005415725652451799,0.009540840266673121,0.0028835814702514407,-0.003695562814022478,-0.008604382138396767,0.0023582842196675576,0.008201902087536744,0.0069827293147920735,-0.005216728362290672,-0.009735117755107648,-0.006824632264737504,-0.003726402730059156,0.00012535507392472036,0.0031712816774428277,-0.0027875605856686964,0.0070699824292733,0.003210233303022125,0.00154727615213778,0.0013523414759700626,0.0040231288417192715,-0.005221072928476447,0.0024024259513761646,-0.0017747887699741918,0.012612847271493852,0.001269696939522835,-0.0008368127613111438,-0.014114418620871646,-0.005349838404863043,-0.011073709594210956,-0.008341238528424402,-0.0037247910549728855,-0.008797772551368115,-0.00232139792161543,-0.0031069003778498657,-0.0018655713258807758,-0.010401342008250008,0.0031714811238727435,-6.530096612634006e-06,0.001145032524448278,-0.008057690827860087,-0.0027341493296200907,-0.004474743428790697,-0.007904941931048279,-0.010010371761894506,-0.008979112839359864,-0.003938919128842633,-0.006768685892873488,-0.005560309497245524,-0.018542393483357764,-0.012201979272425246,-0.005021940778599594,-0.007927790609186164,-0.0020413316116550573,-0.007919501566842527,-0.006625814525942247,0.003806321814375397,-0.004516623924651969,-0.01704597461372429,-0.011050451217970075,-0.0034308734184920328,-0.006154308187675802,-0.013444668473563078,-0.012037694099373636,-0.004072181190141688,-0.010494471043260765,-0.010906895207686083,-0.019473095901459746,0.0020833476695005463,-0.007405957471376196,-0.003158300474583008,-0.0217931772400716,-0.017072335174073944,-0.010489894482389253,-0.004346841668453782,-0.011527612581281235,-0.012221800927036135,-0.008877506866206739
50,-0.030884839366393267,-0.013996197218072473,-0.0022263799715217256,0.010897374690188968,0.005601450112687215,-0.006907160275834375,-0.0028830236682654622,0.00011728902852622035,0.0024750143078883027,0.0013935113752441824,0.007552444554580362,0.002372848478394665,-0.0004810049099489385,0.006671718318311293,0.004262737261117531,-0.003174925293027959,0.010060907753128191,0.0028278496795946647,0.002525220379851273,0.0037951647635516544,0.0016110742359975458,0.0025495276371141277,-0.12787279745470595,-0.12620219032108673,-0.1381655256385567,-0.14302854181963043,-0.13536922146492444,-0.12897955132003783,-0.1304157451919715,-0.12772386004630587,-0.12264846117092515,-0.1253757122187241,-0.1165362976956207,-0.11965814525836117,-0.11808334540555815,-0.11635188086706175,-0.12770834512158522,-0.14397081568897838,-0.12426790797635677,-0.13485905743597817,-0.11459034200187158,-0.1197571641540123,-0.11794888844711622,-0.1305486000980145,-0.12175222598934551,-0.12882194451153345,-0.13026966452209526,-0.1256047795432688,-0.12262382245860753,-0.1234252984402874,-0.11981997753317333,-0.13774961453627566,-0.14394076901719463,-0.12331580605085675,-0.13260468021070893,-0.12910719412852345,-0.12716376683684233,-0.12143923898018409,-0.11786731330509985,-0.12541954740468583,-0.122401066354911,-0.1327009053566959,-0.11724233733896933,-0.1224313700814773,-0.1235578913372312,-0.12535703921067712,-0.12278604206130943,-0.11937839679705227,-0.12713774605197142,-0.13371319471020546,-0.14484809772722188,-0.13764970515772817,-0.12344592893991163,-0.1261261721552081,-0.12656604230031765,-0.1307742095346326,-0.1254126501635605,-0.12357300029922012,-0.12826002588703492,-0.13556733079154204,-0.12407866758248866,-0.1300132075737529,-0.1263560733188364,-0.13270732974044414,-0.12147191356157933,-0.12278437049501166,-0.12058327286712942,-0.13938492221866253,-0.12887890068714522,-0.13046552563499245,-0.1177101287076654,-0.13280170317357773,-0.12612102816044204,-0.12932677280416166
51,-0.021190164290882847,-0.012705582584794409,-0.0007925554830413023,0.005268763839739264,0.0031983864647484707,-0.005506115826161059,-0.010179584001490908,0.0024163306028874283,0.000203842216941924,0.0013646713718719328,0.011925574407861447,-0.0029337526465675026,-0.0015872869795159601,0.005576326525059024,0.006286697603997972,-0.0005299517586366029,0.0074036536032789126,0.001518958227505799,0.006677377686815083,0.003584411020387676,0.0026703780843333495,0.0008207707499077358,-0.012617934632066959,0.0029059052688396756,-0.024673142729442248,-0.014452910969978151,-0.010931802459084691,-0.006899948178324032,-0.008433817047996842,0.0024655961080665375,0.006858180942819125,0.007093089751213042,0.01859308005231048,0.009669630822077375,0.0156275639764028,0.010718419013295045,-0.009960048295483994,-0.01306130764102791,-0.0009886611920077273,-0.0018499224001126665,0.019632298721459305,0.007871070876776864,0.009281913118791337,-0.0006888902682564382,0.0076132223533096465,0.0014615399729866242,-0.0004250041774325107,0.006066026724128431,0.007852607863271913,0.012696323547796573,0.013306142482113025,-0.01640770318110785,-0.016505728741983337,0.005263129606366803,0.004425533041024552,0.004778215159501823,-0.0013849492427906833,0.014147044067732923,0.010246220616400698,0.008854290096012301,0.01127272754890009,0.0008352170926189704,0.012489976603376323,0.011797761946545082,0.008347585743768265,0.0014827192076390641,0.0033794192031750413,0.012161214002883466,0.006871166535286682,-0.014800794893320018,-0.012507574234810168,0.006197937581283719,0.010059210378267213,0.008136756908582305,0.0013089775352020784,-0.004162932553385762,0.007453049514805384,0.010513445390432885,9.201294468446347e-05,0.0011265726066005755,0.001152422266838628,0.00392986923129629,0.0031392837577389225,-0.002284288533377077,0.012570008222699174,0.009418451781080818,0.014985308658419657,-0.008522726629834936,0.0027147943892733605,0.007781451311453718,0.008720003509470426,0.0053043769623361365,0.0066462186359020625,0.0006134476767573583
52,-0.014024663466951671,-0.007455362699826412,-0.0002973235280198199,0.00819782508035844,0.0028952199188796808,-0.004630454673571039,-0.005743494147355549,-0.000712695788059185,0.00505122232631172,-0.0008524641482191119,0.008675971481933543,-0.002276560058410586,-0.0017066897105846993,0.0017386355267940874,0.00697932629095482,-0.006815996864703777,0.0026219328017380986,0.00021594916098407793,0.007247452958226095,0.000892169539526391,-0.0005388883612770718,-0.006192541066389921,-0.003759935291866362,-0.01538695156215886,-0.03491111403833326,-0.037543783178477126,-0.041606519708159345,-0.02556947924513429,-0.030923906248718887,-0.01733573964752151,-0.0022752719255376697,-0.014186001658855772,0.004209436289336066,0.00011827264155232149,-0.0023322164638913674,-3.287363606461031e-06,-0.00341694476373659,-0.03401386677443655,-0.024038465420939584,-0.024076048416868338,0.00023788035213229884,-0.013069594108140726,-0.004713141877513318,-0.009203330510960532,-0.009226458163384759,-0.00612700715935709,-0.013536254303590865,-0.0005571420522214048,-0.004464992603290018,0.0036650620090506224,-0.001414861846310527,-0.009930228862446279,-0.042620883190075384,-0.028606789664763915,-0.023631857575940513,-0.01750516831506957,-0.017434126305877387,-0.006005736216431096,-0.002933766702502522,-0.005803601500050203,-0.0014342466134046052,-0.01211932022542636,-0.0021323999076748477,0.0003154924325323925,2.2442566112664084e-05,-0.013041428084481561,-0.004642628216885376,-0.0004181320999001737,-0.0023589763868346043,-0.00757084211372847,-0.03834771197425191,-0.030797154779511376,-0.019866726767953147,-0.020178083883453126,-0.014329482805683729,-0.014944947400607547,-0.009967732838730084,-0.0038006620883001907,-0.014699603767614802,-0.015005740734886521,-0.004530745772496408,-0.006008775028374012,-0.009531557882106603,-0.018661010764669424,0.005882882174321216,-0.005353651205276598,0.0037060026605693504,-0.01405681530929234,-0.007894502164916642,0.004241115198812691,0.002371875317598783,-0.004220993636488878,0.0008242398588910125,-0.0021512510614126426
53,-0.01998074570236833,-0.012105008022741481,-0.009786139468105885,0.003923012024394962,0.004202793604731331,-0.0042222683086826805,-0.0026039942785564766,0.006914242905773381,0.00035982628421340037,0.0012158156991992825,0.009692277623725353,-0.000827158350603358,0.0009237153791735746,0.006678081245834675,0.0017747775748528627,-0.003646399258322674,0.007830366936756348,0.00044557638356902197,0.0051955482297829265,0.004015679497374434,-0.0010943908913785022,-0.003389931083161954,-0.011356232080328094,-0.046481467982843125,-0.067314013922131,-0.07337235505813948,-0.06516754158836816,-0.0408069084050567,-0.03254344856460369,-0.022791694546363223,-0.012543215198996293,-0.012664561315903761,-0.0014196375833947685,-0.010619827222790031,-0.007721323919224168,-0.007527451792381434,-0.021185616811784557,-0.06486609485492546,-0.039880787994574673,-0.034807399521440914,-0.01462818865961963,-0.015659860844895106,-0.011009343303172929,-0.015154930342474754,-0.0040377507574886045,-0.01184346111573932,-0.015053173084173215,-0.003762262822754759,-0.007339772793647889,0.0011748963363489024,-0.004979779483108749,-0.03008705001477435,-0.07298231648319373,-0.04974456130178812,-0.04230149771752302,-0.03103506739408582,-0.025333364045759157,-0.021654442232944833,-0.012231681063157232,-0.015626631804125282,-0.01010456280730342,-0.012473332549250475,-0.007690408236866637,-0.006944040314618869,-0.008357063876596845,-0.013457356282752698,-0.010652953007910713,-0.005821531171377644,-0.009381598079476876,-0.03731168229626704,-0.07442350324329199,-0.05598102887881356,-0.037785338513188514,-0.03185898889360626,-0.02560022373546411,-0.03439563557020976,-0.023560456846949688,-0.01234606600323591,-0.02252055297902118,-0.023653127430359515,-0.0067910822943303625,-0.011208819801836599,-0.013429544780357223,-0.01914174251857756,-0.004476887222749251,-0.007747785641741873,-0.001794428312298478,-0.01894416077999973,-0.010414841936290355,-0.009436615156363888,-0.00010735971479275633,-0.0013616512364760462,-0.0045455496310925535,-0.007188523050723582
54,0.01675050609934215,0.004633507807413435,0.009205842271188225,0.015029986562448847,0.008108052075686233,-0.0025776070946168248,-0.008804818822088679,-0.008897885865590755,-0.00372884509448846,-0.00047888899529314436,0.005145258800050213,-0.009493029400522702,-0.00499813783994545,0.0009604089414973422,0.0006539087312338611,-0.007311335074084751,-0.0008848640522475018,-0.010025993465526413,-0.00013129864964797015,-0.0031547669348108293,-0.008042903399229313,-0.009449383493859435,-0.020139483373426866,-0.011678618936386977,-0.02526355869331292,-0.02495345345618186,-0.02303181800245248,-0.01012926118855436,-0.013332002697526006,-0.00030732727326345893,0.001689064895216641,-0.01102713958524063,0.001552402601004013,-0.0029224489499934583,-0.0037861979270341914,0.0012207112131600879,-0.01757050126959562,-0.02635553110096436,-0.007189255070967543,-0.010894178175281138,0.00532630239308246,-0.012859437709468464,-0.0048795377219012295,-0.014358985930560578,-0.013045742507556447,-0.012633801035421504,-0.020683705572716208,-0.010729723616109934,-0.01360968772976959,-0.004693322434468558,-0.00218997759962699,-0.03282627731068787,-0.03224980934316348,-0.010250036087917384,-0.011078514501044691,-0.008811791880646442,-0.014301348848422171,-0.007804360883498819,-0.0035613280308229326,-0.009727259391353495,-0.006765456534550014,-0.015559575691354348,-0.0049150785786050595,-0.00816997254221191,-0.007221342589593022,-0.013300530288188674,-0.008515233400660712,0.0014747277631518214,0.003742129485465569,-0.023203331651464,-0.028584297531005307,-0.015389940293402075,-0.010264556250076252,-0.008244376646405918,-0.02297234840699144,-0.023938956849254796,-0.012392443750910798,-0.00996329793533061,-0.016418697198788804,-0.019671844742512913,-0.006547548945578377,-0.012518877509061032,-0.015006891012496498,-0.018012584581696675,-0.0022795938815142465,-0.01153814961166407,-0.0050646545102689625,-0.018582580306234928,-0.014613164860866749,-0.010397134711131335,-0.0023519712488373496,-0.01144044818348712,-0.011776979656359593,-0.013398173709311774
55,-0.022155230960949575,-0.015828003352790297,-0.005793833372680105,0.009391541509202458,-0.0019861234963192654,-0.0075747794229906185,-0.00386506137362781,0.0033883037659810395,0.0034444164273712374,-0.002222105487870829,0.011099361587928,0.0008881793081845062,-0.002580160329838124,0.00741226176726268,0.006857669331541486,0.0019746684272044426,0.005511704841402087,0.0010305999292635525,0.007737300251326431,0.003269290650402839,0.001244602585047438,-0.0023417554740458603,0.0032584224317521553,-0.014633923670539183,-0.03699908340266397,-0.046366565005779,-0.04751918216938867,-0.037348364176225834,-0.035470524810072644,-0.01893566574892776,-0.01275995094182449,-0.014902299979506095,0.0017375481790727987,0.00016222519725493426,-0.003140917859997786,-0.0034580171896804695,-0.004198714855007396,-0.0393067052339979,-0.03605675910878556,-0.0320777049911134,-0.00264598597384657,-0.015823104196026887,-0.008925576421140103,-0.009280878512406542,-0.007084933076048186,-0.007873485584116935,-0.012175440498063742,-0.0032318517967631455,-0.00514125322122202,0.001218482196866117,-0.006029351269017847,-0.00836768992000897,-0.043015232005784894,-0.03671233292811311,-0.03229128822478841,-0.02820253043330715,-0.02639762335872088,-0.012763091409199094,-0.012482640656434386,-0.014261232026926135,-0.009801009984307394,-0.018367283483747505,-0.00916369570517787,-0.008962302270657776,-0.007812964406614305,-0.013187672733241148,-0.01206493865590586,-0.0023154123584526393,-0.015471250046594266,-0.01601535173038984,-0.040558415555087955,-0.04410242988172355,-0.033298975974430954,-0.02577250352354985,-0.029396911149593266,-0.030306499545914915,-0.021734176272542288,-0.01101522779829037,-0.020653857640445045,-0.02180729539505993,-0.015638586433763476,-0.017195068652511625,-0.0179019643154163,-0.02203137841624983,-0.0014447861917581037,-0.014374137586144814,-0.009837093512911036,-0.026005647123362497,-0.017361380342250984,-0.015251251567014578,-0.00706198416566842,-0.016103022330704382,-0.013047252562810996,-0.018835805743198264
56,-0.02069993249078955,-0.013295298420446917,0.00208871328433631,0.0037318359326678936,-0.00029992831271794944,0.0005658504564301183,-0.005932038232485577,-0.004253443794798723,0.002870955769145785,-0.004124504683353991,0.013544655310088657,0.002848297498533543,0.0014217451483834178,0.0009751575776886601,0.004723371313693409,0.0009413411247337812,0.007521620404973432,-0.00396954158599717,0.008110323990013957,0.003230819709901415,-0.0008991482130163941,-0.0027054745214079422,-0.010824881750583352,-0.0339518574992976,-0.05350456448867532,-0.05800606894375754,-0.0611001480489884,-0.04449683533606118,-0.03599009561220327,-0.015944393748792165,-0.009257230802751157,-0.009427101218141444,0.0062031813684461515,-0.008095509717910412,-0.0004558323890618499,-0.001910591563396835,-0.01197455662828984,-0.05044113608896281,-0.043113350677311826,-0.03206971906849775,-0.007755329553686646,-0.015110417530970555,-0.009211581924161796,-0.00914568093145715,-0.0018324606475517658,-0.01047891154823615,-0.012722255255272222,-0.0028882977020571604,-0.0027906424600944017,0.004497991708807762,-0.004407922428257531,-0.017402559925484958,-0.05632692097289641,-0.043942869214737126,-0.03838948017450805,-0.03292680997044409,-0.029776184880723502,-0.01490102508689857,-0.008081473316721871,-0.007481370967172663,-0.009053070553851825,-0.017633098209146176,-0.004794773809702031,-0.006482327411178533,-0.006211522346624398,-0.013430436177338571,-0.01115872202488532,0.0030453562506103896,-0.012539458940382256,-0.01711296944840138,-0.05537644314788784,-0.045744338502446524,-0.03903216096598725,-0.02949621767759071,-0.025965129350534015,-0.0290445190381393,-0.011947799955736799,-0.010051790396481925,-0.016190783885176835,-0.014166426449936157,-0.01092557748546959,-0.011027441299785584,-0.012062164652069074,-0.01805344290807413,0.001613207760440339,-0.00942830458261529,-0.006423330473293558,-0.014297531332220514,-0.0085443867607257,-0.004744974629149278,0.0032314890753078994,-0.009886779627485496,-0.009336021123272874,-0.005303294799298791
57,0.00821488088478497,0.0034247873784818117,0.012001877420093498,0.014226695135749153,0.003813167733919314,-0.0035331125599327813,-0.010655060286754312,0.002502831670707447,-0.0005293672475833076,-0.002971445899744306,0.006415492534092195,-0.006691262209527534,-0.0071554031303487494,0.002753401567505551,-0.0007786116256199492,-0.007702235367942197,0.00028215969320855656,-0.007947990015718442,-0.004465576715654246,-0.0012052289597152142,-0.008503890257601876,-0.003356898483986789,-0.02101018161607581,-0.01352046699601521,-0.018056802473991773,-0.021065634516207226,-0.022601149730828583,-0.011119705525758129,-0.013903717010482715,-0.00347472751900624,-0.008372641026645516,-0.016750691752529086,-0.0005934849667652759,-0.006805391859738589,-0.0008441331944105666,-0.000600101386906171,-0.012055877305934807,-0.027675113271324638,-0.018421048707605216,-0.012534842563321298,0.003685732142903753,-0.015971712501192687,-0.008656165079410203,-0.011603362833324958,-0.014310343248818223,-0.01823247405024128,-0.021961141598592967,-0.014792287905191168,-0.01288241792557515,-0.008785235809381146,-0.004800465272972709,-0.02615988285421725,-0.03610429468468809,-0.019014078774515775,-0.018120345217029512,-0.013858735189324078,-0.014113918160828126,-0.005909679094625086,-0.007904685680288997,-0.010898250473630999,-0.010361495259969546,-0.021129780817062033,-0.012297755387155248,-0.008499566876099785,-0.012137889840751523,-0.01873313808243119,-0.017387886803273963,-0.011752835517357181,-0.014523248627715889,-0.017329035543124427,-0.029601564217840867,-0.020934683688578554,-0.014993505145713442,-0.012324410632336831,-0.020448757028748692,-0.024279956117745805,-0.011868153964033349,-0.016987689297684724,-0.023811207213611775,-0.024088981602304008,-0.017963941811881216,-0.019559412613582027,-0.017521395661042535,-0.024037880849009607,-0.009316056012414581,-0.013736949938302217,-0.015039263503133792,-0.028675258415400553,-0.022793986118766034,-0.015092316007542872,-0.014728849009282896,-0.016854840530141798,-0.016563466546971,-0.01722016401347302
58,-0.02659464097371912,-0.008543267986783213,-0.0002003739628410303,0.009445785984792326,0.007713559760886723,-0.0027194075365559477,-0.002700307730722162,0.005625792979705296,0.0021309289064619054,-0.004518344842943904,0.01378795793773734,0.006246176070766402,-0.001278198481656246,0.002377059381088336,0.0020531589419050056,-0.008493178088879186,-0.001462152025048031,0.001804408272169169,0.00256659132014455,0.0027584520734907454,-0.008841928083838116,-0.008633498090024864,-0.010788583272974455,-0.026469062043910887,-0.040062609997609355,-0.050024744583251256,-0.04394149877858074,-0.03341155842003255,-0.03249932514487931,-0.023315733600704273,-0.012005795280430323,-0.01753067436922747,-0.005642114885570755,-0.0076600305824552845,-0.004796781050066465,-0.007880354845449359,-0.012462561435930945,-0.04098922191907406,-0.03069526785695217,-0.03591483602829131,-0.011369052004917266,-0.015811179930886404,-0.010615423064508436,-0.017636123147682255,-0.018508231415420698,-0.017610071854166912,-0.023220656273083704,-0.012921091005592177,-0.008566974300029414,-0.012256864580281801,-0.008274141237205875,-0.018802875968030423,-0.046399817595579936,-0.030624719312084714,-0.03220585009646873,-0.02656585594758727,-0.029540072710957828,-0.017810824714633196,-0.02272400553062067,-0.021234138241763203,-0.021516049359509973,-0.024990318769215095,-0.017443493445336127,-0.017803685699703715,-0.01309459493763063,-0.026774320694791416,-0.019405659593614812,-0.01792982343906816,-0.022503016634651714,-0.027267325410822062,-0.04659083720672549,-0.04114165104153502,-0.031802769145698996,-0.034721029414334116,-0.0319013660510407,-0.03391689067196293,-0.026345051196703266,-0.020137902895161708,-0.029698838859781394,-0.03349804632740869,-0.020189887690290037,-0.021059186409739437,-0.020994089038427973,-0.031092647620304323,-0.01580144409666475,-0.021290990329710296,-0.01792720374514274,-0.03336896203472461,-0.02475072001977573,-0.01940583176798186,-0.021226637988222084,-0.025008216493884523,-0.0195664349088158,-0.020718551717905754
59,-0.012715588108429455,-0.0042613633542593395,0.003501208586381808,0.006682290338898169,0.005410651940207376,-0.0018554211846082487,-0.0091363606207317,0.004245815919618457,-0.005729344099822825,-0.0022777973761216362,0.012058112033433373,-0.006617603943492147,-0.001092064899308016,0.001571228346886433,0.0071870538560774464,0.00035717962905256514,0.0008219003879209436,-0.0009305940943831494,0.0026096584655807237,0.0001710381770912093,-0.002278518167454437,-0.003972319801062098,-0.006727033855978916,-0.0016842623186132612,-0.007245148764776577,-0.0176853634190052,-0.018579613704687505,-0.010032258382955303,-0.012275487828255837,-0.00040999887784581396,0.002482880020815283,-0.007008644016498611,0.008991466225640177,0.0041450821267826074,0.006927519947690557,0.0063785608546217095,0.006846819275673305,-0.015465056518257025,-0.0040282289827921905,-0.013270590832721071,0.015788412537054576,-0.003859857527626349,0.005667105653820616,-0.003040898918350601,0.0033421411188354934,-0.0021573208464470872,-0.007995295541934358,0.007691983335467718,-0.0052773500451197995,0.009256271504358687,0.010419985488996858,0.0023265947427752696,-0.016121814103663725,-0.00422722768971047,-0.01624552555817618,-0.008766530817821205,-0.008459265446105388,-0.0011349039620409413,0.004433333659268114,-0.006158407644695058,-9.965894437004428e-05,-0.0012282327812991856,0.003776785760185231,0.00492491865574429,0.007646608848496509,-0.0019917958521281864,-0.0037336711863507847,0.013173693171198358,0.0015996952005771163,0.0022747899540124183,-0.009906638494418096,-0.008232481418435238,0.0015110434967972818,0.008002976300503388,-0.0025836870050460147,-0.001937726594140245,0.0025531716753377505,0.007506264541594927,-0.0030565752273686636,-0.002983148035797404,0.011670668657536805,0.008973764755140893,0.0018696422528364357,0.0012092989011628752,0.019638499668275407,0.01205024520973562,0.016829859944198344,0.0014818770644669371,0.014351396272236154,0.011877173562406322,0.02036351353445323,0.012602642023602654,0.014421728994779778,0.01284469802470093
60,0.0024495815424331446,0.0017877875855653322,-0.000849328402132582,0.015210271074497449,0.004074820741542938,-0.0066182381595325775,-0.0091528721596177,0.0026621661213428413,0.0022287992255144713,-0.003924409375808397,0.007256893823060454,-0.004689331674774901,-0.005019113512319969,0.003141083160733447,0.0019216523674584754,-0.004673705289382072,0.0031844277373241437,-0.007887549652435653,0.0017240097544987335,-0.002826944907966487,-0.005089534603867673,-0.007959473998283678,-0.010144881075158284,-0.007137719858440907,-0.018342780149478356,-0.020952885081129188,-0.01874071991047761,-0.008059305788331856,-0.01829615730005078,-0.011379051477427465,-0.01010217138930122,-0.01530096158332165,-0.003931895017358593,-0.011510566548339932,-0.01092163608920611,-0.010988971764892087,-0.004444337450645523,-0.02810081139136919,-0.007247427903057491,-0.01622751663716863,0.0014410879520678336,-0.01374712227034281,-0.01076014857503074,-0.0183131395602097,-0.018828942549394805,-0.0184783406166543,-0.022810185804007403,-0.013285875776672998,-0.01598243819369651,-0.015288391443350754,-0.012987120500132029,-0.012843953293722466,-0.03320947648158197,-0.00990927880714349,-0.01544514365366709,-0.01616350935651942,-0.018537113550461903,-0.01084517580489685,-0.008964807721172587,-0.01756092002412987,-0.014387651144740197,-0.025915423757979207,-0.01182492254917977,-0.01555534191272842,-0.01644644717620126,-0.026433934213317058,-0.017284785138802595,-0.01249195871772645,-0.0195951413658558,-0.012766401340923626,-0.024615365015680908,-0.017311762204371823,-0.008254542180872763,-0.014740335972902861,-0.022207986629624654,-0.025362779842615032,-0.018635417150340568,-0.014901990181630811,-0.024207197355603755,-0.024432440660856893,-0.013867318286390498,-0.0193494213375275,-0.02041091681233242,-0.03150712817952874,-0.0108762222276432,-0.017386845236136542,-0.016742796044062324,-0.03206363035858532,-0.024451220287494604,-0.023932983775352447,-0.017834456621848443,-0.01826527200287286,-0.021597690504781848,-0.02296792750842902
61,-0.01810146833337607,-0.006136510763537036,-0.008649871349181241,0.015263414334951127,0.003255057770666304,-0.006789258838736748,-0.011939096157837066,0.0026889981164264676,0.0012154006130420131,0.0010747375247310892,0.012847889492396295,-0.005595637191931229,0.007377282057308718,0.004087792533853736,0.0007287491440017434,-0.0018455606275273415,0.007502845127966662,0.0007566895832620794,0.0031811142597773234,-0.0009225672962539913,0.0005749311360209132,-0.0014898826482438248,-0.019135198498561174,-0.07449433707057246,-0.10399258681110993,-0.12240942855696088,-0.11451724306011925,-0.09704826265450404,-0.09229968544591877,-0.07331265249387971,-0.05603416741805341,-0.040422195268201844,-0.021258712572690335,-0.020065975733033894,-0.01702711264510279,-0.01333359673715957,-0.03454999177282136,-0.09761092623856991,-0.08510608457581982,-0.0825624888306231,-0.04927231313469418,-0.048615831508443064,-0.031160014730752958,-0.028645715142832383,-0.02806041316256525,-0.028376999705869987,-0.02349365841815218,-0.019104513021166936,-0.016378654639126237,-0.014594855766061886,-0.012033505200573544,-0.04027003578268294,-0.09548279858062302,-0.08728427463741907,-0.08332706664365785,-0.06708029873352656,-0.05589881587428682,-0.0330061449051596,-0.031281711949731464,-0.02536134952230579,-0.0246624600560858,-0.02739658408914508,-0.021606755954285975,-0.019169735143190637,-0.01909992705802764,-0.02865239690388018,-0.022031525072068767,-0.016715448271301538,-0.022253748033040144,-0.049288835955924384,-0.09933495986246117,-0.09829452804584221,-0.07929446237073513,-0.06579535486772664,-0.05809988819138536,-0.04758046170331149,-0.03390579280007178,-0.021941657896183065,-0.03878643294648825,-0.03541420109244465,-0.024805982740740796,-0.0282820645901953,-0.021813134497562923,-0.03173533702646048,-0.016266211831310697,-0.02327737198168122,-0.019347870439799,-0.030369043218828294,-0.027382432747401327,-0.018699837022974602,-0.01668384053095069,-0.024295011294063265,-0.017175981345396732,-0.019893777558870885
62,-0.010599847719732228,-0.014274070175146255,0.005946813753992586,0.004264862533056955,-0.0015458044040521839,-0.004192288998059092,-0.0050353696400058275,0.00381747268592166,0.0017738380125926878,-0.0014540363515039199,0.012482018008668064,-0.00355903358206121,-0.002470941417254121,0.007627160207051031,0.00428702346688029,0.003246931412893938,-0.0011553293642565404,-0.004372162667237155,0.004905976526984081,0.00030678771126948243,-0.0020381759568237645,-0.01074844364369278,0.0022132855873167154,-0.012119527778513156,-0.02577251025239997,-0.04004666526294282,-0.04099576812315732,-0.028551482584774707,-0.022758927022163006,-0.01360674851017766,-0.005481880014308361,-0.005774195798696156,0.004612379459896753,-0.00624055016088702,-0.001698238265233189,-0.003989469101264547,0.00038367627341377594,-0.03516811306935128,-0.019118690349138726,-0.028065726007940953,-0.0029110791945292673,-0.016704413172744084,-0.007683511084701976,-0.013042727070674014,-0.010281049608599383,-0.012978322766986364,-0.018712655417225506,-0.007637032808992667,-0.010066249868401201,-0.009014256665514558,-0.00489084963954701,-0.010799736552446735,-0.03981827245654993,-0.025760560623369736,-0.02800405327146883,-0.026991296658585708,-0.0280611460732467,-0.01197433236180864,-0.007166954461013289,-0.012570056205035745,-0.009758356254030454,-0.019312031851982978,-0.008657000088265733,-0.00876056635853523,-0.011672595870633294,-0.019803602663090395,-0.018537555130764063,-0.007453954690251636,-0.014263115884613046,-0.013270484177086867,-0.03339045732399038,-0.03309693689496287,-0.026441724669754006,-0.02168236708839977,-0.02388464408485771,-0.02658686354881073,-0.014106082387029928,-0.012405466169915226,-0.027080043150318076,-0.019738112916429552,-0.010787781271173948,-0.017963186691800997,-0.018790688468234222,-0.02897889132058655,-0.006705035305954782,-0.015151724722543447,-0.011368396816480605,-0.02326489590705742,-0.015520588484644094,-0.01801045453843992,-0.009162404822842472,-0.01628811735538595,-0.020199721293250303,-0.017265333239047546
63,-0.01839355650598175,-0.011163619685309356,-0.00331335344159673,0.0069760424418448975,0.006265818458144291,-0.0006738253431896514,-0.0036072039678536863,0.0014029429931016189,-0.001469657495903051,-0.002229661319492325,0.010857536642803825,-0.0014229441251036403,0.0008507346479421604,0.003322694743469903,0.0037570264054448523,-0.0016365574924107093,0.0030882650996998493,-0.0003303084916240146,0.007132524354813454,0.0005871020811989896,-5.051032304174925e-05,-0.004684161952753486,0.004634363415384814,-0.004731090277347376,-0.027290629578796525,-0.03569836681864662,-0.04769839555647351,-0.03575922692476836,-0.03772137384405795,-0.028670947484199974,-0.02552708199387635,-0.027167922995778908,-0.011481740611758112,-0.01267411019626507,-0.00970868674878613,-0.009981440978845466,-0.00760099715884629,-0.027163485046459646,-0.0317802112423289,-0.03762466959479105,-0.01906660075983905,-0.027847301294575483,-0.022588118760066788,-0.02434080087484332,-0.01999983521670565,-0.01848719217794739,-0.023909751169194186,-0.010841693578940935,-0.01162724645946875,-0.003622705782806701,-0.006002098089724557,-0.012959116462397282,-0.024329493443909035,-0.030064053779060653,-0.03321632940855872,-0.03215018047618085,-0.03517106951959694,-0.022820335644755177,-0.019838448242806124,-0.019903926899041312,-0.014050791505097545,-0.021096047356839447,-0.014541498223716798,-0.012928826882279185,-0.011101703376568387,-0.01480609515955164,-0.009424137237730657,-0.005420405144148899,-0.010969400669207948,-0.006297850767738103,-0.024197958536554917,-0.032081445490468395,-0.030254109515155368,-0.028451288883539892,-0.031392549082203784,-0.031533658809914156,-0.02567139577187298,-0.016831459206514063,-0.020425703862641614,-0.02092360968867144,-0.01460879085518588,-0.014995301174043891,-0.013605651429929139,-0.024808653643525632,-0.0022453769687472203,-0.014407991901373861,-0.007578754971094135,-0.023836941593793168,-0.012032831818719805,-0.011292660936186485,-0.008562975575872794,-0.012006338447034252,-0.009202606376053794,-0.010570965852770764
