cell_id,f0,f1,f2,f3,f4,f5,f6,f7,f8,f9,f10,f11,f12,f13,f14,f15,f16,f17,f18,f19,f20,f21,f22,f23,f24,f25,f26,f27,f28,f29,f30,f31,f32,f33,f34,f35,f36,f37,f38,f39,f40,f41,f42,f43,f44,f45,f46,f47,f48,f49,f50,f51,f52,f53,f54,f55,f56,f57,f58,f59,f60,f61,f62,f63,f64,f65,f66,f67,f68,f69,f70,f71,f72,f73,f74,f75,f76,f77,f78,f79,f80,f81,f82,f83,f84,f85,f86,f87,f88,f89,f90,f91,f92
0,0.022527523546611056,-0.0005443935438177743,0.006294294139036806,0.0027514534614019484,0.007208659557852283,-0.0010235881515471097,0.005549115107696529,-0.004479060988091944,-0.006558340245816482,-0.004886931539274012,-0.004149773566366022,-0.005833741000071694,-0.0017101565898855196,-0.002407277712253128,-0.0028277079171956598,0.002417280910681079,0.002442252499758344,0.0010869000238743138,-0.004855248809046594,-0.003908839789778353,0.003290705347503461,-0.002818877937006818,-0.0009782732550624334,-0.006585973549203841,-0.0058984345217181116,-0.004421614030764239,-0.012891120304381588,-0.054115585073954905,-0.05187040647126638,-0.0340866534981818,-0.02593011369633533,-0.013078007805036063,-0.02517921780752516,-0.02360348177316312,-0.01776042154911128,-0.011715436119972396,-0.017748297348689195,-0.023746244490753635,-0.0163239560246395,-0.009048782484848158,-0.014629877297771845,-0.004931997164638895,-0.007210717317223349,-0.038115801733545986,-0.07187981853570617,-0.0537666372317256,-0.046771885767220314,-0.0359083018601802,-0.023742123339921074,-0.02207799022317032,-0.03204306765231339,-0.024692045411851674,-0.02503995402124823,-0.03021521211846952,-0.02299427945237185,-0.02226539474005969,-0.01948282156755043,-0.019164249540869076,-0.017790486720955158,-0.02049673431690239,-0.016561577747984925,-0.019486544624749236,-0.009862758664576766,-0.015379117955058006,-0.024842569927242594,-0.01022302967692392,-0.01176020495867882,-0.022318845727621033,-0.01415425483632994,-0.01178184773545882,-0.008215048639755048,-0.016496991658960177,-0.01551226846967896,-0.015917671175973713,-0.011741941767927753,-0.02053829004932506,-0.014176857552568188,-0.018122587847790982,-0.019261287240361757,-0.01720038871749714,-0.017392668359338025,-0.022873040036758913,-0.01347530208434647,-0.01942582183760639,-0.015829472084380423,-0.012868599113307792,-0.015175791435024535,-0.018433702310817337,-0.01594564776909871,-0.020717594219635392,-0.021466058820307325,-0.021429348701189396,-0.015656193569193566
1,0.004975379765851737,0.0030715519284080705,0.005681890264199684,0.008575579488148367,0.0004287766792262516,0.004128606166706116,0.0069535980758196935,0.0003145204055301655,0.00206118981733595,-0.007554399570795895,0.0030395577468361246,0.00033711310852756594,0.0012927222365694648,0.00389363170977617,-0.003417766644933663,-0.0006206095022005486,0.0018929736481802036,0.00046057705450252293,-0.0059788744900294765,-0.005063478632765525,-0.004342456873891,-0.0067628160091233605,-0.002190518010676199,-0.0111767483612021,-0.01165214341882656,-0.007738385471297267,0.002803248648896257,-0.01936683003225293,-0.032674233090622305,-0.04272961719920079,-0.037835842087143294,-0.026742544456738036,-0.03576073248289076,-0.03495043262286923,-0.02081345695224588,-0.01728401791364178,-0.022892806361942953,-0.031742811822364866,-0.013321321195931837,-0.008738214013791927,-0.017209318189018975,-0.0007396986755703566,-0.005814240549372918,-0.005975890306763408,-0.023574622880100853,-0.04004693188982589,-0.05199640682692577,-0.03900264856763725,-0.03922030408678183,-0.037750361249217046,-0.03311332802279561,-0.03440360093953771,-0.02487393896267358,-0.027256992130539358,-0.015414155883136445,-0.017027342732620923,-0.010392175534916498,-0.014289305410866865,-0.010353292698878185,-0.015597735929842484,-0.004892607389607086,-0.009992606797491642,-0.006736225594223451,-0.005556991180163015,-0.01628925003837306,-0.003654937194749011,-0.005629467213329981,-0.015018493458839042,-0.01282548312493993,-0.0018311727627166518,0.004105749518130272,-0.014123420047049865,-0.012766475690052697,-0.014449498971600224,-0.011752409804199768,-0.01627028985892723,-0.010121915778592797,-0.015378696064315824,-0.01579326552546143,-0.0168233628018909,-0.005867818833283511,-0.011146210565492833,-0.011692699488932352,-0.00974242225534323,-0.014322336362206908,-0.009257065000663825,-0.0067250429854699865,-0.010977701443321625,-0.012009168836534813,-0.017449064654432554,-0.01351560195223491,-0.009226936880988428,-0.009408522017876128
2,-0.002686853844146559,-0.003132863858985991,-0.0018216488326444511,-0.0037595941263336777,0.00414026890386566,-0.0008943784805981903,0.004413970677693513,-0.005917821495878897,-0.006927362433740898,-0.004691398451071758,-0.0012781767986974918,0.0017486834574905786,0.0012575488749464602,0.004045902303937194,-0.0004819736619100147,0.005185323517952926,0.004508223117146448,0.0028569119215773905,0.003991111852482519,0.0037833792657783363,0.0017038455135625667,-0.003182476189079507,0.0025078447204502762,-0.0053684659537954595,-0.006194373385789365,-0.002247637038030814,-0.012710064864674773,-0.04511322610483658,-0.04393708002198537,-0.03576790500773802,-0.024444825157414703,-0.006861084586091033,-0.017979331133284024,-0.01614893235811891,-0.011218199422914148,-0.006038605246330915,-0.009028755880854448,-0.017547728132188477,-0.007268377769988087,-0.0035783267362147087,-0.010501930311901699,-0.0017775086412757136,-0.004076671597190117,-0.02425334659604711,-0.05360659121717247,-0.04869753887192189,-0.038725167521192906,-0.02895166437922772,-0.014997990898725453,-0.018935665960237758,-0.023957587968394,-0.022566645874320987,-0.017603024328930832,-0.019360953583313606,-0.014920485320299735,-0.01632081013353829,-0.013418681582462172,-0.01696986926759175,-0.013347867579983687,-0.017980689470231286,-0.013869970519874672,-0.016906935879268642,-0.009057129109237215,-0.013379164951607273,-0.020337548914337776,-0.009606053501933162,-0.008812705810079955,-0.019414090544048933,-0.011452968996903373,-0.012400765727185337,-0.009676131413001792,-0.017587956647951746,-0.02005182681012703,-0.016238127707329613,-0.013051726135673916,-0.013695434813691591,-0.014757859445250448,-0.01705125355556691,-0.019747019076905136,-0.014858571240216065,-0.008841671462530006,-0.0171967377131634,-0.015807181541822646,-0.017909672309733747,-0.01472097568004475,-0.01720890187802189,-0.01572416392111423,-0.017068215891729157,-0.012558375131458773,-0.0179263185121941,-0.01993971683655248,-0.016463839018190762,-0.01363869651347184
3,0.0011237298501348917,-0.002401667187009177,0.0010935011817377177,0.0004711823502092477,0.003636249068622085,0.0003846001078155803,0.00390613695058303,-0.002939965849789448,-0.005019240486335751,-0.0047307244838491825,0.001118135461989758,-0.002001195109776679,0.002345821364900194,-0.0006753175409960007,-0.0028059580968853885,0.0024797258361592637,0.004641734122061678,0.002152931217660251,0.0005673701953489174,0.0010432336139009452,0.0012017722439138902,-0.003355159805526792,0.0022321184910044276,-0.004469013495875515,-0.008911945846530748,-0.004620160200889557,-2.7346467664252276e-05,-0.015730728684481256,-0.022130131408573697,-0.019213619120842334,-0.01303850043460487,-0.0008480982172314775,-0.012343750038379182,-0.014875929986867155,-0.006825625835621522,-0.0021529052643118867,-0.007642246432301242,-0.01518732735935914,-0.002954316170744676,-0.0023345538015511207,-0.008497410312153491,-0.00015050274397481242,-0.0023213581029692385,-0.009386824811837769,-0.02400214312716112,-0.023206334830179663,-0.02520804947177161,-0.01809324923769782,-0.010761545895969027,-0.014966058308094879,-0.019027325358508297,-0.01717350812767346,-0.012535662849466868,-0.020611849305368482,-0.013400579394392861,-0.010067168543614774,-0.005492149169753921,-0.01261658866564718,-0.009397206192326821,-0.014465253451724702,-0.010178647467725266,-0.015530726390452314,-0.007147326200142017,-0.009223269094162087,-0.01618946024688292,-0.004756194860273866,-0.00972465740422957,-0.017062281476427212,-0.00848654976793413,-0.009905972652438214,-0.00235532245069782,-0.016570872800262957,-0.0150036636343018,-0.011097072118211192,-0.00947258822290653,-0.013433846306502566,-0.009641613017380325,-0.01362539560202074,-0.015507737844437292,-0.014769327576671125,-0.00866336224876232,-0.01442547937568415,-0.010982380537377238,-0.013218815941278154,-0.010829003769113194,-0.01245038252211398,-0.010183430689734157,-0.01050493851514471,-0.00874487833825931,-0.01588276494001708,-0.014146775570408592,-0.011394799428393967,-0.009052296640618636
4,0.009055282767504716,-0.0007838588813591092,-0.002203730501348287,0.0011661075787589665,0.0023948088411066067,-0.0016855269584947878,0.0063889561310370956,-0.0025782123326708747,-0.002704744469970903,-0.004934219576950688,-0.0011455503184294575,-0.005031877485875226,0.002889848842373648,0.0024691050642374375,-0.0022695392392320457,0.0030559663230721778,0.003945345010774527,0.00356935270488626,-0.0018620233944184473,-0.002376036781912638,0.0010249527473142922,-0.003619977051317606,-0.0001604473352013237,-0.004603981683878915,-0.006631589869675303,-0.005250297994172958,-0.003008466463123886,-0.038694777405015,-0.05218439747796545,-0.048559421042086666,-0.03751558593848005,-0.02217554990928081,-0.028182562505075434,-0.02585924455890952,-0.013473064136083025,-0.011481286097958883,-0.01599056784027381,-0.021024315082248987,-0.013800130850611832,-0.008967165858656092,-0.014281048350255218,-0.004062689466248054,-0.008567847646665926,-0.017751429207048596,-0.057955642449041944,-0.060502067665413786,-0.05766452899823786,-0.04110831538585646,-0.027721951738282676,-0.02866504339758003,-0.032039773591071095,-0.029015991918663653,-0.025501794029016936,-0.027928697146176865,-0.022755443212274767,-0.02220414197820887,-0.015135374298132715,-0.023132125403179247,-0.017890362827809633,-0.026404073250825746,-0.021616134632782356,-0.022591902747488502,-0.01170148087085699,-0.015858933974057222,-0.02876171965504546,-0.01679399856461283,-0.01370153909263017,-0.02793220886176796,-0.019948727538253355,-0.017882037669739385,-0.017007841657582415,-0.026028614315014128,-0.02545615019198352,-0.024234926376656,-0.01844784398096461,-0.023890676645428675,-0.02076690858973428,-0.028338988465985742,-0.02444355526531013,-0.025631090121737435,-0.022794157853858108,-0.027930013636906337,-0.023220160682027927,-0.024397404180122647,-0.02535369403247958,-0.029398041345169823,-0.023688961604778774,-0.02459326874695587,-0.024202898317187884,-0.02961298400569673,-0.028387318784501826,-0.02471060010548017,-0.022890727259502985
5,0.002238983711399762,-0.0018427560246200134,0.0011525277411349097,-0.0023875732842342377,0.0008118247975973468,-0.004644014963300053,0.006275228211399032,-0.004094692296564728,-0.005750351690059533,-0.006582974516981163,0.0009016202316360687,-0.0022297838916897892,0.003984968247974706,0.002430519751570124,0.0023664500359248724,0.00077029132294425,0.006221143341358311,0.0032938394220254673,-0.0012559027252489776,0.0005815800761068415,0.0014603204188163427,8.938105828789849e-05,-0.0003052390274131967,-0.003485389948060275,-0.009510627362239028,-0.008692547591435036,-0.0007257466044221979,-0.00939835047781269,-0.013052076983671423,-0.016793314499154808,-0.010759647522542052,-0.004218721039047366,-0.015037598069731904,-0.01583744518431522,-0.007115503369311167,-0.004914805698165239,-0.007919986286575432,-0.019648340404695232,-0.008613874957328781,-0.003567740451611004,-0.00793481869025635,-0.002481625922552646,-0.005288118932671146,-0.009313171135903754,-0.018470805720813038,-0.011968591690954825,-0.01354302003473349,-0.015525303908578742,-0.019177333700596506,-0.017289433238393607,-0.017907425307634863,-0.019670143277220224,-0.015432417293503704,-0.01816480247452931,-0.015349097717378584,-0.015386476058552267,-0.010349454487902166,-0.016258129308222822,-0.0137548370705609,-0.018482497987240023,-0.010358069347182992,-0.014443463640671379,-0.006605724481226515,-0.012165006059837934,-0.020366419774733337,-0.009626998051104813,-0.012122617214023667,-0.019221238159043693,-0.011115764899855609,-0.008596831691482204,-0.0069943672020955725,-0.016489058281551616,-0.014929334528008875,-0.015072441017260064,-0.009818087148925661,-0.013945664553358508,-0.015170012609075512,-0.01709921497529484,-0.016029394145303997,-0.011838826943904852,-0.01063339384643093,-0.019148748840179305,-0.014051899496436723,-0.01073896072195308,-0.014058256300961223,-0.018847819686532114,-0.015035121271521552,-0.015473436769773575,-0.013941468525360557,-0.019309655097317018,-0.01854582192032898,-0.012472876175698519,-0.009700781565037148
6,0.011552737529803292,-0.012115508494630431,0.0023995051771716945,-0.0023617740556643625,0.0022997665789976245,-0.003850300521303484,0.009166157609985029,-0.007226671432915464,-0.009740197908303641,-0.0025942575269514738,-0.002062662169009567,-0.004532722017353767,0.000905489580404163,0.0003142727637456589,-0.0012506985242613244,0.0068207123054430325,0.0042713322326895856,0.004424495000160291,-0.004350769811095441,0.004570792653948553,0.0014997462004230305,0.002470232623171973,0.001414920513064347,-0.0020245983075176496,-0.00842407305529624,-0.004488825131449707,0.00864752110598299,-0.008153445367541576,-0.005704872545125746,-0.009335081935454494,-0.004784268523052018,0.0026485386543529553,-0.004163724162555198,-0.012975728366733236,-0.0026501489855325945,-0.002838303932281748,-0.006412802217789086,-0.011189303269240839,-0.008192177992793561,-0.003514825100450304,-0.00652744777467841,-0.0020108037450578186,-0.0038507097622120347,-0.009415841386546036,-0.020778530260955004,-0.013396694441964332,-0.015459054864633472,-0.007733312995720448,-0.001879222795012419,-0.007612135993249383,-0.012052343041972103,-0.011616563600126958,-0.005858701375006649,-0.015780722483412248,-0.009266850278561075,-0.011847018145700007,-0.003835092341869954,-0.013296518571235769,-0.006644608759095033,-0.013796828168585833,-0.013973129899371398,-0.016971725383901105,-0.010097316111279057,-0.009098132844078573,-0.01677213423484839,-0.00292403777590328,-0.010156498088955093,-0.021348562497765566,-0.013730988604621469,-0.007010284835706463,-0.0066894862051129055,-0.01717901743524152,-0.016048338298357244,-0.015617066070299975,-0.009511984139711183,-0.015382184823592935,-0.009759363279075865,-0.01723605978091721,-0.019433541779634925,-0.01567259337269946,-0.01290326464413463,-0.01761014184214907,-0.01570347308003053,-0.01781146908581594,-0.011686604683544188,-0.018478287554933276,-0.013453210135803305,-0.01718776399689959,-0.014081918103325415,-0.020799857017975897,-0.021406119637062165,-0.01775935006217238,-0.01604584910351726
7,-0.004464293167875023,-0.0010150071207682542,-0.004156181272809961,-0.0005233913040941843,0.0020997153143492483,-0.0028220655640142354,0.009131566070759522,-0.0016050421423618247,-0.004406268677710008,-0.004261864368970589,-0.0005215234133155025,-0.0008540118191534879,0.0011299222789219996,0.00254092977108111,0.0001982549487027269,0.002515133817855833,0.002734160020732594,0.002650026923620431,0.0014708121239372937,0.0015979713609748194,0.0030754330863948373,-0.0012635763728500846,0.0010429347508468178,-0.004293635244253594,-0.003923965646686566,-0.004155529495004062,0.001490641774693006,-0.02791075298601734,-0.03864029823837541,-0.03449080108115114,-0.02308754175668546,-0.01279255020524511,-0.022413687288458058,-0.02067207015372751,-0.013563226938521022,-0.009002132033171344,-0.011135219971229739,-0.01962500267289675,-0.00934144442248692,-0.006925160873638432,-0.010960878216413455,0.0002932218792017566,-0.002809607463536507,-0.01185015348821935,-0.0391161562429882,-0.04591209907221162,-0.04287654181831844,-0.035465286789149335,-0.023547012452300058,-0.02141891620216116,-0.025082951852473192,-0.022738897920520543,-0.020858534153695634,-0.024877507205446698,-0.01950256962958737,-0.015903173499095813,-0.011886087646218577,-0.017474969930517927,-0.014608368057630532,-0.020764552560982308,-0.014052141421992945,-0.020872606077682702,-0.010195034747406035,-0.013294140928722921,-0.0227518097854242,-0.01028260202776276,-0.011445922487534017,-0.021957118436141444,-0.015222461447717621,-0.012964768411550592,-0.00896679974696914,-0.019137886625580938,-0.018853117219057823,-0.01497527097710443,-0.015338112500002679,-0.018043867698790714,-0.01416635354363313,-0.018268746870581592,-0.01938288688001241,-0.01794021585600312,-0.0169532666377526,-0.01800868910059973,-0.013180820376333866,-0.016250008926276874,-0.01745361501797246,-0.01788051001038477,-0.016763178997418037,-0.018211452836158656,-0.015667940121260226,-0.0209025325823125,-0.020271492211667554,-0.017787864405206237,-0.013058814505113725
8,-0.002038588320606135,0.0003705594266418331,0.0010263024373832275,0.003078501162492058,0.0022091724109014987,0.0015201000639282229,0.010954336323808395,-0.0021606938858693865,0.0006664919947363567,-0.005993816983990134,0.0033589629947106724,-0.001290963770269654,0.0018855130131272227,0.001083023916877779,-0.0020254883167012748,0.0017291747481313234,0.005420245889840118,0.0038534749463689354,0.0022519876044178894,-0.00795618009425521,0.00026294361015998565,-0.005566459154009295,-0.006626934491738659,-0.006011665526084465,-0.009047770962010749,-0.01046707231791409,-0.0056468137595230535,-0.014496770653705549,-0.01680579123060241,-0.018456109187090192,-0.01069331263141249,-0.004786798608447586,-0.013504932344117537,-0.016225896343493664,-0.008573711302957603,0.0005025751429099875,-0.007014265715241474,-0.01771064140477747,-0.007231812590250988,-0.005663892925256477,-0.012643639361254672,-0.0015966964271943518,-0.0053862077870031316,-0.0053405921157220525,-0.014485580120199711,-0.01350729682679197,-0.017419748227242716,-0.012728783776322581,-0.007428842291176951,-0.013526702075640601,-0.019085662151923744,-0.01764343726236486,-0.012338246721040185,-0.017289398018410104,-0.012317352824351408,-0.00977540048425795,-0.003972917299712079,-0.011121660840828416,-0.00964745519548653,-0.014224787490171765,-0.010072344320813218,-0.01328412897083966,-0.0014055279637552077,-0.0023318990681384637,-0.013636064349984295,-0.005940854624271751,-0.0036170010913112774,-0.015044895114607349,-0.005594073537619471,-0.0028071854287220455,-0.003250078946233158,-0.015517370871292315,-0.014873117925667706,-0.008030730849034225,-0.0024705474854286136,-0.012269909176742378,-0.010326155871219727,-0.010390950387005864,-0.013261549092602598,-0.014174392612899076,-0.011331973666405568,-0.01733325529103328,-0.010407260580382202,-0.013293290571771902,-0.007781972944320077,-0.018193304214889582,-0.013965297085239952,-0.01224700291014751,-0.00816667978956205,-0.012431728112070663,-0.01687368523737159,-0.013758087866905433,-0.01011226402335662
9,0.0040839762501356245,-0.0011215330238803823,0.001167744585936435,0.0012417589180402052,0.00497090391851092,-0.0010504439573074393,0.004528537768165643,-0.005124969896459212,-0.004165228988431107,-0.0012705019153839078,0.0015930122419153838,-0.0022870598748176087,-0.0012693825492136159,0.000209721285619986,-0.001711165616676515,0.006902362682921168,0.005505187629394376,0.00030820411900810634,-0.002008806531443195,-0.0009748961502151265,0.0018068383821939558,-0.0038773751645276326,-0.000319342595333974,-0.007137541518153629,-0.011018832971754256,-0.006969676594667942,-0.003130387328403526,-0.013729269222602975,-0.013556378796227307,-0.013179555244904002,-0.0060945058511011774,0.005807625515230157,-0.00833955619738772,-0.014536174238287038,-0.008808807638077155,-0.0026706315602309048,-0.004471869931274504,-0.01560099695507673,-0.007052720431276842,-0.0035771377321090385,-0.011778101654743457,-0.001353666359108838,-0.00417924760501506,-0.00726470447619992,-0.01924614980817447,-0.0123014450745822,-0.014866940839051995,-0.01019424315715157,-0.0037125540144271603,-0.01440536299891245,-0.01613322089078184,-0.015717327100613035,-0.015534569383782823,-0.017521629944902146,-0.015978227666204232,-0.013142052693441923,-0.008482057956221815,-0.015591353626710417,-0.014987939157314499,-0.020971896451211936,-0.012401201913750118,-0.02009557299010507,-0.01115126543410776,-0.010211127530176077,-0.02245284794009382,-0.010131544075725937,-0.009747510565962724,-0.02389528468744532,-0.01159691718505039,-0.010447191607655018,-0.0074658151867533105,-0.023622029557975533,-0.016677388575167033,-0.013256231793055339,-0.013991762306536475,-0.0183303654660314,-0.015094113616271696,-0.019889918357651293,-0.023064259020215125,-0.022546804957238736,-0.01600083452783416,-0.021591587828725726,-0.012327560459633848,-0.019052646099659273,-0.01974002760851666,-0.020884056023652352,-0.016500659442068973,-0.016609476214963295,-0.012676879224527387,-0.02123173511672433,-0.022189925577683692,-0.017636048182103917,-0.018575906043781745
10,-0.0010423548024099249,-0.0020765386224484345,-0.0013280949007583613,0.0008474196542945882,0.003623325144998499,0.0002877800392985405,0.0040460186333601544,-0.00506738479140239,-0.005851268575576473,0.0011125126429861946,-0.0032079418616891213,-0.007465045336682164,0.0005840233946214754,0.0009041419182503823,0.001699421800290166,-0.0005777572872966162,0.005864851904111391,0.007092009706967967,-0.0003571408374404104,1.489674465283424e-05,-0.004294074897780603,-0.002588746300424283,0.008140333879791198,-0.0003603872497164381,-0.006992133814407921,-0.007272033008731339,0.0027957948459480715,-0.012249114629216054,-0.018352670295184437,-0.015233674952952286,-0.011432698726637353,-0.007122683467997013,-0.016131674057885778,-0.01929257483979504,-0.005475752349686744,-0.0033267010709521873,-0.00996759292157158,-0.01922631210765455,-0.0074284455052680215,-0.0047601476596473135,-0.00956525590905423,-0.0018794872905435816,-0.0024021815438893734,-0.006692170606068983,-0.01454376797565707,-0.015839439995391655,-0.015665600270006116,-0.016723639765020063,-0.007820991591076257,-0.015622760492754777,-0.016818526813051144,-0.020062806848013346,-0.00829933409123706,-0.02030148869505812,-0.012266146648013643,-0.01136911185025781,-0.012475554576951944,-0.015278807534023331,-0.009147811926702679,-0.019064863956678845,-0.018581360138299623,-0.020193951835544923,-0.011849940324857292,-0.012099276273038188,-0.020534488217012963,-0.014811143384791494,-0.009983961848634974,-0.02412933195227226,-0.017095501591429533,-0.015342326850722909,-0.013559985851649813,-0.02393786192867794,-0.02034219784743081,-0.01588468120597823,-0.01631819456771317,-0.017355188080416445,-0.016499081439738238,-0.018926513832006928,-0.026799051805401493,-0.02004220856446527,-0.023094415763296718,-0.023815305072457316,-0.0200079964408599,-0.022424190009907266,-0.01932319863335494,-0.01758329312241937,-0.014417651192033356,-0.01953947860547657,-0.015970503794778313,-0.02728489317354966,-0.025425228209546118,-0.02169617817401765,-0.019849082329899684
11,-0.018859365850729056,-0.0005167462864063847,0.005071180924344522,1.1240747481182554e-05,0.00026058621547526604,-0.004740905879619958,0.00821038077999619,0.0015392433950485458,-0.0063651363796936155,-0.0016543220012454887,0.0013185454916019319,-0.002574942794171984,0.00222534622066543,0.004738733300529681,-0.0034774911385914583,0.0058332990353336805,0.008166202300973884,-0.0014707393287285478,0.00043454126566542557,0.0023763202342537903,0.002513927187944488,0.0005427534615611229,0.0013196498461165915,-0.004902300747807275,-0.00535333754462497,-0.0015481758436244263,0.006127111007920649,-0.007465336122389283,-0.012513107331416301,-0.007158022211710792,-0.006765198115940004,0.005203379628765013,-0.01301355842654629,-0.010550870016848542,-0.0033306068439598376,0.002261779011515909,-0.0029101579482265325,-0.011989709764567303,-0.0022671715764529424,0.0010907650443223792,-0.006344343879883271,0.0013348294794586432,-0.0036005870865978076,-0.001626248094937523,-0.013983638922889178,-0.009632128026925995,-0.014586443906124002,-0.009502617631555528,-0.006416678554488534,-0.013008870803039427,-0.015262371926013967,-0.015451309876575682,-0.00911890281994124,-0.016013695768005647,-0.011320650057493284,-0.009208338004536574,-0.0011738208894581735,-0.010746010081344806,-0.0008268172376044591,-0.01153278544625939,-0.009565035118844887,-0.008713357185801872,0.0003189491427547385,-0.005760185688245725,-0.01705469435987802,-0.0031694234053071773,-0.0020306727958654034,-0.018799104264766123,-0.005644948097093355,-0.00413988698743674,-0.002853191728005611,-0.011391211197202662,-0.011768764333492103,-0.007901174860910593,-0.00503909546780691,-0.01093628097557364,-0.006597180319496616,-0.014462351909141214,-0.006441627333036042,-0.01106904427117672,-0.00648118019346544,-0.00912694539666213,-0.00745084944730142,-0.008925024368446725,-0.010376577614591714,-0.013018321805576705,-0.007125317059951565,-0.008817657892550162,-0.007681060744522805,-0.011376216623259288,-0.010554088689919666,-0.008196382394247364,-0.008454282392107963
12,0.00257240011412057,0.003982253633068782,0.0016720468036085757,0.001803974341327078,0.005541672397447928,0.0012665466823068208,0.00803787215664998,-0.005011788924433881,-0.0056736858389261685,-0.005077224912916964,0.00040578100820719867,-0.0005550892124254471,0.0021401601699677156,-0.0008144144846202766,-0.002719153349928701,0.002416016985221386,0.006014050467303799,0.00245048406812769,-0.0034312200070669282,-0.002499742592062436,0.0006981702018620285,-0.004652991124335296,-0.0010448789040518284,-0.0075212396784554835,-0.009497191118003467,-0.004770106469847809,-0.003409596134471047,-0.014016063437587309,-0.020850291650774934,-0.017085062772627616,-0.012867438945196725,-0.0017208829762847104,-0.01715142962574802,-0.016366719320137287,-0.011961732507778136,-0.008175519923721593,-0.013725160319932914,-0.02201574728829675,-0.010252761674171447,-0.007811296455863678,-0.013406971777138852,-0.005923344867598252,-0.005172091991438962,-0.014675208893431109,-0.023396865454240915,-0.022998163622480056,-0.024048294521794255,-0.02249469222932537,-0.011724759722442095,-0.01635436464411467,-0.026840093534639318,-0.02074779459671767,-0.016226324417339434,-0.022703029167775456,-0.02017101931855952,-0.01580855244832778,-0.01406152167114432,-0.01917401723906665,-0.015937522418773883,-0.025064667038909864,-0.016005763992396258,-0.022065930497017862,-0.011368301287481855,-0.013671732243086678,-0.022500290673109984,-0.010781518780543535,-0.013034015388518914,-0.025475013761601183,-0.014150445563366787,-0.016735210286229592,-0.011242055107805593,-0.021954016552644246,-0.0196298799547715,-0.011671093973353638,-0.011374347921026772,-0.018450452853293373,-0.011738018956700009,-0.01753816832337797,-0.021482546723305657,-0.018148676538701964,-0.014603933570018537,-0.02175307488452535,-0.013606863608639906,-0.017207293448337622,-0.015392035333810727,-0.016006574032287103,-0.01778074482575474,-0.0184161608371978,-0.018110248830760775,-0.020037401197800835,-0.022901902886218326,-0.019126647666761837,-0.017631033407312743
13,-0.005705480562301983,-0.003812445035492896,-0.006646680447722004,-0.005073554078118555,-0.00020596030115858026,-0.0066404962203716125,0.0028203305662542204,-0.003056940415373831,-0.0019874068530838984,-0.004397582509903234,0.0022375675768620744,0.0009700802820953796,0.005012057389661374,0.0032254506306235655,-0.0005809342088475796,0.004500827914442294,0.00715326985043473,0.0016883923777563435,0.003663545517789763,0.003851299598563253,0.0010074629927274417,-1.3024990656203779e-05,0.006954317038472606,-0.004964096112655126,-0.004917484621644908,-0.0038559009231697505,0.0033553358733342344,-0.020097271094219292,-0.0370704568929984,-0.05090982070179031,-0.0462210003930193,-0.042845071054151466,-0.04899120567068368,-0.04440054528287088,-0.0376708694742498,-0.030075688689596248,-0.029203564286381302,-0.03692836292192632,-0.021859105586244085,-0.020505157456070386,-0.02208655262747463,-0.006630523566215554,-0.014482692427542224,-0.01780888562374518,-0.045519101290558285,-0.058220009173772375,-0.06321119065680081,-0.061142381472685366,-0.05843060077763908,-0.057903866954809945,-0.058628231792239784,-0.05510194252118609,-0.0439457387167246,-0.045685904045525506,-0.043496514056261044,-0.03351585236185494,-0.03088864874845238,-0.031771484385716364,-0.029028614203155542,-0.03021265225864547,-0.022259849826758,-0.026563282446259717,-0.017049321578110094,-0.017740980893888335,-0.026749599141444588,-0.011766250717457906,-0.014974084111412078,-0.024791627062170172,-0.01595012513744551,-0.014146085222937322,-0.010198994338950983,-0.021978352611730975,-0.017300896458014813,-0.012977188533172314,-0.0141348403505558,-0.016667221181854906,-0.013823050515382202,-0.016129646251478055,-0.016953694738742725,-0.017657569824926174,-0.012137140569215927,-0.01682689202842153,-0.012021717573636069,-0.013953540989260924,-0.011398512577306976,-0.012160140690756703,-0.008929661579119945,-0.014887505819068374,-0.011525624620441221,-0.021503376133105934,-0.0164747389010908,-0.011347125917716475,-0.008084900316239263
14,0.025908402608603276,0.0008781019823408991,-0.004086326402676968,-0.00162116416420578,-0.0010186987732730306,-0.005967594392448418,0.001705285450448189,-0.008522023884185704,-0.004322836612601909,-0.007775198581489556,-0.0011794155973041847,-0.004797142282198149,-0.0012440821500207227,0.0014303337132734856,-0.0023944756298193482,0.0003434855138094961,0.0020125394639376668,0.002311762296778597,0.0015896034896594345,0.0004776595819893948,0.0037073971235960204,0.0037605715432470835,0.00022591314014980775,-0.0014220974376066555,-0.0037520131086844527,-0.0013937375076251888,-0.1468646101802272,-0.16977486230953479,-0.166735667260816,-0.15196031806665117,-0.1305729540447278,-0.11342701758289238,-0.1177811634323818,-0.10703116417656344,-0.092380905173871,-0.07679079067602852,-0.06926644477825568,-0.07231959479141888,-0.05530597370073697,-0.045913888063315096,-0.0457588537110153,-0.034704174196278026,-0.03382111467689318,-0.16680338581453735,-0.18110041056113385,-0.1728340123557655,-0.16868840806057753,-0.15940509892124613,-0.13469547069151308,-0.12377187407426639,-0.11234853994135978,-0.10320013925859481,-0.08406216461802252,-0.07751940157945016,-0.06474250059258947,-0.05588491477191184,-0.048364920593815995,-0.04457885262903154,-0.03876237515025503,-0.041562884513541634,-0.037452301850529786,-0.033042828291357976,-0.025396640843489304,-0.021329166174327976,-0.027945494527014343,-0.017998813120054677,-0.01735486479538813,-0.029785559839270663,-0.015792988455721958,-0.014997084978507496,-0.00716724280597227,-0.01878240259205591,-0.016324787997602185,-0.01904607501644535,-0.013581869929029653,-0.019145579085430554,-0.013696275407070902,-0.01824512550583758,-0.015723480762446326,-0.015649334380301437,-0.013676219285987171,-0.015210746629531589,-0.00992768320823063,-0.013581526598657651,-0.011232780693969973,-0.01083611225336954,-0.005810343584269614,-0.007485495894666713,-0.01030952157363341,-0.013504445868447405,-0.014544162290065917,-0.011733252076016597,-0.010640094399862406
15,-0.0015193803834182124,-0.0029817153852424094,0.0020157946298635762,-0.0003948356588771219,0.006602972808161832,0.0032571081223949413,0.0016706918217424388,-0.004809882646641895,-0.003007375645971017,-0.003002232271597648,-0.00019057711977202524,0.002610629785437299,3.098532450033192e-05,0.006470303661896822,-0.003686177893550296,-0.00127836714465529,0.005307694995049039,0.0023710957980453903,0.0003907637504983797,-0.0029957696651636786,0.003833045208997322,-0.006121786396503068,-0.0019422308627956835,-0.0026307548323979066,-0.00855459701911385,-0.00657629181846657,-0.0045122883892190924,-0.015156572261549593,-0.019733923716030922,-0.01821015496006148,-0.014491468974705228,-0.003010310687429118,-0.016237496201112412,-0.016802198182785687,-0.010114385869447616,-0.00852361798487523,-0.014993730445103081,-0.02314762798194625,-0.01826009671876533,-0.011705590943833496,-0.015388337341147397,-0.01237004012940884,-0.01062248963929914,-0.019491842768057852,-0.02734747738844923,-0.021551548474049345,-0.02433877730312966,-0.0237385694434229,-0.018475649507010826,-0.027063253535573976,-0.026507288180058437,-0.022045176680893994,-0.018614981158080728,-0.027642684411092328,-0.02313247726538202,-0.021489383911274765,-0.01632170701499948,-0.019559187346507016,-0.021244253414510732,-0.022103757746842638,-0.02119119581498298,-0.022930963495151183,-0.013699538648991667,-0.017358767064074205,-0.025926839663576257,-0.01454427380660632,-0.014695620047983155,-0.027558517494559204,-0.01760462265768734,-0.014963688668540332,-0.016425164365289138,-0.01766242792947865,-0.021112023277660878,-0.01614976455631654,-0.014264784952365349,-0.017480258811230893,-0.016086669696454524,-0.019222397809703872,-0.019040956274351133,-0.02048261359059447,-0.014158179815005499,-0.02126025167138918,-0.012525044139292176,-0.02015612847590956,-0.015977459820975547,-0.018615737033439012,-0.012913658667277244,-0.011248342329953179,-0.015454240104954374,-0.01639811508322282,-0.018229268886303777,-0.019236213497516825,-0.015707287677281377
16,-0.001703627830552116,-0.003775647131759667,-0.002798636533626704,-0.0029240217494410216,-9.362498384541513e-05,-0.004666902976317748,0.004506025469055517,-0.005754236145929817,-0.0040227132671225505,-0.004721834514664169,0.0031041695221357803,0.0006124597446491935,0.004051407171795279,0.005196052510277161,-0.001638894850136354,0.0028711879775722526,0.005588554594461145,0.0035142331054959465,0.00336952860496575,0.002491016206836055,0.0015200725876032548,-0.002098488002116765,0.0017178180824487374,-0.004343897591786761,-0.003938290022860054,-0.0031558557050908207,0.0006891182315435268,-0.04295715465889758,-0.05823388957145058,-0.05918019061091435,-0.05138266266690389,-0.03725986881518066,-0.0420133678815309,-0.03950198570423726,-0.028658940780265547,-0.020125627955831237,-0.021159394930677446,-0.029191753327327298,-0.016082188152819248,-0.010047801380602706,-0.016904662388541353,-0.003537724182925615,-0.006474853701575184,-0.016320468422452074,-0.06135090196531236,-0.07239910991219613,-0.07587949359745591,-0.06367008547413917,-0.053431295059525846,-0.0534995465165921,-0.05243586035839678,-0.048800751632207554,-0.03724785253399987,-0.03599996694513914,-0.03308280123531897,-0.025384980013961257,-0.015976534757609764,-0.024950554745852734,-0.018179054035436244,-0.02335632964602829,-0.01786595270290809,-0.018990805544523294,-0.010971589454791777,-0.012056221408857246,-0.022141387560336716,-0.008365735213458748,-0.008074689532475853,-0.020823396935585596,-0.010718334537800552,-0.008051892689733596,-0.004587030068226025,-0.015633215956666422,-0.014924065155371886,-0.009513392072957755,-0.007419951297310023,-0.015795064209206223,-0.009987072051620345,-0.011557114194483128,-0.011594654290347879,-0.009729951669101457,-0.008860325501770416,-0.014956215284150648,-0.005692355811263036,-0.00892500324673341,-0.00781751383017956,-0.007273916228316428,-0.006145512348869814,-0.005639600667473252,-0.006599747868183604,-0.012684852177402775,-0.01242307487685249,-0.007605887607662189,-0.007061059975887784
17,0.023134326146399722,0.003962319027063159,0.0012604998196259817,-0.002764554409168401,-0.002645609531733879,-0.008389247430709224,-0.0021940169475653595,-0.014718326782268277,-0.021796006700074613,-0.026580854084471733,-0.01697074060591224,-0.011673516353434183,-0.002636818700957467,-0.0023660777171422578,-0.0006905542340166986,0.006058711112839348,0.007884023929308157,0.008646297961074679,0.010572521004018306,0.010186159661436258,0.011338604416288112,0.008784344039247558,0.012916439063907513,0.008682077316242974,0.011981044752252791,0.012221411177374584,-0.22307765486681025,-0.2356941135725016,-0.23055873562065382,-0.2130756305311992,-0.1931596939842435,-0.1606568562892667,-0.1524808809286322,-0.14198502987754588,-0.12836017793316515,-0.11251356630762249,-0.10750761822892718,-0.10675664640853508,-0.09267964293213914,-0.08306131105160713,-0.08541027265102985,-0.07127722640767505,-0.06716332556292692,-0.23691659067701448,-0.24624598215554241,-0.23488085239332337,-0.23749362410545213,-0.23481549010142616,-0.21775246405000925,-0.20552178437006688,-0.1958167292672362,-0.18788652159512562,-0.17365095068846456,-0.16693369878050232,-0.15621652612189355,-0.14438311996876396,-0.1320569260039635,-0.12884399744317881,-0.11876715842599347,-0.11858687934623827,-0.11009345529266482,-0.10980477122465523,-0.09613986515874477,-0.0961755969618276,-0.09854526117116162,-0.08981178383903536,-0.08583963352374387,-0.091387502320398,-0.08230369000002216,-0.07957835761835276,-0.07773072902564179,-0.08522329468452325,-0.08515969731275247,-0.07676853349885504,-0.07627663672170652,-0.08012853741693123,-0.0722542114471226,-0.07307357179998865,-0.0757211724492105,-0.04382503468496595,-0.03630701715525342,-0.03276285653103071,-0.02847316482439876,-0.03388037575551559,-0.027847529627659368,-0.02764613785869388,-0.024415547928434842,-0.025161088266751598,-0.021031187947556436,-0.023370596406095106,-0.024316288696036047,-0.018899541507181056,-0.019115735282941845
18,-0.022414864598438968,-0.004706571251864021,-0.005620954636907233,-0.0012774367432442212,0.0024885323301033963,-0.0039812506821733235,0.005358572748571432,-0.00701219198051175,-0.0034423674451989033,-0.005280017340693979,0.0035377665888708196,-0.0009326481791194474,0.005489257084365592,-0.0006171952969389165,0.003486148436278302,0.008132862168678454,0.004716272717682849,0.0065639196348858085,0.0063145326965538835,0.0022892657197829454,0.00554548989734902,0.0001731225242610475,0.003409646651292506,-0.002219891043580439,-0.0016449595388209283,0.007225702221252856,-0.0052735490809136115,-0.02143881886932323,-0.02108277646023673,-0.02214778884874306,-0.010071029518184817,0.0036891622028621075,-0.004657433828729712,-0.010668444594242942,-0.003750282066449851,-0.0006919539639197078,-0.0038746176926404766,-0.015908549219091794,-0.0004872933390413051,0.0008351439844217697,-0.0062832611636839866,0.004182846078142261,0.0037785819102404894,-0.013898925010084072,-0.029076406874899655,-0.024135554553728938,-0.016638296131781607,-0.013745948763818863,-0.003631811033625471,-0.00741960256928645,-0.014098237733549573,-0.006349055276011936,-0.004032708375252069,-0.014035772103396243,-0.00802311266077075,-0.0028199592047810163,0.004191868170064391,-0.0062274558254928674,0.0031891913786934465,-0.005908331617956291,-0.0017203174669786995,-0.006624562172276755,0.004097310157947556,0.0024034010496541735,0.0004353458269234387,0.006658937125738672,0.003090203942162773,-0.004704265214219098,0.007205406775959893,0.007883633865485696,0.00684279060690064,0.0017745154391367595,-0.00022217159908167873,0.008291150234562719,0.013288562790667525,0.005566495285586059,0.008958950388665614,0.0038454685062748713,0.0030252630572523177,0.008115151703735795,0.007421539816929714,0.00889377218024189,0.012375011120923471,0.009020079361231387,0.005958909318338003,0.014660905949311904,0.0122225026140501,0.0049346786586776945,0.013228195654275913,0.006063478414594343,0.0028740941570701535,0.006857429355989429,0.01336322233672272
19,0.006772623381487587,-0.0023294757480124173,-0.001825304929595481,-0.004459377730691237,-0.0038530146736261233,-0.004400980310725363,0.0014858943977466622,-0.004698855798557605,-0.0069646368778734135,-0.005390444062697186,0.0007787091220033111,-0.0006089740610702248,0.0009900714746815355,0.00032796233458920774,0.002421743124616512,0.004645849992871643,0.004626802220767004,-0.0004643347956441649,0.004933716596214746,0.003891800952551905,0.0033603706159132606,-0.0023859174194684036,0.004263062469061391,-0.0011172902745430313,2.8349697453321604e-05,-0.0026637491428805862,-0.013411959649628201,-0.2149402968101535,-0.29850192334951897,-0.3172195865592795,-0.29723254321414616,-0.2515026766215305,-0.2246544336747187,-0.18731220196286175,-0.1495441907775369,-0.12176103206330884,-0.10559972424986012,-0.09594081138351032,-0.0730470434224838,-0.0613068487542772,-0.05753829825957561,-0.04320519076873124,-0.04167549719758265,-0.08559134347070373,-0.3081280838995131,-0.35407579586985144,-0.35970265315916156,-0.3414125437809308,-0.3083313695362914,-0.2749337564037364,-0.23796732136408327,-0.21231979573400142,-0.1776996714343062,-0.15863514417439095,-0.13518293870909384,-0.11704850922782128,-0.0952404026433453,-0.08658290041628856,-0.07849348736763773,-0.07009675918036937,-0.05870188291706711,-0.05837557414895247,-0.04500877335323994,-0.04313693763143518,-0.04577683630046159,-0.030049270845781552,-0.029707731798465448,-0.033529733000881703,-0.024637820678621296,-0.022269340595994853,-0.019658473865244996,-0.024841148776589658,-0.021839827408305867,-0.017136855741159182,-0.014981543977288453,-0.023277597932187692,-0.014672922375926465,-0.016877853718820234,-0.01921487357723835,-0.016108620382040823,-0.011126004664870705,-0.01582080956012088,-0.01094571977252553,-0.011522100961798015,-0.00982785480377109,-0.008076326998269247,-0.008642955281630522,-0.008460166013625451,-0.006179430119438169,-0.015907710365305187,-0.010076233982187835,-0.005788521905208627,-0.005867970384278429
20,0.011339609596329146,0.008574735929498563,0.00471161839614527,0.00017162344231267572,0.001690867126849071,-0.004070502764113445,0.004361940512456478,-0.006459223053870386,-0.007679471842148483,-0.006845963895320787,-0.0036639884570071578,-0.002634165778491093,0.000505008898391161,0.0019156223496134648,-0.0024954335230587005,0.001474884407479573,0.0013534430117424603,0.00288659659614905,0.0007563135112983747,0.0015378902042792785,0.002543037713858004,-0.00264270023580309,-0.0012700205057762904,-0.006061721640815781,-0.007093904217002251,-0.0007248251221297591,-0.008850624360656222,-0.016217857817820112,-0.008741602796436335,-0.005217475051146068,-0.006026012781718641,0.0032385049408703687,-0.009695816510295444,-0.01331142783422328,-0.005963570367785131,-0.0018136082626902955,-0.011084023068801897,-0.017185925470005234,-0.006425118180961307,-0.002914991121217449,-0.011966374235048855,-0.0005149993023328617,-0.0027245603280558165,-0.0223015124523499,-0.021057517428904857,-0.010741833615220643,-0.007369359312394243,-0.00867221856770438,7.214797189424028e-05,-0.009315251243373441,-0.014733749549559817,-0.014990109552258555,-0.01134273743876725,-0.018161535879249367,-0.01408066547715383,-0.010211395559556588,-0.0078119430987052,-0.014695444069587235,-0.010218758722138663,-0.019244229635275938,-0.014349657850151985,-0.016379905691175405,-0.006323654679342169,-0.01008005133155808,-0.019967349314960636,-0.007738887268933826,-0.006796373138871782,-0.021134006555823828,-0.011960839225824756,-0.010191544110357756,-0.00555240750025554,-0.015672449560770255,-0.015802922765895323,-0.012502435362687138,-0.00893001393245732,-0.01704651142105648,-0.010752305385534584,-0.012947204189048996,-0.015185345807053247,-0.015852660559450008,-0.010198325948533277,-0.016878247156155483,-0.008008833744469302,-0.014633254740913386,-0.011917259746458037,-0.013978624437070203,-0.010051681064407415,-0.009789929901729085,-0.010759730799363702,-0.013004016107313922,-0.014266771894538514,-0.012229894589813379,-0.012815849291230611
21,-0.01218369004663528,0.0005776746281267565,-0.0004699591524117526,0.0010793147985321367,0.007587064714475141,0.0031841053702499535,0.007448237850795702,-0.0016132086280497286,-0.00693115617221395,-0.0060578912502395705,0.0034385562323965813,0.0015344501525325139,0.0021404716202957368,0.004445910278740972,0.0003050129082291788,0.004145625359323915,0.008417271813633644,0.0016470279127876076,-0.0026504180279079328,-0.0008085024792112482,0.00216043198925324,-0.006153616806948865,-0.003932136664257955,-0.007310576401493397,-0.006264000637813438,-0.014847973689419015,-0.005284850422679335,-0.019095222923699823,-0.015020178249844673,-0.01748349949595833,-0.016222735286100198,-0.007510889209987309,-0.017448489148316967,-0.020625334871278104,-0.0156488522659573,-0.008387559063095644,-0.01377906417882914,-0.02672082785739316,-0.013657006817658909,-0.010439938907726659,-0.015328955152251638,-0.009786771714186583,-0.011526473177675987,-0.020381377866459625,-0.03137339639577391,-0.027456951712505392,-0.027826294491622522,-0.02546988157059063,-0.020221116534535805,-0.024017196224068962,-0.02323658423398158,-0.026869860391335324,-0.021734146512062735,-0.031109068229975813,-0.026621955059590117,-0.021444862610920455,-0.01799827751060348,-0.029477376359149116,-0.025095055715245652,-0.03457903865262996,-0.02823272330545152,-0.032166806000938936,-0.02317544273341048,-0.018178645417384582,-0.028744778137754935,-0.017719284802292092,-0.026901606016038773,-0.03815621803980442,-0.026212908693051352,-0.026683938077158003,-0.019625293452872693,-0.03175651004499129,-0.03246502032872331,-0.028020125857790564,-0.02516555811172311,-0.027595311853142034,-0.027740655537676566,-0.03147336107767175,-0.02859758213891891,-0.030406286839877884,-0.03291283884500786,-0.035234725486279636,-0.022144601666132885,-0.027159632851886918,-0.027294127971417833,-0.026925188283191424,-0.019490862347634676,-0.02536997915366552,-0.026630148102850724,-0.022843456078752822,-0.030080450231430984,-0.021071024027097603,-0.019428392653533463
22,-0.007684782579755144,-0.0006995914964986314,-0.0009263138436814334,-0.003573155901985374,-0.0008883705533788876,-0.001823896308819394,0.003992234769215266,-0.0049237155718846615,-0.007531945537178072,-0.0066322837521854555,0.0017764070296516002,0.0021216197808449936,0.004403501173099349,0.004279654118671183,0.00013294404114073073,0.000891045784954771,0.006017974978313772,0.0034281520832935663,0.00020828972180817729,0.0010933363080779352,0.003878641987357425,-0.000331788203318149,0.0056606237941665746,-0.0028685818219096487,-0.006478771704723993,-0.0024232652644746765,-0.010141282487852671,-0.059163657199725106,-0.06444876160787319,-0.05062992860481933,-0.042995447802969954,-0.023376572673515086,-0.027183958976571203,-0.026530660298521146,-0.013895217318243896,-0.009453222337957534,-0.008803984154398753,-0.022680887224643485,-0.011271645527713191,-0.002001849034888522,-0.00922329983509719,-0.0025145103087665537,-0.004095848339718339,-0.030320038615110075,-0.07757383286009728,-0.07176468638963787,-0.06875982378297274,-0.04478829355749977,-0.039378431112188854,-0.04065493444647291,-0.034013611964858456,-0.03352666781896159,-0.024948575075886544,-0.026557331907112174,-0.0248353006946751,-0.015131787619044094,-0.013139252278577767,-0.014482952031687825,-0.01597873521162723,-0.018261800913926467,-0.012411773174425616,-0.016005913650378865,-0.008189996154412063,-0.007738307524728381,-0.015690054671048653,-0.008056320584984605,-0.009154077106744136,-0.017472834231589976,-0.010783072794976718,-0.006281059088163328,-0.0029964892170833593,-0.013595828946733076,-0.012864685672645702,-0.006329846648474566,-0.006656583887470216,-0.016400523224014946,-0.007034780554771005,-0.009264547453329233,-0.015086189369210487,-0.013344742675271694,-0.007748293638432742,-0.006644844940473919,-0.004990467071327627,-0.006006606851329377,-0.008496846427235845,-0.009562155847634984,-0.008509214944649944,-0.009550448098442096,-0.002011046122252442,-0.008257336883036485,-0.005369158000954514,-0.007888630167650705,0.0006878952688878232
23,0.011514826253146806,0.013209175633231226,0.0052308217956788345,-0.00016423332143305849,0.005571260035594975,-0.003133302098720187,-0.0003337999102813975,-0.008760555295533757,-0.008230452100160388,-0.007796374764715329,-0.0057682096214001265,-0.0030077983011506946,8.59737986515709e-05,0.0024390262152787765,-0.005568443681541011,-0.0012083339291096376,0.002493122606849532,0.0015431450628052134,0.004262166579034251,0.0016785057715678964,0.0026890250908169723,-0.004648960756221059,0.0008270427387805513,-0.002923627801165675,-0.008377760542722022,-0.0009918716823162374,-0.013880758283050697,-0.02117890120434364,-0.016357919624595617,-0.011168039937135867,-0.0038847901946237736,0.004715724465046182,-0.015798702595550607,-0.013837869558853601,-0.003968857189447009,-0.005520194331314561,-0.010771867296542623,-0.019123624923757666,-0.008358769346913,-0.006960138822632795,-0.018142476152034372,-0.0004303559451609339,-0.004952331082508373,-0.019115516258985325,-0.022220385969455955,-0.015524841926670273,-0.007965289725250424,-0.008022346684738611,-0.0019119145189624932,-0.005962567005221984,-0.01694157082338077,-0.015740501183114097,-0.008425818020042946,-0.015091247065163451,-0.01536518222804505,-0.011160513743317948,-0.0066180932720485575,-0.014407710891210283,-0.013010647979384286,-0.020379719893966974,-0.014243881281487276,-0.017560639423384032,-0.006839788460804108,-0.010397038111191964,-0.01798106820649027,-0.010739431775930643,-0.007571488654425189,-0.019817974080388594,-0.011548187851205378,-0.010988595454942884,-0.002776389397582529,-0.013008800193811234,-0.017777704093618302,-0.014628555101195814,-0.009964590334906749,-0.01340309797605717,-0.008209071104926155,-0.017183829247521556,-0.017505176327091216,-0.013333436431705514,-0.009988111508613005,-0.017383937996499396,-0.010509835777525471,-0.015350754600019459,-0.01628930399173671,-0.017130588892601186,-0.013843936152993525,-0.011940794412292144,-0.013771161016230852,-0.015196868236269003,-0.016714416045417072,-0.01127945654685745,-0.011931195785403784
24,0.018827140215997486,0.015027351277717815,0.009034033472115921,0.006719038301236072,0.008570607315299761,0.0035118408197992897,0.00914561568908647,-0.002284689041378799,-0.0020108167259321346,-0.005253549414762006,-0.00296943399886367,-0.005967156314674764,0.005355091154795878,-0.0013491039278904287,-0.0033929591158527966,-0.0015898741924364312,-0.0006272776490464991,0.00040303196108854163,-0.005487479184872548,-0.008037378252635065,-0.0046657620341920645,-0.013452068626897832,-0.007990610122291533,-0.01151559160541413,-0.012748357108113232,-0.01724255974501294,-0.018692989265786678,-0.040623380034476124,-0.03772471723619732,-0.032606565728313414,-0.027256485173531686,-0.0131667596248967,-0.027148840744439268,-0.029333957014834874,-0.022405147094951425,-0.020356505905285455,-0.027297816833490203,-0.03288560428935714,-0.023248814323492968,-0.020416905068695694,-0.02978150293350175,-0.020735679156795545,-0.02161374785223048,-0.037160993062325585,-0.059692809378533926,-0.044054396802257485,-0.04341813409302754,-0.037389011115725804,-0.03079600286618959,-0.03605839587263794,-0.03876734229332168,-0.035665280347095256,-0.02507278280936423,-0.03769017976502781,-0.030521994925014354,-0.0317797592361072,-0.025803228028547023,-0.028994339684825524,-0.029958862240584878,-0.03563184547426974,-0.03270723547515146,-0.03602325521715098,-0.02796661764041119,-0.029378856685658324,-0.03791628106586392,-0.024290288320266903,-0.03171498994515809,-0.04399563860653724,-0.02852934146997557,-0.03358112655039093,-0.024099633471490484,-0.035939629735624104,-0.03594312627629418,-0.029901016382658338,-0.035126373002711486,-0.03774768764086345,-0.03379319916918196,-0.03532374052289201,-0.04097573994681034,-0.035780730435781505,-0.03175045511732759,-0.037192177766708176,-0.03469758890270959,-0.032506864765318284,-0.034250876480409115,-0.0347205529682543,-0.034438261391317726,-0.035297580626845564,-0.02964632636762594,-0.03966515523009917,-0.0387600982189442,-0.03790826700266836,-0.033420735077755497
25,-0.0005179885959529851,-0.0003726729256612713,-0.008717757230302206,-0.001049333014144259,-0.002546107075707023,-0.0023982314934127016,0.006830964713914213,-0.004600173049467572,-0.0030973795107818694,-0.003496205710856039,-0.004429466694430184,0.001517290979787566,0.001788188930138061,0.008621544219584026,-0.003374115325780774,0.0017096177696325483,0.005396690102242755,0.002544022248080175,0.005143618052509278,-0.0025244113754290245,0.003524070963573149,-0.00146540465357821,0.004666347044346981,-0.0031531083683064656,-0.006126959920447981,-0.008454793841968069,-0.004328096117375178,-0.035562328865119286,-0.040529152979678275,-0.040490900446146116,-0.037022967044666934,-0.022483617484443868,-0.03264051388475873,-0.037814745768328654,-0.02578176173907929,-0.02026160729604734,-0.0195130651478295,-0.03122514216090763,-0.014331801315246218,-0.009051335465118649,-0.01675771235598546,-0.0071991143336418645,-0.009228286018534362,-0.0181603056435524,-0.04640275182965625,-0.051764943499303086,-0.047760026823458236,-0.04635450779036686,-0.04400942163387129,-0.04235682300597752,-0.04737523989883673,-0.044049452235360026,-0.04015013727519526,-0.03316447960626719,-0.029077597793342833,-0.02387936471609453,-0.01434042713057234,-0.023656638810504903,-0.018541969865729504,-0.027011394107865835,-0.02023335436597293,-0.019887153676206054,-0.006369447638005493,-0.01497819116613811,-0.022640802053564398,-0.009351764804981568,-0.0039799058828783014,-0.020921347617802778,-0.011940347221167371,-0.016609328309450635,-0.004095269296987453,-0.02135028164053482,-0.015541712669368967,-0.012783141080365084,-0.003612728769383892,-0.013955116021626794,-0.008746024272340959,-0.01685274157631092,-0.012805638808950475,-0.009352750797937837,-0.0071783532779413515,-0.013341878948354681,-0.014376320591041368,-0.01212397640455164,-0.010063835967853684,-0.0161848989122454,-0.008471765490421624,-0.01229659943067396,-0.00041168366406376934,-0.013217366075149131,-0.01031664944286652,-0.012604138555287062,-0.005241293465635741
26,0.002989855813334855,0.004777525920673133,0.003951588470360154,-0.00354906217004259,0.0012806748828566245,-0.005404475984766815,0.0023492273630378994,-0.0033994945819634534,-0.008988465268456754,-0.004388963511247668,-0.00039654504811603757,-0.004534908312115256,0.0010135363753071237,-0.00023668131022191088,0.0008113577713278049,0.005374155297656598,0.005585779191771474,0.0013997473291757407,0.003348943565244991,0.0019257422410248525,0.0020051319862691916,-0.005586438966102604,0.0035298471979082887,-0.0038580782529154603,-0.00989556854849791,-0.0002199595923273157,-0.008803310852093607,-0.01670390714195435,-0.013293827437221581,-0.0021157411265285736,0.00046304262368690696,0.008793914682818066,-0.008258865863237869,-0.00749630268963081,-0.0039366097027667656,-0.0051293712292804,-0.002910774329377756,-0.013233912896436365,-0.004616258650250554,-0.0017390695458192847,-0.012540116746033362,0.0021771410104139115,0.0009953493116043005,-0.01495563171609615,-0.021631177572247366,-0.01660844971631324,-0.004034128116662732,-0.014789660407121326,0.0028209595871001567,-0.011696785195003842,-0.01335045089547031,-0.01727465536601199,-0.008431514509906646,-0.01772916077941117,-0.013840150344391972,-0.013296750840644335,-0.011402248565422428,-0.017704493168453808,-0.012745229570356684,-0.011996708265203753,-0.009951971938512789,-0.014455479638051872,-0.005506827239841897,-0.013671194464682356,-0.020530830288598114,-0.00489649031312418,-0.010785881567537247,-0.019364812056121904,-0.012260122807376745,-0.00760454574448747,-0.002722092436409906,-0.016045673778228953,-0.01989186049420059,-0.008300707442982927,-0.012555083761648895,-0.009171249249303274,-0.011916869747317163,-0.015983175939624256,-0.016527551106232583,-0.013451918679853557,-0.011175814534970642,-0.01622334747128025,-0.008304213510781094,-0.012195686030035792,-0.010695152938976408,-0.010599116602315713,-0.010425848833450047,-0.014827959485946049,-0.007507896163153515,-0.018113261551603754,-0.011522465820025377,-0.011564739153416055,-0.005111323348519091
27,-0.015737528313517483,-0.0027771447395969666,-0.0020555416074395927,-0.0021348387396125834,0.005758765061903699,0.001545947513564715,0.0032226504289749346,-0.005761513541789468,-0.0029885607390469425,-0.002688578021994185,0.0014224774038695182,-0.002718166036641491,0.003959115256448089,-0.0012148725475489698,-0.0005172132584681361,0.007905315077432352,0.0035707309759708127,0.005291491268188522,-0.0018688518616497619,0.005491444829051624,0.004383707154299239,0.000934870620565078,0.0008859091125345971,-0.003909615295497451,-0.005021771002779833,0.00059218123818445,-0.03269836850287136,-0.07681627773347353,-0.05686333323664535,-0.043552967212740545,-0.02816471262909221,-0.010032227463598201,-0.016440628085881388,-0.012820534796950686,-0.006184396904175536,0.0035169788785384343,-0.001276347304200472,-0.005385013434861976,0.00675468398789371,0.005861515154456962,-0.0030137493620125454,0.010877692677140931,0.004577302302409043,-0.04618017666613515,-0.09393976825565424,-0.05899111484822569,-0.039635430016338506,-0.024748279585873032,-0.015574363055044196,-0.01117455666660519,-0.011497215454382669,-0.009864248714724962,-0.00603921536770359,-0.014654090909272032,-0.007492557271339718,0.0011174364875741042,0.0016390248419467946,-0.0034618280702772694,0.005662460773043742,-0.00313061726752662,0.0002483879174761585,-0.003182637238608927,0.004282629797559756,-0.003287028909315356,-0.0048404850415019835,-0.00012682692114705243,-0.0030536642314109657,-0.01678534086385109,-0.004753218920566516,-0.0022989843589774086,0.0014913563557173075,-0.010546200115563977,-0.009029225442648307,-0.007464337224734525,-0.007109032919231943,-0.005783669739454431,-0.007623557656586682,-0.01005681643594511,-0.009073373566980004,-0.00928419202012752,-0.0036106951277635607,-0.013961764698722182,-0.006264043500522208,-0.016460190476120524,-0.007006907894287324,-0.013737555229279446,-0.011377369513648237,-0.00532753357398976,-0.00583757365762082,-0.012664893808510276,-0.009942343654437419,-0.007605007561703046,-0.006501056934895843
28,0.004079732374423074,-0.0013857791120131012,-0.0019128543952489914,-0.0019061822182417374,-0.0030402385976309944,-0.008634896765097324,0.005522335482290046,-0.003112824665896902,-0.0040829356152931795,-0.006645042921020336,0.003930021155102355,0.003446395231643874,0.0022608571075221568,6.0556484605579556e-05,-0.002158618091714994,-0.00021616022392585626,0.0020698978521850775,0.002242689420839895,-0.00039901380260765984,0.002444542435824624,0.002669008008774036,0.004087826654416147,0.004566092009923364,-0.003885407808862985,-0.0011033341442546198,-0.00033160539650209326,-0.0030605323253540214,-0.05662719516385842,-0.06468123255713654,-0.05308276175020225,-0.044555668159113375,-0.02620597764190477,-0.036690157086392644,-0.03170282105308159,-0.020821209537582572,-0.01321813265528087,-0.013390555109304692,-0.023437903744063612,-0.008242744503336785,-0.005660450212589037,-0.016103394159358,-0.0005251644188769752,-0.004327506269114157,-0.030906042188003295,-0.0713647616040069,-0.07192401002335425,-0.06468399362569974,-0.05809580264060117,-0.03996680702588998,-0.04632752009629609,-0.04242053416913969,-0.034526558235672626,-0.028651426614344035,-0.027971908122575044,-0.024758372637837343,-0.0191016870947692,-0.012073999190240742,-0.01819822999492893,-0.011853750061390519,-0.015697789376373703,-0.014058381757032817,-0.021230391171480695,-0.01271517854201428,-0.011677384487566276,-0.019206193486454602,-0.006862507209640218,-0.009369977085773853,-0.021486934227839996,-0.0052201126697445045,-0.004689297212727948,-0.0032316266874703042,-0.019441485666000825,-0.011998020365560474,-0.009099254692670087,-0.006611582746807371,-0.013542951402512434,-0.00664094291651216,-0.009766724477445785,-0.01419989471575383,-0.008785832635772073,-0.008057325355237522,-0.011378542782963684,-0.002431790575315325,-0.010264920802309984,-0.0074369813210643275,-0.00857845266342318,-0.002989970665946796,-0.00603467006789545,-0.005821330580205421,-0.013845067002819992,-0.012594987877670726,-0.011193026456176062,-0.007673862045235527
29,0.011271864742107665,0.00823716052171048,0.0032405322260301724,0.0026384259397393864,0.00020935617190282756,-0.0025469656768356335,0.006063991063083587,-0.00928745219840599,-0.007316598637494232,-0.007404052283536356,0.0012316187522731978,-0.0008216589487541191,-0.005863288614575891,0.000871188953547706,0.0005764500392727727,0.0026749409756289754,0.0018000829819415564,-0.0007211839493701407,0.0012329082511428478,0.000991042885154593,0.000740351501511587,-0.003846475974649197,0.00048030222743835265,-0.004452540948860135,-0.005063522227962349,-0.0014789913095317464,-0.04114420418498306,-0.05943714272692209,-0.051501802924649745,-0.046993762159345934,-0.03780766826668674,-0.025169275365015068,-0.03702168786841638,-0.03908257191322443,-0.028998525671225867,-0.025382617958197653,-0.02806304450373583,-0.036706088672253494,-0.024972346823355664,-0.020323602552384027,-0.030777182974980846,-0.021876008723042874,-0.021123956894850204,-0.054804585820785436,-0.06020868994882855,-0.052347649483643774,-0.051055136795880134,-0.04557988734577649,-0.03851965356314459,-0.04843157904697054,-0.05200798995321442,-0.05523951511633608,-0.05110880595977433,-0.055192086259574225,-0.05043581885920898,-0.0484053111968772,-0.04251996586201275,-0.04952548480282611,-0.04764636183358596,-0.05252132375926787,-0.0450961077037009,-0.04870293326143343,-0.04398765340915362,-0.047394498151511824,-0.05560743266425175,-0.043406509864121263,-0.044579455541221294,-0.056890956080101945,-0.042600032702615774,-0.045906811339454935,-0.03855115699106354,-0.05358244393837703,-0.05253061809414593,-0.04671563043754247,-0.04228139124723897,-0.04714949368422956,-0.043940400461566345,-0.04286507431020166,-0.047220580977447,-0.04284932379424569,-0.04254339515368176,-0.04993182113181912,-0.04505615727076116,-0.05232944304293208,-0.044889668702178434,-0.04267422083015311,-0.04519021074107449,-0.04345403248968433,-0.03931580768609015,-0.048691802592110804,-0.0470722902307194,-0.045272605312400724,-0.040415885187522455
30,0.028117154056788073,0.004259594005786135,0.007495951503149416,-3.2822993730868445e-05,0.007814249680774184,-0.0004987597238755007,0.005693920182213245,-0.0061977853785882995,-0.004004509857754785,-0.008559948807442175,-0.0018071239354723108,-0.010921220322641104,-0.0019786777581676327,-0.0009910745480946855,-0.0024138289726306846,-0.0007845884848366049,-0.0010860188118691446,-0.0021538561188176398,-0.002659014279145392,0.0007917153844146389,-0.00026582134914287397,-0.003647105211480594,-0.0011434821134853376,-0.005026946145951871,-0.008414864888350313,-0.004621014530018382,-0.018928874491658525,-0.07529850504642885,-0.06761127756401417,-0.05542154849622239,-0.04353709001312578,-0.023470910263695254,-0.028346737395342055,-0.028454686658415253,-0.009333940583242965,-0.011431832514922505,-0.010652992385941163,-0.01950042289187961,-0.010273877283652956,-0.0032124821317446634,-0.008984617268347057,-0.0002774610255006164,-0.0005192835620001716,-0.03266816259182674,-0.09768713066541485,-0.07616335732958555,-0.06307902945302579,-0.04239737827766687,-0.026096025444429027,-0.028711995420032648,-0.023949240459889182,-0.023582511256845778,-0.01923293355537966,-0.02688204780972814,-0.021298922191580864,-0.016945252274075284,-0.01695630383063525,-0.01774853847753947,-0.014800279763204086,-0.020799742370368475,-0.01632474611424328,-0.02068722052468689,-0.01447878667218317,-0.014196959011268315,-0.029903725434044934,-0.015583126768773726,-0.01668209108973352,-0.03147910306919495,-0.022097146239149688,-0.02201835286015074,-0.013317169795513556,-0.028540352208001978,-0.03099894461413441,-0.024451403541933623,-0.02216155835800701,-0.02548327981087854,-0.02320742193879697,-0.030922240150593572,-0.028476639888060432,-0.029016305253951838,-0.025159782366137234,-0.03079711439730608,-0.02637682870256958,-0.03431512361021123,-0.031424727498199,-0.03114345050023607,-0.025857076286844034,-0.02951925099906979,-0.024081137127159515,-0.03413182600022606,-0.034101100121741015,-0.03078402600559241,-0.0308454970508918
31,0.010218350715380622,-0.0024882410543575323,0.0026863066996252465,-0.0019826666513269183,0.005422980301670407,-0.0007550389415698114,0.006452639572404517,-0.005168473675599478,-0.005551258035452156,-0.004764100977245305,-0.0007546557146123346,-0.0014973530143540586,0.002217117892621215,0.00027832734094735583,-0.0010546060588335134,0.0027327989941974,0.0011743916863140383,-0.0013305590296189614,0.0021034154818359734,-0.00047933638139528473,0.0015866364897330273,-0.003489516022241538,0.0007996606778730688,-0.006356820296000438,-0.005453582632947525,-0.003898804587269432,-0.044385779802122584,-0.09522662081597581,-0.08841110636635192,-0.07680250484441632,-0.06308375961216833,-0.04202644892213903,-0.04494081811434376,-0.040923522703667524,-0.02756332359034022,-0.024526271297260163,-0.025907570951227397,-0.034011816750386066,-0.019357263622172285,-0.01831827311114471,-0.02429113411273947,-0.013093792786012956,-0.014589893241600196,-0.06865178393559891,-0.11664225066475443,-0.10431005973470621,-0.0970805941367747,-0.07768963930105978,-0.061917990678330884,-0.053495300980750844,-0.052356308702456854,-0.04892163850270728,-0.03813446530879733,-0.0379602509816929,-0.033938675298548,-0.03216181143445661,-0.02687471782382468,-0.024523672988708032,-0.0252455619496225,-0.02693412777801537,-0.022495116035333558,-0.022202491841432352,-0.015407030846569218,-0.017025102959981813,-0.02075638527236901,-0.014863585188463318,-0.012283716533607153,-0.026585064470034305,-0.016144588847967378,-0.01542187157458289,-0.010255058708261003,-0.01617023933968641,-0.020535234860392312,-0.017907305678691646,-0.015053804255381407,-0.01750406193274914,-0.013968334643263127,-0.023898442864444765,-0.02241690386541229,-0.01676460995252591,-0.014543019995072997,-0.018099021214163336,-0.01835360180063893,-0.02119874896989097,-0.015487267577719614,-0.01980738666735203,-0.018135924817919126,-0.02225534546023352,-0.017097950784742424,-0.022480587189517755,-0.02377713933769213,-0.021643619871395802,-0.017210716314074948
32,0.0073707112664129345,0.002505156570114101,0.0009238396129036864,-0.0027012716401255215,0.002653032730712712,-0.003265872782533645,0.007700802602617607,-0.0076820773586485196,-0.004462852303590084,-0.007195092861228804,-0.0020727680176282335,-0.0007353623540276646,0.00038991143010754274,-0.0023051955252318857,-0.0029669516998967467,0.0026943836338553097,0.003603868041068554,0.0009586029479098557,0.001978142000925091,0.004322838493876902,0.0012275121136973675,-0.0038155587409388044,0.004206227621271413,-0.0033320257816235226,-0.004480619376120137,-0.0030385327565710506,0.00022581052732597535,-0.021126605763569246,-0.019749993379856428,-0.016916196074225842,-0.011646355961814446,-0.001841731951821811,-0.01228280898534497,-0.018899528476143748,-0.009898399794564776,-0.0038154310931869987,-0.001975384481343971,-0.016110469576741563,-0.0034521972163259287,-0.0033026878529220276,-0.012115616093936849,0.004142021347957197,-0.0023651637964951446,-0.012759101973103162,-0.030686288029023054,-0.026756088107501675,-0.01906144122945867,-0.018818887562079292,-0.01071236617839129,-0.014404082656437101,-0.02016800233118217,-0.02081448106154546,-0.018873686921821307,-0.017612618273812428,-0.01635485277891404,-0.013248710232138503,-0.010295330372140038,-0.015275279262033722,-0.010495876454829406,-0.021146324971960756,-0.012839939980140914,-0.018542086117889853,-0.007286590482781876,-0.01095113313965007,-0.019225973784542598,-0.005193816199179175,-0.008230997058143584,-0.02122240602467869,-0.00992544246619005,-0.007824223330398231,-0.00841422962047389,-0.01792761638043115,-0.021998795299794833,-0.011317771598697195,-0.0031735937724227023,-0.013342841307849702,-0.007530251070256599,-0.012712118565200747,-0.013777265484292957,-0.011593599792263886,-0.008146184859135895,-0.02018877009284835,-0.006381051425811357,-0.011363270485345361,-0.011060799282981896,-0.012343254694372835,-0.01159863394308561,-0.01173821958600979,-0.011965847055987406,-0.015786605660100674,-0.010259385786649521,-0.014684157033480081,-0.01031400391931513
33,0.002874909727915409,-0.004956798370410801,0.007425099002324484,0.0001862933658733087,0.0027040404160280614,0.006543570299365762,0.009594009898481352,-0.0034912419343765214,-0.003710768090704831,-0.0054074966446377845,-0.0040823948585890476,-0.0004433211111611683,-0.004696949290196253,-0.001702828410941053,-0.0063764302940387835,0.002706111344795545,0.002822303071631878,0.001530541853275869,0.0005474993007358696,-0.000334930753800585,0.0022395676493161872,-0.003655709224846406,-0.0006843970447932735,0.00036932009875607235,-0.00881104250128453,-0.003839191428604657,-0.041091401116078785,-0.06314275339814523,-0.05073806409167347,-0.0382579010468748,-0.02160647853952999,-0.008804023449685242,-0.023949864418817114,-0.022109905889484804,-0.013566035613173688,-0.008316322967126635,-0.011452286871521842,-0.021229917530286867,-0.009586929962733406,-0.007676275569528884,-0.015944088001750855,-0.0011563231440429606,-0.00038489028815116356,-0.05712394045024836,-0.07603913948830411,-0.05359618416041388,-0.046751940146929204,-0.030063415933027957,-0.01312639307502705,-0.018148375934930436,-0.02786578094649266,-0.023093075235078295,-0.016674890942158654,-0.0233709156390839,-0.021870160918744636,-0.013897318882252117,-0.006060333115860833,-0.016200991596747497,-0.01604742663119649,-0.02054697975678886,-0.012412174936244967,-0.014965257193902015,-0.006268804841059198,-0.00822045295664927,-0.01619393743017644,-0.006017424230925917,-0.005641663761287094,-0.01758631514162535,-0.014761757183958212,-0.008709559029343616,-0.002303500710009498,-0.01929987435045029,-0.016812705207619853,-0.015668895593880218,-0.011533011311032092,-0.016954184919032708,-0.017610554696296694,-0.015885252426638168,-0.01851581575087462,-0.01858440805745294,-0.014862256192026678,-0.016938851140768447,-0.014148574510139091,-0.02052915209748755,-0.01628226830240671,-0.014339638743810957,-0.017555456648579618,-0.019643772734819293,-0.015961797866967758,-0.01728426285473617,-0.02555413681634477,-0.014154835622174625,-0.014894103471935273
34,-0.0013030176732819088,-0.005806118334496155,-0.00809260737728461,-0.007117464283428571,0.0030299262005038775,-0.0012339656057701977,0.005242026057639307,-0.003746592367142771,-0.005443475901647917,-0.0020792860662433876,-0.0017144963012631668,0.0008319661846628727,0.0014255341723679225,0.00446593383416401,-0.0006887578574928889,0.004008249322872137,0.0038364653661718097,0.006080727837914071,0.0016587445365403345,0.0034644447099284026,0.00365563237343476,0.0008304860632044843,0.0018858332679646554,-0.0031901881593117292,-0.005351092091518274,0.0021021301780904905,-0.015578132784384656,-0.056450628450677734,-0.05259839402549657,-0.047997998835505956,-0.0415972916335998,-0.020926652978261396,-0.034779973651326596,-0.030855090807983265,-0.020417092039257585,-0.015591224463229381,-0.01556975698741364,-0.024945713857793136,-0.01457523502342368,-0.010233359358859728,-0.017970294187565822,-0.004760484646999486,-0.008817442368259697,-0.0366158831348456,-0.07668451683739039,-0.06228054021410997,-0.06420627973822546,-0.05150984857185111,-0.04344390796470926,-0.042212900846099424,-0.04348887215371468,-0.03843930791934525,-0.03054238510580371,-0.033856677262814334,-0.029297629166781372,-0.02511004039419153,-0.023710028666111996,-0.025371254308163078,-0.022394943354042057,-0.026466966030820917,-0.01594747373603613,-0.02459060139056112,-0.011388450770148096,-0.01564908804220702,-0.02540269564277946,-0.013457539586221832,-0.012698215474794057,-0.02336344202442691,-0.015469388159651506,-0.012473013125179918,-0.012082535633520158,-0.019794550027967543,-0.022539128543246512,-0.017880363651606706,-0.013782614846063846,-0.022220675298347623,-0.016067550059777454,-0.018290983534072894,-0.021565845050636138,-0.019459780454421677,-0.016425591526676248,-0.01981309129561646,-0.015063640653358875,-0.019291256268526784,-0.01889688351934671,-0.01707243805965054,-0.015436043337522135,-0.0165143358771991,-0.01231151485423381,-0.01776676074028778,-0.02022986867137102,-0.02023671345435036,-0.014697444054046813
35,0.01794815478276123,0.013948790597737388,0.009699706022794023,0.007356694301913116,0.00545352402425605,-0.00478948652987391,0.003872623403233165,-0.00946621964042172,-0.011413253727781382,-0.010987749293464593,0.0060014289303200585,0.0017212234800447093,-0.0022006328178922046,-0.00014769198306918536,-0.0018825900797279996,0.004224448964410882,-0.0033001577295264906,-0.0031373943418517183,0.0021192281446005485,-0.001396346813200532,-0.006809528691154962,-0.010847770131109755,-0.0038586886377868063,-0.002108312235206976,-0.007481318797099718,0.0035856014348808135,-0.013710392397696508,-0.020703266098427302,-0.016605511575134364,-0.007920938720871115,0.001960847259610125,0.0013063113247573973,-0.0068527607734115235,-0.013459247818439827,-0.011463069202476516,-0.005877070521519143,-0.007189309448163695,-0.01808652381376887,-0.009569644356036659,-0.0036626083338616236,-0.011406761655373817,-0.009693297788273226,-0.001307318880406097,-0.026173664050840123,-0.024018109282147974,-0.01666401297226792,-0.012853289788825242,-0.011590451613285249,-0.005930091513132639,-0.01305524414260724,-0.022454415845362233,-0.014911262778727815,-0.014135924005094816,-0.0134071773314745,-0.023842716201417157,-0.009018083005169729,-0.011637263914483886,-0.01630119843632104,-0.014817009316673489,-0.019342700787283517,-0.010174069398157352,-0.02180193066966202,-0.011172440061909285,-0.01988343674588082,-0.016379292752006704,-0.007354903163611035,-0.013269375253254438,-0.020809000466734912,-0.01671298030764473,-0.01394479714778237,-0.014228753482491146,-0.024620798460635595,-0.017551153218176196,-0.019927933600293,-0.017513674339173002,-0.02076159886458091,-0.0199330003700817,-0.014299253870750653,-0.0240670737642619,-0.009939872124110521,-0.013270305981687186,-0.01790359835847535,-0.01315670728763384,-0.01938248666881296,-0.016940640449408136,-0.01835122593179217,-0.015271548887685414,-0.013473445607855178,-0.01597075706760673,-0.019847710175072825,-0.020601289527557878,-0.017602045659612268,-0.013987694693707581
36,0.0013465262132190275,6.294237408288805e-05,0.003299437664077566,0.003355587033368662,0.009329553517761617,0.005973309236238087,0.009239103950017145,-0.00023410693619084418,-0.0027295175447869155,-0.006684625173353047,-0.0036132501379497308,-0.0039041109599256304,-0.003384532166961629,0.0005448038434754201,-0.0017897077376991639,0.0004572377282972975,0.009032557201776686,-0.0034212510625325765,-0.004123869995493302,-0.0019305551823246211,2.8600943099390524e-05,-0.004576153492307933,0.0005908392921782935,-0.006868818608063512,-0.012093620268031747,-0.004195487690671495,-0.03739173733972415,-0.08977679839734128,-0.07340410609950251,-0.05120345082873435,-0.035230946023027086,-0.015916052190357837,-0.01740847335773485,-0.025287565953377004,-0.011073466154547042,-0.005487847940604735,-0.013924750438760678,-0.019576620508478578,-0.007885706838096522,-0.006638620652009955,-0.00947750844748426,-0.005841501915447783,-0.003441454052609012,-0.057659344872576124,-0.10891681883358939,-0.07960857429544575,-0.05724607018824042,-0.038275875797703855,-0.019984948596476756,-0.023564046275303514,-0.026349113413122783,-0.024500254644185444,-0.0193506144527099,-0.024012936447702568,-0.019178094664535444,-0.017843047548991655,-0.011249890323592998,-0.021723939781805635,-0.012002610378852427,-0.017931942039258214,-0.014861997492195104,-0.01682017721675303,-0.013156801423766533,-0.012978716814384048,-0.02298318895933318,-0.01115443305093731,-0.013960912522895635,-0.022863830139472963,-0.014775118012733774,-0.01107582987798273,-0.009788458757024327,-0.016333919631086387,-0.02785327695875779,-0.01440293764417042,-0.016897949118591875,-0.018530993029747523,-0.0132758893701676,-0.02102453237235606,-0.018269984923989468,-0.018749448664441164,-0.017219171356533412,-0.015537915042344506,-0.00854462906614671,-0.02068851686633005,-0.01726712647977787,-0.01882036555506825,-0.01939227011022249,-0.016590595337443552,-0.012208597421029829,-0.020218392729875398,-0.019472531571704425,-0.017489384977844434,-0.013985247943894524
37,0.026933888130305724,0.0011837914932200828,0.007136769666529495,-0.0008654668786045078,0.006479645894280897,0.001691324624720544,0.004316498379189816,-0.0051270564773460104,0.0017755746146071567,-0.0052086179622097654,0.002224651420025427,-0.0007580358808613522,-0.006678386446976402,-0.002346149664847578,-0.0004993079413125228,-0.00012757459652239876,-0.0019674460614085786,-0.005460780275807549,-0.0013012300915673533,0.00160752990639904,-0.0032929480404931713,-0.005336689066240273,-0.004703185073866596,-0.009676799671221089,-0.008594488172717255,-0.0039989101085401305,-0.043030151318569555,-0.11580956835227116,-0.11384989079171998,-0.09685509715806459,-0.08761486471708392,-0.06647877078578177,-0.06959052309450409,-0.07227445299795224,-0.052828350840862986,-0.040725357223001385,-0.041850788624910554,-0.04123552026127975,-0.03246080600947674,-0.02284747702606416,-0.0285949021711503,-0.017321210076983846,-0.016174820921929907,-0.07013395555640255,-0.1439230529206672,-0.13553822775937463,-0.12241036360198838,-0.11059936279415372,-0.09054636505454437,-0.09422194036445668,-0.08732102312665681,-0.07615463715467992,-0.06846725516607316,-0.06598445676632358,-0.05885469578192696,-0.04889871604185107,-0.04092002034990747,-0.03554619691635744,-0.03583015667755424,-0.03903844754997136,-0.028244759719291957,-0.03313195060694967,-0.023794095118855874,-0.022365693448906977,-0.03457803724698768,-0.02475502912859305,-0.022204794073327573,-0.02672322087406607,-0.02920882643124222,-0.017291488048188388,-0.021000991176398164,-0.03454763645242583,-0.027848998597715655,-0.02528861031619602,-0.024463695438776654,-0.027019708312247922,-0.024090649540317238,-0.030218805093483528,-0.03249728012589258,-0.03450315235029684,-0.031092525312575288,-0.03117691526242692,-0.02932006342154178,-0.03153341762200096,-0.03153174940939886,-0.02979202886635098,-0.028488448849882504,-0.029654324489877544,-0.0315772465682889,-0.03636659091799929,-0.032586290178299164,-0.028503086303135104,-0.02831961774144947
38,0.020510532084631022,0.012724902459987864,0.011371339186982275,0.0032734843817283825,0.004298131320397929,-0.004528476135173409,0.003398141073064287,-0.008305411286266749,-0.003382498809817676,-0.008982644426162993,-0.00287676477120354,-0.004943088176643182,-0.0012562296789680088,-0.0023696427698195817,-0.007151018006575297,-0.00020806866942167898,0.0004413793124538785,0.000900428282312471,-0.004362569508614006,0.0015708192921558841,-0.00018670259831159888,-0.004100199701505736,0.0007508505234770169,-0.006586693378704388,-0.007035015519395076,-0.0032215998833623597,-0.015375854815267152,-0.019546921397411942,-0.012013198914266448,-0.011520203077471524,-0.007543484494112575,0.001386761166013767,-0.007879918540924808,-0.017293609085853274,-0.00888112089904188,-0.010146221786996232,-0.01115009495472086,-0.01948150944839927,-0.007133335824074166,-0.007140984575651954,-0.01495351180828407,-0.0017036622788104813,-0.005102728315983777,-0.024385884606926582,-0.022658033698857688,-0.020198118801737174,-0.008788424810274392,-0.011852622127425211,-0.006980969793249471,-0.01375256638848206,-0.019563075203914954,-0.01572625450618322,-0.007296940792294932,-0.017528203526087315,-0.015495954258663572,-0.006594340314831719,-0.012386790899367676,-0.015887690407985693,-0.010077453407636706,-0.020375321792894852,-0.016963381638463032,-0.022924909679795553,-0.010379944126638176,-0.008343963475446432,-0.02036833676720911,-0.010290082822458298,-0.00700133337267444,-0.021686812846891237,-0.011257770778075668,-0.013782408986600202,-0.004697452710961654,-0.014215961018864146,-0.01657823411251313,-0.014969128744929408,-0.009518012994473135,-0.015378202618607291,-0.013845007381175478,-0.019864936899755044,-0.012652993772305218,-0.010612327083123457,-0.014089525975598415,-0.013291415518501245,-0.013340864162760454,-0.017316074376873106,-0.012357665850349447,-0.011654432532457695,-0.013141771373855072,-0.013606409779569058,-0.011810120886672245,-0.015185013732871991,-0.01824102001270784,-0.012288048714731239,-0.009151286334185361
39,0.024316069353014926,-0.004554121196954166,0.005743637494880852,0.001637529405886359,0.0049107794094852275,-0.0042355344737453286,0.004861370227911506,-0.0042855736325171446,-0.006809616914578337,-0.0064788782624370074,-0.00010209005804091227,-0.0031551573223481443,-0.005475211708970272,0.004206883435214242,-0.004687467685353233,0.0005458067719625705,0.0022174143870555287,0.0011596976201155886,0.00028359271482111305,-0.00040725036432203885,-0.0008294683056003207,-0.003252921011432781,-0.001053432559528986,-0.004556057324517243,-0.008437476106545317,-0.007536270520768305,-0.014549703414537565,-0.06527054446347182,-0.07057990476815669,-0.06108007005442522,-0.04611292601080014,-0.034240893981013924,-0.029994279867043873,-0.03395618488460316,-0.015982902319820753,-0.01410888958423404,-0.018595686855317196,-0.02161559844196907,-0.009205527560425827,-0.004891922392797106,-0.0119192483163469,-0.0018200858122051293,0.002851911402630506,-0.022574144376869023,-0.08433551053810956,-0.07202696434234088,-0.0613748495941503,-0.046769575687653366,-0.02906160014275521,-0.03293648060997773,-0.03125733010936433,-0.022937677590276467,-0.0229282078668887,-0.022914904045955083,-0.017148617397497658,-0.021993787479147656,-0.011497860433677424,-0.01569873431667368,-0.01341939694204781,-0.01631788552058039,-0.012444975063985567,-0.011250126258006414,-0.007374804839121215,-0.012618267430416446,-0.01877218982296032,-0.008502724870737617,-0.009443221364803588,-0.020771827843435536,-0.012838161611989501,-0.01658672977215379,-0.009367305276536916,-0.023823903788820777,-0.020935926917543896,-0.014641853556112267,-0.01585399953409355,-0.02261915596749562,-0.017358980583377443,-0.022414236440355548,-0.02596902708495219,-0.019721516624470217,-0.020222007093277455,-0.022254022369477496,-0.013027408052999631,-0.02311617919603953,-0.02374160949005713,-0.024973123591755356,-0.022132128348334612,-0.022166868526108365,-0.023911869134520765,-0.022407568381281315,-0.02872540626248205,-0.022243706431110483,-0.021677281460014478
40,0.0022635913486864015,-0.0007292166753067977,-0.001809171879923537,0.0018909048889246443,0.0030280541492873556,0.0019698777273535837,0.012851663191681543,-0.007357932152315806,-0.003758552098314565,-0.004693388382447183,0.003518305184543495,0.002851755932796231,-0.001897807257338336,-0.0003506331647232699,-0.0020093403364388634,0.0027936256037210867,0.009071518081679286,0.0003867317907873959,0.001690632218526649,-0.0017654459010032761,-0.00025352625719233764,-0.00549968372310492,-0.002133485118357485,-0.01005847717152186,-0.009398830222415992,-0.0035341072541913085,-0.05698504918348991,-0.15139152520683247,-0.14326822058625385,-0.12346446193649951,-0.10333452181621451,-0.07186421121544223,-0.07302994441434661,-0.058019038850935116,-0.04675100708281979,-0.04384202944388447,-0.04454675526824402,-0.05650319863368713,-0.0378302780015659,-0.03291139372175916,-0.04100244937557904,-0.02785294340594257,-0.02991107521142099,-0.09744595777023109,-0.1784527688038734,-0.166459939470546,-0.15269456080829177,-0.12234830042417863,-0.09786432991019754,-0.09048514688241312,-0.07033123099368958,-0.07314377549421448,-0.06189177570660858,-0.0659135535825293,-0.06347580523927436,-0.05762579290219438,-0.04919194624483673,-0.04821778848028469,-0.046738493693632255,-0.058461531493040994,-0.04106148884620951,-0.050173236370713574,-0.039620690375660815,-0.04209322176886844,-0.05325642174210973,-0.03952110429671819,-0.03846230837099,-0.05630353472726308,-0.04529347777787902,-0.038839359944842895,-0.04169518727290357,-0.04704723576568356,-0.04437952105243637,-0.044539062079789804,-0.04913503703142676,-0.0462450235067262,-0.04062833322007746,-0.05183703156911471,-0.048957087084592836,-0.049957355397952326,-0.045040941267379724,-0.04438220197714251,-0.046437848827574395,-0.04860986653855149,-0.04615943634648219,-0.04815744905407376,-0.04371512367827422,-0.045049681883103834,-0.04646735568501593,-0.05085641868250516,-0.05267608139036168,-0.04571647295811258,-0.04528470022973528
41,-3.808782358655755e-05,-0.0045508844735309174,0.0007592226719301531,-0.002154480070336848,0.006931643648374387,0.005246178014465409,0.0041472334100483,-0.005173336903734575,-0.002671235422659315,-0.0029393099539976562,0.0031189318099908636,-0.00023852950089665127,0.001364804383703873,-0.001122908695291417,-0.0037432234163654525,0.004038809284677924,0.001836747245097443,0.00396085969109949,0.0008105181687629058,0.004054843013587072,-0.0001652803494447306,-0.004174488625522668,-0.004071996980220388,-0.00522602912614896,-0.007380387928239754,0.0009450927825400326,-0.021576078655440742,-0.0255833910110188,-0.02202638660537401,-0.013197349973747368,-0.007808316178098863,0.0030310698483721633,-0.0086159624391947,-0.009760510276217493,-0.00789630714334098,-0.0018555879909519114,-0.006078766809551434,-0.01905363050883837,-0.006985033574114799,0.003005571780687747,-0.009061815207576516,0.0001501289923752541,-0.005684636071930415,-0.03816796523113603,-0.03656089688740386,-0.020251400024206383,-0.016533695830305225,-0.010426336705179312,-0.007879539426583895,-0.012443032896016193,-0.018785369607582467,-0.019225001608194795,-0.012161810312069848,-0.020541062455366025,-0.013557858824004879,-0.012574465295392849,-0.006615105813599546,-0.011629077739715256,-0.011747939014536364,-0.01869279145175214,-0.010564846319768749,-0.012192692731323208,-0.0064242518263874955,-0.00953393041734769,-0.020632636143954435,-0.006095059941705285,-0.010800030152814078,-0.024262281370910216,-0.009889441311310643,-0.011660745681574205,-0.006822235513996184,-0.019633177920266347,-0.014448081339581531,-0.013732960871955814,-0.010735499759949115,-0.019483074495358098,-0.013678771332931728,-0.016056260740787857,-0.02073435818040355,-0.015003079494097384,-0.009871991957676003,-0.020172470461145734,-0.008071951048070304,-0.01872234569484184,-0.011247067242825348,-0.014231303900332073,-0.013232166274339078,-0.013107382466665329,-0.013604138976551975,-0.012803455019703853,-0.018879765603563,-0.014952736892026378,-0.015063990413746663
42,0.008328524002604686,0.0012312385010917746,0.005748834649390428,-0.00020426972790567452,0.0038888553302653854,-0.0006684670099923278,0.009076980618923562,-0.0032448541134024664,-0.0031801625617130284,-0.003511651576210542,-0.0032690574860889656,-0.006166186913112563,-0.0020113979263268055,-0.003364019941140188,-0.0026718348253844666,0.0006417236541276081,0.0051965149300685215,0.0013603705085446936,0.0013462884030102447,0.0012425645398331279,-0.0011750419675528112,0.00011463287987797996,-0.003898637872192282,-0.004810946096715729,-0.006454999741261506,-0.002068515153452463,-0.0005522818356925072,-0.02962574572476763,-0.03023640122246508,-0.029420558799359297,-0.02196513292388051,-0.00951568403013279,-0.01324994877548456,-0.01976764013223827,-0.007483847049031883,-0.002207630348344851,-0.002143054938652441,-0.021158232378093795,-0.0022433922705939776,-0.004107885456118295,-0.012627494227866888,0.003270488468977828,0.0004214945054379537,-0.008518247686437937,-0.038610105155783635,-0.030504278217289016,-0.0318039026738813,-0.020367083889732723,-0.010890692050184267,-0.015387117543439995,-0.02001248620923639,-0.017903765799196357,-0.009186351967883711,-0.01334781185122386,-0.012389921408311974,-0.008994914362367297,-0.006503431971299358,-0.011011154605010681,-0.0038132483250718713,-0.008411974140487532,-0.002716018102713444,-0.009402494635720012,0.0032121740478466766,-0.00425867681349768,-0.012339852259314795,-0.0011120624851940805,-0.004128356668608912,-0.016435731085033996,-0.0067899066216198034,-0.004547452022406259,0.0017114110945192504,-0.0127997743787565,-0.008387463251662751,-0.0056917183407343775,-0.001034437562329165,-0.009649107814162861,-0.010658030130249015,-0.015578321605508027,-0.013197808551601981,-0.012263239110149341,-0.007131181252731151,-0.014747990168595779,-0.009479815637636469,-0.013728229042194798,-0.010570144533546195,-0.014970283626676545,-0.013097344758086474,-0.011721049430810463,-0.010049474093412954,-0.014726826999706599,-0.013199581894627705,-0.012378154128249332,-0.012865786598632155
43,0.021064609327055343,0.005976867827192262,0.004534288514255934,0.0021896099171565494,0.0047510462447476675,0.0035606331170294726,0.002096262655016728,-0.007227753065120652,-0.00882570165396675,-0.008469243152288102,-0.002417787038579961,-0.0017035630199807598,-0.0028346701523426937,-0.003725412963224109,-0.006421692191933084,0.0005437187054810377,0.0015884603441783218,-0.0005852790190456993,0.004807121953586295,0.0008692910097958126,0.002596036626952313,-0.004728252198866258,-0.00015651834558013723,-0.007482073441522779,-0.0037585569213251977,-0.00291544710185689,-0.07214021376159982,-0.13945878506110382,-0.12717132388888802,-0.10576830992446326,-0.0803812607958024,-0.05352180013847587,-0.05420746782421385,-0.04795002976874482,-0.03164007460160945,-0.026128928238639458,-0.023079115156620585,-0.031653977544520366,-0.015712457242285583,-0.01344408805568011,-0.019606764526735005,-0.010249233765016304,-0.01095648900760174,-0.11474375672544246,-0.15135592341166743,-0.14499495818202518,-0.12790728751859418,-0.10033610992981402,-0.07767688347400015,-0.07038472499446138,-0.06401060921781426,-0.055959718618254314,-0.04610085452851211,-0.053964151068461634,-0.045174696287385914,-0.0325302067344082,-0.03070318079865852,-0.032061127057260386,-0.027343229077627595,-0.03066170825208786,-0.022802626728471942,-0.029724659127859845,-0.025250111537202864,-0.021130804313263873,-0.026519141761845492,-0.017383533360714885,-0.021649374768134506,-0.027328495787634736,-0.020809124175720006,-0.018593230526283387,-0.01253286554465153,-0.026471452773676248,-0.018990226683175012,-0.01878530429749794,-0.017231234896900254,-0.021512507325321097,-0.02098800684361552,-0.02371072947740984,-0.022606113737529153,-0.02561532085081128,-0.018157652092962592,-0.021489227700187154,-0.021710779952850104,-0.019996513936349047,-0.017355009436720987,-0.02332305192101713,-0.020187228156201564,-0.01787409026100529,-0.017205722152790294,-0.021680702469004137,-0.025072770775428452,-0.02292799566561128,-0.0163227707265732
44,0.0016147881779016878,-0.004282322169818114,-0.004379600904764314,-7.014429108020119e-05,0.002374268876665166,-0.0020499215726659786,0.00580862087495744,-0.00438912133887947,-0.0012580791489276073,-0.00685803739913501,0.00044109113189461324,-0.0012632953791825957,-0.0008768973419768117,0.004222965462030499,-0.001445613898384731,0.0022016309053042526,0.005332947223990332,0.0038460858904018763,0.0013898081640243741,0.002568842094232117,0.0010366241607991566,-0.001883580171878247,0.0015715693998640896,-0.0036526287453723517,-0.00926828599918233,-0.0006434358000931539,0.005564541567368404,-0.007331836075340352,-0.00995311417606789,-0.0083115098993084,-0.004110868032379274,0.0020223626434658043,-0.008728656329258766,-0.012256982847493353,-0.004157461009080217,0.0012947116324841777,-0.003454756628902436,-0.01587252868745603,-0.00327227109633717,-0.0007808343533730538,-0.006626474990238267,0.0025233943110509844,-0.0035841537038155545,-0.005659770827529895,-0.012468612429157833,-0.008403810417384297,-0.012055126995836635,-0.009141195754700954,-0.0063154835267078165,-0.011743115112140375,-0.01081982217116463,-0.014378471982905603,-0.008540874369714496,-0.01590989492596865,-0.012024181511419403,-0.008947073873456618,-0.003707579675080737,-0.012891100144679559,-0.011170958090320421,-0.01684605540070292,-0.010391771228718323,-0.016475954820838707,-0.008756376626657889,-0.009850663873748479,-0.01645071600255528,-0.004642759337594217,-0.007202424671972085,-0.02002260619314948,-0.009652372961467008,-0.010180331061214007,-0.005372077937426042,-0.01648258022242274,-0.012693319442821526,-0.01293247728363229,-0.010645174890508941,-0.017024252131372885,-0.010786316093232108,-0.014650837391058569,-0.015553450439346618,-0.01321393400367754,-0.011432696905273503,-0.016368338041827225,-0.011366018051383863,-0.012329869832606671,-0.0156135009704217,-0.013424769248469517,-0.011204933387552934,-0.012220230716686823,-0.011196664188950952,-0.019168275888166338,-0.016126361605513735,-0.015826096163946438,-0.012363307033060805
45,0.0018455297379082326,-0.001956443233185459,0.001593901136786171,0.0020950637858139958,0.0036526398358923975,0.0005933931907730744,0.006665649910391001,-0.003034625873085871,-0.0032045151926418844,-0.008702620716861165,-0.0009450962044192425,-0.0018342769768280012,0.0014346415078142394,0.0023974034289952254,-0.001741045732178742,0.004685705637908129,0.0011241603294241337,0.005489129600839092,-0.0021328573922321193,-0.0008578752301269257,0.003055049190129763,-0.004102787386688794,0.0015090346513580224,-0.007629158005785106,-0.00967533540207413,-0.008633148433284964,0.0032585406799182253,-0.01586062854211391,-0.017448747454685668,-0.019008795096343588,-0.014987671661158138,-0.004016680292765704,-0.012570779567713368,-0.015568276517896806,-0.005134615211866947,-0.0026681712750943887,-0.0065311155511699045,-0.018749193439150786,-0.00230439631187422,0.00040854322023581047,-0.005695585981296207,0.003806828119779962,0.0009239528717882172,-0.005027281616275833,-0.024627600058026784,-0.020280964800711503,-0.025292923620514256,-0.013786824458964717,-0.008737139396645036,-0.01690574744940698,-0.018104925358530054,-0.012926792867889798,-0.013849857023718489,-0.013737433355623982,-0.011337678063774427,-0.012771991292070552,-0.0073857764085968405,-0.013688039754196704,-0.011326204695992447,-0.01160927248932974,-0.0060635022316110196,-0.012400727217256638,-0.0052761239885058195,-0.005826418897616372,-0.014337551905024089,-0.004122450496615206,-0.005661477245709874,-0.0166302899909784,-0.006393253551434451,-0.0061928982320633074,-0.0058569316527964125,-0.011861272714521533,-0.011437324485246028,-0.008632672090021758,-0.006207381725017868,-0.012561426301803005,-0.005180877668442882,-0.012896321796409852,-0.011862061996021021,-0.013203684732717836,-0.009277421403571509,-0.013857230164359878,-0.01230721198015267,-0.012237556775838088,-0.011094662145814298,-0.014487720567824356,-0.010378135615942873,-0.013940499503151163,-0.01255495517359548,-0.016518411685789203,-0.013458014169057944,-0.009920947507437347,-0.008850859624840005
46,0.025690162271071112,0.005126971069543719,0.0025259642392232505,0.0012837342946453206,0.0018436194289629052,-0.0019581098095683403,0.005210558635209006,-0.0048812437384058984,-0.009984247534271167,-0.009670070581053071,-0.0022572040767947625,-0.003203881397913078,-0.0015065962307119272,-0.00020578654198227973,-0.001987585312794159,0.00021103228241074542,0.0006215722794511592,-0.001065957404954541,-0.0004971397629641904,0.0008577508445655848,-0.0009906670788626028,-0.00732836413420862,0.003697575985331065,-0.001532087725927779,-0.004555499820204162,0.0007202839211610797,-0.043333414325761856,-0.06708386621840755,-0.05406507265483364,-0.0413636218319778,-0.033128025442511796,-0.01683040082175546,-0.024982429264338364,-0.02502275881458225,-0.014655383507207338,-0.009105962929229761,-0.011410140999756988,-0.017172090186522403,-0.0059298683447513755,-0.0038962474838516226,-0.011226064342730366,-0.00045465356875423773,0.00019028835167647762,-0.059068647317514156,-0.07552954995969043,-0.06346993811796646,-0.05795223841914914,-0.052984376503797864,-0.04425680798879998,-0.048109997600008995,-0.051604505058378956,-0.05097114246072418,-0.04274707866157676,-0.044433104245482476,-0.04323910810364216,-0.03879215534832272,-0.033085177509170526,-0.039983177746892126,-0.035163694724020235,-0.042220205924823576,-0.03437250476726127,-0.040123504319550335,-0.0339417930399003,-0.034308255537213096,-0.043108819672901345,-0.029949457655051907,-0.03148843476641016,-0.04198695614910051,-0.03558235230912675,-0.03490158793134637,-0.026166099982260764,-0.0405550303987162,-0.039375131275955565,-0.0380378801675521,-0.03215415131997494,-0.036315947496102945,-0.03407466718534644,-0.04003465443900961,-0.039947005784674736,-0.03544217388598874,-0.03521184059008321,-0.0353653016720194,-0.035123236080426376,-0.03804922365292622,-0.033828918531000424,-0.03494217294671906,-0.03570191895247271,-0.035354277973367536,-0.03252773906365311,-0.03806669258794532,-0.037536900906300935,-0.03630112254439563,-0.03514152999745101
47,-0.00501353836298569,-0.001917121023613298,-0.0028479787448321236,-0.00315206088534584,0.0027807253565584602,-0.0024358148545224377,0.004509259804221069,-0.004792060347809521,-0.005103751373258429,-0.004516936976925375,0.006714269451081829,-0.004360996341190806,0.004131795626469552,0.002301814932829984,-0.0012139107381627207,0.0034354493896860067,0.00816460432968467,0.004047879215858921,-0.0030411532649186022,-0.0019613809938156287,0.003911444399344984,-0.004886111593672786,0.00637252756760672,-0.0011269545722882492,-0.007575647653009378,-0.0005748730265056202,0.0037782719346475895,-0.006603552399127447,-0.014351964450941753,-0.011853027476100224,-0.012099248650827931,-0.0038402653411676014,-0.013237696066777263,-0.01575880497736356,-0.011949070978839644,-0.004066108152103718,-0.006281061348128384,-0.021097674576418462,-0.0003953635422071388,-0.0033579953039159414,-0.005039318138453941,-0.00019631166613529074,-0.0038234917589247746,-0.013044454193683283,-0.013247436109100558,-0.012820163195746368,-0.018026653086491568,-0.019749296398149728,-0.00814316481393354,-0.016644112650171163,-0.02415243521187504,-0.016990590923145733,-0.015564702729284,-0.020805345693447098,-0.019932595741235955,-0.016437009254662818,-0.008366475203961776,-0.015954033636451787,-0.013929916922279396,-0.014664492492130725,-0.00923527801353005,-0.01636194677284845,-0.010462161743824095,-0.005485309296878811,-0.020683273864006722,-0.006508936926700452,-0.0015789481848654514,-0.019726740166634206,-0.009151547852845528,-0.01307116632135773,-0.005829186048434111,-0.018051314674829712,-0.009530677594549543,-0.009602912246269179,-0.012697982201591853,-0.018771292048553597,-0.010937528393457812,-0.011884926618902725,-0.015087729571228356,-0.011665778923307068,-0.013260352481775303,-0.015603136778741538,-0.00933676878813233,-0.008253196420618513,-0.012587060643156258,-0.017890165237073458,-0.012356258511145923,-0.01549492975395705,-0.008931224063091938,-0.014514228812779431,-0.013841171389350072,-0.007430666751652665,-0.009369500950251155
48,-0.008636947038029887,-0.0029713451742956645,-0.004325836690677705,-0.000111492498122606,0.0036460699668639613,-0.0001588825293012336,0.008117846373895352,-0.0025609196741927793,-0.001425728695050541,-0.002975964601522114,-0.0022412553360908233,-0.004995350129545091,0.0012753748333773466,0.002342807541782882,-0.002447303630775795,0.005762248410987665,0.005563382830624146,0.005256539917597635,0.0025277137160792606,-0.0012222008884811197,0.003921579816426821,-0.0035522872719371827,0.00259142958704876,-0.0033794788366628124,-0.0058477931758890685,-0.006979968333538322,0.0028703528393652453,-0.01519171719566173,-0.017985888814199397,-0.017592203827475113,-0.012854738779583225,-0.0009637174420376054,-0.011004403592496414,-0.016294769645830955,-0.010209649877355377,-0.00566705472665128,-0.006918606985200337,-0.018061082998850585,-0.004958368143644919,-0.0023978398194538218,-0.01241830001444497,0.0002636870288611069,-0.003550197879530095,-0.0067862165436224945,-0.02298377245172698,-0.024922677924194073,-0.023183853939148784,-0.018058838909960625,-0.010337205002487927,-0.015351122263891657,-0.01925681296190681,-0.018693109095238816,-0.014890764424134744,-0.019711086326855372,-0.013676071377371259,-0.01240360860903822,-0.010398531567921023,-0.014922740152610166,-0.012247344325786258,-0.01691932408312576,-0.012701594460829234,-0.0173642960303269,-0.00949542695440808,-0.010675749949060901,-0.021055471485211117,-0.00813293186408741,-0.009010752488598539,-0.021985655336114792,-0.010412947054284662,-0.013669036145418251,-0.011406955935652285,-0.018884541963027274,-0.01757656177820288,-0.01643247580212499,-0.011374666494402812,-0.01974402132944906,-0.015087914839717184,-0.017581095010532587,-0.016461466855610316,-0.014689689559059698,-0.013019270580533312,-0.01783943417423165,-0.012706285760059029,-0.017304781432722807,-0.014591359421029699,-0.011695890188759765,-0.01150823980725843,-0.015955068758793794,-0.01403242308082365,-0.018480730156886196,-0.015787982220187242,-0.015284291072187494,-0.010934333598304702
49,-0.002683654355799904,-0.003054414593960696,-0.006195599620244621,-0.003451405227686262,0.0019686264850281355,-0.0026760563669257884,0.007647461572119974,-0.003930947191364257,-0.0029674826228731207,-0.003666849923519319,-0.0023197873953734265,0.0016949257478794616,0.0005510138869433836,0.004342906069408452,0.0020257952420725364,0.0038433325327796967,0.004559280334036154,0.004020288048486254,0.000391319238349903,0.0002044313313110365,0.0049266485466748135,-0.002053593170341197,0.0018357362510744376,-0.005011974818077054,-0.009081864192120396,-0.001542360695881151,-0.010766558492768332,-0.058905706823083825,-0.06293265339747638,-0.05806668379216501,-0.04750618357223046,-0.028733948886086456,-0.03177872851740829,-0.03107638506025231,-0.020051286954717997,-0.01649121122464243,-0.016381495692336975,-0.026470194005487935,-0.015972845479285173,-0.011862938294975287,-0.02058793731439367,-0.005523661480948979,-0.008954293348413571,-0.030803188269168634,-0.07939194172622016,-0.0730138116468389,-0.06938562064191654,-0.05352929295182539,-0.04097919484218297,-0.03834082187266807,-0.03717796022239514,-0.03130028270265825,-0.027059195852919476,-0.03335141243616191,-0.02858596508122385,-0.022523548950670796,-0.018138488728364766,-0.022467923261530347,-0.020505196228611283,-0.024345442210928016,-0.019332026272970943,-0.020795664929867442,-0.014036543934882397,-0.015126529077875461,-0.02414438643282655,-0.012578363821839723,-0.011514938519946522,-0.02553847901995548,-0.01676000299265615,-0.013127156437544241,-0.01115395216414548,-0.019935066164234825,-0.01995435586794953,-0.015795305800333052,-0.014199133803814315,-0.017325330494442844,-0.011513319407385397,-0.01850830739925699,-0.021475444333246257,-0.018666709587099477,-0.015713609840513548,-0.02016463235917624,-0.01472930820817553,-0.016926635026603073,-0.01756006550581464,-0.016952363110337466,-0.0160000186700911,-0.018037405912813394,-0.01573443342644208,-0.018758026816909888,-0.01917204880613893,-0.01617343606431621,-0.01344129170385429
50,-0.006216034021277743,-0.007939472365885698,-0.0026820335221660312,0.0009946588480577528,0.002169845582876206,0.002328945600977822,0.0073246686257747665,-0.003898639899007787,-0.000583379112984355,-0.005242062105982215,0.004587464317481134,0.0021206246126941886,0.008755878191521365,0.0032159069186081745,-0.0010883406451889306,0.0016791675204914857,0.004017418962607526,-0.0004403348424536778,-0.0014157807847935302,-0.0010420433320805452,-0.0010402629625556612,-0.0008908879213337567,0.0015237899368739133,-0.006239097602253891,-0.00496013093188479,-0.00833062431377476,0.004984046723098088,-0.008266228836392869,-0.0072539014513809865,-0.014919270498727573,-0.008722233267907978,0.0019796534575421414,-0.013713578312370826,-0.01371107801644848,-0.006149116623089104,-0.0034105623044046675,-0.009682249728339835,-0.01927927776796621,-0.005754936489696922,-0.003372671455240992,-0.012515268470432606,0.0017591141002179975,-0.0027375553241982746,-0.0028003136140646524,-0.013107013759240975,-0.017028100561490074,-0.022413105090547805,-0.017305690795940822,-0.011178626553309224,-0.016379103995262722,-0.015075408119338649,-0.018819514875984645,-0.01320633488043631,-0.01822014710938608,-0.01405279368857322,-0.008092931337577975,-0.00714526775669052,-0.014796207631596999,-0.013397581746215312,-0.017999102149582075,-0.013519806008296277,-0.0172510552922564,-0.007636603842591438,-0.013695566109537037,-0.019313037220710084,-0.010599676749544217,-0.008952507758326431,-0.022540316372424665,-0.014350507629104748,-0.01101968207982986,-0.0056274725520847136,-0.016683515160763964,-0.014004560195089062,-0.017531437080142407,-0.015334042503604168,-0.01707540626032018,-0.01591540714444053,-0.01468265915286413,-0.022706139638056216,-0.01876081394238193,-0.016310812990241258,-0.020656147712850986,-0.014008474606432448,-0.016271478979748795,-0.01675687604891088,-0.015730369666637323,-0.01365333241526042,-0.017463598021030376,-0.01470351457839859,-0.022305270819528735,-0.021118029367514137,-0.017881002842198335,-0.009887331701453651
51,-0.001656481617068781,0.001870087493732706,4.368638381452039e-05,0.0041574102349337776,0.0075942909293363605,-0.0037890578112091517,0.006384757322742889,-0.0034551888693517096,-0.0039206563207520185,-0.0038022479719604482,-0.0016424243306811988,-0.002786154816834077,-0.000739319966020991,0.0013403812876226846,-0.0023306837849217873,0.0012953359388910251,0.004876044213206544,0.0048948353483454395,-0.0027097709528624767,0.0013943373073399973,-7.03859802910499e-05,-0.0041256641738323645,0.0024149295673129355,-0.00523805943149827,-0.005337716530119643,-0.005086924091909843,0.00250643052207916,-0.012521575463878814,-0.019975675142903507,-0.017161967621787223,-0.011894171393810422,0.002131884881212615,-0.009748269707170446,-0.0129982893359438,-0.0019236146771197768,-0.0037830922888305763,-0.0049253193933045105,-0.014941257870456873,-0.005576017373745845,-0.002034535655759155,-0.010945481785185913,-0.0009793284351617552,-0.00032870916998978505,-0.005914223279083351,-0.02346128951308902,-0.01781300846498348,-0.015343515577503075,-0.015199719127990988,-0.005718358868709529,-0.010126532698247261,-0.014959542056775826,-0.010264339457808068,-0.009122752615899484,-0.01765546222165493,-0.01235125510673648,-0.011926046953967375,-0.004939490589755364,-0.013762914650240104,-0.007190670073582117,-0.014015735353773913,-0.012423551235738933,-0.016368527646953037,-0.005714581205693855,-0.010692184172644885,-0.019301968990656965,-0.009238728782482629,-0.012861870717224494,-0.024004019628638695,-0.012044891161188611,-0.01062765050283209,-0.009424633978533725,-0.020505592427186962,-0.01545606928190949,-0.01075715458349065,-0.011814235775810778,-0.016624867487414888,-0.01683199477526453,-0.01859430056819575,-0.01808813886370356,-0.01825651819955341,-0.016206980847927974,-0.014232191859573919,-0.013149666781158913,-0.01371075087950528,-0.0106054375121363,-0.014543748501455098,-0.016678582921098355,-0.013072053384101018,-0.01039905231481133,-0.015346251995494936,-0.014086627690842101,-0.0143118433271996,-0.009848040778941533
52,-0.0016822771573824322,0.0005228140935889196,-0.0033189959137179845,0.000119182644848232,0.0026069968526988663,-0.0034591783046953534,0.003760141371007016,-0.0009122330910845488,-0.00494780699943637,-0.004007263292069799,0.0036244133389533757,0.00038455768465570984,0.0008874394305111521,0.0022192974683086673,-0.001171625162922384,0.0029923749046388195,0.0020168310584046437,0.005956823666967693,0.0008279616946551279,-0.004553112180396994,0.005394677243315794,-0.001464142135491352,-0.0028066880445163384,-0.0029901891708379027,-0.00207361351243249,-0.004229745195387207,-0.004206811874083099,-0.0396106026637521,-0.05257897732511254,-0.04721432235883555,-0.04043260544699141,-0.021209897569293562,-0.027748725490556216,-0.026885433783733648,-0.023106098323024314,-0.011906523767094342,-0.01938332020046778,-0.025939398661347028,-0.014247468861406086,-0.009185876076081088,-0.018082651274716765,-0.004269754507359032,-0.010802174899396716,-0.020576938245696362,-0.05514714311530103,-0.06052994057108448,-0.05659682850562727,-0.04974162579263537,-0.03252396606580868,-0.03252628832069343,-0.03027408857574844,-0.02841915298718997,-0.02833327938261989,-0.028872280731145818,-0.026971228531436433,-0.023876762605169067,-0.016934321162689697,-0.02293936112850633,-0.019871542673175126,-0.025117853006987403,-0.01415260754185292,-0.02493467337563236,-0.012248048186318495,-0.01368739079337409,-0.02371476541968611,-0.013232902089074548,-0.011579833670407734,-0.02266501706931677,-0.013340318656214026,-0.01117231768866201,-0.006212121297164501,-0.02111394582621297,-0.01966171629108658,-0.01665544748674649,-0.016012389527110944,-0.016150574848600014,-0.01217401307896062,-0.016754352230246173,-0.01727790054606558,-0.018168469236382406,-0.01584454150690645,-0.01593054622855297,-0.011443276400846709,-0.01604364794658341,-0.015470265427263166,-0.016891143772876507,-0.018878583660030125,-0.01574974765509436,-0.015008219948645684,-0.020018295744461064,-0.019170170698734064,-0.012543979104725366,-0.014459945922711005
53,-0.008526639601642844,-0.005094747469877968,0.0014716213651748632,-0.0026499357215649865,0.0036170474714789782,-0.0011591841659969195,0.0063826343098626875,-0.004131884172180079,-0.0058596978218909265,-0.00488554859962081,0.0001055708701105051,-0.001845022056676096,0.001712450721426014,0.00031781174730568926,0.0007992682869097457,0.0024080128605318885,0.006141966056454915,0.0037664421911441106,0.0022638798862175103,0.0009995764298899095,0.003863432971657473,-0.0005979297659005114,0.004472700559672483,-0.003571826352487497,-0.006960337236283647,-0.0036619252896608187,-0.00027259172542901014,-0.01213162688089887,-0.01252510033502389,-0.01106332661268937,-0.003575343582859918,0.0056030495982674145,-0.007253602623355267,-0.010210003065441382,-0.0019398724216306883,0.002859907237280581,-0.0025594954373286743,-0.012099055180391399,-0.00213973954404173,-0.00035128758864667967,-0.007382909973485807,0.003911205276174223,0.0008902898587941406,-0.0065904049893058874,-0.02166793321352735,-0.010919606572838615,-0.013851386070339767,-0.006684385083223809,0.0009756105987212919,-0.006037135708510064,-0.010706816366368256,-0.01234612183861204,-0.007781556451225131,-0.013357482792816141,-0.010932382810191684,-0.006975361727318765,-0.004960491686250797,-0.011398376963896381,-0.007258523924432161,-0.015401694342146187,-0.0067258268437429955,-0.013468652356051849,-0.0038469552322970726,-0.008285672179620505,-0.016238325388102954,-0.000706696204100574,-0.005453457080759106,-0.01681381763840871,-0.010746870417135774,-0.009798039180016323,-0.0031235423314198694,-0.013461368886506475,-0.013951608979664104,-0.010706878975825191,-0.007002189189553248,-0.008471047150157038,-0.008424704321363621,-0.013295833546365102,-0.013958586336146613,-0.012492903430354056,-0.01111156572591304,-0.014785664324685002,-0.01082573653766905,-0.01426105917783092,-0.010356362343914587,-0.01032577194767104,-0.00876560852175947,-0.009854455883415346,-0.004774979507935053,-0.013875225355687927,-0.011521108696377198,-0.009460780836771746,-0.008901712482855232
54,0.006315849412480091,-0.0030591835744617126,-0.005254728852413089,-0.002543882662273871,-0.0004034552792370928,-0.006441703011652285,0.002119888848739516,-0.004188314384710883,-0.006275074973074548,-0.009482846933461122,-0.0013018961253583455,-0.003700119183355131,0.0025137721240776874,0.004424052713231296,0.0018182840339652207,0.008226803386702303,0.0044089963829438686,0.007849684248218485,0.003259712515974813,0.0015384515408937765,0.0008369199982393836,-0.0012579925085054809,0.001141116668777367,-0.0005443343857385818,-0.002764737997438348,-0.004007647023131079,0.007090903136821569,-0.015814021804741722,-0.02492652469567462,-0.020761712820587457,-0.014694479603294178,-0.003334669072807401,-0.012859727415280995,-0.016207556812717544,-0.0014786916057041649,-0.002819559581956136,0.001455357205265332,-0.0119583110334889,0.00034797037212183743,-9.723649297235067e-05,-0.006949930272187904,0.008397789848689089,0.005958772714027801,-0.004200692399584872,-0.017761348131142073,-0.026990421757575447,-0.024406411685000035,-0.018755197343493166,-0.009076954053332014,-0.011106244193728998,-0.018380235452059912,-0.014416911628000486,-0.007601986574992259,-0.011749051410800284,-0.009878239796314234,-0.0030859678441432564,0.0018153107926369802,-0.004732089034429965,-0.004626103421587001,-0.009279494313701448,-0.0008326387647579343,-0.008558723320258093,0.0013609330502043966,-0.000526133491833799,-0.01220436505447994,0.0012297169805427456,-0.0006400557043301846,-0.012475126393544433,-0.004428916769057012,-0.002377441241490987,-0.002553746951876068,-0.00901243799078367,-0.007470184190574962,-0.008588807793131674,-0.00395735336996297,-0.008409371585711723,-0.005870923732124277,-0.010849796224041044,-0.012312876414994508,-0.0081372614352228,-0.01008630424230307,-0.00915230565811931,-0.005439015232460752,-0.010974185412765632,-0.007280873281968829,-0.011722697169665102,-0.00459298973715764,-0.007590284865522319,-0.011886562393684953,-0.010923462606065488,-0.01400621988954243,-0.0065902826572458596,-0.007111180381473899
55,0.0034175393760296838,-0.008855455360832876,-0.004837136806722853,-0.008995942397225976,0.0017720041568833607,-0.003279853023460128,0.008569295432069985,0.0007452916130487007,-0.0068843143996089005,-0.003992454063105925,0.0013481125763253811,-0.005727908386756001,0.004064778499671207,0.00239013101120129,0.002389082873892887,0.012000248411227942,0.006720977483376659,0.0005643366965078466,0.0018504081769572277,0.0014983622181387927,-0.002962685896973812,-0.00019000866204396024,0.0012657102673991228,-0.002870519796000596,-0.0017335821291838546,-0.0047407628090911594,-0.01906566658759965,-0.0772562246660575,-0.07389371203255131,-0.0718703812334547,-0.06628694203043946,-0.05585196189782865,-0.05047216342128184,-0.05123008005467805,-0.03844700016853997,-0.03209066095635492,-0.028604286299039855,-0.03596931507644775,-0.019084434554090715,-0.014132634167583905,-0.02194221201174071,-0.01125153289887382,-0.01217456605144725,-0.05050456262487641,-0.09932732056702405,-0.09847809737048574,-0.09212442301550641,-0.0804594804450367,-0.06986431745824087,-0.06797923573578554,-0.0720190428164251,-0.06010083658779906,-0.04967846444853674,-0.051146221248883086,-0.042059187845077325,-0.038573438173773525,-0.029301368898181412,-0.03464491502764828,-0.02369920818847036,-0.026452814359090575,-0.030324699583775743,-0.026913526505258727,-0.01685727934222736,-0.023537752875835385,-0.01995812211955335,-0.021176183236887833,-0.014821743487722264,-0.030637566742762825,-0.015902174722084876,-0.01596947408189968,-0.010215000987993,-0.023138788661518417,-0.013936518170299199,-0.016460891969781705,-0.006788846091515866,-0.017558026461021756,-0.016499934849020438,-0.020102441093781485,-0.012595814980238478,-0.014475775420822753,-0.015274098650914374,-0.013932563470153588,-0.006024376590726738,-0.013922971009594253,-0.011195004651512548,-0.01620803367574088,-0.015313818267513346,-0.009042390833929975,-0.006299061907241443,-0.021157245259741442,-0.010782601909677695,-0.012195339021043014,-0.003281712990538954
56,0.005743824201681373,-0.0022360701871218854,0.01012045027498806,-0.004195411009692712,0.0015983846241960156,0.004429704521798841,0.005001646518349669,-0.0025424217727644167,-0.0038554348586632456,-0.0053281699304055545,-0.0011049704587965264,-0.0006465839890133523,-0.0014780098758995419,0.003922391139518696,-0.002893974397318318,0.00486739525072517,0.0050501996401761725,0.002217128888621483,-0.0030911204152060164,-3.88007706460916e-06,-0.00043359902769240323,-0.005746323101755924,-0.0026729986484188635,-0.006722157310242796,-0.00759453351560623,-0.002888097735850883,-0.0007590811097067674,-0.009613139719423446,-0.013082683300423713,-0.012352447700522715,-0.009158391419528691,0.0058726159799039335,-0.011582402567352207,-0.012870747710348662,1.690311696138177e-05,-0.0012076057105219575,0.0005031493622222644,-0.01585132810157845,0.0012612903473095392,0.002110291766451457,-0.010977963723648947,0.00326074679082946,0.0003647704572327367,-0.010626740157198594,-0.013307333608115653,-0.010652868188553124,-0.008078197630637683,-0.007439732574366272,0.004004209551870878,-0.002858990107694805,-0.009893048758282227,-0.010439804333282489,-0.00664530979692394,-0.008383961943460225,-0.008389751419664691,-0.003536240650976501,-0.0025104677338950313,-0.007495885035800597,-0.007668127650228391,-0.014633541330869308,-0.00784863411842032,-0.011833485171405849,0.008317803231726864,-0.00794247708816854,-0.017127769253081758,-0.0007494190939857153,0.0008055544898293187,-0.010607942952366485,-0.00670749393815806,0.0009774020245970393,0.0034462041638721333,-0.01376078114632185,-0.014559542791175464,-0.0023908966353979847,-0.006471065951019257,-0.012525152133546442,-0.004992167402905006,-0.008333446972981075,-0.012152700866776635,-0.008989180299646446,-0.00732205893247081,-0.01828444803307486,-0.0023881471038076224,-0.017638538662029895,-0.009844656421185137,-0.010413934877887216,-0.013468817412762337,-0.01459634911036437,-0.003964989541073213,-0.01082400162556107,-0.01909260691114975,-0.01572633239532791,-0.006844728350420228
57,0.004702514344304687,-0.00023249022569232783,-0.004445027644366849,0.00015310425231064023,0.0030731751186926174,-0.0014036293412896348,0.004698792207920383,-0.0016225862924079217,-0.006034284898109539,-0.004138025401354915,-0.0015895679971862546,-0.002509121290701839,0.004190092623604647,0.0007880788170978186,-0.0005811535304385134,-0.00016460754348863324,0.0034098547589024733,0.005228788184937804,-0.0010633552367490052,0.001136012911841819,0.0028549961237700015,-0.0034442457872573334,0.000270975533685076,-0.003278289688025969,-0.009356930015407456,-0.00568685965116838,0.0006045751005149679,-0.029870310774849355,-0.044813460208652824,-0.0480751257496524,-0.04183577998816552,-0.029895960122134645,-0.03378982899033461,-0.031539800133447864,-0.019669648877294933,-0.015758177979256084,-0.016845603022919268,-0.02264719754443594,-0.014287733354435827,-0.00847813675329712,-0.013744892496163877,-0.003486266353028875,-0.0032661018395292334,-0.008241860385856411,-0.04275650845156903,-0.06314445999416268,-0.06327285895589849,-0.0497656683145968,-0.039729731743943876,-0.03436585364351514,-0.03490665116513775,-0.027271190154584377,-0.025387562985575474,-0.03216254798513086,-0.02689268468862914,-0.02007712413213541,-0.014231574150779433,-0.019880541208278892,-0.01574035127394826,-0.0174884929436055,-0.015128451886911467,-0.018425631170526903,-0.009174243768397082,-0.013583750164715315,-0.022667026602630987,-0.008170068895302935,-0.012928128049579433,-0.023721821610940743,-0.013863014379659422,-0.008766937155126178,-0.009842518599180962,-0.02231932837866095,-0.017609250281195886,-0.015861582495346978,-0.01515395344504692,-0.021727242061400663,-0.019510005824265958,-0.018082036388693778,-0.01931828875541094,-0.020167692573630318,-0.020090984445415936,-0.02300545483630089,-0.020090473481544944,-0.019521955845561448,-0.020672915053557395,-0.021432439853754284,-0.015096094308477396,-0.021067132456999826,-0.017938092216153716,-0.025949214689328957,-0.022050625353560883,-0.019044340074986323,-0.0207548565768853
58,-0.007486830804600435,-0.005442873598357572,-0.004365966255094863,-0.0037385887508326653,0.0028774641932001197,0.00037568814225881795,0.008029302653211995,-0.004243896772025917,-0.006181438220265594,-0.004233040273072896,0.0015840954865230985,-0.00033621679480283793,0.0015010740668541084,0.004276512314745106,-0.0008854546511585064,0.0036360832307358822,0.0067747827974255995,0.003580278295703102,0.002953008180360568,0.0016645804433622438,0.0028956431011815525,-0.001463042158081394,0.0011847367064646529,-0.0029559013337287156,-0.004799089037869163,-0.000511445634557545,-0.0006201312631480352,-0.038620125359650315,-0.04102683983073595,-0.03501763720136436,-0.02906057166891862,-0.011727959072742359,-0.017436119312415056,-0.017837944929934346,-0.008721360611237735,-0.004250526898731456,-0.006223392611262183,-0.016207517434903167,-0.004332209418182644,-0.002521780743212734,-0.008699754570389,0.0032338099822872965,0.0019266613537539856,-0.011949319383031093,-0.04484830146273325,-0.04583147293009363,-0.04266135153661605,-0.02829676600615056,-0.015834656640144985,-0.019101566021522035,-0.023879118261115564,-0.019448972063781527,-0.011679766918533983,-0.018091114015974463,-0.015661180153185985,-0.011924628776642864,-0.007481634262404636,-0.011959767980794648,-0.009656421870999918,-0.012724436009851244,-0.009135922705696974,-0.013202681891034317,-0.006867425778738332,-0.007448133329454559,-0.017420593918910605,-0.004599541738914143,-0.00730011869057959,-0.019014573542484675,-0.009035575289882088,-0.00848017200726229,-0.004368997936571176,-0.015289025916493431,-0.013972980729491047,-0.009021980801340751,-0.0072252864772240225,-0.013136984753328832,-0.00758761951282866,-0.013919936273376614,-0.017307359802584993,-0.012999175502932921,-0.010067005865040708,-0.01314418612111013,-0.011600578221523791,-0.012592231253357164,-0.012569557672127401,-0.012187819755932484,-0.010460874266272043,-0.009732402568442189,-0.011427290052809581,-0.01651191754954945,-0.013968838451985733,-0.012871221888696296,-0.010218357326926717
