cell_id,frame,x,y
0,0,1298.0,1649.0
0,1,1298.0,1649.0
0,2,1298.0,1649.0
0,3,1298.0,1649.0
0,4,1298.0,1649.0
0,5,1298.0,1649.0
0,6,1298.0,1649.0
0,7,1298.0,1649.0
0,8,1298.0,1649.0
0,9,1298.0,1649.0
0,10,1298.0,1649.0
0,11,1298.0,1649.0
0,12,1298.0,1649.0
0,13,1298.0,1649.0
0,14,1298.0,1649.0
0,15,1298.0,1649.0
0,16,1298.0,1649.0
0,17,1298.0,1649.0
0,18,1298.0,1649.0
0,19,1298.0,1649.0
0,20,1298.0,1649.0
0,21,1298.0,1649.0
0,22,1298.0,1649.0
0,23,1298.0,1649.0
0,24,1298.0,1649.0
0,25,1298.0,1649.0
0,26,1298.0,1649.0
0,27,1298.0,1649.0
0,28,1298.0,1649.0
0,29,1298.0,1649.0
0,30,1298.0,1649.0
0,31,1298.0,1649.0
0,32,1298.0,1649.0
0,33,1298.0,1649.0
0,34,1298.0,1649.0
0,35,1298.0,1649.0
0,36,1298.0,1649.0
0,37,1298.0,1649.0
0,38,1298.0,1649.0
0,39,1298.0,1649.0
0,40,1298.0,1649.0
0,41,1298.0,1649.0
0,42,1298.0,1649.0
0,43,1298.0,1649.0
0,44,1298.0,1649.0
0,45,1298.0,1649.0
0,46,1298.0,1649.0
0,47,1298.0,1649.0
0,48,1298.0,1649.0
0,49,1298.0,1649.0
0,50,1298.0,1649.0
0,51,1298.0,1649.0
0,52,1298.0,1649.0
0,53,1298.0,1649.0
0,54,1298.0,1649.0
0,55,1298.0,1649.0
0,56,1298.0,1649.0
0,57,1298.0,1649.0
0,58,1298.0,1649.0
0,59,1298.0,1649.0
0,60,1298.0,1649.0
0,61,1298.0,1649.0
0,62,1298.0,1649.0
0,63,1298.0,1649.0
0,64,1298.0,1649.0
0,65,1298.0,1649.0
0,66,1298.0,1649.0
0,67,1298.0,1649.0
0,68,1298.0,1649.0
0,69,1298.0,1649.0
0,70,1298.0,1649.0
0,71,1298.0,1649.0
0,72,1298.0,1649.0
0,73,1298.0,1649.0
0,74,1298.0,1649.0
0,75,1298.0,1649.0
0,76,1298.0,1649.0
0,77,1298.0,1649.0
0,78,1298.0,1649.0
0,79,1298.0,1649.0
0,80,1298.0,1649.0
0,81,1298.0,1649.0
0,82,1298.0,1649.0
0,83,1298.0,1649.0
0,84,1298.0,1649.0
0,85,1298.0,1649.0
0,86,1298.0,1649.0
0,87,1298.0,1649.0
0,88,1298.0,1649.0
0,89,1298.0,1649.0
0,90,1298.0,1649.0
0,91,1298.0,1649.0
0,92,1298.0,1649.0
0,93,1298.0,1649.0
0,94,1298.0,1649.0
0,95,1298.0,1649.0
0,96,1298.0,1649.0
0,97,1298.0,1649.0
0,98,1298.0,1649.0
0,99,1298.0,1649.0
0,100,1298.0,1649.0
0,101,1298.0,1649.0
0,102,1298.0,1649.0
0,103,1298.0,1649.0
0,104,1298.0,1649.0
0,105,1298.0,1649.0
0,106,1298.0,1649.0
0,107,1298.0,1649.0
0,108,1298.0,1649.0
0,109,1298.0,1649.0
0,110,1298.0,1649.0
0,111,1298.0,1649.0
0,112,1298.0,1649.0
0,113,1298.0,1649.0
0,114,1298.0,1649.0
0,115,1298.0,1649.0
0,116,1298.0,1649.0
0,117,1298.0,1649.0
0,118,1298.0,1649.0
0,119,1298.0,1649.0
1,0,1903.0,2855.0
1,1,1903.0,2855.0
1,2,1903.0,2855.0
1,3,1903.0,2855.0
1,4,1903.0,2855.0
1,5,1903.0,2855.0
1,6,1903.0,2855.0
1,7,1903.0,2855.0
1,8,1903.0,2855.0
1,9,1903.0,2855.0
1,10,1903.0,2855.0
1,11,1903.0,2855.0
1,12,1903.0,2855.0
1,13,1903.0,2855.0
1,14,1903.0,2855.0
1,15,1903.0,2855.0
1,16,1903.0,2855.0
1,17,1903.0,2855.0
1,18,1903.0,2855.0
1,19,1903.0,2855.0
1,20,1903.0,2855.0
1,21,1903.0,2855.0
1,22,1903.0,2855.0
1,23,1903.0,2855.0
1,24,1903.0,2855.0
1,25,1903.0,2855.0
1,26,1903.0,2855.0
1,27,1903.0,2855.0
1,28,1903.0,2855.0
1,29,1903.0,2855.0
1,30,1903.0,2855.0
1,31,1903.0,2855.0
1,32,1903.0,2855.0
1,33,1903.0,2855.0
1,34,1903.0,2855.0
1,35,1903.0,2855.0
1,36,1903.0,2855.0
1,37,1903.0,2855.0
1,38,1903.0,2855.0
1,39,1903.0,2855.0
1,40,1903.0,2855.0
1,41,1903.0,2855.0
1,42,1903.0,2855.0
1,43,1903.0,2855.0
1,44,1903.0,2855.0
1,45,1903.0,2855.0
1,46,1903.0,2855.0
1,47,1903.0,2855.0
1,48,1903.0,2855.0
1,49,1903.0,2855.0
1,50,1903.0,2855.0
1,51,1903.0,2855.0
1,52,1903.0,2855.0
1,53,1903.0,2855.0
1,54,1903.0,2855.0
1,55,1903.0,2855.0
1,56,1903.0,2855.0
1,57,1903.0,2855.0
1,58,1903.0,2855.0
1,59,1903.0,2855.0
1,60,1903.0,2855.0
1,61,1903.0,2855.0
1,62,1903.0,2855.0
1,63,1903.0,2855.0
1,64,1903.0,2855.0
1,65,1903.0,2855.0
1,66,1903.0,2855.0
1,67,1903.0,2855.0
1,68,1903.0,2855.0
1,69,1903.0,2855.0
1,70,1903.0,2855.0
1,71,1903.0,2855.0
1,72,1903.0,2855.0
1,73,1903.0,2855.0
1,74,1903.0,2855.0
1,75,1903.0,2855.0
1,76,1903.0,2855.0
1,77,1903.0,2855.0
1,78,1903.0,2855.0
1,79,1903.0,2855.0
1,80,1903.0,2855.0
1,81,1903.0,2855.0
1,82,1903.0,2855.0
1,83,1903.0,2855.0
1,84,1903.0,2855.0
1,85,1903.0,2855.0
1,86,1903.0,2855.0
1,87,1903.0,2855.0
1,88,1903.0,2855.0
1,89,1903.0,2855.0
1,90,1903.0,2855.0
1,91,1903.0,2855.0
1,92,1903.0,2855.0
1,93,1903.0,2855.0
1,94,1903.0,2855.0
1,95,1903.0,2855.0
1,96,1903.0,2855.0
1,97,1903.0,2855.0
1,98,1903.0,2855.0
1,99,1903.0,2855.0
1,100,1903.0,2855.0
1,101,1903.0,2855.0
1,102,1903.0,2855.0
1,103,1903.0,2855.0
1,104,1903.0,2855.0
1,105,1903.0,2855.0
1,106,1903.0,2855.0
1,107,1903.0,2855.0
1,108,1903.0,2855.0
1,109,1903.0,2855.0
1,110,1903.0,2855.0
1,111,1903.0,2855.0
1,112,1903.0,2855.0
1,113,1903.0,2855.0
1,114,1903.0,2855.0
1,115,1903.0,2855.0
1,116,1903.0,2855.0
1,117,1903.0,2855.0
1,118,1903.0,2855.0
1,119,1903.0,2855.0
2,0,2172.0,2068.0
2,1,2172.0,2068.0
2,2,2172.0,2068.0
2,3,2172.0,2068.0
2,4,2172.0,2068.0
2,5,2172.0,2068.0
2,6,2172.0,2068.0
2,7,2172.0,2068.0
2,8,2172.0,2068.0
2,9,2172.0,2068.0
2,10,2172.0,2068.0
2,11,2172.0,2068.0
2,12,2172.0,2068.0
2,13,2172.0,2068.0
2,14,2172.0,2068.0
2,15,2172.0,2068.0
2,16,2172.0,2068.0
2,17,2172.0,2068.0
2,18,2172.0,2068.0
2,19,2172.0,2068.0
2,20,2172.0,2068.0
2,21,2172.0,2068.0
2,22,2172.0,2068.0
2,23,2172.0,2068.0
2,24,2172.0,2068.0
2,25,2172.0,2068.0
2,26,2172.0,2068.0
2,27,2172.0,2068.0
2,28,2172.0,2068.0
2,29,2172.0,2068.0
2,30,2172.0,2068.0
2,31,2172.0,2068.0
2,32,2172.0,2068.0
2,33,2172.0,2068.0
2,34,2172.0,2068.0
2,35,2172.0,2068.0
2,36,2172.0,2068.0
2,37,2172.0,2068.0
2,38,2172.0,2068.0
2,39,2172.0,2068.0
2,40,2172.0,2068.0
2,41,2172.0,2068.0
2,42,2172.0,2068.0
2,43,2172.0,2068.0
2,44,2172.0,2068.0
2,45,2172.0,2068.0
2,46,2172.0,2068.0
2,47,2172.0,2068.0
2,48,2172.0,2068.0
2,49,2172.0,2068.0
2,50,2172.0,2068.0
2,51,2172.0,2068.0
2,52,2172.0,2068.0
2,53,2172.0,2068.0
2,54,2172.0,2068.0
2,55,2172.0,2068.0
2,56,2172.0,2068.0
2,57,2172.0,2068.0
2,58,2172.0,2068.0
2,59,2172.0,2068.0
2,60,2172.0,2068.0
2,61,2172.0,2068.0
2,62,2172.0,2068.0
2,63,2172.0,2068.0
2,64,2172.0,2068.0
2,65,2172.0,2068.0
2,66,2172.0,2068.0
2,67,2172.0,2068.0
2,68,2172.0,2068.0
2,69,2172.0,2068.0
2,70,2172.0,2068.0
2,71,2172.0,2068.0
2,72,2172.0,2068.0
2,73,2172.0,2068.0
2,74,2172.0,2068.0
2,75,2172.0,2068.0
2,76,2172.0,2068.0
2,77,2172.0,2068.0
2,78,2172.0,2068.0
2,79,2172.0,2068.0
2,80,2172.0,2068.0
2,81,2172.0,2068.0
2,82,2172.0,2068.0
2,83,2172.0,2068.0
2,84,2172.0,2068.0
2,85,2172.0,2068.0
2,86,2172.0,2068.0
2,87,2172.0,2068.0
2,88,2172.0,2068.0
2,89,2172.0,2068.0
2,90,2172.0,2068.0
2,91,2172.0,2068.0
2,92,2172.0,2068.0
2,93,2172.0,2068.0
2,94,2172.0,2068.0
2,95,2172.0,2068.0
2,96,2172.0,2068.0
2,97,2172.0,2068.0
2,98,2172.0,2068.0
2,99,2172.0,2068.0
2,100,2172.0,2068.0
2,101,2172.0,2068.0
2,102,2172.0,2068.0
2,103,2172.0,2068.0
2,104,2172.0,2068.0
2,105,2172.0,2068.0
2,106,2172.0,2068.0
2,107,2172.0,2068.0
2,108,2172.0,2068.0
2,109,2172.0,2068.0
2,110,2172.0,2068.0
2,111,2172.0,2068.0
2,112,2172.0,2068.0
2,113,2172.0,2068.0
2,114,2172.0,2068.0
2,115,2172.0,2068.0
2,116,2172.0,2068.0
2,117,2172.0,2068.0
2,118,2172.0,2068.0
2,119,2172.0,2068.0
3,0,1203.0,1946.0
3,1,1203.0,1946.0
3,2,1203.0,1946.0
3,3,1203.0,1946.0
3,4,1203.0,1946.0
3,5,1203.0,1946.0
3,6,1203.0,1946.0
3,7,1203.0,1946.0
3,8,1203.0,1946.0
3,9,1203.0,1946.0
3,10,1203.0,1946.0
3,11,1203.0,1946.0
3,12,1203.0,1946.0
3,13,1203.0,1946.0
3,14,1203.0,1946.0
3,15,1203.0,1946.0
3,16,1203.0,1946.0
3,17,1203.0,1946.0
3,18,1203.0,1946.0
3,19,1203.0,1946.0
3,20,1203.0,1946.0
3,21,1203.0,1946.0
3,22,1203.0,1946.0
3,23,1203.0,1946.0
3,24,1203.0,1946.0
3,25,1203.0,1946.0
3,26,1203.0,1946.0
3,27,1203.0,1946.0
3,28,1203.0,1946.0
3,29,1203.0,1946.0
3,30,1203.0,1946.0
3,31,1203.0,1946.0
3,32,1203.0,1946.0
3,33,1203.0,1946.0
3,34,1203.0,1946.0
3,35,1203.0,1946.0
3,36,1203.0,1946.0
3,37,1203.0,1946.0
3,38,1203.0,1946.0
3,39,1203.0,1946.0
3,40,1203.0,1946.0
3,41,1203.0,1946.0
3,42,1203.0,1946.0
3,43,1203.0,1946.0
3,44,1203.0,1946.0
3,45,1203.0,1946.0
3,46,1203.0,1946.0
3,47,1203.0,1946.0
3,48,1203.0,1946.0
3,49,1203.0,1946.0
3,50,1203.0,1946.0
3,51,1203.0,1946.0
3,52,1203.0,1946.0
3,53,1203.0,1946.0
3,54,1203.0,1946.0
3,55,1203.0,1946.0
3,56,1203.0,1946.0
3,57,1203.0,1946.0
3,58,1203.0,1946.0
3,59,1203.0,1946.0
3,60,1203.0,1946.0
3,61,1203.0,1946.0
3,62,1203.0,1946.0
3,63,1203.0,1946.0
3,64,1203.0,1946.0
3,65,1203.0,1946.0
3,66,1203.0,1946.0
3,67,1203.0,1946.0
3,68,1203.0,1946.0
3,69,1203.0,1946.0
3,70,1203.0,1946.0
3,71,1203.0,1946.0
3,72,1203.0,1946.0
3,73,1203.0,1946.0
3,74,1203.0,1946.0
3,75,1203.0,1946.0
3,76,1203.0,1946.0
3,77,1203.0,1946.0
3,78,1203.0,1946.0
3,79,1203.0,1946.0
3,80,1203.0,1946.0
3,81,1203.0,1946.0
3,82,1203.0,1946.0
3,83,1203.0,1946.0
3,84,1203.0,1946.0
3,85,1203.0,1946.0
3,86,1203.0,1946.0
3,87,1203.0,1946.0
3,88,1203.0,1946.0
3,89,1203.0,1946.0
3,90,1203.0,1946.0
3,91,1203.0,1946.0
3,92,1203.0,1946.0
3,93,1203.0,1946.0
3,94,1203.0,1946.0
3,95,1203.0,1946.0
3,96,1203.0,1946.0
3,97,1203.0,1946.0
3,98,1203.0,1946.0
3,99,1203.0,1946.0
3,100,1203.0,1946.0
3,101,1203.0,1946.0
3,102,1203.0,1946.0
3,103,1203.0,1946.0
3,104,1203.0,1946.0
3,105,1203.0,1946.0
3,106,1203.0,1946.0
3,107,1203.0,1946.0
3,108,1203.0,1946.0
3,109,1203.0,1946.0
3,110,1203.0,1946.0
3,111,1203.0,1946.0
3,112,1203.0,1946.0
3,113,1203.0,1946.0
3,114,1203.0,1946.0
3,115,1203.0,1946.0
3,116,1203.0,1946.0
3,117,1203.0,1946.0
3,118,1203.0,1946.0
3,119,1203.0,1946.0
4,0,2078.0,2471.0
4,1,2078.0,2471.0
4,2,2078.0,2471.0
4,3,2078.0,2471.0
4,4,2078.0,2471.0
4,5,2078.0,2471.0
4,6,2078.0,2471.0
4,7,2078.0,2471.0
4,8,2078.0,2471.0
4,9,2078.0,2471.0
4,10,2078.0,2471.0
4,11,2078.0,2471.0
4,12,2078.0,2471.0
4,13,2078.0,2471.0
4,14,2078.0,2471.0
4,15,2078.0,2471.0
4,16,2078.0,2471.0
4,17,2078.0,2471.0
4,18,2078.0,2471.0
4,19,2078.0,2471.0
4,20,2078.0,2471.0
4,21,2078.0,2471.0
4,22,2078.0,2471.0
4,23,2078.0,2471.0
4,24,2078.0,2471.0
4,25,2078.0,2471.0
4,26,2078.0,2471.0
4,27,2078.0,2471.0
4,28,2078.0,2471.0
4,29,2078.0,2471.0
4,30,2078.0,2471.0
4,31,2078.0,2471.0
4,32,2078.0,2471.0
4,33,2078.0,2471.0
4,34,2078.0,2471.0
4,35,2078.0,2471.0
4,36,2078.0,2471.0
4,37,2078.0,2471.0
4,38,2078.0,2471.0
4,39,2078.0,2471.0
4,40,2078.0,2471.0
4,41,2078.0,2471.0
4,42,2078.0,2471.0
4,43,2078.0,2471.0
4,44,2078.0,2471.0
4,45,2078.0,2471.0
4,46,2078.0,2471.0
4,47,2078.0,2471.0
4,48,2078.0,2471.0
4,49,2078.0,2471.0
4,50,2078.0,2471.0
4,51,2078.0,2471.0
4,52,2078.0,2471.0
4,53,2078.0,2471.0
4,54,2078.0,2471.0
4,55,2078.0,2471.0
4,56,2078.0,2471.0
4,57,2078.0,2471.0
4,58,2078.0,2471.0
4,59,2078.0,2471.0
4,60,2078.0,2471.0
4,61,2078.0,2471.0
4,62,2078.0,2471.0
4,63,2078.0,2471.0
4,64,2078.0,2471.0
4,65,2078.0,2471.0
4,66,2078.0,2471.0
4,67,2078.0,2471.0
4,68,2078.0,2471.0
4,69,2078.0,2471.0
4,70,2078.0,2471.0
4,71,2078.0,2471.0
4,72,2078.0,2471.0
4,73,2078.0,2471.0
4,74,2078.0,2471.0
4,75,2078.0,2471.0
4,76,2078.0,2471.0
4,77,2078.0,2471.0
4,78,2078.0,2471.0
4,79,2078.0,2471.0
4,80,2078.0,2471.0
4,81,2078.0,2471.0
4,82,2078.0,2471.0
4,83,2078.0,2471.0
4,84,2078.0,2471.0
4,85,2078.0,2471.0
4,86,2078.0,2471.0
4,87,2078.0,2471.0
4,88,2078.0,2471.0
4,89,2078.0,2471.0
4,90,2078.0,2471.0
4,91,2078.0,2471.0
4,92,2078.0,2471.0
4,93,2078.0,2471.0
4,94,2078.0,2471.0
4,95,2078.0,2471.0
4,96,2078.0,2471.0
4,97,2078.0,2471.0
4,98,2078.0,2471.0
4,99,2078.0,2471.0
4,100,2078.0,2471.0
4,101,2078.0,2471.0
4,102,2078.0,2471.0
4,103,2078.0,2471.0
4,104,2078.0,2471.0
4,105,2078.0,2471.0
4,106,2078.0,2471.0
4,107,2078.0,2471.0
4,108,2078.0,2471.0
4,109,2078.0,2471.0
4,110,2078.0,2471.0
4,111,2078.0,2471.0
4,112,2078.0,2471.0
4,113,2078.0,2471.0
4,114,2078.0,2471.0
4,115,2078.0,2471.0
4,116,2078.0,2471.0
4,117,2078.0,2471.0
4,118,2078.0,2471.0
4,119,2078.0,2471.0
5,0,991.0,2388.0
5,1,991.0,2388.0
5,2,991.0,2388.0
5,3,991.0,2388.0
5,4,991.0,2388.0
5,5,991.0,2388.0
5,6,991.0,2388.0
5,7,991.0,2388.0
5,8,991.0,2388.0
5,9,991.0,2388.0
5,10,991.0,2388.0
5,11,991.0,2388.0
5,12,991.0,2388.0
5,13,991.0,2388.0
5,14,991.0,2388.0
5,15,991.0,2388.0
5,16,991.0,2388.0
5,17,991.0,2388.0
5,18,991.0,2388.0
5,19,991.0,2388.0
5,20,991.0,2388.0
5,21,991.0,2388.0
5,22,991.0,2388.0
5,23,991.0,2388.0
5,24,991.0,2388.0
5,25,991.0,2388.0
5,26,991.0,2388.0
5,27,991.0,2388.0
5,28,991.0,2388.0
5,29,991.0,2388.0
5,30,991.0,2388.0
5,31,991.0,2388.0
5,32,991.0,2388.0
5,33,991.0,2388.0
5,34,991.0,2388.0
5,35,991.0,2388.0
5,36,991.0,2388.0
5,37,991.0,2388.0
5,38,991.0,2388.0
5,39,991.0,2388.0
5,40,991.0,2388.0
5,41,991.0,2388.0
5,42,991.0,2388.0
5,43,991.0,2388.0
5,44,991.0,2388.0
5,45,991.0,2388.0
5,46,991.0,2388.0
5,47,991.0,2388.0
5,48,991.0,2388.0
5,49,991.0,2388.0
5,50,991.0,2388.0
5,51,991.0,2388.0
5,52,991.0,2388.0
5,53,991.0,2388.0
5,54,991.0,2388.0
5,55,991.0,2388.0
5,56,991.0,2388.0
5,57,991.0,2388.0
5,58,991.0,2388.0
5,59,991.0,2388.0
5,60,991.0,2388.0
5,61,991.0,2388.0
5,62,991.0,2388.0
5,63,991.0,2388.0
5,64,991.0,2388.0
5,65,991.0,2388.0
5,66,991.0,2388.0
5,67,991.0,2388.0
5,68,991.0,2388.0
5,69,991.0,2388.0
5,70,991.0,2388.0
5,71,991.0,2388.0
5,72,991.0,2388.0
5,73,991.0,2388.0
5,74,991.0,2388.0
5,75,991.0,2388.0
5,76,991.0,2388.0
5,77,991.0,2388.0
5,78,991.0,2388.0
5,79,991.0,2388.0
5,80,991.0,2388.0
5,81,991.0,2388.0
5,82,991.0,2388.0
5,83,991.0,2388.0
5,84,991.0,2388.0
5,85,991.0,2388.0
5,86,991.0,2388.0
5,87,991.0,2388.0
5,88,991.0,2388.0
5,89,991.0,2388.0
5,90,991.0,2388.0
5,91,991.0,2388.0
5,92,991.0,2388.0
5,93,991.0,2388.0
5,94,991.0,2388.0
5,95,991.0,2388.0
5,96,991.0,2388.0
5,97,991.0,2388.0
5,98,991.0,2388.0
5,99,991.0,2388.0
5,100,991.0,2388.0
5,101,991.0,2388.0
5,102,991.0,2388.0
5,103,991.0,2388.0
5,104,991.0,2388.0
5,105,991.0,2388.0
5,106,991.0,2388.0
5,107,991.0,2388.0
5,108,991.0,2388.0
5,109,991.0,2388.0
5,110,991.0,2388.0
5,111,991.0,2388.0
5,112,991.0,2388.0
5,113,991.0,2388.0
5,114,991.0,2388.0
5,115,991.0,2388.0
5,116,991.0,2388.0
5,117,991.0,2388.0
5,118,991.0,2388.0
5,119,991.0,2388.0
6,0,1378.0,2042.0
6,1,1378.0,2042.0
6,2,1378.0,2042.0
6,3,1378.0,2042.0
6,4,1378.0,2042.0
6,5,1378.0,2042.0
6,6,1378.0,2042.0
6,7,1378.0,2042.0
6,8,1378.0,2042.0
6,9,1378.0,2042.0
6,10,1378.0,2042.0
6,11,1378.0,2042.0
6,12,1378.0,2042.0
6,13,1378.0,2042.0
6,14,1378.0,2042.0
6,15,1378.0,2042.0
6,16,1378.0,2042.0
6,17,1378.0,2042.0
6,18,1378.0,2042.0
6,19,1378.0,2042.0
6,20,1378.0,2042.0
6,21,1378.0,2042.0
6,22,1378.0,2042.0
6,23,1378.0,2042.0
6,24,1378.0,2042.0
6,25,1378.0,2042.0
6,26,1378.0,2042.0
6,27,1378.0,2042.0
6,28,1378.0,2042.0
6,29,1378.0,2042.0
6,30,1378.0,2042.0
6,31,1378.0,2042.0
6,32,1378.0,2042.0
6,33,1378.0,2042.0
6,34,1378.0,2042.0
6,35,1378.0,2042.0
6,36,1378.0,2042.0
6,37,1378.0,2042.0
6,38,1378.0,2042.0
6,39,1378.0,2042.0
6,40,1378.0,2042.0
6,41,1378.0,2042.0
6,42,1378.0,2042.0
6,43,1378.0,2042.0
6,44,1378.0,2042.0
6,45,1378.0,2042.0
6,46,1378.0,2042.0
6,47,1378.0,2042.0
6,48,1378.0,2042.0
6,49,1378.0,2042.0
6,50,1378.0,2042.0
6,51,1378.0,2042.0
6,52,1378.0,2042.0
6,53,1378.0,2042.0
6,54,1378.0,2042.0
6,55,1378.0,2042.0
6,56,1378.0,2042.0
6,57,1378.0,2042.0
6,58,1378.0,2042.0
6,59,1378.0,2042.0
6,60,1378.0,2042.0
6,61,1378.0,2042.0
6,62,1378.0,2042.0
6,63,1378.0,2042.0
6,64,1378.0,2042.0
6,65,1378.0,2042.0
6,66,1378.0,2042.0
6,67,1378.0,2042.0
6,68,1378.0,2042.0
6,69,1378.0,2042.0
6,70,1378.0,2042.0
6,71,1378.0,2042.0
6,72,1378.0,2042.0
6,73,1378.0,2042.0
6,74,1378.0,2042.0
6,75,1378.0,2042.0
6,76,1378.0,2042.0
6,77,1378.0,2042.0
6,78,1378.0,2042.0
6,79,1378.0,2042.0
6,80,1378.0,2042.0
6,81,1378.0,2042.0
6,82,1378.0,2042.0
6,83,1378.0,2042.0
6,84,1378.0,2042.0
6,85,1378.0,2042.0
6,86,1378.0,2042.0
6,87,1378.0,2042.0
6,88,1378.0,2042.0
6,89,1378.0,2042.0
6,90,1378.0,2042.0
6,91,1378.0,2042.0
6,92,1378.0,2042.0
6,93,1378.0,2042.0
6,94,1378.0,2042.0
6,95,1378.0,2042.0
6,96,1378.0,2042.0
6,97,1378.0,2042.0
6,98,1378.0,2042.0
6,99,1378.0,2042.0
6,100,1378.0,2042.0
6,101,1378.0,2042.0
6,102,1378.0,2042.0
6,103,1378.0,2042.0
6,104,1378.0,2042.0
6,105,1378.0,2042.0
6,106,1378.0,2042.0
6,107,1378.0,2042.0
6,108,1378.0,2042.0
6,109,1378.0,2042.0
6,110,1378.0,2042.0
6,111,1378.0,2042.0
6,112,1378.0,2042.0
6,113,1378.0,2042.0
6,114,1378.0,2042.0
6,115,1378.0,2042.0
6,116,1378.0,2042.0
6,117,1378.0,2042.0
6,118,1378.0,2042.0
6,119,1378.0,2042.0
7,0,2301.0,2588.0
7,1,2301.0,2588.0
7,2,2301.0,2588.0
7,3,2301.0,2588.0
7,4,2301.0,2588.0
7,5,2301.0,2588.0
7,6,2301.0,2588.0
7,7,2301.0,2588.0
7,8,2301.0,2588.0
7,9,2301.0,2588.0
7,10,2301.0,2588.0
7,11,2301.0,2588.0
7,12,2301.0,2588.0
7,13,2301.0,2588.0
7,14,2301.0,2588.0
7,15,2301.0,2588.0
7,16,2301.0,2588.0
7,17,2301.0,2588.0
7,18,2301.0,2588.0
7,19,2301.0,2588.0
7,20,2301.0,2588.0
7,21,2301.0,2588.0
7,22,2301.0,2588.0
7,23,2301.0,2588.0
7,24,2301.0,2588.0
7,25,2301.0,2588.0
7,26,2301.0,2588.0
7,27,2301.0,2588.0
7,28,2301.0,2588.0
7,29,2301.0,2588.0
7,30,2301.0,2588.0
7,31,2301.0,2588.0
7,32,2301.0,2588.0
7,33,2301.0,2588.0
7,34,2301.0,2588.0
7,35,2301.0,2588.0
7,36,2301.0,2588.0
7,37,2301.0,2588.0
7,38,2301.0,2588.0
7,39,2301.0,2588.0
7,40,2301.0,2588.0
7,41,2301.0,2588.0
7,42,2301.0,2588.0
7,43,2301.0,2588.0
7,44,2301.0,2588.0
7,45,2301.0,2588.0
7,46,2301.0,2588.0
7,47,2301.0,2588.0
7,48,2301.0,2588.0
7,49,2301.0,2588.0
7,50,2301.0,2588.0
7,51,2301.0,2588.0
7,52,2301.0,2588.0
7,53,2301.0,2588.0
7,54,2301.0,2588.0
7,55,2301.0,2588.0
7,56,2301.0,2588.0
7,57,2301.0,2588.0
7,58,2301.0,2588.0
7,59,2301.0,2588.0
7,60,2301.0,2588.0
7,61,2301.0,2588.0
7,62,2301.0,2588.0
7,63,2301.0,2588.0
7,64,2301.0,2588.0
7,65,2301.0,2588.0
7,66,2301.0,2588.0
7,67,2301.0,2588.0
7,68,2301.0,2588.0
7,69,2301.0,2588.0
7,70,2301.0,2588.0
7,71,2301.0,2588.0
7,72,2301.0,2588.0
7,73,2301.0,2588.0
7,74,2301.0,2588.0
7,75,2301.0,2588.0
7,76,2301.0,2588.0
7,77,2301.0,2588.0
7,78,2301.0,2588.0
7,79,2301.0,2588.0
7,80,2301.0,2588.0
7,81,2301.0,2588.0
7,82,2301.0,2588.0
7,83,2301.0,2588.0
7,84,2301.0,2588.0
7,85,2301.0,2588.0
7,86,2301.0,2588.0
7,87,2301.0,2588.0
7,88,2301.0,2588.0
7,89,2301.0,2588.0
7,90,2301.0,2588.0
7,91,2301.0,2588.0
7,92,2301.0,2588.0
7,93,2301.0,2588.0
7,94,2301.0,2588.0
7,95,2301.0,2588.0
7,96,2301.0,2588.0
7,97,2301.0,2588.0
7,98,2301.0,2588.0
7,99,2301.0,2588.0
7,100,2301.0,2588.0
7,101,2301.0,2588.0
7,102,2301.0,2588.0
7,103,2301.0,2588.0
7,104,2301.0,2588.0
7,105,2301.0,2588.0
7,106,2301.0,2588.0
7,107,2301.0,2588.0
7,108,2301.0,2588.0
7,109,2301.0,2588.0
7,110,2301.0,2588.0
7,111,2301.0,2588.0
7,112,2301.0,2588.0
7,113,2301.0,2588.0
7,114,2301.0,2588.0
7,115,2301.0,2588.0
7,116,2301.0,2588.0
7,117,2301.0,2588.0
7,118,2301.0,2588.0
7,119,2301.0,2588.0
8,0,1101.0,2464.0
8,1,1101.0,2464.0
8,2,1101.0,2464.0
8,3,1101.0,2464.0
8,4,1101.0,2464.0
8,5,1101.0,2464.0
8,6,1101.0,2464.0
8,7,1101.0,2464.0
8,8,1101.0,2464.0
8,9,1101.0,2464.0
8,10,1101.0,2464.0
8,11,1101.0,2464.0
8,12,1101.0,2464.0
8,13,1101.0,2464.0
8,14,1101.0,2464.0
8,15,1101.0,2464.0
8,16,1101.0,2464.0
8,17,1101.0,2464.0
8,18,1101.0,2464.0
8,19,1101.0,2464.0
8,20,1101.0,2464.0
8,21,1101.0,2464.0
8,22,1101.0,2464.0
8,23,1101.0,2464.0
8,24,1101.0,2464.0
8,25,1101.0,2464.0
8,26,1101.0,2464.0
8,27,1101.0,2464.0
8,28,1101.0,2464.0
8,29,1101.0,2464.0
8,30,1101.0,2464.0
8,31,1101.0,2464.0
8,32,1101.0,2464.0
8,33,1101.0,2464.0
8,34,1101.0,2464.0
8,35,1101.0,2464.0
8,36,1101.0,2464.0
8,37,1101.0,2464.0
8,38,1101.0,2464.0
8,39,1101.0,2464.0
8,40,1101.0,2464.0
8,41,1101.0,2464.0
8,42,1101.0,2464.0
8,43,1101.0,2464.0
8,44,1101.0,2464.0
8,45,1101.0,2464.0
8,46,1101.0,2464.0
8,47,1101.0,2464.0
8,48,1101.0,2464.0
8,49,1101.0,2464.0
8,50,1101.0,2464.0
8,51,1101.0,2464.0
8,52,1101.0,2464.0
8,53,1101.0,2464.0
8,54,1101.0,2464.0
8,55,1101.0,2464.0
8,56,1101.0,2464.0
8,57,1101.0,2464.0
8,58,1101.0,2464.0
8,59,1101.0,2464.0
8,60,1101.0,2464.0
8,61,1101.0,2464.0
8,62,1101.0,2464.0
8,63,1101.0,2464.0
8,64,1101.0,2464.0
8,65,1101.0,2464.0
8,66,1101.0,2464.0
8,67,1101.0,2464.0
8,68,1101.0,2464.0
8,69,1101.0,2464.0
8,70,1101.0,2464.0
8,71,1101.0,2464.0
8,72,1101.0,2464.0
8,73,1101.0,2464.0
8,74,1101.0,2464.0
8,75,1101.0,2464.0
8,76,1101.0,2464.0
8,77,1101.0,2464.0
8,78,1101.0,2464.0
8,79,1101.0,2464.0
8,80,1101.0,2464.0
8,81,1101.0,2464.0
8,82,1101.0,2464.0
8,83,1101.0,2464.0
8,84,1101.0,2464.0
8,85,1101.0,2464.0
8,86,1101.0,2464.0
8,87,1101.0,2464.0
8,88,1101.0,2464.0
8,89,1101.0,2464.0
8,90,1101.0,2464.0
8,91,1101.0,2464.0
8,92,1101.0,2464.0
8,93,1101.0,2464.0
8,94,1101.0,2464.0
8,95,1101.0,2464.0
8,96,1101.0,2464.0
8,97,1101.0,2464.0
8,98,1101.0,2464.0
8,99,1101.0,2464.0
8,100,1101.0,2464.0
8,101,1101.0,2464.0
8,102,1101.0,2464.0
8,103,1101.0,2464.0
8,104,1101.0,2464.0
8,105,1101.0,2464.0
8,106,1101.0,2464.0
8,107,1101.0,2464.0
8,108,1101.0,2464.0
8,109,1101.0,2464.0
8,110,1101.0,2464.0
8,111,1101.0,2464.0
8,112,1101.0,2464.0
8,113,1101.0,2464.0
8,114,1101.0,2464.0
8,115,1101.0,2464.0
8,116,1101.0,2464.0
8,117,1101.0,2464.0
8,118,1101.0,2464.0
8,119,1101.0,2464.0
9,0,1443.0,2148.0
9,1,1443.0,2148.0
9,2,1443.0,2148.0
9,3,1443.0,2148.0
9,4,1443.0,2148.0
9,5,1443.0,2148.0
9,6,1443.0,2148.0
9,7,1443.0,2148.0
9,8,1443.0,2148.0
9,9,1443.0,2148.0
9,10,1443.0,2148.0
9,11,1443.0,2148.0
9,12,1443.0,2148.0
9,13,1443.0,2148.0
9,14,1443.0,2148.0
9,15,1443.0,2148.0
9,16,1443.0,2148.0
9,17,1443.0,2148.0
9,18,1443.0,2148.0
9,19,1443.0,2148.0
9,20,1443.0,2148.0
9,21,1443.0,2148.0
9,22,1443.0,2148.0
9,23,1443.0,2148.0
9,24,1443.0,2148.0
9,25,1443.0,2148.0
9,26,1443.0,2148.0
9,27,1443.0,2148.0
9,28,1443.0,2148.0
9,29,1443.0,2148.0
9,30,1443.0,2148.0
9,31,1443.0,2148.0
9,32,1443.0,2148.0
9,33,1443.0,2148.0
9,34,1443.0,2148.0
9,35,1443.0,2148.0
9,36,1443.0,2148.0
9,37,1443.0,2148.0
9,38,1443.0,2148.0
9,39,1443.0,2148.0
9,40,1443.0,2148.0
9,41,1443.0,2148.0
9,42,1443.0,2148.0
9,43,1443.0,2148.0
9,44,1443.0,2148.0
9,45,1443.0,2148.0
9,46,1443.0,2148.0
9,47,1443.0,2148.0
9,48,1443.0,2148.0
9,49,1443.0,2148.0
9,50,1443.0,2148.0
9,51,1443.0,2148.0
9,52,1443.0,2148.0
9,53,1443.0,2148.0
9,54,1443.0,2148.0
9,55,1443.0,2148.0
9,56,1443.0,2148.0
9,57,1443.0,2148.0
9,58,1443.0,2148.0
9,59,1443.0,2148.0
9,60,1443.0,2148.0
9,61,1443.0,2148.0
9,62,1443.0,2148.0
9,63,1443.0,2148.0
9,64,1443.0,2148.0
9,65,1443.0,2148.0
9,66,1443.0,2148.0
9,67,1443.0,2148.0
9,68,1443.0,2148.0
9,69,1443.0,2148.0
9,70,1443.0,2148.0
9,71,1443.0,2148.0
9,72,1443.0,2148.0
9,73,1443.0,2148.0
9,74,1443.0,2148.0
9,75,1443.0,2148.0
9,76,1443.0,2148.0
9,77,1443.0,2148.0
9,78,1443.0,2148.0
9,79,1443.0,2148.0
9,80,1443.0,2148.0
9,81,1443.0,2148.0
9,82,1443.0,2148.0
9,83,1443.0,2148.0
9,84,1443.0,2148.0
9,85,1443.0,2148.0
9,86,1443.0,2148.0
9,87,1443.0,2148.0
9,88,1443.0,2148.0
9,89,1443.0,2148.0
9,90,1443.0,2148.0
9,91,1443.0,2148.0
9,92,1443.0,2148.0
9,93,1443.0,2148.0
9,94,1443.0,2148.0
9,95,1443.0,2148.0
9,96,1443.0,2148.0
9,97,1443.0,2148.0
9,98,1443.0,2148.0
9,99,1443.0,2148.0
9,100,1443.0,2148.0
9,101,1443.0,2148.0
9,102,1443.0,2148.0
9,103,1443.0,2148.0
9,104,1443.0,2148.0
9,105,1443.0,2148.0
9,106,1443.0,2148.0
9,107,1443.0,2148.0
9,108,1443.0,2148.0
9,109,1443.0,2148.0
9,110,1443.0,2148.0
9,111,1443.0,2148.0
9,112,1443.0,2148.0
9,113,1443.0,2148.0
9,114,1443.0,2148.0
9,115,1443.0,2148.0
9,116,1443.0,2148.0
9,117,1443.0,2148.0
9,118,1443.0,2148.0
9,119,1443.0,2148.0
10,0,2298.0,2838.0
10,1,2298.0,2838.0
10,2,2298.0,2838.0
10,3,2298.0,2838.0
10,4,2298.0,2838.0
10,5,2298.0,2838.0
10,6,2298.0,2838.0
10,7,2298.0,2838.0
10,8,2298.0,2838.0
10,9,2298.0,2838.0
10,10,2298.0,2838.0
10,11,2298.0,2838.0
10,12,2298.0,2838.0
10,13,2298.0,2838.0
10,14,2298.0,2838.0
10,15,2298.0,2838.0
10,16,2298.0,2838.0
10,17,2298.0,2838.0
10,18,2298.0,2838.0
10,19,2298.0,2838.0
10,20,2298.0,2838.0
10,21,2298.0,2838.0
10,22,2298.0,2838.0
10,23,2298.0,2838.0
10,24,2298.0,2838.0
10,25,2298.0,2838.0
10,26,2298.0,2838.0
10,27,2298.0,2838.0
10,28,2298.0,2838.0
10,29,2298.0,2838.0
10,30,2298.0,2838.0
10,31,2298.0,2838.0
10,32,2298.0,2838.0
10,33,2298.0,2838.0
10,34,2298.0,2838.0
10,35,2298.0,2838.0
10,36,2298.0,2838.0
10,37,2298.0,2838.0
10,38,2298.0,2838.0
10,39,2298.0,2838.0
10,40,2298.0,2838.0
10,41,2298.0,2838.0
10,42,2298.0,2838.0
10,43,2298.0,2838.0
10,44,2298.0,2838.0
10,45,2298.0,2838.0
10,46,2298.0,2838.0
10,47,2298.0,2838.0
10,48,2298.0,2838.0
10,49,2298.0,2838.0
10,50,2298.0,2838.0
10,51,2298.0,2838.0
10,52,2298.0,2838.0
10,53,2298.0,2838.0
10,54,2298.0,2838.0
10,55,2298.0,2838.0
10,56,2298.0,2838.0
10,57,2298.0,2838.0
10,58,2298.0,2838.0
10,59,2298.0,2838.0
10,60,2298.0,2838.0
10,61,2298.0,2838.0
10,62,2298.0,2838.0
10,63,2298.0,2838.0
10,64,2298.0,2838.0
10,65,2298.0,2838.0
10,66,2298.0,2838.0
10,67,2298.0,2838.0
10,68,2298.0,2838.0
10,69,2298.0,2838.0
10,70,2298.0,2838.0
10,71,2298.0,2838.0
10,72,2298.0,2838.0
10,73,2298.0,2838.0
10,74,2298.0,2838.0
10,75,2298.0,2838.0
10,76,2298.0,2838.0
10,77,2298.0,2838.0
10,78,2298.0,2838.0
10,79,2298.0,2838.0
10,80,2298.0,2838.0
10,81,2298.0,2838.0
10,82,2298.0,2838.0
10,83,2298.0,2838.0
10,84,2298.0,2838.0
10,85,2298.0,2838.0
10,86,2298.0,2838.0
10,87,2298.0,2838.0
10,88,2298.0,2838.0
10,89,2298.0,2838.0
10,90,2298.0,2838.0
10,91,2298.0,2838.0
10,92,2298.0,2838.0
10,93,2298.0,2838.0
10,94,2298.0,2838.0
10,95,2298.0,2838.0
10,96,2298.0,2838.0
10,97,2298.0,2838.0
10,98,2298.0,2838.0
10,99,2298.0,2838.0
10,100,2298.0,2838.0
10,101,2298.0,2838.0
10,102,2298.0,2838.0
10,103,2298.0,2838.0
10,104,2298.0,2838.0
10,105,2298.0,2838.0
10,106,2298.0,2838.0
10,107,2298.0,2838.0
10,108,2298.0,2838.0
10,109,2298.0,2838.0
10,110,2298.0,2838.0
10,111,2298.0,2838.0
10,112,2298.0,2838.0
10,113,2298.0,2838.0
10,114,2298.0,2838.0
10,115,2298.0,2838.0
10,116,2298.0,2838.0
10,117,2298.0,2838.0
10,118,2298.0,2838.0
10,119,2298.0,2838.0
11,0,1256.0,2511.0
11,1,1256.0,2511.0
11,2,1256.0,2511.0
11,3,1256.0,2511.0
11,4,1256.0,2511.0
11,5,1256.0,2511.0
11,6,1256.0,2511.0
11,7,1256.0,2511.0
11,8,1256.0,2511.0
11,9,1256.0,2511.0
11,10,1256.0,2511.0
11,11,1256.0,2511.0
11,12,1256.0,2511.0
11,13,1256.0,2511.0
11,14,1256.0,2511.0
11,15,1256.0,2511.0
11,16,1256.0,2511.0
11,17,1256.0,2511.0
11,18,1256.0,2511.0
11,19,1256.0,2511.0
11,20,1256.0,2511.0
11,21,1256.0,2511.0
11,22,1256.0,2511.0
11,23,1256.0,2511.0
11,24,1256.0,2511.0
11,25,1256.0,2511.0
11,26,1256.0,2511.0
11,27,1256.0,2511.0
11,28,1256.0,2511.0
11,29,1256.0,2511.0
11,30,1256.0,2511.0
11,31,1256.0,2511.0
11,32,1256.0,2511.0
11,33,1256.0,2511.0
11,34,1256.0,2511.0
11,35,1256.0,2511.0
11,36,1256.0,2511.0
11,37,1256.0,2511.0
11,38,1256.0,2511.0
11,39,1256.0,2511.0
11,40,1256.0,2511.0
11,41,1256.0,2511.0
11,42,1256.0,2511.0
11,43,1256.0,2511.0
11,44,1256.0,2511.0
11,45,1256.0,2511.0
11,46,1256.0,2511.0
11,47,1256.0,2511.0
11,48,1256.0,2511.0
11,49,1256.0,2511.0
11,50,1256.0,2511.0
11,51,1256.0,2511.0
11,52,1256.0,2511.0
11,53,1256.0,2511.0
11,54,1256.0,2511.0
11,55,1256.0,2511.0
11,56,1256.0,2511.0
11,57,1256.0,2511.0
11,58,1256.0,2511.0
11,59,1256.0,2511.0
11,60,1256.0,2511.0
11,61,1256.0,2511.0
11,62,1256.0,2511.0
11,63,1256.0,2511.0
11,64,1256.0,2511.0
11,65,1256.0,2511.0
11,66,1256.0,2511.0
11,67,1256.0,2511.0
11,68,1256.0,2511.0
11,69,1256.0,2511.0
11,70,1256.0,2511.0
11,71,1256.0,2511.0
11,72,1256.0,2511.0
11,73,1256.0,2511.0
11,74,1256.0,2511.0
11,75,1256.0,2511.0
11,76,1256.0,2511.0
11,77,1256.0,2511.0
11,78,1256.0,2511.0
11,79,1256.0,2511.0
11,80,1256.0,2511.0
11,81,1256.0,2511.0
11,82,1256.0,2511.0
11,83,1256.0,2511.0
11,84,1256.0,2511.0
11,85,1256.0,2511.0
11,86,1256.0,2511.0
11,87,1256.0,2511.0
11,88,1256.0,2511.0
11,89,1256.0,2511.0
11,90,1256.0,2511.0
11,91,1256.0,2511.0
11,92,1256.0,2511.0
11,93,1256.0,2511.0
11,94,1256.0,2511.0
11,95,1256.0,2511.0
11,96,1256.0,2511.0
11,97,1256.0,2511.0
11,98,1256.0,2511.0
11,99,1256.0,2511.0
11,100,1256.0,2511.0
11,101,1256.0,2511.0
11,102,1256.0,2511.0
11,103,1256.0,2511.0
11,104,1256.0,2511.0
11,105,1256.0,2511.0
11,106,1256.0,2511.0
11,107,1256.0,2511.0
11,108,1256.0,2511.0
11,109,1256.0,2511.0
11,110,1256.0,2511.0
11,111,1256.0,2511.0
11,112,1256.0,2511.0
11,113,1256.0,2511.0
11,114,1256.0,2511.0
11,115,1256.0,2511.0
11,116,1256.0,2511.0
11,117,1256.0,2511.0
11,118,1256.0,2511.0
11,119,1256.0,2511.0
12,0,1063.0,1631.0
12,1,1063.0,1631.0
12,2,1063.0,1631.0
12,3,1063.0,1631.0
12,4,1063.0,1631.0
12,5,1063.0,1631.0
12,6,1063.0,1631.0
12,7,1063.0,1631.0
12,8,1063.0,1631.0
12,9,1063.0,1631.0
12,10,1063.0,1631.0
12,11,1063.0,1631.0
12,12,1063.0,1631.0
12,13,1063.0,1631.0
12,14,1063.0,1631.0
12,15,1063.0,1631.0
12,16,1063.0,1631.0
12,17,1063.0,1631.0
12,18,1063.0,1631.0
12,19,1063.0,1631.0
12,20,1063.0,1631.0
12,21,1063.0,1631.0
12,22,1063.0,1631.0
12,23,1063.0,1631.0
12,24,1063.0,1631.0
12,25,1063.0,1631.0
12,26,1063.0,1631.0
12,27,1063.0,1631.0
12,28,1063.0,1631.0
12,29,1063.0,1631.0
12,30,1063.0,1631.0
12,31,1063.0,1631.0
12,32,1063.0,1631.0
12,33,1063.0,1631.0
12,34,1063.0,1631.0
12,35,1063.0,1631.0
12,36,1063.0,1631.0
12,37,1063.0,1631.0
12,38,1063.0,1631.0
12,39,1063.0,1631.0
12,40,1063.0,1631.0
12,41,1063.0,1631.0
12,42,1063.0,1631.0
12,43,1063.0,1631.0
12,44,1063.0,1631.0
12,45,1063.0,1631.0
12,46,1063.0,1631.0
12,47,1063.0,1631.0
12,48,1063.0,1631.0
12,49,1063.0,1631.0
12,50,1063.0,1631.0
12,51,1063.0,1631.0
12,52,1063.0,1631.0
12,53,1063.0,1631.0
12,54,1063.0,1631.0
12,55,1063.0,1631.0
12,56,1063.0,1631.0
12,57,1063.0,1631.0
12,58,1063.0,1631.0
12,59,1063.0,1631.0
12,60,1063.0,1631.0
12,61,1063.0,1631.0
12,62,1063.0,1631.0
12,63,1063.0,1631.0
12,64,1063.0,1631.0
12,65,1063.0,1631.0
12,66,1063.0,1631.0
12,67,1063.0,1631.0
12,68,1063.0,1631.0
12,69,1063.0,1631.0
12,70,1063.0,1631.0
12,71,1063.0,1631.0
12,72,1063.0,1631.0
12,73,1063.0,1631.0
12,74,1063.0,1631.0
12,75,1063.0,1631.0
12,76,1063.0,1631.0
12,77,1063.0,1631.0
12,78,1063.0,1631.0
12,79,1063.0,1631.0
12,80,1063.0,1631.0
12,81,1063.0,1631.0
12,82,1063.0,1631.0
12,83,1063.0,1631.0
12,84,1063.0,1631.0
12,85,1063.0,1631.0
12,86,1063.0,1631.0
12,87,1063.0,1631.0
12,88,1063.0,1631.0
12,89,1063.0,1631.0
12,90,1063.0,1631.0
12,91,1063.0,1631.0
12,92,1063.0,1631.0
12,93,1063.0,1631.0
12,94,1063.0,1631.0
12,95,1063.0,1631.0
12,96,1063.0,1631.0
12,97,1063.0,1631.0
12,98,1063.0,1631.0
12,99,1063.0,1631.0
12,100,1063.0,1631.0
12,101,1063.0,1631.0
12,102,1063.0,1631.0
12,103,1063.0,1631.0
12,104,1063.0,1631.0
12,105,1063.0,1631.0
12,106,1063.0,1631.0
12,107,1063.0,1631.0
12,108,1063.0,1631.0
12,109,1063.0,1631.0
12,110,1063.0,1631.0
12,111,1063.0,1631.0
12,112,1063.0,1631.0
12,113,1063.0,1631.0
12,114,1063.0,1631.0
12,115,1063.0,1631.0
12,116,1063.0,1631.0
12,117,1063.0,1631.0
12,118,1063.0,1631.0
12,119,1063.0,1631.0
13,0,2799.0,2949.0
13,1,2799.0,2949.0
13,2,2799.0,2949.0
13,3,2799.0,2949.0
13,4,2799.0,2949.0
13,5,2799.0,2949.0
13,6,2799.0,2949.0
13,7,2799.0,2949.0
13,8,2799.0,2949.0
13,9,2799.0,2949.0
13,10,2799.0,2949.0
13,11,2799.0,2949.0
13,12,2799.0,2949.0
13,13,2799.0,2949.0
13,14,2799.0,2949.0
13,15,2799.0,2949.0
13,16,2799.0,2949.0
13,17,2799.0,2949.0
13,18,2799.0,2949.0
13,19,2799.0,2949.0
13,20,2799.0,2949.0
13,21,2799.0,2949.0
13,22,2799.0,2949.0
13,23,2799.0,2949.0
13,24,2799.0,2949.0
13,25,2799.0,2949.0
13,26,2799.0,2949.0
13,27,2799.0,2949.0
13,28,2799.0,2949.0
13,29,2799.0,2949.0
13,30,2799.0,2949.0
13,31,2799.0,2949.0
13,32,2799.0,2949.0
13,33,2799.0,2949.0
13,34,2799.0,2949.0
13,35,2799.0,2949.0
13,36,2799.0,2949.0
13,37,2799.0,2949.0
13,38,2799.0,2949.0
13,39,2799.0,2949.0
13,40,2799.0,2949.0
13,41,2799.0,2949.0
13,42,2799.0,2949.0
13,43,2799.0,2949.0
13,44,2799.0,2949.0
13,45,2799.0,2949.0
13,46,2799.0,2949.0
13,47,2799.0,2949.0
13,48,2799.0,2949.0
13,49,2799.0,2949.0
13,50,2799.0,2949.0
13,51,2799.0,2949.0
13,52,2799.0,2949.0
13,53,2799.0,2949.0
13,54,2799.0,2949.0
13,55,2799.0,2949.0
13,56,2799.0,2949.0
13,57,2799.0,2949.0
13,58,2799.0,2949.0
13,59,2799.0,2949.0
13,60,2799.0,2949.0
13,61,2799.0,2949.0
13,62,2799.0,2949.0
13,63,2799.0,2949.0
13,64,2799.0,2949.0
13,65,2799.0,2949.0
13,66,2799.0,2949.0
13,67,2799.0,2949.0
13,68,2799.0,2949.0
13,69,2799.0,2949.0
13,70,2799.0,2949.0
13,71,2799.0,2949.0
13,72,2799.0,2949.0
13,73,2799.0,2949.0
13,74,2799.0,2949.0
13,75,2799.0,2949.0
13,76,2799.0,2949.0
13,77,2799.0,2949.0
13,78,2799.0,2949.0
13,79,2799.0,2949.0
13,80,2799.0,2949.0
13,81,2799.0,2949.0
13,82,2799.0,2949.0
13,83,2799.0,2949.0
13,84,2799.0,2949.0
13,85,2799.0,2949.0
13,86,2799.0,2949.0
13,87,2799.0,2949.0
13,88,2799.0,2949.0
13,89,2799.0,2949.0
13,90,2799.0,2949.0
13,91,2799.0,2949.0
13,92,2799.0,2949.0
13,93,2799.0,2949.0
13,94,2799.0,2949.0
13,95,2799.0,2949.0
13,96,2799.0,2949.0
13,97,2799.0,2949.0
13,98,2799.0,2949.0
13,99,2799.0,2949.0
13,100,2799.0,2949.0
13,101,2799.0,2949.0
13,102,2799.0,2949.0
13,103,2799.0,2949.0
13,104,2799.0,2949.0
13,105,2799.0,2949.0
13,106,2799.0,2949.0
13,107,2799.0,2949.0
13,108,2799.0,2949.0
13,109,2799.0,2949.0
13,110,2799.0,2949.0
13,111,2799.0,2949.0
13,112,2799.0,2949.0
13,113,2799.0,2949.0
13,114,2799.0,2949.0
13,115,2799.0,2949.0
13,116,2799.0,2949.0
13,117,2799.0,2949.0
13,118,2799.0,2949.0
13,119,2799.0,2949.0
14,0,2608.0,1735.0
14,1,2608.0,1735.0
14,2,2608.0,1735.0
14,3,2608.0,1735.0
14,4,2608.0,1735.0
14,5,2608.0,1735.0
14,6,2608.0,1735.0
14,7,2608.0,1735.0
14,8,2608.0,1735.0
14,9,2608.0,1735.0
14,10,2608.0,1735.0
14,11,2608.0,1735.0
14,12,2608.0,1735.0
14,13,2608.0,1735.0
14,14,2608.0,1735.0
14,15,2608.0,1735.0
14,16,2608.0,1735.0
14,17,2608.0,1735.0
14,18,2608.0,1735.0
14,19,2608.0,1735.0
14,20,2608.0,1735.0
14,21,2608.0,1735.0
14,22,2608.0,1735.0
14,23,2608.0,1735.0
14,24,2608.0,1735.0
14,25,2608.0,1735.0
14,26,2608.0,1735.0
14,27,2608.0,1735.0
14,28,2608.0,1735.0
14,29,2608.0,1735.0
14,30,2608.0,1735.0
14,31,2608.0,1735.0
14,32,2608.0,1735.0
14,33,2608.0,1735.0
14,34,2608.0,1735.0
14,35,2608.0,1735.0
14,36,2608.0,1735.0
14,37,2608.0,1735.0
14,38,2608.0,1735.0
14,39,2608.0,1735.0
14,40,2608.0,1735.0
14,41,2608.0,1735.0
14,42,2608.0,1735.0
14,43,2608.0,1735.0
14,44,2608.0,1735.0
14,45,2608.0,1735.0
14,46,2608.0,1735.0
14,47,2608.0,1735.0
14,48,2608.0,1735.0
14,49,2608.0,1735.0
14,50,2608.0,1735.0
14,51,2608.0,1735.0
14,52,2608.0,1735.0
14,53,2608.0,1735.0
14,54,2608.0,1735.0
14,55,2608.0,1735.0
14,56,2608.0,1735.0
14,57,2608.0,1735.0
14,58,2608.0,1735.0
14,59,2608.0,1735.0
14,60,2608.0,1735.0
14,61,2608.0,1735.0
14,62,2608.0,1735.0
14,63,2608.0,1735.0
14,64,2608.0,1735.0
14,65,2608.0,1735.0
14,66,2608.0,1735.0
14,67,2608.0,1735.0
14,68,2608.0,1735.0
14,69,2608.0,1735.0
14,70,2608.0,1735.0
14,71,2608.0,1735.0
14,72,2608.0,1735.0
14,73,2608.0,1735.0
14,74,2608.0,1735.0
14,75,2608.0,1735.0
14,76,2608.0,1735.0
14,77,2608.0,1735.0
14,78,2608.0,1735.0
14,79,2608.0,1735.0
14,80,2608.0,1735.0
14,81,2608.0,1735.0
14,82,2608.0,1735.0
14,83,2608.0,1735.0
14,84,2608.0,1735.0
14,85,2608.0,1735.0
14,86,2608.0,1735.0
14,87,2608.0,1735.0
14,88,2608.0,1735.0
14,89,2608.0,1735.0
14,90,2608.0,1735.0
14,91,2608.0,1735.0
14,92,2608.0,1735.0
14,93,2608.0,1735.0
14,94,2608.0,1735.0
14,95,2608.0,1735.0
14,96,2608.0,1735.0
14,97,2608.0,1735.0
14,98,2608.0,1735.0
14,99,2608.0,1735.0
14,100,2608.0,1735.0
14,101,2608.0,1735.0
14,102,2608.0,1735.0
14,103,2608.0,1735.0
14,104,2608.0,1735.0
14,105,2608.0,1735.0
14,106,2608.0,1735.0
14,107,2608.0,1735.0
14,108,2608.0,1735.0
14,109,2608.0,1735.0
14,110,2608.0,1735.0
14,111,2608.0,1735.0
14,112,2608.0,1735.0
14,113,2608.0,1735.0
14,114,2608.0,1735.0
14,115,2608.0,1735.0
14,116,2608.0,1735.0
14,117,2608.0,1735.0
14,118,2608.0,1735.0
14,119,2608.0,1735.0
15,0,1060.0,1726.0
15,1,1060.0,1726.0
15,2,1060.0,1726.0
15,3,1060.0,1726.0
15,4,1060.0,1726.0
15,5,1060.0,1726.0
15,6,1060.0,1726.0
15,7,1060.0,1726.0
15,8,1060.0,1726.0
15,9,1060.0,1726.0
15,10,1060.0,1726.0
15,11,1060.0,1726.0
15,12,1060.0,1726.0
15,13,1060.0,1726.0
15,14,1060.0,1726.0
15,15,1060.0,1726.0
15,16,1060.0,1726.0
15,17,1060.0,1726.0
15,18,1060.0,1726.0
15,19,1060.0,1726.0
15,20,1060.0,1726.0
15,21,1060.0,1726.0
15,22,1060.0,1726.0
15,23,1060.0,1726.0
15,24,1060.0,1726.0
15,25,1060.0,1726.0
15,26,1060.0,1726.0
15,27,1060.0,1726.0
15,28,1060.0,1726.0
15,29,1060.0,1726.0
15,30,1060.0,1726.0
15,31,1060.0,1726.0
15,32,1060.0,1726.0
15,33,1060.0,1726.0
15,34,1060.0,1726.0
15,35,1060.0,1726.0
15,36,1060.0,1726.0
15,37,1060.0,1726.0
15,38,1060.0,1726.0
15,39,1060.0,1726.0
15,40,1060.0,1726.0
15,41,1060.0,1726.0
15,42,1060.0,1726.0
15,43,1060.0,1726.0
15,44,1060.0,1726.0
15,45,1060.0,1726.0
15,46,1060.0,1726.0
15,47,1060.0,1726.0
15,48,1060.0,1726.0
15,49,1060.0,1726.0
15,50,1060.0,1726.0
15,51,1060.0,1726.0
15,52,1060.0,1726.0
15,53,1060.0,1726.0
15,54,1060.0,1726.0
15,55,1060.0,1726.0
15,56,1060.0,1726.0
15,57,1060.0,1726.0
15,58,1060.0,1726.0
15,59,1060.0,1726.0
15,60,1060.0,1726.0
15,61,1060.0,1726.0
15,62,1060.0,1726.0
15,63,1060.0,1726.0
15,64,1060.0,1726.0
15,65,1060.0,1726.0
15,66,1060.0,1726.0
15,67,1060.0,1726.0
15,68,1060.0,1726.0
15,69,1060.0,1726.0
15,70,1060.0,1726.0
15,71,1060.0,1726.0
15,72,1060.0,1726.0
15,73,1060.0,1726.0
15,74,1060.0,1726.0
15,75,1060.0,1726.0
15,76,1060.0,1726.0
15,77,1060.0,1726.0
15,78,1060.0,1726.0
15,79,1060.0,1726.0
15,80,1060.0,1726.0
15,81,1060.0,1726.0
15,82,1060.0,1726.0
15,83,1060.0,1726.0
15,84,1060.0,1726.0
15,85,1060.0,1726.0
15,86,1060.0,1726.0
15,87,1060.0,1726.0
15,88,1060.0,1726.0
15,89,1060.0,1726.0
15,90,1060.0,1726.0
15,91,1060.0,1726.0
15,92,1060.0,1726.0
15,93,1060.0,1726.0
15,94,1060.0,1726.0
15,95,1060.0,1726.0
15,96,1060.0,1726.0
15,97,1060.0,1726.0
15,98,1060.0,1726.0
15,99,1060.0,1726.0
15,100,1060.0,1726.0
15,101,1060.0,1726.0
15,102,1060.0,1726.0
15,103,1060.0,1726.0
15,104,1060.0,1726.0
15,105,1060.0,1726.0
15,106,1060.0,1726.0
15,107,1060.0,1726.0
15,108,1060.0,1726.0
15,109,1060.0,1726.0
15,110,1060.0,1726.0
15,111,1060.0,1726.0
15,112,1060.0,1726.0
15,113,1060.0,1726.0
15,114,1060.0,1726.0
15,115,1060.0,1726.0
15,116,1060.0,1726.0
15,117,1060.0,1726.0
15,118,1060.0,1726.0
15,119,1060.0,1726.0
16,0,3180.0,2845.0
16,1,3180.0,2845.0
16,2,3180.0,2845.0
16,3,3180.0,2845.0
16,4,3180.0,2845.0
16,5,3180.0,2845.0
16,6,3180.0,2845.0
16,7,3180.0,2845.0
16,8,3180.0,2845.0
16,9,3180.0,2845.0
16,10,3180.0,2845.0
16,11,3180.0,2845.0
16,12,3180.0,2845.0
16,13,3180.0,2845.0
16,14,3180.0,2845.0
16,15,3180.0,2845.0
16,16,3180.0,2845.0
16,17,3180.0,2845.0
16,18,3180.0,2845.0
16,19,3180.0,2845.0
16,20,3180.0,2845.0
16,21,3180.0,2845.0
16,22,3180.0,2845.0
16,23,3180.0,2845.0
16,24,3180.0,2845.0
16,25,3180.0,2845.0
16,26,3180.0,2845.0
16,27,3180.0,2845.0
16,28,3180.0,2845.0
16,29,3180.0,2845.0
16,30,3180.0,2845.0
16,31,3180.0,2845.0
16,32,3180.0,2845.0
16,33,3180.0,2845.0
16,34,3180.0,2845.0
16,35,3180.0,2845.0
16,36,3180.0,2845.0
16,37,3180.0,2845.0
16,38,3180.0,2845.0
16,39,3180.0,2845.0
16,40,3180.0,2845.0
16,41,3180.0,2845.0
16,42,3180.0,2845.0
16,43,3180.0,2845.0
16,44,3180.0,2845.0
16,45,3180.0,2845.0
16,46,3180.0,2845.0
16,47,3180.0,2845.0
16,48,3180.0,2845.0
16,49,3180.0,2845.0
16,50,3180.0,2845.0
16,51,3180.0,2845.0
16,52,3180.0,2845.0
16,53,3180.0,2845.0
16,54,3180.0,2845.0
16,55,3180.0,2845.0
16,56,3180.0,2845.0
16,57,3180.0,2845.0
16,58,3180.0,2845.0
16,59,3180.0,2845.0
16,60,3180.0,2845.0
16,61,3180.0,2845.0
16,62,3180.0,2845.0
16,63,3180.0,2845.0
16,64,3180.0,2845.0
16,65,3180.0,2845.0
16,66,3180.0,2845.0
16,67,3180.0,2845.0
16,68,3180.0,2845.0
16,69,3180.0,2845.0
16,70,3180.0,2845.0
16,71,3180.0,2845.0
16,72,3180.0,2845.0
16,73,3180.0,2845.0
16,74,3180.0,2845.0
16,75,3180.0,2845.0
16,76,3180.0,2845.0
16,77,3180.0,2845.0
16,78,3180.0,2845.0
16,79,3180.0,2845.0
16,80,3180.0,2845.0
16,81,3180.0,2845.0
16,82,3180.0,2845.0
16,83,3180.0,2845.0
16,84,3180.0,2845.0
16,85,3180.0,2845.0
16,86,3180.0,2845.0
16,87,3180.0,2845.0
16,88,3180.0,2845.0
16,89,3180.0,2845.0
16,90,3180.0,2845.0
16,91,3180.0,2845.0
16,92,3180.0,2845.0
16,93,3180.0,2845.0
16,94,3180.0,2845.0
16,95,3180.0,2845.0
16,96,3180.0,2845.0
16,97,3180.0,2845.0
16,98,3180.0,2845.0
16,99,3180.0,2845.0
16,100,3180.0,2845.0
16,101,3180.0,2845.0
16,102,3180.0,2845.0
16,103,3180.0,2845.0
16,104,3180.0,2845.0
16,105,3180.0,2845.0
16,106,3180.0,2845.0
16,107,3180.0,2845.0
16,108,3180.0,2845.0
16,109,3180.0,2845.0
16,110,3180.0,2845.0
16,111,3180.0,2845.0
16,112,3180.0,2845.0
16,113,3180.0,2845.0
16,114,3180.0,2845.0
16,115,3180.0,2845.0
16,116,3180.0,2845.0
16,117,3180.0,2845.0
16,118,3180.0,2845.0
16,119,3180.0,2845.0
17,0,2676.0,1692.0
17,1,2676.0,1692.0
17,2,2676.0,1692.0
17,3,2676.0,1692.0
17,4,2676.0,1692.0
17,5,2676.0,1692.0
17,6,2676.0,1692.0
17,7,2676.0,1692.0
17,8,2676.0,1692.0
17,9,2676.0,1692.0
17,10,2676.0,1692.0
17,11,2676.0,1692.0
17,12,2676.0,1692.0
17,13,2676.0,1692.0
17,14,2676.0,1692.0
17,15,2676.0,1692.0
17,16,2676.0,1692.0
17,17,2676.0,1692.0
17,18,2676.0,1692.0
17,19,2676.0,1692.0
17,20,2676.0,1692.0
17,21,2676.0,1692.0
17,22,2676.0,1692.0
17,23,2676.0,1692.0
17,24,2676.0,1692.0
17,25,2676.0,1692.0
17,26,2676.0,1692.0
17,27,2676.0,1692.0
17,28,2676.0,1692.0
17,29,2676.0,1692.0
17,30,2676.0,1692.0
17,31,2676.0,1692.0
17,32,2676.0,1692.0
17,33,2676.0,1692.0
17,34,2676.0,1692.0
17,35,2676.0,1692.0
17,36,2676.0,1692.0
17,37,2676.0,1692.0
17,38,2676.0,1692.0
17,39,2676.0,1692.0
17,40,2676.0,1692.0
17,41,2676.0,1692.0
17,42,2676.0,1692.0
17,43,2676.0,1692.0
17,44,2676.0,1692.0
17,45,2676.0,1692.0
17,46,2676.0,1692.0
17,47,2676.0,1692.0
17,48,2676.0,1692.0
17,49,2676.0,1692.0
17,50,2676.0,1692.0
17,51,2676.0,1692.0
17,52,2676.0,1692.0
17,53,2676.0,1692.0
17,54,2676.0,1692.0
17,55,2676.0,1692.0
17,56,2676.0,1692.0
17,57,2676.0,1692.0
17,58,2676.0,1692.0
17,59,2676.0,1692.0
17,60,2676.0,1692.0
17,61,2676.0,1692.0
17,62,2676.0,1692.0
17,63,2676.0,1692.0
17,64,2676.0,1692.0
17,65,2676.0,1692.0
17,66,2676.0,1692.0
17,67,2676.0,1692.0
17,68,2676.0,1692.0
17,69,2676.0,1692.0
17,70,2676.0,1692.0
17,71,2676.0,1692.0
17,72,2676.0,1692.0
17,73,2676.0,1692.0
17,74,2676.0,1692.0
17,75,2676.0,1692.0
17,76,2676.0,1692.0
17,77,2676.0,1692.0
17,78,2676.0,1692.0
17,79,2676.0,1692.0
17,80,2676.0,1692.0
17,81,2676.0,1692.0
17,82,2676.0,1692.0
17,83,2676.0,1692.0
17,84,2676.0,1692.0
17,85,2676.0,1692.0
17,86,2676.0,1692.0
17,87,2676.0,1692.0
17,88,2676.0,1692.0
17,89,2676.0,1692.0
17,90,2676.0,1692.0
17,91,2676.0,1692.0
17,92,2676.0,1692.0
17,93,2676.0,1692.0
17,94,2676.0,1692.0
17,95,2676.0,1692.0
17,96,2676.0,1692.0
17,97,2676.0,1692.0
17,98,2676.0,1692.0
17,99,2676.0,1692.0
17,100,2676.0,1692.0
17,101,2676.0,1692.0
17,102,2676.0,1692.0
17,103,2676.0,1692.0
17,104,2676.0,1692.0
17,105,2676.0,1692.0
17,106,2676.0,1692.0
17,107,2676.0,1692.0
17,108,2676.0,1692.0
17,109,2676.0,1692.0
17,110,2676.0,1692.0
17,111,2676.0,1692.0
17,112,2676.0,1692.0
17,113,2676.0,1692.0
17,114,2676.0,1692.0
17,115,2676.0,1692.0
17,116,2676.0,1692.0
17,117,2676.0,1692.0
17,118,2676.0,1692.0
17,119,2676.0,1692.0
18,0,1202.0,1580.0
18,1,1202.0,1580.0
18,2,1202.0,1580.0
18,3,1202.0,1580.0
18,4,1202.0,1580.0
18,5,1202.0,1580.0
18,6,1202.0,1580.0
18,7,1202.0,1580.0
18,8,1202.0,1580.0
18,9,1202.0,1580.0
18,10,1202.0,1580.0
18,11,1202.0,1580.0
18,12,1202.0,1580.0
18,13,1202.0,1580.0
18,14,1202.0,1580.0
18,15,1202.0,1580.0
18,16,1202.0,1580.0
18,17,1202.0,1580.0
18,18,1202.0,1580.0
18,19,1202.0,1580.0
18,20,1202.0,1580.0
18,21,1202.0,1580.0
18,22,1202.0,1580.0
18,23,1202.0,1580.0
18,24,1202.0,1580.0
18,25,1202.0,1580.0
18,26,1202.0,1580.0
18,27,1202.0,1580.0
18,28,1202.0,1580.0
18,29,1202.0,1580.0
18,30,1202.0,1580.0
18,31,1202.0,1580.0
18,32,1202.0,1580.0
18,33,1202.0,1580.0
18,34,1202.0,1580.0
18,35,1202.0,1580.0
18,36,1202.0,1580.0
18,37,1202.0,1580.0
18,38,1202.0,1580.0
18,39,1202.0,1580.0
18,40,1202.0,1580.0
18,41,1202.0,1580.0
18,42,1202.0,1580.0
18,43,1202.0,1580.0
18,44,1202.0,1580.0
18,45,1202.0,1580.0
18,46,1202.0,1580.0
18,47,1202.0,1580.0
18,48,1202.0,1580.0
18,49,1202.0,1580.0
18,50,1202.0,1580.0
18,51,1202.0,1580.0
18,52,1202.0,1580.0
18,53,1202.0,1580.0
18,54,1202.0,1580.0
18,55,1202.0,1580.0
18,56,1202.0,1580.0
18,57,1202.0,1580.0
18,58,1202.0,1580.0
18,59,1202.0,1580.0
18,60,1202.0,1580.0
18,61,1202.0,1580.0
18,62,1202.0,1580.0
18,63,1202.0,1580.0
18,64,1202.0,1580.0
18,65,1202.0,1580.0
18,66,1202.0,1580.0
18,67,1202.0,1580.0
18,68,1202.0,1580.0
18,69,1202.0,1580.0
18,70,1202.0,1580.0
18,71,1202.0,1580.0
18,72,1202.0,1580.0
18,73,1202.0,1580.0
18,74,1202.0,1580.0
18,75,1202.0,1580.0
18,76,1202.0,1580.0
18,77,1202.0,1580.0
18,78,1202.0,1580.0
18,79,1202.0,1580.0
18,80,1202.0,1580.0
18,81,1202.0,1580.0
18,82,1202.0,1580.0
18,83,1202.0,1580.0
18,84,1202.0,1580.0
18,85,1202.0,1580.0
18,86,1202.0,1580.0
18,87,1202.0,1580.0
18,88,1202.0,1580.0
18,89,1202.0,1580.0
18,90,1202.0,1580.0
18,91,1202.0,1580.0
18,92,1202.0,1580.0
18,93,1202.0,1580.0
18,94,1202.0,1580.0
18,95,1202.0,1580.0
18,96,1202.0,1580.0
18,97,1202.0,1580.0
18,98,1202.0,1580.0
18,99,1202.0,1580.0
18,100,1202.0,1580.0
18,101,1202.0,1580.0
18,102,1202.0,1580.0
18,103,1202.0,1580.0
18,104,1202.0,1580.0
18,105,1202.0,1580.0
18,106,1202.0,1580.0
18,107,1202.0,1580.0
18,108,1202.0,1580.0
18,109,1202.0,1580.0
18,110,1202.0,1580.0
18,111,1202.0,1580.0
18,112,1202.0,1580.0
18,113,1202.0,1580.0
18,114,1202.0,1580.0
18,115,1202.0,1580.0
18,116,1202.0,1580.0
18,117,1202.0,1580.0
18,118,1202.0,1580.0
18,119,1202.0,1580.0
19,0,3373.0,2893.0
19,1,3373.0,2893.0
19,2,3373.0,2893.0
19,3,3373.0,2893.0
19,4,3373.0,2893.0
19,5,3373.0,2893.0
19,6,3373.0,2893.0
19,7,3373.0,2893.0
19,8,3373.0,2893.0
19,9,3373.0,2893.0
19,10,3373.0,2893.0
19,11,3373.0,2893.0
19,12,3373.0,2893.0
19,13,3373.0,2893.0
19,14,3373.0,2893.0
19,15,3373.0,2893.0
19,16,3373.0,2893.0
19,17,3373.0,2893.0
19,18,3373.0,2893.0
19,19,3373.0,2893.0
19,20,3373.0,2893.0
19,21,3373.0,2893.0
19,22,3373.0,2893.0
19,23,3373.0,2893.0
19,24,3373.0,2893.0
19,25,3373.0,2893.0
19,26,3373.0,2893.0
19,27,3373.0,2893.0
19,28,3373.0,2893.0
19,29,3373.0,2893.0
19,30,3373.0,2893.0
19,31,3373.0,2893.0
19,32,3373.0,2893.0
19,33,3373.0,2893.0
19,34,3373.0,2893.0
19,35,3373.0,2893.0
19,36,3373.0,2893.0
19,37,3373.0,2893.0
19,38,3373.0,2893.0
19,39,3373.0,2893.0
19,40,3373.0,2893.0
19,41,3373.0,2893.0
19,42,3373.0,2893.0
19,43,3373.0,2893.0
19,44,3373.0,2893.0
19,45,3373.0,2893.0
19,46,3373.0,2893.0
19,47,3373.0,2893.0
19,48,3373.0,2893.0
19,49,3373.0,2893.0
19,50,3373.0,2893.0
19,51,3373.0,2893.0
19,52,3373.0,2893.0
19,53,3373.0,2893.0
19,54,3373.0,2893.0
19,55,3373.0,2893.0
19,56,3373.0,2893.0
19,57,3373.0,2893.0
19,58,3373.0,2893.0
19,59,3373.0,2893.0
19,60,3373.0,2893.0
19,61,3373.0,2893.0
19,62,3373.0,2893.0
19,63,3373.0,2893.0
19,64,3373.0,2893.0
19,65,3373.0,2893.0
19,66,3373.0,2893.0
19,67,3373.0,2893.0
19,68,3373.0,2893.0
19,69,3373.0,2893.0
19,70,3373.0,2893.0
19,71,3373.0,2893.0
19,72,3373.0,2893.0
19,73,3373.0,2893.0
19,74,3373.0,2893.0
19,75,3373.0,2893.0
19,76,3373.0,2893.0
19,77,3373.0,2893.0
19,78,3373.0,2893.0
19,79,3373.0,2893.0
19,80,3373.0,2893.0
19,81,3373.0,2893.0
19,82,3373.0,2893.0
19,83,3373.0,2893.0
19,84,3373.0,2893.0
19,85,3373.0,2893.0
19,86,3373.0,2893.0
19,87,3373.0,2893.0
19,88,3373.0,2893.0
19,89,3373.0,2893.0
19,90,3373.0,2893.0
19,91,3373.0,2893.0
19,92,3373.0,2893.0
19,93,3373.0,2893.0
19,94,3373.0,2893.0
19,95,3373.0,2893.0
19,96,3373.0,2893.0
19,97,3373.0,2893.0
19,98,3373.0,2893.0
19,99,3373.0,2893.0
19,100,3373.0,2893.0
19,101,3373.0,2893.0
19,102,3373.0,2893.0
19,103,3373.0,2893.0
19,104,3373.0,2893.0
19,105,3373.0,2893.0
19,106,3373.0,2893.0
19,107,3373.0,2893.0
19,108,3373.0,2893.0
19,109,3373.0,2893.0
19,110,3373.0,2893.0
19,111,3373.0,2893.0
19,112,3373.0,2893.0
19,113,3373.0,2893.0
19,114,3373.0,2893.0
19,115,3373.0,2893.0
19,116,3373.0,2893.0
19,117,3373.0,2893.0
19,118,3373.0,2893.0
19,119,3373.0,2893.0
20,0,2854.0,1712.0
20,1,2854.0,1712.0
20,2,2854.0,1712.0
20,3,2854.0,1712.0
20,4,2854.0,1712.0
20,5,2854.0,1712.0
20,6,2854.0,1712.0
20,7,2854.0,1712.0
20,8,2854.0,1712.0
20,9,2854.0,1712.0
20,10,2854.0,1712.0
20,11,2854.0,1712.0
20,12,2854.0,1712.0
20,13,2854.0,1712.0
20,14,2854.0,1712.0
20,15,2854.0,1712.0
20,16,2854.0,1712.0
20,17,2854.0,1712.0
20,18,2854.0,1712.0
20,19,2854.0,1712.0
20,20,2854.0,1712.0
20,21,2854.0,1712.0
20,22,2854.0,1712.0
20,23,2854.0,1712.0
20,24,2854.0,1712.0
20,25,2854.0,1712.0
20,26,2854.0,1712.0
20,27,2854.0,1712.0
20,28,2854.0,1712.0
20,29,2854.0,1712.0
20,30,2854.0,1712.0
20,31,2854.0,1712.0
20,32,2854.0,1712.0
20,33,2854.0,1712.0
20,34,2854.0,1712.0
20,35,2854.0,1712.0
20,36,2854.0,1712.0
20,37,2854.0,1712.0
20,38,2854.0,1712.0
20,39,2854.0,1712.0
20,40,2854.0,1712.0
20,41,2854.0,1712.0
20,42,2854.0,1712.0
20,43,2854.0,1712.0
20,44,2854.0,1712.0
20,45,2854.0,1712.0
20,46,2854.0,1712.0
20,47,2854.0,1712.0
20,48,2854.0,1712.0
20,49,2854.0,1712.0
20,50,2854.0,1712.0
20,51,2854.0,1712.0
20,52,2854.0,1712.0
20,53,2854.0,1712.0
20,54,2854.0,1712.0
20,55,2854.0,1712.0
20,56,2854.0,1712.0
20,57,2854.0,1712.0
20,58,2854.0,1712.0
20,59,2854.0,1712.0
20,60,2854.0,1712.0
20,61,2854.0,1712.0
20,62,2854.0,1712.0
20,63,2854.0,1712.0
20,64,2854.0,1712.0
20,65,2854.0,1712.0
20,66,2854.0,1712.0
20,67,2854.0,1712.0
20,68,2854.0,1712.0
20,69,2854.0,1712.0
20,70,2854.0,1712.0
20,71,2854.0,1712.0
20,72,2854.0,1712.0
20,73,2854.0,1712.0
20,74,2854.0,1712.0
20,75,2854.0,1712.0
20,76,2854.0,1712.0
20,77,2854.0,1712.0
20,78,2854.0,1712.0
20,79,2854.0,1712.0
20,80,2854.0,1712.0
20,81,2854.0,1712.0
20,82,2854.0,1712.0
20,83,2854.0,1712.0
20,84,2854.0,1712.0
20,85,2854.0,1712.0
20,86,2854.0,1712.0
20,87,2854.0,1712.0
20,88,2854.0,1712.0
20,89,2854.0,1712.0
20,90,2854.0,1712.0
20,91,2854.0,1712.0
20,92,2854.0,1712.0
20,93,2854.0,1712.0
20,94,2854.0,1712.0
20,95,2854.0,1712.0
20,96,2854.0,1712.0
20,97,2854.0,1712.0
20,98,2854.0,1712.0
20,99,2854.0,1712.0
20,100,2854.0,1712.0
20,101,2854.0,1712.0
20,102,2854.0,1712.0
20,103,2854.0,1712.0
20,104,2854.0,1712.0
20,105,2854.0,1712.0
20,106,2854.0,1712.0
20,107,2854.0,1712.0
20,108,2854.0,1712.0
20,109,2854.0,1712.0
20,110,2854.0,1712.0
20,111,2854.0,1712.0
20,112,2854.0,1712.0
20,113,2854.0,1712.0
20,114,2854.0,1712.0
20,115,2854.0,1712.0
20,116,2854.0,1712.0
20,117,2854.0,1712.0
20,118,2854.0,1712.0
20,119,2854.0,1712.0
21,0,1198.0,1785.0
21,1,1198.0,1785.0
21,2,1198.0,1785.0
21,3,1198.0,1785.0
21,4,1198.0,1785.0
21,5,1198.0,1785.0
21,6,1198.0,1785.0
21,7,1198.0,1785.0
21,8,1198.0,1785.0
21,9,1198.0,1785.0
21,10,1198.0,1785.0
21,11,1198.0,1785.0
21,12,1198.0,1785.0
21,13,1198.0,1785.0
21,14,1198.0,1785.0
21,15,1198.0,1785.0
21,16,1198.0,1785.0
21,17,1198.0,1785.0
21,18,1198.0,1785.0
21,19,1198.0,1785.0
21,20,1198.0,1785.0
21,21,1198.0,1785.0
21,22,1198.0,1785.0
21,23,1198.0,1785.0
21,24,1198.0,1785.0
21,25,1198.0,1785.0
21,26,1198.0,1785.0
21,27,1198.0,1785.0
21,28,1198.0,1785.0
21,29,1198.0,1785.0
21,30,1198.0,1785.0
21,31,1198.0,1785.0
21,32,1198.0,1785.0
21,33,1198.0,1785.0
21,34,1198.0,1785.0
21,35,1198.0,1785.0
21,36,1198.0,1785.0
21,37,1198.0,1785.0
21,38,1198.0,1785.0
21,39,1198.0,1785.0
21,40,1198.0,1785.0
21,41,1198.0,1785.0
21,42,1198.0,1785.0
21,43,1198.0,1785.0
21,44,1198.0,1785.0
21,45,1198.0,1785.0
21,46,1198.0,1785.0
21,47,1198.0,1785.0
21,48,1198.0,1785.0
21,49,1198.0,1785.0
21,50,1198.0,1785.0
21,51,1198.0,1785.0
21,52,1198.0,1785.0
21,53,1198.0,1785.0
21,54,1198.0,1785.0
21,55,1198.0,1785.0
21,56,1198.0,1785.0
21,57,1198.0,1785.0
21,58,1198.0,1785.0
21,59,1198.0,1785.0
21,60,1198.0,1785.0
21,61,1198.0,1785.0
21,62,1198.0,1785.0
21,63,1198.0,1785.0
21,64,1198.0,1785.0
21,65,1198.0,1785.0
21,66,1198.0,1785.0
21,67,1198.0,1785.0
21,68,1198.0,1785.0
21,69,1198.0,1785.0
21,70,1198.0,1785.0
21,71,1198.0,1785.0
21,72,1198.0,1785.0
21,73,1198.0,1785.0
21,74,1198.0,1785.0
21,75,1198.0,1785.0
21,76,1198.0,1785.0
21,77,1198.0,1785.0
21,78,1198.0,1785.0
21,79,1198.0,1785.0
21,80,1198.0,1785.0
21,81,1198.0,1785.0
21,82,1198.0,1785.0
21,83,1198.0,1785.0
21,84,1198.0,1785.0
21,85,1198.0,1785.0
21,86,1198.0,1785.0
21,87,1198.0,1785.0
21,88,1198.0,1785.0
21,89,1198.0,1785.0
21,90,1198.0,1785.0
21,91,1198.0,1785.0
21,92,1198.0,1785.0
21,93,1198.0,1785.0
21,94,1198.0,1785.0
21,95,1198.0,1785.0
21,96,1198.0,1785.0
21,97,1198.0,1785.0
21,98,1198.0,1785.0
21,99,1198.0,1785.0
21,100,1198.0,1785.0
21,101,1198.0,1785.0
21,102,1198.0,1785.0
21,103,1198.0,1785.0
21,104,1198.0,1785.0
21,105,1198.0,1785.0
21,106,1198.0,1785.0
21,107,1198.0,1785.0
21,108,1198.0,1785.0
21,109,1198.0,1785.0
21,110,1198.0,1785.0
21,111,1198.0,1785.0
21,112,1198.0,1785.0
21,113,1198.0,1785.0
21,114,1198.0,1785.0
21,115,1198.0,1785.0
21,116,1198.0,1785.0
21,117,1198.0,1785.0
21,118,1198.0,1785.0
21,119,1198.0,1785.0
22,0,2877.0,2399.0
22,1,2877.0,2399.0
22,2,2877.0,2399.0
22,3,2877.0,2399.0
22,4,2877.0,2399.0
22,5,2877.0,2399.0
22,6,2877.0,2399.0
22,7,2877.0,2399.0
22,8,2877.0,2399.0
22,9,2877.0,2399.0
22,10,2877.0,2399.0
22,11,2877.0,2399.0
22,12,2877.0,2399.0
22,13,2877.0,2399.0
22,14,2877.0,2399.0
22,15,2877.0,2399.0
22,16,2877.0,2399.0
22,17,2877.0,2399.0
22,18,2877.0,2399.0
22,19,2877.0,2399.0
22,20,2877.0,2399.0
22,21,2877.0,2399.0
22,22,2877.0,2399.0
22,23,2877.0,2399.0
22,24,2877.0,2399.0
22,25,2877.0,2399.0
22,26,2877.0,2399.0
22,27,2877.0,2399.0
22,28,2877.0,2399.0
22,29,2877.0,2399.0
22,30,2877.0,2399.0
22,31,2877.0,2399.0
22,32,2877.0,2399.0
22,33,2877.0,2399.0
22,34,2877.0,2399.0
22,35,2877.0,2399.0
22,36,2877.0,2399.0
22,37,2877.0,2399.0
22,38,2877.0,2399.0
22,39,2877.0,2399.0
22,40,2877.0,2399.0
22,41,2877.0,2399.0
22,42,2877.0,2399.0
22,43,2877.0,2399.0
22,44,2877.0,2399.0
22,45,2877.0,2399.0
22,46,2877.0,2399.0
22,47,2877.0,2399.0
22,48,2877.0,2399.0
22,49,2877.0,2399.0
22,50,2877.0,2399.0
22,51,2877.0,2399.0
22,52,2877.0,2399.0
22,53,2877.0,2399.0
22,54,2877.0,2399.0
22,55,2877.0,2399.0
22,56,2877.0,2399.0
22,57,2877.0,2399.0
22,58,2877.0,2399.0
22,59,2877.0,2399.0
22,60,2877.0,2399.0
22,61,2877.0,2399.0
22,62,2877.0,2399.0
22,63,2877.0,2399.0
22,64,2877.0,2399.0
22,65,2877.0,2399.0
22,66,2877.0,2399.0
22,67,2877.0,2399.0
22,68,2877.0,2399.0
22,69,2877.0,2399.0
22,70,2877.0,2399.0
22,71,2877.0,2399.0
22,72,2877.0,2399.0
22,73,2877.0,2399.0
22,74,2877.0,2399.0
22,75,2877.0,2399.0
22,76,2877.0,2399.0
22,77,2877.0,2399.0
22,78,2877.0,2399.0
22,79,2877.0,2399.0
22,80,2877.0,2399.0
22,81,2877.0,2399.0
22,82,2877.0,2399.0
22,83,2877.0,2399.0
22,84,2877.0,2399.0
22,85,2877.0,2399.0
22,86,2877.0,2399.0
22,87,2877.0,2399.0
22,88,2877.0,2399.0
22,89,2877.0,2399.0
22,90,2877.0,2399.0
22,91,2877.0,2399.0
22,92,2877.0,2399.0
22,93,2877.0,2399.0
22,94,2877.0,2399.0
22,95,2877.0,2399.0
22,96,2877.0,2399.0
22,97,2877.0,2399.0
22,98,2877.0,2399.0
22,99,2877.0,2399.0
22,100,2877.0,2399.0
22,101,2877.0,2399.0
22,102,2877.0,2399.0
22,103,2877.0,2399.0
22,104,2877.0,2399.0
22,105,2877.0,2399.0
22,106,2877.0,2399.0
22,107,2877.0,2399.0
22,108,2877.0,2399.0
22,109,2877.0,2399.0
22,110,2877.0,2399.0
22,111,2877.0,2399.0
22,112,2877.0,2399.0
22,113,2877.0,2399.0
22,114,2877.0,2399.0
22,115,2877.0,2399.0
22,116,2877.0,2399.0
22,117,2877.0,2399.0
22,118,2877.0,2399.0
22,119,2877.0,2399.0
23,0,3040.0,1764.0
23,1,3040.0,1764.0
23,2,3040.0,1764.0
23,3,3040.0,1764.0
23,4,3040.0,1764.0
23,5,3040.0,1764.0
23,6,3040.0,1764.0
23,7,3040.0,1764.0
23,8,3040.0,1764.0
23,9,3040.0,1764.0
23,10,3040.0,1764.0
23,11,3040.0,1764.0
23,12,3040.0,1764.0
23,13,3040.0,1764.0
23,14,3040.0,1764.0
23,15,3040.0,1764.0
23,16,3040.0,1764.0
23,17,3040.0,1764.0
23,18,3040.0,1764.0
23,19,3040.0,1764.0
23,20,3040.0,1764.0
23,21,3040.0,1764.0
23,22,3040.0,1764.0
23,23,3040.0,1764.0
23,24,3040.0,1764.0
23,25,3040.0,1764.0
23,26,3040.0,1764.0
23,27,3040.0,1764.0
23,28,3040.0,1764.0
23,29,3040.0,1764.0
23,30,3040.0,1764.0
23,31,3040.0,1764.0
23,32,3040.0,1764.0
23,33,3040.0,1764.0
23,34,3040.0,1764.0
23,35,3040.0,1764.0
23,36,3040.0,1764.0
23,37,3040.0,1764.0
23,38,3040.0,1764.0
23,39,3040.0,1764.0
23,40,3040.0,1764.0
23,41,3040.0,1764.0
23,42,3040.0,1764.0
23,43,3040.0,1764.0
23,44,3040.0,1764.0
23,45,3040.0,1764.0
23,46,3040.0,1764.0
23,47,3040.0,1764.0
23,48,3040.0,1764.0
23,49,3040.0,1764.0
23,50,3040.0,1764.0
23,51,3040.0,1764.0
23,52,3040.0,1764.0
23,53,3040.0,1764.0
23,54,3040.0,1764.0
23,55,3040.0,1764.0
23,56,3040.0,1764.0
23,57,3040.0,1764.0
23,58,3040.0,1764.0
23,59,3040.0,1764.0
23,60,3040.0,1764.0
23,61,3040.0,1764.0
23,62,3040.0,1764.0
23,63,3040.0,1764.0
23,64,3040.0,1764.0
23,65,3040.0,1764.0
23,66,3040.0,1764.0
23,67,3040.0,1764.0
23,68,3040.0,1764.0
23,69,3040.0,1764.0
23,70,3040.0,1764.0
23,71,3040.0,1764.0
23,72,3040.0,1764.0
23,73,3040.0,1764.0
23,74,3040.0,1764.0
23,75,3040.0,1764.0
23,76,3040.0,1764.0
23,77,3040.0,1764.0
23,78,3040.0,1764.0
23,79,3040.0,1764.0
23,80,3040.0,1764.0
23,81,3040.0,1764.0
23,82,3040.0,1764.0
23,83,3040.0,1764.0
23,84,3040.0,1764.0
23,85,3040.0,1764.0
23,86,3040.0,1764.0
23,87,3040.0,1764.0
23,88,3040.0,1764.0
23,89,3040.0,1764.0
23,90,3040.0,1764.0
23,91,3040.0,1764.0
23,92,3040.0,1764.0
23,93,3040.0,1764.0
23,94,3040.0,1764.0
23,95,3040.0,1764.0
23,96,3040.0,1764.0
23,97,3040.0,1764.0
23,98,3040.0,1764.0
23,99,3040.0,1764.0
23,100,3040.0,1764.0
23,101,3040.0,1764.0
23,102,3040.0,1764.0
23,103,3040.0,1764.0
23,104,3040.0,1764.0
23,105,3040.0,1764.0
23,106,3040.0,1764.0
23,107,3040.0,1764.0
23,108,3040.0,1764.0
23,109,3040.0,1764.0
23,110,3040.0,1764.0
23,111,3040.0,1764.0
23,112,3040.0,1764.0
23,113,3040.0,1764.0
23,114,3040.0,1764.0
23,115,3040.0,1764.0
23,116,3040.0,1764.0
23,117,3040.0,1764.0
23,118,3040.0,1764.0
23,119,3040.0,1764.0
24,0,1458.0,1391.0
24,1,1458.0,1391.0
24,2,1458.0,1391.0
24,3,1458.0,1391.0
24,4,1458.0,1391.0
24,5,1458.0,1391.0
24,6,1458.0,1391.0
24,7,1458.0,1391.0
24,8,1458.0,1391.0
24,9,1458.0,1391.0
24,10,1458.0,1391.0
24,11,1458.0,1391.0
24,12,1458.0,1391.0
24,13,1458.0,1391.0
24,14,1458.0,1391.0
24,15,1458.0,1391.0
24,16,1458.0,1391.0
24,17,1458.0,1391.0
24,18,1458.0,1391.0
24,19,1458.0,1391.0
24,20,1458.0,1391.0
24,21,1458.0,1391.0
24,22,1458.0,1391.0
24,23,1458.0,1391.0
24,24,1458.0,1391.0
24,25,1458.0,1391.0
24,26,1458.0,1391.0
24,27,1458.0,1391.0
24,28,1458.0,1391.0
24,29,1458.0,1391.0
24,30,1458.0,1391.0
24,31,1458.0,1391.0
24,32,1458.0,1391.0
24,33,1458.0,1391.0
24,34,1458.0,1391.0
24,35,1458.0,1391.0
24,36,1458.0,1391.0
24,37,1458.0,1391.0
24,38,1458.0,1391.0
24,39,1458.0,1391.0
24,40,1458.0,1391.0
24,41,1458.0,1391.0
24,42,1458.0,1391.0
24,43,1458.0,1391.0
24,44,1458.0,1391.0
24,45,1458.0,1391.0
24,46,1458.0,1391.0
24,47,1458.0,1391.0
24,48,1458.0,1391.0
24,49,1458.0,1391.0
24,50,1458.0,1391.0
24,51,1458.0,1391.0
24,52,1458.0,1391.0
24,53,1458.0,1391.0
24,54,1458.0,1391.0
24,55,1458.0,1391.0
24,56,1458.0,1391.0
24,57,1458.0,1391.0
24,58,1458.0,1391.0
24,59,1458.0,1391.0
24,60,1458.0,1391.0
24,61,1458.0,1391.0
24,62,1458.0,1391.0
24,63,1458.0,1391.0
24,64,1458.0,1391.0
24,65,1458.0,1391.0
24,66,1458.0,1391.0
24,67,1458.0,1391.0
24,68,1458.0,1391.0
24,69,1458.0,1391.0
24,70,1458.0,1391.0
24,71,1458.0,1391.0
24,72,1458.0,1391.0
24,73,1458.0,1391.0
24,74,1458.0,1391.0
24,75,1458.0,1391.0
24,76,1458.0,1391.0
24,77,1458.0,1391.0
24,78,1458.0,1391.0
24,79,1458.0,1391.0
24,80,1458.0,1391.0
24,81,1458.0,1391.0
24,82,1458.0,1391.0
24,83,1458.0,1391.0
24,84,1458.0,1391.0
24,85,1458.0,1391.0
24,86,1458.0,1391.0
24,87,1458.0,1391.0
24,88,1458.0,1391.0
24,89,1458.0,1391.0
24,90,1458.0,1391.0
24,91,1458.0,1391.0
24,92,1458.0,1391.0
24,93,1458.0,1391.0
24,94,1458.0,1391.0
24,95,1458.0,1391.0
24,96,1458.0,1391.0
24,97,1458.0,1391.0
24,98,1458.0,1391.0
24,99,1458.0,1391.0
24,100,1458.0,1391.0
24,101,1458.0,1391.0
24,102,1458.0,1391.0
24,103,1458.0,1391.0
24,104,1458.0,1391.0
24,105,1458.0,1391.0
24,106,1458.0,1391.0
24,107,1458.0,1391.0
24,108,1458.0,1391.0
24,109,1458.0,1391.0
24,110,1458.0,1391.0
24,111,1458.0,1391.0
24,112,1458.0,1391.0
24,113,1458.0,1391.0
24,114,1458.0,1391.0
24,115,1458.0,1391.0
24,116,1458.0,1391.0
24,117,1458.0,1391.0
24,118,1458.0,1391.0
24,119,1458.0,1391.0
25,0,2766.0,2472.0
25,1,2766.0,2472.0
25,2,2766.0,2472.0
25,3,2766.0,2472.0
25,4,2766.0,2472.0
25,5,2766.0,2472.0
25,6,2766.0,2472.0
25,7,2766.0,2472.0
25,8,2766.0,2472.0
25,9,2766.0,2472.0
25,10,2766.0,2472.0
25,11,2766.0,2472.0
25,12,2766.0,2472.0
25,13,2766.0,2472.0
25,14,2766.0,2472.0
25,15,2766.0,2472.0
25,16,2766.0,2472.0
25,17,2766.0,2472.0
25,18,2766.0,2472.0
25,19,2766.0,2472.0
25,20,2766.0,2472.0
25,21,2766.0,2472.0
25,22,2766.0,2472.0
25,23,2766.0,2472.0
25,24,2766.0,2472.0
25,25,2766.0,2472.0
25,26,2766.0,2472.0
25,27,2766.0,2472.0
25,28,2766.0,2472.0
25,29,2766.0,2472.0
25,30,2766.0,2472.0
25,31,2766.0,2472.0
25,32,2766.0,2472.0
25,33,2766.0,2472.0
25,34,2766.0,2472.0
25,35,2766.0,2472.0
25,36,2766.0,2472.0
25,37,2766.0,2472.0
25,38,2766.0,2472.0
25,39,2766.0,2472.0
25,40,2766.0,2472.0
25,41,2766.0,2472.0
25,42,2766.0,2472.0
25,43,2766.0,2472.0
25,44,2766.0,2472.0
25,45,2766.0,2472.0
25,46,2766.0,2472.0
25,47,2766.0,2472.0
25,48,2766.0,2472.0
25,49,2766.0,2472.0
25,50,2766.0,2472.0
25,51,2766.0,2472.0
25,52,2766.0,2472.0
25,53,2766.0,2472.0
25,54,2766.0,2472.0
25,55,2766.0,2472.0
25,56,2766.0,2472.0
25,57,2766.0,2472.0
25,58,2766.0,2472.0
25,59,2766.0,2472.0
25,60,2766.0,2472.0
25,61,2766.0,2472.0
25,62,2766.0,2472.0
25,63,2766.0,2472.0
25,64,2766.0,2472.0
25,65,2766.0,2472.0
25,66,2766.0,2472.0
25,67,2766.0,2472.0
25,68,2766.0,2472.0
25,69,2766.0,2472.0
25,70,2766.0,2472.0
25,71,2766.0,2472.0
25,72,2766.0,2472.0
25,73,2766.0,2472.0
25,74,2766.0,2472.0
25,75,2766.0,2472.0
25,76,2766.0,2472.0
25,77,2766.0,2472.0
25,78,2766.0,2472.0
25,79,2766.0,2472.0
25,80,2766.0,2472.0
25,81,2766.0,2472.0
25,82,2766.0,2472.0
25,83,2766.0,2472.0
25,84,2766.0,2472.0
25,85,2766.0,2472.0
25,86,2766.0,2472.0
25,87,2766.0,2472.0
25,88,2766.0,2472.0
25,89,2766.0,2472.0
25,90,2766.0,2472.0
25,91,2766.0,2472.0
25,92,2766.0,2472.0
25,93,2766.0,2472.0
25,94,2766.0,2472.0
25,95,2766.0,2472.0
25,96,2766.0,2472.0
25,97,2766.0,2472.0
25,98,2766.0,2472.0
25,99,2766.0,2472.0
25,100,2766.0,2472.0
25,101,2766.0,2472.0
25,102,2766.0,2472.0
25,103,2766.0,2472.0
25,104,2766.0,2472.0
25,105,2766.0,2472.0
25,106,2766.0,2472.0
25,107,2766.0,2472.0
25,108,2766.0,2472.0
25,109,2766.0,2472.0
25,110,2766.0,2472.0
25,111,2766.0,2472.0
25,112,2766.0,2472.0
25,113,2766.0,2472.0
25,114,2766.0,2472.0
25,115,2766.0,2472.0
25,116,2766.0,2472.0
25,117,2766.0,2472.0
25,118,2766.0,2472.0
25,119,2766.0,2472.0
26,0,3029.0,1959.0
26,1,3029.0,1959.0
26,2,3029.0,1959.0
26,3,3029.0,1959.0
26,4,3029.0,1959.0
26,5,3029.0,1959.0
26,6,3029.0,1959.0
26,7,3029.0,1959.0
26,8,3029.0,1959.0
26,9,3029.0,1959.0
26,10,3029.0,1959.0
26,11,3029.0,1959.0
26,12,3029.0,1959.0
26,13,3029.0,1959.0
26,14,3029.0,1959.0
26,15,3029.0,1959.0
26,16,3029.0,1959.0
26,17,3029.0,1959.0
26,18,3029.0,1959.0
26,19,3029.0,1959.0
26,20,3029.0,1959.0
26,21,3029.0,1959.0
26,22,3029.0,1959.0
26,23,3029.0,1959.0
26,24,3029.0,1959.0
26,25,3029.0,1959.0
26,26,3029.0,1959.0
26,27,3029.0,1959.0
26,28,3029.0,1959.0
26,29,3029.0,1959.0
26,30,3029.0,1959.0
26,31,3029.0,1959.0
26,32,3029.0,1959.0
26,33,3029.0,1959.0
26,34,3029.0,1959.0
26,35,3029.0,1959.0
26,36,3029.0,1959.0
26,37,3029.0,1959.0
26,38,3029.0,1959.0
26,39,3029.0,1959.0
26,40,3029.0,1959.0
26,41,3029.0,1959.0
26,42,3029.0,1959.0
26,43,3029.0,1959.0
26,44,3029.0,1959.0
26,45,3029.0,1959.0
26,46,3029.0,1959.0
26,47,3029.0,1959.0
26,48,3029.0,1959.0
26,49,3029.0,1959.0
26,50,3029.0,1959.0
26,51,3029.0,1959.0
26,52,3029.0,1959.0
26,53,3029.0,1959.0
26,54,3029.0,1959.0
26,55,3029.0,1959.0
26,56,3029.0,1959.0
26,57,3029.0,1959.0
26,58,3029.0,1959.0
26,59,3029.0,1959.0
26,60,3029.0,1959.0
26,61,3029.0,1959.0
26,62,3029.0,1959.0
26,63,3029.0,1959.0
26,64,3029.0,1959.0
26,65,3029.0,1959.0
26,66,3029.0,1959.0
26,67,3029.0,1959.0
26,68,3029.0,1959.0
26,69,3029.0,1959.0
26,70,3029.0,1959.0
26,71,3029.0,1959.0
26,72,3029.0,1959.0
26,73,3029.0,1959.0
26,74,3029.0,1959.0
26,75,3029.0,1959.0
26,76,3029.0,1959.0
26,77,3029.0,1959.0
26,78,3029.0,1959.0
26,79,3029.0,1959.0
26,80,3029.0,1959.0
26,81,3029.0,1959.0
26,82,3029.0,1959.0
26,83,3029.0,1959.0
26,84,3029.0,1959.0
26,85,3029.0,1959.0
26,86,3029.0,1959.0
26,87,3029.0,1959.0
26,88,3029.0,1959.0
26,89,3029.0,1959.0
26,90,3029.0,1959.0
26,91,3029.0,1959.0
26,92,3029.0,1959.0
26,93,3029.0,1959.0
26,94,3029.0,1959.0
26,95,3029.0,1959.0
26,96,3029.0,1959.0
26,97,3029.0,1959.0
26,98,3029.0,1959.0
26,99,3029.0,1959.0
26,100,3029.0,1959.0
26,101,3029.0,1959.0
26,102,3029.0,1959.0
26,103,3029.0,1959.0
26,104,3029.0,1959.0
26,105,3029.0,1959.0
26,106,3029.0,1959.0
26,107,3029.0,1959.0
26,108,3029.0,1959.0
26,109,3029.0,1959.0
26,110,3029.0,1959.0
26,111,3029.0,1959.0
26,112,3029.0,1959.0
26,113,3029.0,1959.0
26,114,3029.0,1959.0
26,115,3029.0,1959.0
26,116,3029.0,1959.0
26,117,3029.0,1959.0
26,118,3029.0,1959.0
26,119,3029.0,1959.0
27,0,1778.0,1807.0
27,1,1778.0,1807.0
27,2,1778.0,1807.0
27,3,1778.0,1807.0
27,4,1778.0,1807.0
27,5,1778.0,1807.0
27,6,1778.0,1807.0
27,7,1778.0,1807.0
27,8,1778.0,1807.0
27,9,1778.0,1807.0
27,10,1778.0,1807.0
27,11,1778.0,1807.0
27,12,1778.0,1807.0
27,13,1778.0,1807.0
27,14,1778.0,1807.0
27,15,1778.0,1807.0
27,16,1778.0,1807.0
27,17,1778.0,1807.0
27,18,1778.0,1807.0
27,19,1778.0,1807.0
27,20,1778.0,1807.0
27,21,1778.0,1807.0
27,22,1778.0,1807.0
27,23,1778.0,1807.0
27,24,1778.0,1807.0
27,25,1778.0,1807.0
27,26,1778.0,1807.0
27,27,1778.0,1807.0
27,28,1778.0,1807.0
27,29,1778.0,1807.0
27,30,1778.0,1807.0
27,31,1778.0,1807.0
27,32,1778.0,1807.0
27,33,1778.0,1807.0
27,34,1778.0,1807.0
27,35,1778.0,1807.0
27,36,1778.0,1807.0
27,37,1778.0,1807.0
27,38,1778.0,1807.0
27,39,1778.0,1807.0
27,40,1778.0,1807.0
27,41,1778.0,1807.0
27,42,1778.0,1807.0
27,43,1778.0,1807.0
27,44,1778.0,1807.0
27,45,1778.0,1807.0
27,46,1778.0,1807.0
27,47,1778.0,1807.0
27,48,1778.0,1807.0
27,49,1778.0,1807.0
27,50,1778.0,1807.0
27,51,1778.0,1807.0
27,52,1778.0,1807.0
27,53,1778.0,1807.0
27,54,1778.0,1807.0
27,55,1778.0,1807.0
27,56,1778.0,1807.0
27,57,1778.0,1807.0
27,58,1778.0,1807.0
27,59,1778.0,1807.0
27,60,1778.0,1807.0
27,61,1778.0,1807.0
27,62,1778.0,1807.0
27,63,1778.0,1807.0
27,64,1778.0,1807.0
27,65,1778.0,1807.0
27,66,1778.0,1807.0
27,67,1778.0,1807.0
27,68,1778.0,1807.0
27,69,1778.0,1807.0
27,70,1778.0,1807.0
27,71,1778.0,1807.0
27,72,1778.0,1807.0
27,73,1778.0,1807.0
27,74,1778.0,1807.0
27,75,1778.0,1807.0
27,76,1778.0,1807.0
27,77,1778.0,1807.0
27,78,1778.0,1807.0
27,79,1778.0,1807.0
27,80,1778.0,1807.0
27,81,1778.0,1807.0
27,82,1778.0,1807.0
27,83,1778.0,1807.0
27,84,1778.0,1807.0
27,85,1778.0,1807.0
27,86,1778.0,1807.0
27,87,1778.0,1807.0
27,88,1778.0,1807.0
27,89,1778.0,1807.0
27,90,1778.0,1807.0
27,91,1778.0,1807.0
27,92,1778.0,1807.0
27,93,1778.0,1807.0
27,94,1778.0,1807.0
27,95,1778.0,1807.0
27,96,1778.0,1807.0
27,97,1778.0,1807.0
27,98,1778.0,1807.0
27,99,1778.0,1807.0
27,100,1778.0,1807.0
27,101,1778.0,1807.0
27,102,1778.0,1807.0
27,103,1778.0,1807.0
27,104,1778.0,1807.0
27,105,1778.0,1807.0
27,106,1778.0,1807.0
27,107,1778.0,1807.0
27,108,1778.0,1807.0
27,109,1778.0,1807.0
27,110,1778.0,1807.0
27,111,1778.0,1807.0
27,112,1778.0,1807.0
27,113,1778.0,1807.0
27,114,1778.0,1807.0
27,115,1778.0,1807.0
27,116,1778.0,1807.0
27,117,1778.0,1807.0
27,118,1778.0,1807.0
27,119,1778.0,1807.0
28,0,3066.0,2510.0
28,1,3066.0,2510.0
28,2,3066.0,2510.0
28,3,3066.0,2510.0
28,4,3066.0,2510.0
28,5,3066.0,2510.0
28,6,3066.0,2510.0
28,7,3066.0,2510.0
28,8,3066.0,2510.0
28,9,3066.0,2510.0
28,10,3066.0,2510.0
28,11,3066.0,2510.0
28,12,3066.0,2510.0
28,13,3066.0,2510.0
28,14,3066.0,2510.0
28,15,3066.0,2510.0
28,16,3066.0,2510.0
28,17,3066.0,2510.0
28,18,3066.0,2510.0
28,19,3066.0,2510.0
28,20,3066.0,2510.0
28,21,3066.0,2510.0
28,22,3066.0,2510.0
28,23,3066.0,2510.0
28,24,3066.0,2510.0
28,25,3066.0,2510.0
28,26,3066.0,2510.0
28,27,3066.0,2510.0
28,28,3066.0,2510.0
28,29,3066.0,2510.0
28,30,3066.0,2510.0
28,31,3066.0,2510.0
28,32,3066.0,2510.0
28,33,3066.0,2510.0
28,34,3066.0,2510.0
28,35,3066.0,2510.0
28,36,3066.0,2510.0
28,37,3066.0,2510.0
28,38,3066.0,2510.0
28,39,3066.0,2510.0
28,40,3066.0,2510.0
28,41,3066.0,2510.0
28,42,3066.0,2510.0
28,43,3066.0,2510.0
28,44,3066.0,2510.0
28,45,3066.0,2510.0
28,46,3066.0,2510.0
28,47,3066.0,2510.0
28,48,3066.0,2510.0
28,49,3066.0,2510.0
28,50,3066.0,2510.0
28,51,3066.0,2510.0
28,52,3066.0,2510.0
28,53,3066.0,2510.0
28,54,3066.0,2510.0
28,55,3066.0,2510.0
28,56,3066.0,2510.0
28,57,3066.0,2510.0
28,58,3066.0,2510.0
28,59,3066.0,2510.0
28,60,3066.0,2510.0
28,61,3066.0,2510.0
28,62,3066.0,2510.0
28,63,3066.0,2510.0
28,64,3066.0,2510.0
28,65,3066.0,2510.0
28,66,3066.0,2510.0
28,67,3066.0,2510.0
28,68,3066.0,2510.0
28,69,3066.0,2510.0
28,70,3066.0,2510.0
28,71,3066.0,2510.0
28,72,3066.0,2510.0
28,73,3066.0,2510.0
28,74,3066.0,2510.0
28,75,3066.0,2510.0
28,76,3066.0,2510.0
28,77,3066.0,2510.0
28,78,3066.0,2510.0
28,79,3066.0,2510.0
28,80,3066.0,2510.0
28,81,3066.0,2510.0
28,82,3066.0,2510.0
28,83,3066.0,2510.0
28,84,3066.0,2510.0
28,85,3066.0,2510.0
28,86,3066.0,2510.0
28,87,3066.0,2510.0
28,88,3066.0,2510.0
28,89,3066.0,2510.0
28,90,3066.0,2510.0
28,91,3066.0,2510.0
28,92,3066.0,2510.0
28,93,3066.0,2510.0
28,94,3066.0,2510.0
28,95,3066.0,2510.0
28,96,3066.0,2510.0
28,97,3066.0,2510.0
28,98,3066.0,2510.0
28,99,3066.0,2510.0
28,100,3066.0,2510.0
28,101,3066.0,2510.0
28,102,3066.0,2510.0
28,103,3066.0,2510.0
28,104,3066.0,2510.0
28,105,3066.0,2510.0
28,106,3066.0,2510.0
28,107,3066.0,2510.0
28,108,3066.0,2510.0
28,109,3066.0,2510.0
28,110,3066.0,2510.0
28,111,3066.0,2510.0
28,112,3066.0,2510.0
28,113,3066.0,2510.0
28,114,3066.0,2510.0
28,115,3066.0,2510.0
28,116,3066.0,2510.0
28,117,3066.0,2510.0
28,118,3066.0,2510.0
28,119,3066.0,2510.0
29,0,3341.0,1949.0
29,1,3341.0,1949.0
29,2,3341.0,1949.0
29,3,3341.0,1949.0
29,4,3341.0,1949.0
29,5,3341.0,1949.0
29,6,3341.0,1949.0
29,7,3341.0,1949.0
29,8,3341.0,1949.0
29,9,3341.0,1949.0
29,10,3341.0,1949.0
29,11,3341.0,1949.0
29,12,3341.0,1949.0
29,13,3341.0,1949.0
29,14,3341.0,1949.0
29,15,3341.0,1949.0
29,16,3341.0,1949.0
29,17,3341.0,1949.0
29,18,3341.0,1949.0
29,19,3341.0,1949.0
29,20,3341.0,1949.0
29,21,3341.0,1949.0
29,22,3341.0,1949.0
29,23,3341.0,1949.0
29,24,3341.0,1949.0
29,25,3341.0,1949.0
29,26,3341.0,1949.0
29,27,3341.0,1949.0
29,28,3341.0,1949.0
29,29,3341.0,1949.0
29,30,3341.0,1949.0
29,31,3341.0,1949.0
29,32,3341.0,1949.0
29,33,3341.0,1949.0
29,34,3341.0,1949.0
29,35,3341.0,1949.0
29,36,3341.0,1949.0
29,37,3341.0,1949.0
29,38,3341.0,1949.0
29,39,3341.0,1949.0
29,40,3341.0,1949.0
29,41,3341.0,1949.0
29,42,3341.0,1949.0
29,43,3341.0,1949.0
29,44,3341.0,1949.0
29,45,3341.0,1949.0
29,46,3341.0,1949.0
29,47,3341.0,1949.0
29,48,3341.0,1949.0
29,49,3341.0,1949.0
29,50,3341.0,1949.0
29,51,3341.0,1949.0
29,52,3341.0,1949.0
29,53,3341.0,1949.0
29,54,3341.0,1949.0
29,55,3341.0,1949.0
29,56,3341.0,1949.0
29,57,3341.0,1949.0
29,58,3341.0,1949.0
29,59,3341.0,1949.0
29,60,3341.0,1949.0
29,61,3341.0,1949.0
29,62,3341.0,1949.0
29,63,3341.0,1949.0
29,64,3341.0,1949.0
29,65,3341.0,1949.0
29,66,3341.0,1949.0
29,67,3341.0,1949.0
29,68,3341.0,1949.0
29,69,3341.0,1949.0
29,70,3341.0,1949.0
29,71,3341.0,1949.0
29,72,3341.0,1949.0
29,73,3341.0,1949.0
29,74,3341.0,1949.0
29,75,3341.0,1949.0
29,76,3341.0,1949.0
29,77,3341.0,1949.0
29,78,3341.0,1949.0
29,79,3341.0,1949.0
29,80,3341.0,1949.0
29,81,3341.0,1949.0
29,82,3341.0,1949.0
29,83,3341.0,1949.0
29,84,3341.0,1949.0
29,85,3341.0,1949.0
29,86,3341.0,1949.0
29,87,3341.0,1949.0
29,88,3341.0,1949.0
29,89,3341.0,1949.0
29,90,3341.0,1949.0
29,91,3341.0,1949.0
29,92,3341.0,1949.0
29,93,3341.0,1949.0
29,94,3341.0,1949.0
29,95,3341.0,1949.0
29,96,3341.0,1949.0
29,97,3341.0,1949.0
29,98,3341.0,1949.0
29,99,3341.0,1949.0
29,100,3341.0,1949.0
29,101,3341.0,1949.0
29,102,3341.0,1949.0
29,103,3341.0,1949.0
29,104,3341.0,1949.0
29,105,3341.0,1949.0
29,106,3341.0,1949.0
29,107,3341.0,1949.0
29,108,3341.0,1949.0
29,109,3341.0,1949.0
29,110,3341.0,1949.0
29,111,3341.0,1949.0
29,112,3341.0,1949.0
29,113,3341.0,1949.0
29,114,3341.0,1949.0
29,115,3341.0,1949.0
29,116,3341.0,1949.0
29,117,3341.0,1949.0
29,118,3341.0,1949.0
29,119,3341.0,1949.0
30,0,1781.0,2017.0
30,1,1781.0,2017.0
30,2,1781.0,2017.0
30,3,1781.0,2017.0
30,4,1781.0,2017.0
30,5,1781.0,2017.0
30,6,1781.0,2017.0
30,7,1781.0,2017.0
30,8,1781.0,2017.0
30,9,1781.0,2017.0
30,10,1781.0,2017.0
30,11,1781.0,2017.0
30,12,1781.0,2017.0
30,13,1781.0,2017.0
30,14,1781.0,2017.0
30,15,1781.0,2017.0
30,16,1781.0,2017.0
30,17,1781.0,2017.0
30,18,1781.0,2017.0
30,19,1781.0,2017.0
30,20,1781.0,2017.0
30,21,1781.0,2017.0
30,22,1781.0,2017.0
30,23,1781.0,2017.0
30,24,1781.0,2017.0
30,25,1781.0,2017.0
30,26,1781.0,2017.0
30,27,1781.0,2017.0
30,28,1781.0,2017.0
30,29,1781.0,2017.0
30,30,1781.0,2017.0
30,31,1781.0,2017.0
30,32,1781.0,2017.0
30,33,1781.0,2017.0
30,34,1781.0,2017.0
30,35,1781.0,2017.0
30,36,1781.0,2017.0
30,37,1781.0,2017.0
30,38,1781.0,2017.0
30,39,1781.0,2017.0
30,40,1781.0,2017.0
30,41,1781.0,2017.0
30,42,1781.0,2017.0
30,43,1781.0,2017.0
30,44,1781.0,2017.0
30,45,1781.0,2017.0
30,46,1781.0,2017.0
30,47,1781.0,2017.0
30,48,1781.0,2017.0
30,49,1781.0,2017.0
30,50,1781.0,2017.0
30,51,1781.0,2017.0
30,52,1781.0,2017.0
30,53,1781.0,2017.0
30,54,1781.0,2017.0
30,55,1781.0,2017.0
30,56,1781.0,2017.0
30,57,1781.0,2017.0
30,58,1781.0,2017.0
30,59,1781.0,2017.0
30,60,1781.0,2017.0
30,61,1781.0,2017.0
30,62,1781.0,2017.0
30,63,1781.0,2017.0
30,64,1781.0,2017.0
30,65,1781.0,2017.0
30,66,1781.0,2017.0
30,67,1781.0,2017.0
30,68,1781.0,2017.0
30,69,1781.0,2017.0
30,70,1781.0,2017.0
30,71,1781.0,2017.0
30,72,1781.0,2017.0
30,73,1781.0,2017.0
30,74,1781.0,2017.0
30,75,1781.0,2017.0
30,76,1781.0,2017.0
30,77,1781.0,2017.0
30,78,1781.0,2017.0
30,79,1781.0,2017.0
30,80,1781.0,2017.0
30,81,1781.0,2017.0
30,82,1781.0,2017.0
30,83,1781.0,2017.0
30,84,1781.0,2017.0
30,85,1781.0,2017.0
30,86,1781.0,2017.0
30,87,1781.0,2017.0
30,88,1781.0,2017.0
30,89,1781.0,2017.0
30,90,1781.0,2017.0
30,91,1781.0,2017.0
30,92,1781.0,2017.0
30,93,1781.0,2017.0
30,94,1781.0,2017.0
30,95,1781.0,2017.0
30,96,1781.0,2017.0
30,97,1781.0,2017.0
30,98,1781.0,2017.0
30,99,1781.0,2017.0
30,100,1781.0,2017.0
30,101,1781.0,2017.0
30,102,1781.0,2017.0
30,103,1781.0,2017.0
30,104,1781.0,2017.0
30,105,1781.0,2017.0
30,106,1781.0,2017.0
30,107,1781.0,2017.0
30,108,1781.0,2017.0
30,109,1781.0,2017.0
30,110,1781.0,2017.0
30,111,1781.0,2017.0
30,112,1781.0,2017.0
30,113,1781.0,2017.0
30,114,1781.0,2017.0
30,115,1781.0,2017.0
30,116,1781.0,2017.0
30,117,1781.0,2017.0
30,118,1781.0,2017.0
30,119,1781.0,2017.0
31,0,2481.0,2077.0
31,1,2481.0,2077.0
31,2,2481.0,2077.0
31,3,2481.0,2077.0
31,4,2481.0,2077.0
31,5,2481.0,2077.0
31,6,2481.0,2077.0
31,7,2481.0,2077.0
31,8,2481.0,2077.0
31,9,2481.0,2077.0
31,10,2481.0,2077.0
31,11,2481.0,2077.0
31,12,2481.0,2077.0
31,13,2481.0,2077.0
31,14,2481.0,2077.0
31,15,2481.0,2077.0
31,16,2481.0,2077.0
31,17,2481.0,2077.0
31,18,2481.0,2077.0
31,19,2481.0,2077.0
31,20,2481.0,2077.0
31,21,2481.0,2077.0
31,22,2481.0,2077.0
31,23,2481.0,2077.0
31,24,2481.0,2077.0
31,25,2481.0,2077.0
31,26,2481.0,2077.0
31,27,2481.0,2077.0
31,28,2481.0,2077.0
31,29,2481.0,2077.0
31,30,2481.0,2077.0
31,31,2481.0,2077.0
31,32,2481.0,2077.0
31,33,2481.0,2077.0
31,34,2481.0,2077.0
31,35,2481.0,2077.0
31,36,2481.0,2077.0
31,37,2481.0,2077.0
31,38,2481.0,2077.0
31,39,2481.0,2077.0
31,40,2481.0,2077.0
31,41,2481.0,2077.0
31,42,2481.0,2077.0
31,43,2481.0,2077.0
31,44,2481.0,2077.0
31,45,2481.0,2077.0
31,46,2481.0,2077.0
31,47,2481.0,2077.0
31,48,2481.0,2077.0
31,49,2481.0,2077.0
31,50,2481.0,2077.0
31,51,2481.0,2077.0
31,52,2481.0,2077.0
31,53,2481.0,2077.0
31,54,2481.0,2077.0
31,55,2481.0,2077.0
31,56,2481.0,2077.0
31,57,2481.0,2077.0
31,58,2481.0,2077.0
31,59,2481.0,2077.0
31,60,2481.0,2077.0
31,61,2481.0,2077.0
31,62,2481.0,2077.0
31,63,2481.0,2077.0
31,64,2481.0,2077.0
31,65,2481.0,2077.0
31,66,2481.0,2077.0
31,67,2481.0,2077.0
31,68,2481.0,2077.0
31,69,2481.0,2077.0
31,70,2481.0,2077.0
31,71,2481.0,2077.0
31,72,2481.0,2077.0
31,73,2481.0,2077.0
31,74,2481.0,2077.0
31,75,2481.0,2077.0
31,76,2481.0,2077.0
31,77,2481.0,2077.0
31,78,2481.0,2077.0
31,79,2481.0,2077.0
31,80,2481.0,2077.0
31,81,2481.0,2077.0
31,82,2481.0,2077.0
31,83,2481.0,2077.0
31,84,2481.0,2077.0
31,85,2481.0,2077.0
31,86,2481.0,2077.0
31,87,2481.0,2077.0
31,88,2481.0,2077.0
31,89,2481.0,2077.0
31,90,2481.0,2077.0
31,91,2481.0,2077.0
31,92,2481.0,2077.0
31,93,2481.0,2077.0
31,94,2481.0,2077.0
31,95,2481.0,2077.0
31,96,2481.0,2077.0
31,97,2481.0,2077.0
31,98,2481.0,2077.0
31,99,2481.0,2077.0
31,100,2481.0,2077.0
31,101,2481.0,2077.0
31,102,2481.0,2077.0
31,103,2481.0,2077.0
31,104,2481.0,2077.0
31,105,2481.0,2077.0
31,106,2481.0,2077.0
31,107,2481.0,2077.0
31,108,2481.0,2077.0
31,109,2481.0,2077.0
31,110,2481.0,2077.0
31,111,2481.0,2077.0
31,112,2481.0,2077.0
31,113,2481.0,2077.0
31,114,2481.0,2077.0
31,115,2481.0,2077.0
31,116,2481.0,2077.0
31,117,2481.0,2077.0
31,118,2481.0,2077.0
31,119,2481.0,2077.0
32,0,3071.0,2209.0
32,1,3071.0,2209.0
32,2,3071.0,2209.0
32,3,3071.0,2209.0
32,4,3071.0,2209.0
32,5,3071.0,2209.0
32,6,3071.0,2209.0
32,7,3071.0,2209.0
32,8,3071.0,2209.0
32,9,3071.0,2209.0
32,10,3071.0,2209.0
32,11,3071.0,2209.0
32,12,3071.0,2209.0
32,13,3071.0,2209.0
32,14,3071.0,2209.0
32,15,3071.0,2209.0
32,16,3071.0,2209.0
32,17,3071.0,2209.0
32,18,3071.0,2209.0
32,19,3071.0,2209.0
32,20,3071.0,2209.0
32,21,3071.0,2209.0
32,22,3071.0,2209.0
32,23,3071.0,2209.0
32,24,3071.0,2209.0
32,25,3071.0,2209.0
32,26,3071.0,2209.0
32,27,3071.0,2209.0
32,28,3071.0,2209.0
32,29,3071.0,2209.0
32,30,3071.0,2209.0
32,31,3071.0,2209.0
32,32,3071.0,2209.0
32,33,3071.0,2209.0
32,34,3071.0,2209.0
32,35,3071.0,2209.0
32,36,3071.0,2209.0
32,37,3071.0,2209.0
32,38,3071.0,2209.0
32,39,3071.0,2209.0
32,40,3071.0,2209.0
32,41,3071.0,2209.0
32,42,3071.0,2209.0
32,43,3071.0,2209.0
32,44,3071.0,2209.0
32,45,3071.0,2209.0
32,46,3071.0,2209.0
32,47,3071.0,2209.0
32,48,3071.0,2209.0
32,49,3071.0,2209.0
32,50,3071.0,2209.0
32,51,3071.0,2209.0
32,52,3071.0,2209.0
32,53,3071.0,2209.0
32,54,3071.0,2209.0
32,55,3071.0,2209.0
32,56,3071.0,2209.0
32,57,3071.0,2209.0
32,58,3071.0,2209.0
32,59,3071.0,2209.0
32,60,3071.0,2209.0
32,61,3071.0,2209.0
32,62,3071.0,2209.0
32,63,3071.0,2209.0
32,64,3071.0,2209.0
32,65,3071.0,2209.0
32,66,3071.0,2209.0
32,67,3071.0,2209.0
32,68,3071.0,2209.0
32,69,3071.0,2209.0
32,70,3071.0,2209.0
32,71,3071.0,2209.0
32,72,3071.0,2209.0
32,73,3071.0,2209.0
32,74,3071.0,2209.0
32,75,3071.0,2209.0
32,76,3071.0,2209.0
32,77,3071.0,2209.0
32,78,3071.0,2209.0
32,79,3071.0,2209.0
32,80,3071.0,2209.0
32,81,3071.0,2209.0
32,82,3071.0,2209.0
32,83,3071.0,2209.0
32,84,3071.0,2209.0
32,85,3071.0,2209.0
32,86,3071.0,2209.0
32,87,3071.0,2209.0
32,88,3071.0,2209.0
32,89,3071.0,2209.0
32,90,3071.0,2209.0
32,91,3071.0,2209.0
32,92,3071.0,2209.0
32,93,3071.0,2209.0
32,94,3071.0,2209.0
32,95,3071.0,2209.0
32,96,3071.0,2209.0
32,97,3071.0,2209.0
32,98,3071.0,2209.0
32,99,3071.0,2209.0
32,100,3071.0,2209.0
32,101,3071.0,2209.0
32,102,3071.0,2209.0
32,103,3071.0,2209.0
32,104,3071.0,2209.0
32,105,3071.0,2209.0
32,106,3071.0,2209.0
32,107,3071.0,2209.0
32,108,3071.0,2209.0
32,109,3071.0,2209.0
32,110,3071.0,2209.0
32,111,3071.0,2209.0
32,112,3071.0,2209.0
32,113,3071.0,2209.0
32,114,3071.0,2209.0
32,115,3071.0,2209.0
32,116,3071.0,2209.0
32,117,3071.0,2209.0
32,118,3071.0,2209.0
32,119,3071.0,2209.0
33,0,1920.0,1654.0
33,1,1920.0,1654.0
33,2,1920.0,1654.0
33,3,1920.0,1654.0
33,4,1920.0,1654.0
33,5,1920.0,1654.0
33,6,1920.0,1654.0
33,7,1920.0,1654.0
33,8,1920.0,1654.0
33,9,1920.0,1654.0
33,10,1920.0,1654.0
33,11,1920.0,1654.0
33,12,1920.0,1654.0
33,13,1920.0,1654.0
33,14,1920.0,1654.0
33,15,1920.0,1654.0
33,16,1920.0,1654.0
33,17,1920.0,1654.0
33,18,1920.0,1654.0
33,19,1920.0,1654.0
33,20,1920.0,1654.0
33,21,1920.0,1654.0
33,22,1920.0,1654.0
33,23,1920.0,1654.0
33,24,1920.0,1654.0
33,25,1920.0,1654.0
33,26,1920.0,1654.0
33,27,1920.0,1654.0
33,28,1920.0,1654.0
33,29,1920.0,1654.0
33,30,1920.0,1654.0
33,31,1920.0,1654.0
33,32,1920.0,1654.0
33,33,1920.0,1654.0
33,34,1920.0,1654.0
33,35,1920.0,1654.0
33,36,1920.0,1654.0
33,37,1920.0,1654.0
33,38,1920.0,1654.0
33,39,1920.0,1654.0
33,40,1920.0,1654.0
33,41,1920.0,1654.0
33,42,1920.0,1654.0
33,43,1920.0,1654.0
33,44,1920.0,1654.0
33,45,1920.0,1654.0
33,46,1920.0,1654.0
33,47,1920.0,1654.0
33,48,1920.0,1654.0
33,49,1920.0,1654.0
33,50,1920.0,1654.0
33,51,1920.0,1654.0
33,52,1920.0,1654.0
33,53,1920.0,1654.0
33,54,1920.0,1654.0
33,55,1920.0,1654.0
33,56,1920.0,1654.0
33,57,1920.0,1654.0
33,58,1920.0,1654.0
33,59,1920.0,1654.0
33,60,1920.0,1654.0
33,61,1920.0,1654.0
33,62,1920.0,1654.0
33,63,1920.0,1654.0
33,64,1920.0,1654.0
33,65,1920.0,1654.0
33,66,1920.0,1654.0
33,67,1920.0,1654.0
33,68,1920.0,1654.0
33,69,1920.0,1654.0
33,70,1920.0,1654.0
33,71,1920.0,1654.0
33,72,1920.0,1654.0
33,73,1920.0,1654.0
33,74,1920.0,1654.0
33,75,1920.0,1654.0
33,76,1920.0,1654.0
33,77,1920.0,1654.0
33,78,1920.0,1654.0
33,79,1920.0,1654.0
33,80,1920.0,1654.0
33,81,1920.0,1654.0
33,82,1920.0,1654.0
33,83,1920.0,1654.0
33,84,1920.0,1654.0
33,85,1920.0,1654.0
33,86,1920.0,1654.0
33,87,1920.0,1654.0
33,88,1920.0,1654.0
33,89,1920.0,1654.0
33,90,1920.0,1654.0
33,91,1920.0,1654.0
33,92,1920.0,1654.0
33,93,1920.0,1654.0
33,94,1920.0,1654.0
33,95,1920.0,1654.0
33,96,1920.0,1654.0
33,97,1920.0,1654.0
33,98,1920.0,1654.0
33,99,1920.0,1654.0
33,100,1920.0,1654.0
33,101,1920.0,1654.0
33,102,1920.0,1654.0
33,103,1920.0,1654.0
33,104,1920.0,1654.0
33,105,1920.0,1654.0
33,106,1920.0,1654.0
33,107,1920.0,1654.0
33,108,1920.0,1654.0
33,109,1920.0,1654.0
33,110,1920.0,1654.0
33,111,1920.0,1654.0
33,112,1920.0,1654.0
33,113,1920.0,1654.0
33,114,1920.0,1654.0
33,115,1920.0,1654.0
33,116,1920.0,1654.0
33,117,1920.0,1654.0
33,118,1920.0,1654.0
33,119,1920.0,1654.0
34,0,2491.0,2141.0
34,1,2491.0,2141.0
34,2,2491.0,2141.0
34,3,2491.0,2141.0
34,4,2491.0,2141.0
34,5,2491.0,2141.0
34,6,2491.0,2141.0
34,7,2491.0,2141.0
34,8,2491.0,2141.0
34,9,2491.0,2141.0
34,10,2491.0,2141.0
34,11,2491.0,2141.0
34,12,2491.0,2141.0
34,13,2491.0,2141.0
34,14,2491.0,2141.0
34,15,2491.0,2141.0
34,16,2491.0,2141.0
34,17,2491.0,2141.0
34,18,2491.0,2141.0
34,19,2491.0,2141.0
34,20,2491.0,2141.0
34,21,2491.0,2141.0
34,22,2491.0,2141.0
34,23,2491.0,2141.0
34,24,2491.0,2141.0
34,25,2491.0,2141.0
34,26,2491.0,2141.0
34,27,2491.0,2141.0
34,28,2491.0,2141.0
34,29,2491.0,2141.0
34,30,2491.0,2141.0
34,31,2491.0,2141.0
34,32,2491.0,2141.0
34,33,2491.0,2141.0
34,34,2491.0,2141.0
34,35,2491.0,2141.0
34,36,2491.0,2141.0
34,37,2491.0,2141.0
34,38,2491.0,2141.0
34,39,2491.0,2141.0
34,40,2491.0,2141.0
34,41,2491.0,2141.0
34,42,2491.0,2141.0
34,43,2491.0,2141.0
34,44,2491.0,2141.0
34,45,2491.0,2141.0
34,46,2491.0,2141.0
34,47,2491.0,2141.0
34,48,2491.0,2141.0
34,49,2491.0,2141.0
34,50,2491.0,2141.0
34,51,2491.0,2141.0
34,52,2491.0,2141.0
34,53,2491.0,2141.0
34,54,2491.0,2141.0
34,55,2491.0,2141.0
34,56,2491.0,2141.0
34,57,2491.0,2141.0
34,58,2491.0,2141.0
34,59,2491.0,2141.0
34,60,2491.0,2141.0
34,61,2491.0,2141.0
34,62,2491.0,2141.0
34,63,2491.0,2141.0
34,64,2491.0,2141.0
34,65,2491.0,2141.0
34,66,2491.0,2141.0
34,67,2491.0,2141.0
34,68,2491.0,2141.0
34,69,2491.0,2141.0
34,70,2491.0,2141.0
34,71,2491.0,2141.0
34,72,2491.0,2141.0
34,73,2491.0,2141.0
34,74,2491.0,2141.0
34,75,2491.0,2141.0
34,76,2491.0,2141.0
34,77,2491.0,2141.0
34,78,2491.0,2141.0
34,79,2491.0,2141.0
34,80,2491.0,2141.0
34,81,2491.0,2141.0
34,82,2491.0,2141.0
34,83,2491.0,2141.0
34,84,2491.0,2141.0
34,85,2491.0,2141.0
34,86,2491.0,2141.0
34,87,2491.0,2141.0
34,88,2491.0,2141.0
34,89,2491.0,2141.0
34,90,2491.0,2141.0
34,91,2491.0,2141.0
34,92,2491.0,2141.0
34,93,2491.0,2141.0
34,94,2491.0,2141.0
34,95,2491.0,2141.0
34,96,2491.0,2141.0
34,97,2491.0,2141.0
34,98,2491.0,2141.0
34,99,2491.0,2141.0
34,100,2491.0,2141.0
34,101,2491.0,2141.0
34,102,2491.0,2141.0
34,103,2491.0,2141.0
34,104,2491.0,2141.0
34,105,2491.0,2141.0
34,106,2491.0,2141.0
34,107,2491.0,2141.0
34,108,2491.0,2141.0
34,109,2491.0,2141.0
34,110,2491.0,2141.0
34,111,2491.0,2141.0
34,112,2491.0,2141.0
34,113,2491.0,2141.0
34,114,2491.0,2141.0
34,115,2491.0,2141.0
34,116,2491.0,2141.0
34,117,2491.0,2141.0
34,118,2491.0,2141.0
34,119,2491.0,2141.0
35,0,2957.0,1479.0
35,1,2957.0,1479.0
35,2,2957.0,1479.0
35,3,2957.0,1479.0
35,4,2957.0,1479.0
35,5,2957.0,1479.0
35,6,2957.0,1479.0
35,7,2957.0,1479.0
35,8,2957.0,1479.0
35,9,2957.0,1479.0
35,10,2957.0,1479.0
35,11,2957.0,1479.0
35,12,2957.0,1479.0
35,13,2957.0,1479.0
35,14,2957.0,1479.0
35,15,2957.0,1479.0
35,16,2957.0,1479.0
35,17,2957.0,1479.0
35,18,2957.0,1479.0
35,19,2957.0,1479.0
35,20,2957.0,1479.0
35,21,2957.0,1479.0
35,22,2957.0,1479.0
35,23,2957.0,1479.0
35,24,2957.0,1479.0
35,25,2957.0,1479.0
35,26,2957.0,1479.0
35,27,2957.0,1479.0
35,28,2957.0,1479.0
35,29,2957.0,1479.0
35,30,2957.0,1479.0
35,31,2957.0,1479.0
35,32,2957.0,1479.0
35,33,2957.0,1479.0
35,34,2957.0,1479.0
35,35,2957.0,1479.0
35,36,2957.0,1479.0
35,37,2957.0,1479.0
35,38,2957.0,1479.0
35,39,2957.0,1479.0
35,40,2957.0,1479.0
35,41,2957.0,1479.0
35,42,2957.0,1479.0
35,43,2957.0,1479.0
35,44,2957.0,1479.0
35,45,2957.0,1479.0
35,46,2957.0,1479.0
35,47,2957.0,1479.0
35,48,2957.0,1479.0
35,49,2957.0,1479.0
35,50,2957.0,1479.0
35,51,2957.0,1479.0
35,52,2957.0,1479.0
35,53,2957.0,1479.0
35,54,2957.0,1479.0
35,55,2957.0,1479.0
35,56,2957.0,1479.0
35,57,2957.0,1479.0
35,58,2957.0,1479.0
35,59,2957.0,1479.0
35,60,2957.0,1479.0
35,61,2957.0,1479.0
35,62,2957.0,1479.0
35,63,2957.0,1479.0
35,64,2957.0,1479.0
35,65,2957.0,1479.0
35,66,2957.0,1479.0
35,67,2957.0,1479.0
35,68,2957.0,1479.0
35,69,2957.0,1479.0
35,70,2957.0,1479.0
35,71,2957.0,1479.0
35,72,2957.0,1479.0
35,73,2957.0,1479.0
35,74,2957.0,1479.0
35,75,2957.0,1479.0
35,76,2957.0,1479.0
35,77,2957.0,1479.0
35,78,2957.0,1479.0
35,79,2957.0,1479.0
35,80,2957.0,1479.0
35,81,2957.0,1479.0
35,82,2957.0,1479.0
35,83,2957.0,1479.0
35,84,2957.0,1479.0
35,85,2957.0,1479.0
35,86,2957.0,1479.0
35,87,2957.0,1479.0
35,88,2957.0,1479.0
35,89,2957.0,1479.0
35,90,2957.0,1479.0
35,91,2957.0,1479.0
35,92,2957.0,1479.0
35,93,2957.0,1479.0
35,94,2957.0,1479.0
35,95,2957.0,1479.0
35,96,2957.0,1479.0
35,97,2957.0,1479.0
35,98,2957.0,1479.0
35,99,2957.0,1479.0
35,100,2957.0,1479.0
35,101,2957.0,1479.0
35,102,2957.0,1479.0
35,103,2957.0,1479.0
35,104,2957.0,1479.0
35,105,2957.0,1479.0
35,106,2957.0,1479.0
35,107,2957.0,1479.0
35,108,2957.0,1479.0
35,109,2957.0,1479.0
35,110,2957.0,1479.0
35,111,2957.0,1479.0
35,112,2957.0,1479.0
35,113,2957.0,1479.0
35,114,2957.0,1479.0
35,115,2957.0,1479.0
35,116,2957.0,1479.0
35,117,2957.0,1479.0
35,118,2957.0,1479.0
35,119,2957.0,1479.0
36,0,2001.0,1928.0
36,1,2001.0,1928.0
36,2,2001.0,1928.0
36,3,2001.0,1928.0
36,4,2001.0,1928.0
36,5,2001.0,1928.0
36,6,2001.0,1928.0
36,7,2001.0,1928.0
36,8,2001.0,1928.0
36,9,2001.0,1928.0
36,10,2001.0,1928.0
36,11,2001.0,1928.0
36,12,2001.0,1928.0
36,13,2001.0,1928.0
36,14,2001.0,1928.0
36,15,2001.0,1928.0
36,16,2001.0,1928.0
36,17,2001.0,1928.0
36,18,2001.0,1928.0
36,19,2001.0,1928.0
36,20,2001.0,1928.0
36,21,2001.0,1928.0
36,22,2001.0,1928.0
36,23,2001.0,1928.0
36,24,2001.0,1928.0
36,25,2001.0,1928.0
36,26,2001.0,1928.0
36,27,2001.0,1928.0
36,28,2001.0,1928.0
36,29,2001.0,1928.0
36,30,2001.0,1928.0
36,31,2001.0,1928.0
36,32,2001.0,1928.0
36,33,2001.0,1928.0
36,34,2001.0,1928.0
36,35,2001.0,1928.0
36,36,2001.0,1928.0
36,37,2001.0,1928.0
36,38,2001.0,1928.0
36,39,2001.0,1928.0
36,40,2001.0,1928.0
36,41,2001.0,1928.0
36,42,2001.0,1928.0
36,43,2001.0,1928.0
36,44,2001.0,1928.0
36,45,2001.0,1928.0
36,46,2001.0,1928.0
36,47,2001.0,1928.0
36,48,2001.0,1928.0
36,49,2001.0,1928.0
36,50,2001.0,1928.0
36,51,2001.0,1928.0
36,52,2001.0,1928.0
36,53,2001.0,1928.0
36,54,2001.0,1928.0
36,55,2001.0,1928.0
36,56,2001.0,1928.0
36,57,2001.0,1928.0
36,58,2001.0,1928.0
36,59,2001.0,1928.0
36,60,2001.0,1928.0
36,61,2001.0,1928.0
36,62,2001.0,1928.0
36,63,2001.0,1928.0
36,64,2001.0,1928.0
36,65,2001.0,1928.0
36,66,2001.0,1928.0
36,67,2001.0,1928.0
36,68,2001.0,1928.0
36,69,2001.0,1928.0
36,70,2001.0,1928.0
36,71,2001.0,1928.0
36,72,2001.0,1928.0
36,73,2001.0,1928.0
36,74,2001.0,1928.0
36,75,2001.0,1928.0
36,76,2001.0,1928.0
36,77,2001.0,1928.0
36,78,2001.0,1928.0
36,79,2001.0,1928.0
36,80,2001.0,1928.0
36,81,2001.0,1928.0
36,82,2001.0,1928.0
36,83,2001.0,1928.0
36,84,2001.0,1928.0
36,85,2001.0,1928.0
36,86,2001.0,1928.0
36,87,2001.0,1928.0
36,88,2001.0,1928.0
36,89,2001.0,1928.0
36,90,2001.0,1928.0
36,91,2001.0,1928.0
36,92,2001.0,1928.0
36,93,2001.0,1928.0
36,94,2001.0,1928.0
36,95,2001.0,1928.0
36,96,2001.0,1928.0
36,97,2001.0,1928.0
36,98,2001.0,1928.0
36,99,2001.0,1928.0
36,100,2001.0,1928.0
36,101,2001.0,1928.0
36,102,2001.0,1928.0
36,103,2001.0,1928.0
36,104,2001.0,1928.0
36,105,2001.0,1928.0
36,106,2001.0,1928.0
36,107,2001.0,1928.0
36,108,2001.0,1928.0
36,109,2001.0,1928.0
36,110,2001.0,1928.0
36,111,2001.0,1928.0
36,112,2001.0,1928.0
36,113,2001.0,1928.0
36,114,2001.0,1928.0
36,115,2001.0,1928.0
36,116,2001.0,1928.0
36,117,2001.0,1928.0
36,118,2001.0,1928.0
36,119,2001.0,1928.0
37,0,2670.0,2158.0
37,1,2670.0,2158.0
37,2,2670.0,2158.0
37,3,2670.0,2158.0
37,4,2670.0,2158.0
37,5,2670.0,2158.0
37,6,2670.0,2158.0
37,7,2670.0,2158.0
37,8,2670.0,2158.0
37,9,2670.0,2158.0
37,10,2670.0,2158.0
37,11,2670.0,2158.0
37,12,2670.0,2158.0
37,13,2670.0,2158.0
37,14,2670.0,2158.0
37,15,2670.0,2158.0
37,16,2670.0,2158.0
37,17,2670.0,2158.0
37,18,2670.0,2158.0
37,19,2670.0,2158.0
37,20,2670.0,2158.0
37,21,2670.0,2158.0
37,22,2670.0,2158.0
37,23,2670.0,2158.0
37,24,2670.0,2158.0
37,25,2670.0,2158.0
37,26,2670.0,2158.0
37,27,2670.0,2158.0
37,28,2670.0,2158.0
37,29,2670.0,2158.0
37,30,2670.0,2158.0
37,31,2670.0,2158.0
37,32,2670.0,2158.0
37,33,2670.0,2158.0
37,34,2670.0,2158.0
37,35,2670.0,2158.0
37,36,2670.0,2158.0
37,37,2670.0,2158.0
37,38,2670.0,2158.0
37,39,2670.0,2158.0
37,40,2670.0,2158.0
37,41,2670.0,2158.0
37,42,2670.0,2158.0
37,43,2670.0,2158.0
37,44,2670.0,2158.0
37,45,2670.0,2158.0
37,46,2670.0,2158.0
37,47,2670.0,2158.0
37,48,2670.0,2158.0
37,49,2670.0,2158.0
37,50,2670.0,2158.0
37,51,2670.0,2158.0
37,52,2670.0,2158.0
37,53,2670.0,2158.0
37,54,2670.0,2158.0
37,55,2670.0,2158.0
37,56,2670.0,2158.0
37,57,2670.0,2158.0
37,58,2670.0,2158.0
37,59,2670.0,2158.0
37,60,2670.0,2158.0
37,61,2670.0,2158.0
37,62,2670.0,2158.0
37,63,2670.0,2158.0
37,64,2670.0,2158.0
37,65,2670.0,2158.0
37,66,2670.0,2158.0
37,67,2670.0,2158.0
37,68,2670.0,2158.0
37,69,2670.0,2158.0
37,70,2670.0,2158.0
37,71,2670.0,2158.0
37,72,2670.0,2158.0
37,73,2670.0,2158.0
37,74,2670.0,2158.0
37,75,2670.0,2158.0
37,76,2670.0,2158.0
37,77,2670.0,2158.0
37,78,2670.0,2158.0
37,79,2670.0,2158.0
37,80,2670.0,2158.0
37,81,2670.0,2158.0
37,82,2670.0,2158.0
37,83,2670.0,2158.0
37,84,2670.0,2158.0
37,85,2670.0,2158.0
37,86,2670.0,2158.0
37,87,2670.0,2158.0
37,88,2670.0,2158.0
37,89,2670.0,2158.0
37,90,2670.0,2158.0
37,91,2670.0,2158.0
37,92,2670.0,2158.0
37,93,2670.0,2158.0
37,94,2670.0,2158.0
37,95,2670.0,2158.0
37,96,2670.0,2158.0
37,97,2670.0,2158.0
37,98,2670.0,2158.0
37,99,2670.0,2158.0
37,100,2670.0,2158.0
37,101,2670.0,2158.0
37,102,2670.0,2158.0
37,103,2670.0,2158.0
37,104,2670.0,2158.0
37,105,2670.0,2158.0
37,106,2670.0,2158.0
37,107,2670.0,2158.0
37,108,2670.0,2158.0
37,109,2670.0,2158.0
37,110,2670.0,2158.0
37,111,2670.0,2158.0
37,112,2670.0,2158.0
37,113,2670.0,2158.0
37,114,2670.0,2158.0
37,115,2670.0,2158.0
37,116,2670.0,2158.0
37,117,2670.0,2158.0
37,118,2670.0,2158.0
37,119,2670.0,2158.0
38,0,2972.0,1580.0
38,1,2972.0,1580.0
38,2,2972.0,1580.0
38,3,2972.0,1580.0
38,4,2972.0,1580.0
38,5,2972.0,1580.0
38,6,2972.0,1580.0
38,7,2972.0,1580.0
38,8,2972.0,1580.0
38,9,2972.0,1580.0
38,10,2972.0,1580.0
38,11,2972.0,1580.0
38,12,2972.0,1580.0
38,13,2972.0,1580.0
38,14,2972.0,1580.0
38,15,2972.0,1580.0
38,16,2972.0,1580.0
38,17,2972.0,1580.0
38,18,2972.0,1580.0
38,19,2972.0,1580.0
38,20,2972.0,1580.0
38,21,2972.0,1580.0
38,22,2972.0,1580.0
38,23,2972.0,1580.0
38,24,2972.0,1580.0
38,25,2972.0,1580.0
38,26,2972.0,1580.0
38,27,2972.0,1580.0
38,28,2972.0,1580.0
38,29,2972.0,1580.0
38,30,2972.0,1580.0
38,31,2972.0,1580.0
38,32,2972.0,1580.0
38,33,2972.0,1580.0
38,34,2972.0,1580.0
38,35,2972.0,1580.0
38,36,2972.0,1580.0
38,37,2972.0,1580.0
38,38,2972.0,1580.0
38,39,2972.0,1580.0
38,40,2972.0,1580.0
38,41,2972.0,1580.0
38,42,2972.0,1580.0
38,43,2972.0,1580.0
38,44,2972.0,1580.0
38,45,2972.0,1580.0
38,46,2972.0,1580.0
38,47,2972.0,1580.0
38,48,2972.0,1580.0
38,49,2972.0,1580.0
38,50,2972.0,1580.0
38,51,2972.0,1580.0
38,52,2972.0,1580.0
38,53,2972.0,1580.0
38,54,2972.0,1580.0
38,55,2972.0,1580.0
38,56,2972.0,1580.0
38,57,2972.0,1580.0
38,58,2972.0,1580.0
38,59,2972.0,1580.0
38,60,2972.0,1580.0
38,61,2972.0,1580.0
38,62,2972.0,1580.0
38,63,2972.0,1580.0
38,64,2972.0,1580.0
38,65,2972.0,1580.0
38,66,2972.0,1580.0
38,67,2972.0,1580.0
38,68,2972.0,1580.0
38,69,2972.0,1580.0
38,70,2972.0,1580.0
38,71,2972.0,1580.0
38,72,2972.0,1580.0
38,73,2972.0,1580.0
38,74,2972.0,1580.0
38,75,2972.0,1580.0
38,76,2972.0,1580.0
38,77,2972.0,1580.0
38,78,2972.0,1580.0
38,79,2972.0,1580.0
38,80,2972.0,1580.0
38,81,2972.0,1580.0
38,82,2972.0,1580.0
38,83,2972.0,1580.0
38,84,2972.0,1580.0
38,85,2972.0,1580.0
38,86,2972.0,1580.0
38,87,2972.0,1580.0
38,88,2972.0,1580.0
38,89,2972.0,1580.0
38,90,2972.0,1580.0
38,91,2972.0,1580.0
38,92,2972.0,1580.0
38,93,2972.0,1580.0
38,94,2972.0,1580.0
38,95,2972.0,1580.0
38,96,2972.0,1580.0
38,97,2972.0,1580.0
38,98,2972.0,1580.0
38,99,2972.0,1580.0
38,100,2972.0,1580.0
38,101,2972.0,1580.0
38,102,2972.0,1580.0
38,103,2972.0,1580.0
38,104,2972.0,1580.0
38,105,2972.0,1580.0
38,106,2972.0,1580.0
38,107,2972.0,1580.0
38,108,2972.0,1580.0
38,109,2972.0,1580.0
38,110,2972.0,1580.0
38,111,2972.0,1580.0
38,112,2972.0,1580.0
38,113,2972.0,1580.0
38,114,2972.0,1580.0
38,115,2972.0,1580.0
38,116,2972.0,1580.0
38,117,2972.0,1580.0
38,118,2972.0,1580.0
38,119,2972.0,1580.0
39,0,1846.0,2155.0
39,1,1846.0,2155.0
39,2,1846.0,2155.0
39,3,1846.0,2155.0
39,4,1846.0,2155.0
39,5,1846.0,2155.0
39,6,1846.0,2155.0
39,7,1846.0,2155.0
39,8,1846.0,2155.0
39,9,1846.0,2155.0
39,10,1846.0,2155.0
39,11,1846.0,2155.0
39,12,1846.0,2155.0
39,13,1846.0,2155.0
39,14,1846.0,2155.0
39,15,1846.0,2155.0
39,16,1846.0,2155.0
39,17,1846.0,2155.0
39,18,1846.0,2155.0
39,19,1846.0,2155.0
39,20,1846.0,2155.0
39,21,1846.0,2155.0
39,22,1846.0,2155.0
39,23,1846.0,2155.0
39,24,1846.0,2155.0
39,25,1846.0,2155.0
39,26,1846.0,2155.0
39,27,1846.0,2155.0
39,28,1846.0,2155.0
39,29,1846.0,2155.0
39,30,1846.0,2155.0
39,31,1846.0,2155.0
39,32,1846.0,2155.0
39,33,1846.0,2155.0
39,34,1846.0,2155.0
39,35,1846.0,2155.0
39,36,1846.0,2155.0
39,37,1846.0,2155.0
39,38,1846.0,2155.0
39,39,1846.0,2155.0
39,40,1846.0,2155.0
39,41,1846.0,2155.0
39,42,1846.0,2155.0
39,43,1846.0,2155.0
39,44,1846.0,2155.0
39,45,1846.0,2155.0
39,46,1846.0,2155.0
39,47,1846.0,2155.0
39,48,1846.0,2155.0
39,49,1846.0,2155.0
39,50,1846.0,2155.0
39,51,1846.0,2155.0
39,52,1846.0,2155.0
39,53,1846.0,2155.0
39,54,1846.0,2155.0
39,55,1846.0,2155.0
39,56,1846.0,2155.0
39,57,1846.0,2155.0
39,58,1846.0,2155.0
39,59,1846.0,2155.0
39,60,1846.0,2155.0
39,61,1846.0,2155.0
39,62,1846.0,2155.0
39,63,1846.0,2155.0
39,64,1846.0,2155.0
39,65,1846.0,2155.0
39,66,1846.0,2155.0
39,67,1846.0,2155.0
39,68,1846.0,2155.0
39,69,1846.0,2155.0
39,70,1846.0,2155.0
39,71,1846.0,2155.0
39,72,1846.0,2155.0
39,73,1846.0,2155.0
39,74,1846.0,2155.0
39,75,1846.0,2155.0
39,76,1846.0,2155.0
39,77,1846.0,2155.0
39,78,1846.0,2155.0
39,79,1846.0,2155.0
39,80,1846.0,2155.0
39,81,1846.0,2155.0
39,82,1846.0,2155.0
39,83,1846.0,2155.0
39,84,1846.0,2155.0
39,85,1846.0,2155.0
39,86,1846.0,2155.0
39,87,1846.0,2155.0
39,88,1846.0,2155.0
39,89,1846.0,2155.0
39,90,1846.0,2155.0
39,91,1846.0,2155.0
39,92,1846.0,2155.0
39,93,1846.0,2155.0
39,94,1846.0,2155.0
39,95,1846.0,2155.0
39,96,1846.0,2155.0
39,97,1846.0,2155.0
39,98,1846.0,2155.0
39,99,1846.0,2155.0
39,100,1846.0,2155.0
39,101,1846.0,2155.0
39,102,1846.0,2155.0
39,103,1846.0,2155.0
39,104,1846.0,2155.0
39,105,1846.0,2155.0
39,106,1846.0,2155.0
39,107,1846.0,2155.0
39,108,1846.0,2155.0
39,109,1846.0,2155.0
39,110,1846.0,2155.0
39,111,1846.0,2155.0
39,112,1846.0,2155.0
39,113,1846.0,2155.0
39,114,1846.0,2155.0
39,115,1846.0,2155.0
39,116,1846.0,2155.0
39,117,1846.0,2155.0
39,118,1846.0,2155.0
39,119,1846.0,2155.0
40,0,2578.0,2199.0
40,1,2578.0,2199.0
40,2,2578.0,2199.0
40,3,2578.0,2199.0
40,4,2578.0,2199.0
40,5,2578.0,2199.0
40,6,2578.0,2199.0
40,7,2578.0,2199.0
40,8,2578.0,2199.0
40,9,2578.0,2199.0
40,10,2578.0,2199.0
40,11,2578.0,2199.0
40,12,2578.0,2199.0
40,13,2578.0,2199.0
40,14,2578.0,2199.0
40,15,2578.0,2199.0
40,16,2578.0,2199.0
40,17,2578.0,2199.0
40,18,2578.0,2199.0
40,19,2578.0,2199.0
40,20,2578.0,2199.0
40,21,2578.0,2199.0
40,22,2578.0,2199.0
40,23,2578.0,2199.0
40,24,2578.0,2199.0
40,25,2578.0,2199.0
40,26,2578.0,2199.0
40,27,2578.0,2199.0
40,28,2578.0,2199.0
40,29,2578.0,2199.0
40,30,2578.0,2199.0
40,31,2578.0,2199.0
40,32,2578.0,2199.0
40,33,2578.0,2199.0
40,34,2578.0,2199.0
40,35,2578.0,2199.0
40,36,2578.0,2199.0
40,37,2578.0,2199.0
40,38,2578.0,2199.0
40,39,2578.0,2199.0
40,40,2578.0,2199.0
40,41,2578.0,2199.0
40,42,2578.0,2199.0
40,43,2578.0,2199.0
40,44,2578.0,2199.0
40,45,2578.0,2199.0
40,46,2578.0,2199.0
40,47,2578.0,2199.0
40,48,2578.0,2199.0
40,49,2578.0,2199.0
40,50,2578.0,2199.0
40,51,2578.0,2199.0
40,52,2578.0,2199.0
40,53,2578.0,2199.0
40,54,2578.0,2199.0
40,55,2578.0,2199.0
40,56,2578.0,2199.0
40,57,2578.0,2199.0
40,58,2578.0,2199.0
40,59,2578.0,2199.0
40,60,2578.0,2199.0
40,61,2578.0,2199.0
40,62,2578.0,2199.0
40,63,2578.0,2199.0
40,64,2578.0,2199.0
40,65,2578.0,2199.0
40,66,2578.0,2199.0
40,67,2578.0,2199.0
40,68,2578.0,2199.0
40,69,2578.0,2199.0
40,70,2578.0,2199.0
40,71,2578.0,2199.0
40,72,2578.0,2199.0
40,73,2578.0,2199.0
40,74,2578.0,2199.0
40,75,2578.0,2199.0
40,76,2578.0,2199.0
40,77,2578.0,2199.0
40,78,2578.0,2199.0
40,79,2578.0,2199.0
40,80,2578.0,2199.0
40,81,2578.0,2199.0
40,82,2578.0,2199.0
40,83,2578.0,2199.0
40,84,2578.0,2199.0
40,85,2578.0,2199.0
40,86,2578.0,2199.0
40,87,2578.0,2199.0
40,88,2578.0,2199.0
40,89,2578.0,2199.0
40,90,2578.0,2199.0
40,91,2578.0,2199.0
40,92,2578.0,2199.0
40,93,2578.0,2199.0
40,94,2578.0,2199.0
40,95,2578.0,2199.0
40,96,2578.0,2199.0
40,97,2578.0,2199.0
40,98,2578.0,2199.0
40,99,2578.0,2199.0
40,100,2578.0,2199.0
40,101,2578.0,2199.0
40,102,2578.0,2199.0
40,103,2578.0,2199.0
40,104,2578.0,2199.0
40,105,2578.0,2199.0
40,106,2578.0,2199.0
40,107,2578.0,2199.0
40,108,2578.0,2199.0
40,109,2578.0,2199.0
40,110,2578.0,2199.0
40,111,2578.0,2199.0
40,112,2578.0,2199.0
40,113,2578.0,2199.0
40,114,2578.0,2199.0
40,115,2578.0,2199.0
40,116,2578.0,2199.0
40,117,2578.0,2199.0
40,118,2578.0,2199.0
40,119,2578.0,2199.0
41,0,2255.0,1691.0
41,1,2255.0,1691.0
41,2,2255.0,1691.0
41,3,2255.0,1691.0
41,4,2255.0,1691.0
41,5,2255.0,1691.0
41,6,2255.0,1691.0
41,7,2255.0,1691.0
41,8,2255.0,1691.0
41,9,2255.0,1691.0
41,10,2255.0,1691.0
41,11,2255.0,1691.0
41,12,2255.0,1691.0
41,13,2255.0,1691.0
41,14,2255.0,1691.0
41,15,2255.0,1691.0
41,16,2255.0,1691.0
41,17,2255.0,1691.0
41,18,2255.0,1691.0
41,19,2255.0,1691.0
41,20,2255.0,1691.0
41,21,2255.0,1691.0
41,22,2255.0,1691.0
41,23,2255.0,1691.0
41,24,2255.0,1691.0
41,25,2255.0,1691.0
41,26,2255.0,1691.0
41,27,2255.0,1691.0
41,28,2255.0,1691.0
41,29,2255.0,1691.0
41,30,2255.0,1691.0
41,31,2255.0,1691.0
41,32,2255.0,1691.0
41,33,2255.0,1691.0
41,34,2255.0,1691.0
41,35,2255.0,1691.0
41,36,2255.0,1691.0
41,37,2255.0,1691.0
41,38,2255.0,1691.0
41,39,2255.0,1691.0
41,40,2255.0,1691.0
41,41,2255.0,1691.0
41,42,2255.0,1691.0
41,43,2255.0,1691.0
41,44,2255.0,1691.0
41,45,2255.0,1691.0
41,46,2255.0,1691.0
41,47,2255.0,1691.0
41,48,2255.0,1691.0
41,49,2255.0,1691.0
41,50,2255.0,1691.0
41,51,2255.0,1691.0
41,52,2255.0,1691.0
41,53,2255.0,1691.0
41,54,2255.0,1691.0
41,55,2255.0,1691.0
41,56,2255.0,1691.0
41,57,2255.0,1691.0
41,58,2255.0,1691.0
41,59,2255.0,1691.0
41,60,2255.0,1691.0
41,61,2255.0,1691.0
41,62,2255.0,1691.0
41,63,2255.0,1691.0
41,64,2255.0,1691.0
41,65,2255.0,1691.0
41,66,2255.0,1691.0
41,67,2255.0,1691.0
41,68,2255.0,1691.0
41,69,2255.0,1691.0
41,70,2255.0,1691.0
41,71,2255.0,1691.0
41,72,2255.0,1691.0
41,73,2255.0,1691.0
41,74,2255.0,1691.0
41,75,2255.0,1691.0
41,76,2255.0,1691.0
41,77,2255.0,1691.0
41,78,2255.0,1691.0
41,79,2255.0,1691.0
41,80,2255.0,1691.0
41,81,2255.0,1691.0
41,82,2255.0,1691.0
41,83,2255.0,1691.0
41,84,2255.0,1691.0
41,85,2255.0,1691.0
41,86,2255.0,1691.0
41,87,2255.0,1691.0
41,88,2255.0,1691.0
41,89,2255.0,1691.0
41,90,2255.0,1691.0
41,91,2255.0,1691.0
41,92,2255.0,1691.0
41,93,2255.0,1691.0
41,94,2255.0,1691.0
41,95,2255.0,1691.0
41,96,2255.0,1691.0
41,97,2255.0,1691.0
41,98,2255.0,1691.0
41,99,2255.0,1691.0
41,100,2255.0,1691.0
41,101,2255.0,1691.0
41,102,2255.0,1691.0
41,103,2255.0,1691.0
41,104,2255.0,1691.0
41,105,2255.0,1691.0
41,106,2255.0,1691.0
41,107,2255.0,1691.0
41,108,2255.0,1691.0
41,109,2255.0,1691.0
41,110,2255.0,1691.0
41,111,2255.0,1691.0
41,112,2255.0,1691.0
41,113,2255.0,1691.0
41,114,2255.0,1691.0
41,115,2255.0,1691.0
41,116,2255.0,1691.0
41,117,2255.0,1691.0
41,118,2255.0,1691.0
41,119,2255.0,1691.0
42,0,1702.0,2270.0
42,1,1702.0,2270.0
42,2,1702.0,2270.0
42,3,1702.0,2270.0
42,4,1702.0,2270.0
42,5,1702.0,2270.0
42,6,1702.0,2270.0
42,7,1702.0,2270.0
42,8,1702.0,2270.0
42,9,1702.0,2270.0
42,10,1702.0,2270.0
42,11,1702.0,2270.0
42,12,1702.0,2270.0
42,13,1702.0,2270.0
42,14,1702.0,2270.0
42,15,1702.0,2270.0
42,16,1702.0,2270.0
42,17,1702.0,2270.0
42,18,1702.0,2270.0
42,19,1702.0,2270.0
42,20,1702.0,2270.0
42,21,1702.0,2270.0
42,22,1702.0,2270.0
42,23,1702.0,2270.0
42,24,1702.0,2270.0
42,25,1702.0,2270.0
42,26,1702.0,2270.0
42,27,1702.0,2270.0
42,28,1702.0,2270.0
42,29,1702.0,2270.0
42,30,1702.0,2270.0
42,31,1702.0,2270.0
42,32,1702.0,2270.0
42,33,1702.0,2270.0
42,34,1702.0,2270.0
42,35,1702.0,2270.0
42,36,1702.0,2270.0
42,37,1702.0,2270.0
42,38,1702.0,2270.0
42,39,1702.0,2270.0
42,40,1702.0,2270.0
42,41,1702.0,2270.0
42,42,1702.0,2270.0
42,43,1702.0,2270.0
42,44,1702.0,2270.0
42,45,1702.0,2270.0
42,46,1702.0,2270.0
42,47,1702.0,2270.0
42,48,1702.0,2270.0
42,49,1702.0,2270.0
42,50,1702.0,2270.0
42,51,1702.0,2270.0
42,52,1702.0,2270.0
42,53,1702.0,2270.0
42,54,1702.0,2270.0
42,55,1702.0,2270.0
42,56,1702.0,2270.0
42,57,1702.0,2270.0
42,58,1702.0,2270.0
42,59,1702.0,2270.0
42,60,1702.0,2270.0
42,61,1702.0,2270.0
42,62,1702.0,2270.0
42,63,1702.0,2270.0
42,64,1702.0,2270.0
42,65,1702.0,2270.0
42,66,1702.0,2270.0
42,67,1702.0,2270.0
42,68,1702.0,2270.0
42,69,1702.0,2270.0
42,70,1702.0,2270.0
42,71,1702.0,2270.0
42,72,1702.0,2270.0
42,73,1702.0,2270.0
42,74,1702.0,2270.0
42,75,1702.0,2270.0
42,76,1702.0,2270.0
42,77,1702.0,2270.0
42,78,1702.0,2270.0
42,79,1702.0,2270.0
42,80,1702.0,2270.0
42,81,1702.0,2270.0
42,82,1702.0,2270.0
42,83,1702.0,2270.0
42,84,1702.0,2270.0
42,85,1702.0,2270.0
42,86,1702.0,2270.0
42,87,1702.0,2270.0
42,88,1702.0,2270.0
42,89,1702.0,2270.0
42,90,1702.0,2270.0
42,91,1702.0,2270.0
42,92,1702.0,2270.0
42,93,1702.0,2270.0
42,94,1702.0,2270.0
42,95,1702.0,2270.0
42,96,1702.0,2270.0
42,97,1702.0,2270.0
42,98,1702.0,2270.0
42,99,1702.0,2270.0
42,100,1702.0,2270.0
42,101,1702.0,2270.0
42,102,1702.0,2270.0
42,103,1702.0,2270.0
42,104,1702.0,2270.0
42,105,1702.0,2270.0
42,106,1702.0,2270.0
42,107,1702.0,2270.0
42,108,1702.0,2270.0
42,109,1702.0,2270.0
42,110,1702.0,2270.0
42,111,1702.0,2270.0
42,112,1702.0,2270.0
42,113,1702.0,2270.0
42,114,1702.0,2270.0
42,115,1702.0,2270.0
42,116,1702.0,2270.0
42,117,1702.0,2270.0
42,118,1702.0,2270.0
42,119,1702.0,2270.0
43,0,2802.0,2211.0
43,1,2802.0,2211.0
43,2,2802.0,2211.0
43,3,2802.0,2211.0
43,4,2802.0,2211.0
43,5,2802.0,2211.0
43,6,2802.0,2211.0
43,7,2802.0,2211.0
43,8,2802.0,2211.0
43,9,2802.0,2211.0
43,10,2802.0,2211.0
43,11,2802.0,2211.0
43,12,2802.0,2211.0
43,13,2802.0,2211.0
43,14,2802.0,2211.0
43,15,2802.0,2211.0
43,16,2802.0,2211.0
43,17,2802.0,2211.0
43,18,2802.0,2211.0
43,19,2802.0,2211.0
43,20,2802.0,2211.0
43,21,2802.0,2211.0
43,22,2802.0,2211.0
43,23,2802.0,2211.0
43,24,2802.0,2211.0
43,25,2802.0,2211.0
43,26,2802.0,2211.0
43,27,2802.0,2211.0
43,28,2802.0,2211.0
43,29,2802.0,2211.0
43,30,2802.0,2211.0
43,31,2802.0,2211.0
43,32,2802.0,2211.0
43,33,2802.0,2211.0
43,34,2802.0,2211.0
43,35,2802.0,2211.0
43,36,2802.0,2211.0
43,37,2802.0,2211.0
43,38,2802.0,2211.0
43,39,2802.0,2211.0
43,40,2802.0,2211.0
43,41,2802.0,2211.0
43,42,2802.0,2211.0
43,43,2802.0,2211.0
43,44,2802.0,2211.0
43,45,2802.0,2211.0
43,46,2802.0,2211.0
43,47,2802.0,2211.0
43,48,2802.0,2211.0
43,49,2802.0,2211.0
43,50,2802.0,2211.0
43,51,2802.0,2211.0
43,52,2802.0,2211.0
43,53,2802.0,2211.0
43,54,2802.0,2211.0
43,55,2802.0,2211.0
43,56,2802.0,2211.0
43,57,2802.0,2211.0
43,58,2802.0,2211.0
43,59,2802.0,2211.0
43,60,2802.0,2211.0
43,61,2802.0,2211.0
43,62,2802.0,2211.0
43,63,2802.0,2211.0
43,64,2802.0,2211.0
43,65,2802.0,2211.0
43,66,2802.0,2211.0
43,67,2802.0,2211.0
43,68,2802.0,2211.0
43,69,2802.0,2211.0
43,70,2802.0,2211.0
43,71,2802.0,2211.0
43,72,2802.0,2211.0
43,73,2802.0,2211.0
43,74,2802.0,2211.0
43,75,2802.0,2211.0
43,76,2802.0,2211.0
43,77,2802.0,2211.0
43,78,2802.0,2211.0
43,79,2802.0,2211.0
43,80,2802.0,2211.0
43,81,2802.0,2211.0
43,82,2802.0,2211.0
43,83,2802.0,2211.0
43,84,2802.0,2211.0
43,85,2802.0,2211.0
43,86,2802.0,2211.0
43,87,2802.0,2211.0
43,88,2802.0,2211.0
43,89,2802.0,2211.0
43,90,2802.0,2211.0
43,91,2802.0,2211.0
43,92,2802.0,2211.0
43,93,2802.0,2211.0
43,94,2802.0,2211.0
43,95,2802.0,2211.0
43,96,2802.0,2211.0
43,97,2802.0,2211.0
43,98,2802.0,2211.0
43,99,2802.0,2211.0
43,100,2802.0,2211.0
43,101,2802.0,2211.0
43,102,2802.0,2211.0
43,103,2802.0,2211.0
43,104,2802.0,2211.0
43,105,2802.0,2211.0
43,106,2802.0,2211.0
43,107,2802.0,2211.0
43,108,2802.0,2211.0
43,109,2802.0,2211.0
43,110,2802.0,2211.0
43,111,2802.0,2211.0
43,112,2802.0,2211.0
43,113,2802.0,2211.0
43,114,2802.0,2211.0
43,115,2802.0,2211.0
43,116,2802.0,2211.0
43,117,2802.0,2211.0
43,118,2802.0,2211.0
43,119,2802.0,2211.0
44,0,2393.0,2898.0
44,1,2393.0,2898.0
44,2,2393.0,2898.0
44,3,2393.0,2898.0
44,4,2393.0,2898.0
44,5,2393.0,2898.0
44,6,2393.0,2898.0
44,7,2393.0,2898.0
44,8,2393.0,2898.0
44,9,2393.0,2898.0
44,10,2393.0,2898.0
44,11,2393.0,2898.0
44,12,2393.0,2898.0
44,13,2393.0,2898.0
44,14,2393.0,2898.0
44,15,2393.0,2898.0
44,16,2393.0,2898.0
44,17,2393.0,2898.0
44,18,2393.0,2898.0
44,19,2393.0,2898.0
44,20,2393.0,2898.0
44,21,2393.0,2898.0
44,22,2393.0,2898.0
44,23,2393.0,2898.0
44,24,2393.0,2898.0
44,25,2393.0,2898.0
44,26,2393.0,2898.0
44,27,2393.0,2898.0
44,28,2393.0,2898.0
44,29,2393.0,2898.0
44,30,2393.0,2898.0
44,31,2393.0,2898.0
44,32,2393.0,2898.0
44,33,2393.0,2898.0
44,34,2393.0,2898.0
44,35,2393.0,2898.0
44,36,2393.0,2898.0
44,37,2393.0,2898.0
44,38,2393.0,2898.0
44,39,2393.0,2898.0
44,40,2393.0,2898.0
44,41,2393.0,2898.0
44,42,2393.0,2898.0
44,43,2393.0,2898.0
44,44,2393.0,2898.0
44,45,2393.0,2898.0
44,46,2393.0,2898.0
44,47,2393.0,2898.0
44,48,2393.0,2898.0
44,49,2393.0,2898.0
44,50,2393.0,2898.0
44,51,2393.0,2898.0
44,52,2393.0,2898.0
44,53,2393.0,2898.0
44,54,2393.0,2898.0
44,55,2393.0,2898.0
44,56,2393.0,2898.0
44,57,2393.0,2898.0
44,58,2393.0,2898.0
44,59,2393.0,2898.0
44,60,2393.0,2898.0
44,61,2393.0,2898.0
44,62,2393.0,2898.0
44,63,2393.0,2898.0
44,64,2393.0,2898.0
44,65,2393.0,2898.0
44,66,2393.0,2898.0
44,67,2393.0,2898.0
44,68,2393.0,2898.0
44,69,2393.0,2898.0
44,70,2393.0,2898.0
44,71,2393.0,2898.0
44,72,2393.0,2898.0
44,73,2393.0,2898.0
44,74,2393.0,2898.0
44,75,2393.0,2898.0
44,76,2393.0,2898.0
44,77,2393.0,2898.0
44,78,2393.0,2898.0
44,79,2393.0,2898.0
44,80,2393.0,2898.0
44,81,2393.0,2898.0
44,82,2393.0,2898.0
44,83,2393.0,2898.0
44,84,2393.0,2898.0
44,85,2393.0,2898.0
44,86,2393.0,2898.0
44,87,2393.0,2898.0
44,88,2393.0,2898.0
44,89,2393.0,2898.0
44,90,2393.0,2898.0
44,91,2393.0,2898.0
44,92,2393.0,2898.0
44,93,2393.0,2898.0
44,94,2393.0,2898.0
44,95,2393.0,2898.0
44,96,2393.0,2898.0
44,97,2393.0,2898.0
44,98,2393.0,2898.0
44,99,2393.0,2898.0
44,100,2393.0,2898.0
44,101,2393.0,2898.0
44,102,2393.0,2898.0
44,103,2393.0,2898.0
44,104,2393.0,2898.0
44,105,2393.0,2898.0
44,106,2393.0,2898.0
44,107,2393.0,2898.0
44,108,2393.0,2898.0
44,109,2393.0,2898.0
44,110,2393.0,2898.0
44,111,2393.0,2898.0
44,112,2393.0,2898.0
44,113,2393.0,2898.0
44,114,2393.0,2898.0
44,115,2393.0,2898.0
44,116,2393.0,2898.0
44,117,2393.0,2898.0
44,118,2393.0,2898.0
44,119,2393.0,2898.0
45,0,1687.0,2388.0
45,1,1687.0,2388.0
45,2,1687.0,2388.0
45,3,1687.0,2388.0
45,4,1687.0,2388.0
45,5,1687.0,2388.0
45,6,1687.0,2388.0
45,7,1687.0,2388.0
45,8,1687.0,2388.0
45,9,1687.0,2388.0
45,10,1687.0,2388.0
45,11,1687.0,2388.0
45,12,1687.0,2388.0
45,13,1687.0,2388.0
45,14,1687.0,2388.0
45,15,1687.0,2388.0
45,16,1687.0,2388.0
45,17,1687.0,2388.0
45,18,1687.0,2388.0
45,19,1687.0,2388.0
45,20,1687.0,2388.0
45,21,1687.0,2388.0
45,22,1687.0,2388.0
45,23,1687.0,2388.0
45,24,1687.0,2388.0
45,25,1687.0,2388.0
45,26,1687.0,2388.0
45,27,1687.0,2388.0
45,28,1687.0,2388.0
45,29,1687.0,2388.0
45,30,1687.0,2388.0
45,31,1687.0,2388.0
45,32,1687.0,2388.0
45,33,1687.0,2388.0
45,34,1687.0,2388.0
45,35,1687.0,2388.0
45,36,1687.0,2388.0
45,37,1687.0,2388.0
45,38,1687.0,2388.0
45,39,1687.0,2388.0
45,40,1687.0,2388.0
45,41,1687.0,2388.0
45,42,1687.0,2388.0
45,43,1687.0,2388.0
45,44,1687.0,2388.0
45,45,1687.0,2388.0
45,46,1687.0,2388.0
45,47,1687.0,2388.0
45,48,1687.0,2388.0
45,49,1687.0,2388.0
45,50,1687.0,2388.0
45,51,1687.0,2388.0
45,52,1687.0,2388.0
45,53,1687.0,2388.0
45,54,1687.0,2388.0
45,55,1687.0,2388.0
45,56,1687.0,2388.0
45,57,1687.0,2388.0
45,58,1687.0,2388.0
45,59,1687.0,2388.0
45,60,1687.0,2388.0
45,61,1687.0,2388.0
45,62,1687.0,2388.0
45,63,1687.0,2388.0
45,64,1687.0,2388.0
45,65,1687.0,2388.0
45,66,1687.0,2388.0
45,67,1687.0,2388.0
45,68,1687.0,2388.0
45,69,1687.0,2388.0
45,70,1687.0,2388.0
45,71,1687.0,2388.0
45,72,1687.0,2388.0
45,73,1687.0,2388.0
45,74,1687.0,2388.0
45,75,1687.0,2388.0
45,76,1687.0,2388.0
45,77,1687.0,2388.0
45,78,1687.0,2388.0
45,79,1687.0,2388.0
45,80,1687.0,2388.0
45,81,1687.0,2388.0
45,82,1687.0,2388.0
45,83,1687.0,2388.0
45,84,1687.0,2388.0
45,85,1687.0,2388.0
45,86,1687.0,2388.0
45,87,1687.0,2388.0
45,88,1687.0,2388.0
45,89,1687.0,2388.0
45,90,1687.0,2388.0
45,91,1687.0,2388.0
45,92,1687.0,2388.0
45,93,1687.0,2388.0
45,94,1687.0,2388.0
45,95,1687.0,2388.0
45,96,1687.0,2388.0
45,97,1687.0,2388.0
45,98,1687.0,2388.0
45,99,1687.0,2388.0
45,100,1687.0,2388.0
45,101,1687.0,2388.0
45,102,1687.0,2388.0
45,103,1687.0,2388.0
45,104,1687.0,2388.0
45,105,1687.0,2388.0
45,106,1687.0,2388.0
45,107,1687.0,2388.0
45,108,1687.0,2388.0
45,109,1687.0,2388.0
45,110,1687.0,2388.0
45,111,1687.0,2388.0
45,112,1687.0,2388.0
45,113,1687.0,2388.0
45,114,1687.0,2388.0
45,115,1687.0,2388.0
45,116,1687.0,2388.0
45,117,1687.0,2388.0
45,118,1687.0,2388.0
45,119,1687.0,2388.0
46,0,2729.0,2019.0
46,1,2729.0,2019.0
46,2,2729.0,2019.0
46,3,2729.0,2019.0
46,4,2729.0,2019.0
46,5,2729.0,2019.0
46,6,2729.0,2019.0
46,7,2729.0,2019.0
46,8,2729.0,2019.0
46,9,2729.0,2019.0
46,10,2729.0,2019.0
46,11,2729.0,2019.0
46,12,2729.0,2019.0
46,13,2729.0,2019.0
46,14,2729.0,2019.0
46,15,2729.0,2019.0
46,16,2729.0,2019.0
46,17,2729.0,2019.0
46,18,2729.0,2019.0
46,19,2729.0,2019.0
46,20,2729.0,2019.0
46,21,2729.0,2019.0
46,22,2729.0,2019.0
46,23,2729.0,2019.0
46,24,2729.0,2019.0
46,25,2729.0,2019.0
46,26,2729.0,2019.0
46,27,2729.0,2019.0
46,28,2729.0,2019.0
46,29,2729.0,2019.0
46,30,2729.0,2019.0
46,31,2729.0,2019.0
46,32,2729.0,2019.0
46,33,2729.0,2019.0
46,34,2729.0,2019.0
46,35,2729.0,2019.0
46,36,2729.0,2019.0
46,37,2729.0,2019.0
46,38,2729.0,2019.0
46,39,2729.0,2019.0
46,40,2729.0,2019.0
46,41,2729.0,2019.0
46,42,2729.0,2019.0
46,43,2729.0,2019.0
46,44,2729.0,2019.0
46,45,2729.0,2019.0
46,46,2729.0,2019.0
46,47,2729.0,2019.0
46,48,2729.0,2019.0
46,49,2729.0,2019.0
46,50,2729.0,2019.0
46,51,2729.0,2019.0
46,52,2729.0,2019.0
46,53,2729.0,2019.0
46,54,2729.0,2019.0
46,55,2729.0,2019.0
46,56,2729.0,2019.0
46,57,2729.0,2019.0
46,58,2729.0,2019.0
46,59,2729.0,2019.0
46,60,2729.0,2019.0
46,61,2729.0,2019.0
46,62,2729.0,2019.0
46,63,2729.0,2019.0
46,64,2729.0,2019.0
46,65,2729.0,2019.0
46,66,2729.0,2019.0
46,67,2729.0,2019.0
46,68,2729.0,2019.0
46,69,2729.0,2019.0
46,70,2729.0,2019.0
46,71,2729.0,2019.0
46,72,2729.0,2019.0
46,73,2729.0,2019.0
46,74,2729.0,2019.0
46,75,2729.0,2019.0
46,76,2729.0,2019.0
46,77,2729.0,2019.0
46,78,2729.0,2019.0
46,79,2729.0,2019.0
46,80,2729.0,2019.0
46,81,2729.0,2019.0
46,82,2729.0,2019.0
46,83,2729.0,2019.0
46,84,2729.0,2019.0
46,85,2729.0,2019.0
46,86,2729.0,2019.0
46,87,2729.0,2019.0
46,88,2729.0,2019.0
46,89,2729.0,2019.0
46,90,2729.0,2019.0
46,91,2729.0,2019.0
46,92,2729.0,2019.0
46,93,2729.0,2019.0
46,94,2729.0,2019.0
46,95,2729.0,2019.0
46,96,2729.0,2019.0
46,97,2729.0,2019.0
46,98,2729.0,2019.0
46,99,2729.0,2019.0
46,100,2729.0,2019.0
46,101,2729.0,2019.0
46,102,2729.0,2019.0
46,103,2729.0,2019.0
46,104,2729.0,2019.0
46,105,2729.0,2019.0
46,106,2729.0,2019.0
46,107,2729.0,2019.0
46,108,2729.0,2019.0
46,109,2729.0,2019.0
46,110,2729.0,2019.0
46,111,2729.0,2019.0
46,112,2729.0,2019.0
46,113,2729.0,2019.0
46,114,2729.0,2019.0
46,115,2729.0,2019.0
46,116,2729.0,2019.0
46,117,2729.0,2019.0
46,118,2729.0,2019.0
46,119,2729.0,2019.0
47,0,2558.0,3039.0
47,1,2558.0,3039.0
47,2,2558.0,3039.0
47,3,2558.0,3039.0
47,4,2558.0,3039.0
47,5,2558.0,3039.0
47,6,2558.0,3039.0
47,7,2558.0,3039.0
47,8,2558.0,3039.0
47,9,2558.0,3039.0
47,10,2558.0,3039.0
47,11,2558.0,3039.0
47,12,2558.0,3039.0
47,13,2558.0,3039.0
47,14,2558.0,3039.0
47,15,2558.0,3039.0
47,16,2558.0,3039.0
47,17,2558.0,3039.0
47,18,2558.0,3039.0
47,19,2558.0,3039.0
47,20,2558.0,3039.0
47,21,2558.0,3039.0
47,22,2558.0,3039.0
47,23,2558.0,3039.0
47,24,2558.0,3039.0
47,25,2558.0,3039.0
47,26,2558.0,3039.0
47,27,2558.0,3039.0
47,28,2558.0,3039.0
47,29,2558.0,3039.0
47,30,2558.0,3039.0
47,31,2558.0,3039.0
47,32,2558.0,3039.0
47,33,2558.0,3039.0
47,34,2558.0,3039.0
47,35,2558.0,3039.0
47,36,2558.0,3039.0
47,37,2558.0,3039.0
47,38,2558.0,3039.0
47,39,2558.0,3039.0
47,40,2558.0,3039.0
47,41,2558.0,3039.0
47,42,2558.0,3039.0
47,43,2558.0,3039.0
47,44,2558.0,3039.0
47,45,2558.0,3039.0
47,46,2558.0,3039.0
47,47,2558.0,3039.0
47,48,2558.0,3039.0
47,49,2558.0,3039.0
47,50,2558.0,3039.0
47,51,2558.0,3039.0
47,52,2558.0,3039.0
47,53,2558.0,3039.0
47,54,2558.0,3039.0
47,55,2558.0,3039.0
47,56,2558.0,3039.0
47,57,2558.0,3039.0
47,58,2558.0,3039.0
47,59,2558.0,3039.0
47,60,2558.0,3039.0
47,61,2558.0,3039.0
47,62,2558.0,3039.0
47,63,2558.0,3039.0
47,64,2558.0,3039.0
47,65,2558.0,3039.0
47,66,2558.0,3039.0
47,67,2558.0,3039.0
47,68,2558.0,3039.0
47,69,2558.0,3039.0
47,70,2558.0,3039.0
47,71,2558.0,3039.0
47,72,2558.0,3039.0
47,73,2558.0,3039.0
47,74,2558.0,3039.0
47,75,2558.0,3039.0
47,76,2558.0,3039.0
47,77,2558.0,3039.0
47,78,2558.0,3039.0
47,79,2558.0,3039.0
47,80,2558.0,3039.0
47,81,2558.0,3039.0
47,82,2558.0,3039.0
47,83,2558.0,3039.0
47,84,2558.0,3039.0
47,85,2558.0,3039.0
47,86,2558.0,3039.0
47,87,2558.0,3039.0
47,88,2558.0,3039.0
47,89,2558.0,3039.0
47,90,2558.0,3039.0
47,91,2558.0,3039.0
47,92,2558.0,3039.0
47,93,2558.0,3039.0
47,94,2558.0,3039.0
47,95,2558.0,3039.0
47,96,2558.0,3039.0
47,97,2558.0,3039.0
47,98,2558.0,3039.0
47,99,2558.0,3039.0
47,100,2558.0,3039.0
47,101,2558.0,3039.0
47,102,2558.0,3039.0
47,103,2558.0,3039.0
47,104,2558.0,3039.0
47,105,2558.0,3039.0
47,106,2558.0,3039.0
47,107,2558.0,3039.0
47,108,2558.0,3039.0
47,109,2558.0,3039.0
47,110,2558.0,3039.0
47,111,2558.0,3039.0
47,112,2558.0,3039.0
47,113,2558.0,3039.0
47,114,2558.0,3039.0
47,115,2558.0,3039.0
47,116,2558.0,3039.0
47,117,2558.0,3039.0
47,118,2558.0,3039.0
47,119,2558.0,3039.0
48,0,1726.0,2624.0
48,1,1726.0,2624.0
48,2,1726.0,2624.0
48,3,1726.0,2624.0
48,4,1726.0,2624.0
48,5,1726.0,2624.0
48,6,1726.0,2624.0
48,7,1726.0,2624.0
48,8,1726.0,2624.0
48,9,1726.0,2624.0
48,10,1726.0,2624.0
48,11,1726.0,2624.0
48,12,1726.0,2624.0
48,13,1726.0,2624.0
48,14,1726.0,2624.0
48,15,1726.0,2624.0
48,16,1726.0,2624.0
48,17,1726.0,2624.0
48,18,1726.0,2624.0
48,19,1726.0,2624.0
48,20,1726.0,2624.0
48,21,1726.0,2624.0
48,22,1726.0,2624.0
48,23,1726.0,2624.0
48,24,1726.0,2624.0
48,25,1726.0,2624.0
48,26,1726.0,2624.0
48,27,1726.0,2624.0
48,28,1726.0,2624.0
48,29,1726.0,2624.0
48,30,1726.0,2624.0
48,31,1726.0,2624.0
48,32,1726.0,2624.0
48,33,1726.0,2624.0
48,34,1726.0,2624.0
48,35,1726.0,2624.0
48,36,1726.0,2624.0
48,37,1726.0,2624.0
48,38,1726.0,2624.0
48,39,1726.0,2624.0
48,40,1726.0,2624.0
48,41,1726.0,2624.0
48,42,1726.0,2624.0
48,43,1726.0,2624.0
48,44,1726.0,2624.0
48,45,1726.0,2624.0
48,46,1726.0,2624.0
48,47,1726.0,2624.0
48,48,1726.0,2624.0
48,49,1726.0,2624.0
48,50,1726.0,2624.0
48,51,1726.0,2624.0
48,52,1726.0,2624.0
48,53,1726.0,2624.0
48,54,1726.0,2624.0
48,55,1726.0,2624.0
48,56,1726.0,2624.0
48,57,1726.0,2624.0
48,58,1726.0,2624.0
48,59,1726.0,2624.0
48,60,1726.0,2624.0
48,61,1726.0,2624.0
48,62,1726.0,2624.0
48,63,1726.0,2624.0
48,64,1726.0,2624.0
48,65,1726.0,2624.0
48,66,1726.0,2624.0
48,67,1726.0,2624.0
48,68,1726.0,2624.0
48,69,1726.0,2624.0
48,70,1726.0,2624.0
48,71,1726.0,2624.0
48,72,1726.0,2624.0
48,73,1726.0,2624.0
48,74,1726.0,2624.0
48,75,1726.0,2624.0
48,76,1726.0,2624.0
48,77,1726.0,2624.0
48,78,1726.0,2624.0
48,79,1726.0,2624.0
48,80,1726.0,2624.0
48,81,1726.0,2624.0
48,82,1726.0,2624.0
48,83,1726.0,2624.0
48,84,1726.0,2624.0
48,85,1726.0,2624.0
48,86,1726.0,2624.0
48,87,1726.0,2624.0
48,88,1726.0,2624.0
48,89,1726.0,2624.0
48,90,1726.0,2624.0
48,91,1726.0,2624.0
48,92,1726.0,2624.0
48,93,1726.0,2624.0
48,94,1726.0,2624.0
48,95,1726.0,2624.0
48,96,1726.0,2624.0
48,97,1726.0,2624.0
48,98,1726.0,2624.0
48,99,1726.0,2624.0
48,100,1726.0,2624.0
48,101,1726.0,2624.0
48,102,1726.0,2624.0
48,103,1726.0,2624.0
48,104,1726.0,2624.0
48,105,1726.0,2624.0
48,106,1726.0,2624.0
48,107,1726.0,2624.0
48,108,1726.0,2624.0
48,109,1726.0,2624.0
48,110,1726.0,2624.0
48,111,1726.0,2624.0
48,112,1726.0,2624.0
48,113,1726.0,2624.0
48,114,1726.0,2624.0
48,115,1726.0,2624.0
48,116,1726.0,2624.0
48,117,1726.0,2624.0
48,118,1726.0,2624.0
48,119,1726.0,2624.0
49,0,2464.0,2325.0
49,1,2464.0,2325.0
49,2,2464.0,2325.0
49,3,2464.0,2325.0
49,4,2464.0,2325.0
49,5,2464.0,2325.0
49,6,2464.0,2325.0
49,7,2464.0,2325.0
49,8,2464.0,2325.0
49,9,2464.0,2325.0
49,10,2464.0,2325.0
49,11,2464.0,2325.0
49,12,2464.0,2325.0
49,13,2464.0,2325.0
49,14,2464.0,2325.0
49,15,2464.0,2325.0
49,16,2464.0,2325.0
49,17,2464.0,2325.0
49,18,2464.0,2325.0
49,19,2464.0,2325.0
49,20,2464.0,2325.0
49,21,2464.0,2325.0
49,22,2464.0,2325.0
49,23,2464.0,2325.0
49,24,2464.0,2325.0
49,25,2464.0,2325.0
49,26,2464.0,2325.0
49,27,2464.0,2325.0
49,28,2464.0,2325.0
49,29,2464.0,2325.0
49,30,2464.0,2325.0
49,31,2464.0,2325.0
49,32,2464.0,2325.0
49,33,2464.0,2325.0
49,34,2464.0,2325.0
49,35,2464.0,2325.0
49,36,2464.0,2325.0
49,37,2464.0,2325.0
49,38,2464.0,2325.0
49,39,2464.0,2325.0
49,40,2464.0,2325.0
49,41,2464.0,2325.0
49,42,2464.0,2325.0
49,43,2464.0,2325.0
49,44,2464.0,2325.0
49,45,2464.0,2325.0
49,46,2464.0,2325.0
49,47,2464.0,2325.0
49,48,2464.0,2325.0
49,49,2464.0,2325.0
49,50,2464.0,2325.0
49,51,2464.0,2325.0
49,52,2464.0,2325.0
49,53,2464.0,2325.0
49,54,2464.0,2325.0
49,55,2464.0,2325.0
49,56,2464.0,2325.0
49,57,2464.0,2325.0
49,58,2464.0,2325.0
49,59,2464.0,2325.0
49,60,2464.0,2325.0
49,61,2464.0,2325.0
49,62,2464.0,2325.0
49,63,2464.0,2325.0
49,64,2464.0,2325.0
49,65,2464.0,2325.0
49,66,2464.0,2325.0
49,67,2464.0,2325.0
49,68,2464.0,2325.0
49,69,2464.0,2325.0
49,70,2464.0,2325.0
49,71,2464.0,2325.0
49,72,2464.0,2325.0
49,73,2464.0,2325.0
49,74,2464.0,2325.0
49,75,2464.0,2325.0
49,76,2464.0,2325.0
49,77,2464.0,2325.0
49,78,2464.0,2325.0
49,79,2464.0,2325.0
49,80,2464.0,2325.0
49,81,2464.0,2325.0
49,82,2464.0,2325.0
49,83,2464.0,2325.0
49,84,2464.0,2325.0
49,85,2464.0,2325.0
49,86,2464.0,2325.0
49,87,2464.0,2325.0
49,88,2464.0,2325.0
49,89,2464.0,2325.0
49,90,2464.0,2325.0
49,91,2464.0,2325.0
49,92,2464.0,2325.0
49,93,2464.0,2325.0
49,94,2464.0,2325.0
49,95,2464.0,2325.0
49,96,2464.0,2325.0
49,97,2464.0,2325.0
49,98,2464.0,2325.0
49,99,2464.0,2325.0
49,100,2464.0,2325.0
49,101,2464.0,2325.0
49,102,2464.0,2325.0
49,103,2464.0,2325.0
49,104,2464.0,2325.0
49,105,2464.0,2325.0
49,106,2464.0,2325.0
49,107,2464.0,2325.0
49,108,2464.0,2325.0
49,109,2464.0,2325.0
49,110,2464.0,2325.0
49,111,2464.0,2325.0
49,112,2464.0,2325.0
49,113,2464.0,2325.0
49,114,2464.0,2325.0
49,115,2464.0,2325.0
49,116,2464.0,2325.0
49,117,2464.0,2325.0
49,118,2464.0,2325.0
49,119,2464.0,2325.0
50,0,2075.0,2884.0
50,1,2075.0,2884.0
50,2,2075.0,2884.0
50,3,2075.0,2884.0
50,4,2075.0,2884.0
50,5,2075.0,2884.0
50,6,2075.0,2884.0
50,7,2075.0,2884.0
50,8,2075.0,2884.0
50,9,2075.0,2884.0
50,10,2075.0,2884.0
50,11,2075.0,2884.0
50,12,2075.0,2884.0
50,13,2075.0,2884.0
50,14,2075.0,2884.0
50,15,2075.0,2884.0
50,16,2075.0,2884.0
50,17,2075.0,2884.0
50,18,2075.0,2884.0
50,19,2075.0,2884.0
50,20,2075.0,2884.0
50,21,2075.0,2884.0
50,22,2075.0,2884.0
50,23,2075.0,2884.0
50,24,2075.0,2884.0
50,25,2075.0,2884.0
50,26,2075.0,2884.0
50,27,2075.0,2884.0
50,28,2075.0,2884.0
50,29,2075.0,2884.0
50,30,2075.0,2884.0
50,31,2075.0,2884.0
50,32,2075.0,2884.0
50,33,2075.0,2884.0
50,34,2075.0,2884.0
50,35,2075.0,2884.0
50,36,2075.0,2884.0
50,37,2075.0,2884.0
50,38,2075.0,2884.0
50,39,2075.0,2884.0
50,40,2075.0,2884.0
50,41,2075.0,2884.0
50,42,2075.0,2884.0
50,43,2075.0,2884.0
50,44,2075.0,2884.0
50,45,2075.0,2884.0
50,46,2075.0,2884.0
50,47,2075.0,2884.0
50,48,2075.0,2884.0
50,49,2075.0,2884.0
50,50,2075.0,2884.0
50,51,2075.0,2884.0
50,52,2075.0,2884.0
50,53,2075.0,2884.0
50,54,2075.0,2884.0
50,55,2075.0,2884.0
50,56,2075.0,2884.0
50,57,2075.0,2884.0
50,58,2075.0,2884.0
50,59,2075.0,2884.0
50,60,2075.0,2884.0
50,61,2075.0,2884.0
50,62,2075.0,2884.0
50,63,2075.0,2884.0
50,64,2075.0,2884.0
50,65,2075.0,2884.0
50,66,2075.0,2884.0
50,67,2075.0,2884.0
50,68,2075.0,2884.0
50,69,2075.0,2884.0
50,70,2075.0,2884.0
50,71,2075.0,2884.0
50,72,2075.0,2884.0
50,73,2075.0,2884.0
50,74,2075.0,2884.0
50,75,2075.0,2884.0
50,76,2075.0,2884.0
50,77,2075.0,2884.0
50,78,2075.0,2884.0
50,79,2075.0,2884.0
50,80,2075.0,2884.0
50,81,2075.0,2884.0
50,82,2075.0,2884.0
50,83,2075.0,2884.0
50,84,2075.0,2884.0
50,85,2075.0,2884.0
50,86,2075.0,2884.0
50,87,2075.0,2884.0
50,88,2075.0,2884.0
50,89,2075.0,2884.0
50,90,2075.0,2884.0
50,91,2075.0,2884.0
50,92,2075.0,2884.0
50,93,2075.0,2884.0
50,94,2075.0,2884.0
50,95,2075.0,2884.0
50,96,2075.0,2884.0
50,97,2075.0,2884.0
50,98,2075.0,2884.0
50,99,2075.0,2884.0
50,100,2075.0,2884.0
50,101,2075.0,2884.0
50,102,2075.0,2884.0
50,103,2075.0,2884.0
50,104,2075.0,2884.0
50,105,2075.0,2884.0
50,106,2075.0,2884.0
50,107,2075.0,2884.0
50,108,2075.0,2884.0
50,109,2075.0,2884.0
50,110,2075.0,2884.0
50,111,2075.0,2884.0
50,112,2075.0,2884.0
50,113,2075.0,2884.0
50,114,2075.0,2884.0
50,115,2075.0,2884.0
50,116,2075.0,2884.0
50,117,2075.0,2884.0
50,118,2075.0,2884.0
50,119,2075.0,2884.0
51,0,1614.0,2584.0
51,1,1614.0,2584.0
51,2,1614.0,2584.0
51,3,1614.0,2584.0
51,4,1614.0,2584.0
51,5,1614.0,2584.0
51,6,1614.0,2584.0
51,7,1614.0,2584.0
51,8,1614.0,2584.0
51,9,1614.0,2584.0
51,10,1614.0,2584.0
51,11,1614.0,2584.0
51,12,1614.0,2584.0
51,13,1614.0,2584.0
51,14,1614.0,2584.0
51,15,1614.0,2584.0
51,16,1614.0,2584.0
51,17,1614.0,2584.0
51,18,1614.0,2584.0
51,19,1614.0,2584.0
51,20,1614.0,2584.0
51,21,1614.0,2584.0
51,22,1614.0,2584.0
51,23,1614.0,2584.0
51,24,1614.0,2584.0
51,25,1614.0,2584.0
51,26,1614.0,2584.0
51,27,1614.0,2584.0
51,28,1614.0,2584.0
51,29,1614.0,2584.0
51,30,1614.0,2584.0
51,31,1614.0,2584.0
51,32,1614.0,2584.0
51,33,1614.0,2584.0
51,34,1614.0,2584.0
51,35,1614.0,2584.0
51,36,1614.0,2584.0
51,37,1614.0,2584.0
51,38,1614.0,2584.0
51,39,1614.0,2584.0
51,40,1614.0,2584.0
51,41,1614.0,2584.0
51,42,1614.0,2584.0
51,43,1614.0,2584.0
51,44,1614.0,2584.0
51,45,1614.0,2584.0
51,46,1614.0,2584.0
51,47,1614.0,2584.0
51,48,1614.0,2584.0
51,49,1614.0,2584.0
51,50,1614.0,2584.0
51,51,1614.0,2584.0
51,52,1614.0,2584.0
51,53,1614.0,2584.0
51,54,1614.0,2584.0
51,55,1614.0,2584.0
51,56,1614.0,2584.0
51,57,1614.0,2584.0
51,58,1614.0,2584.0
51,59,1614.0,2584.0
51,60,1614.0,2584.0
51,61,1614.0,2584.0
51,62,1614.0,2584.0
51,63,1614.0,2584.0
51,64,1614.0,2584.0
51,65,1614.0,2584.0
51,66,1614.0,2584.0
51,67,1614.0,2584.0
51,68,1614.0,2584.0
51,69,1614.0,2584.0
51,70,1614.0,2584.0
51,71,1614.0,2584.0
51,72,1614.0,2584.0
51,73,1614.0,2584.0
51,74,1614.0,2584.0
51,75,1614.0,2584.0
51,76,1614.0,2584.0
51,77,1614.0,2584.0
51,78,1614.0,2584.0
51,79,1614.0,2584.0
51,80,1614.0,2584.0
51,81,1614.0,2584.0
51,82,1614.0,2584.0
51,83,1614.0,2584.0
51,84,1614.0,2584.0
51,85,1614.0,2584.0
51,86,1614.0,2584.0
51,87,1614.0,2584.0
51,88,1614.0,2584.0
51,89,1614.0,2584.0
51,90,1614.0,2584.0
51,91,1614.0,2584.0
51,92,1614.0,2584.0
51,93,1614.0,2584.0
51,94,1614.0,2584.0
51,95,1614.0,2584.0
51,96,1614.0,2584.0
51,97,1614.0,2584.0
51,98,1614.0,2584.0
51,99,1614.0,2584.0
51,100,1614.0,2584.0
51,101,1614.0,2584.0
51,102,1614.0,2584.0
51,103,1614.0,2584.0
51,104,1614.0,2584.0
51,105,1614.0,2584.0
51,106,1614.0,2584.0
51,107,1614.0,2584.0
51,108,1614.0,2584.0
51,109,1614.0,2584.0
51,110,1614.0,2584.0
51,111,1614.0,2584.0
51,112,1614.0,2584.0
51,113,1614.0,2584.0
51,114,1614.0,2584.0
51,115,1614.0,2584.0
51,116,1614.0,2584.0
51,117,1614.0,2584.0
51,118,1614.0,2584.0
51,119,1614.0,2584.0
52,0,2506.0,2474.0
52,1,2506.0,2474.0
52,2,2506.0,2474.0
52,3,2506.0,2474.0
52,4,2506.0,2474.0
52,5,2506.0,2474.0
52,6,2506.0,2474.0
52,7,2506.0,2474.0
52,8,2506.0,2474.0
52,9,2506.0,2474.0
52,10,2506.0,2474.0
52,11,2506.0,2474.0
52,12,2506.0,2474.0
52,13,2506.0,2474.0
52,14,2506.0,2474.0
52,15,2506.0,2474.0
52,16,2506.0,2474.0
52,17,2506.0,2474.0
52,18,2506.0,2474.0
52,19,2506.0,2474.0
52,20,2506.0,2474.0
52,21,2506.0,2474.0
52,22,2506.0,2474.0
52,23,2506.0,2474.0
52,24,2506.0,2474.0
52,25,2506.0,2474.0
52,26,2506.0,2474.0
52,27,2506.0,2474.0
52,28,2506.0,2474.0
52,29,2506.0,2474.0
52,30,2506.0,2474.0
52,31,2506.0,2474.0
52,32,2506.0,2474.0
52,33,2506.0,2474.0
52,34,2506.0,2474.0
52,35,2506.0,2474.0
52,36,2506.0,2474.0
52,37,2506.0,2474.0
52,38,2506.0,2474.0
52,39,2506.0,2474.0
52,40,2506.0,2474.0
52,41,2506.0,2474.0
52,42,2506.0,2474.0
52,43,2506.0,2474.0
52,44,2506.0,2474.0
52,45,2506.0,2474.0
52,46,2506.0,2474.0
52,47,2506.0,2474.0
52,48,2506.0,2474.0
52,49,2506.0,2474.0
52,50,2506.0,2474.0
52,51,2506.0,2474.0
52,52,2506.0,2474.0
52,53,2506.0,2474.0
52,54,2506.0,2474.0
52,55,2506.0,2474.0
52,56,2506.0,2474.0
52,57,2506.0,2474.0
52,58,2506.0,2474.0
52,59,2506.0,2474.0
52,60,2506.0,2474.0
52,61,2506.0,2474.0
52,62,2506.0,2474.0
52,63,2506.0,2474.0
52,64,2506.0,2474.0
52,65,2506.0,2474.0
52,66,2506.0,2474.0
52,67,2506.0,2474.0
52,68,2506.0,2474.0
52,69,2506.0,2474.0
52,70,2506.0,2474.0
52,71,2506.0,2474.0
52,72,2506.0,2474.0
52,73,2506.0,2474.0
52,74,2506.0,2474.0
52,75,2506.0,2474.0
52,76,2506.0,2474.0
52,77,2506.0,2474.0
52,78,2506.0,2474.0
52,79,2506.0,2474.0
52,80,2506.0,2474.0
52,81,2506.0,2474.0
52,82,2506.0,2474.0
52,83,2506.0,2474.0
52,84,2506.0,2474.0
52,85,2506.0,2474.0
52,86,2506.0,2474.0
52,87,2506.0,2474.0
52,88,2506.0,2474.0
52,89,2506.0,2474.0
52,90,2506.0,2474.0
52,91,2506.0,2474.0
52,92,2506.0,2474.0
52,93,2506.0,2474.0
52,94,2506.0,2474.0
52,95,2506.0,2474.0
52,96,2506.0,2474.0
52,97,2506.0,2474.0
52,98,2506.0,2474.0
52,99,2506.0,2474.0
52,100,2506.0,2474.0
52,101,2506.0,2474.0
52,102,2506.0,2474.0
52,103,2506.0,2474.0
52,104,2506.0,2474.0
52,105,2506.0,2474.0
52,106,2506.0,2474.0
52,107,2506.0,2474.0
52,108,2506.0,2474.0
52,109,2506.0,2474.0
52,110,2506.0,2474.0
52,111,2506.0,2474.0
52,112,2506.0,2474.0
52,113,2506.0,2474.0
52,114,2506.0,2474.0
52,115,2506.0,2474.0
52,116,2506.0,2474.0
52,117,2506.0,2474.0
52,118,2506.0,2474.0
52,119,2506.0,2474.0
53,0,1643.0,1915.0
53,1,1643.0,1915.0
53,2,1643.0,1915.0
53,3,1643.0,1915.0
53,4,1643.0,1915.0
53,5,1643.0,1915.0
53,6,1643.0,1915.0
53,7,1643.0,1915.0
53,8,1643.0,1915.0
53,9,1643.0,1915.0
53,10,1643.0,1915.0
53,11,1643.0,1915.0
53,12,1643.0,1915.0
53,13,1643.0,1915.0
53,14,1643.0,1915.0
53,15,1643.0,1915.0
53,16,1643.0,1915.0
53,17,1643.0,1915.0
53,18,1643.0,1915.0
53,19,1643.0,1915.0
53,20,1643.0,1915.0
53,21,1643.0,1915.0
53,22,1643.0,1915.0
53,23,1643.0,1915.0
53,24,1643.0,1915.0
53,25,1643.0,1915.0
53,26,1643.0,1915.0
53,27,1643.0,1915.0
53,28,1643.0,1915.0
53,29,1643.0,1915.0
53,30,1643.0,1915.0
53,31,1643.0,1915.0
53,32,1643.0,1915.0
53,33,1643.0,1915.0
53,34,1643.0,1915.0
53,35,1643.0,1915.0
53,36,1643.0,1915.0
53,37,1643.0,1915.0
53,38,1643.0,1915.0
53,39,1643.0,1915.0
53,40,1643.0,1915.0
53,41,1643.0,1915.0
53,42,1643.0,1915.0
53,43,1643.0,1915.0
53,44,1643.0,1915.0
53,45,1643.0,1915.0
53,46,1643.0,1915.0
53,47,1643.0,1915.0
53,48,1643.0,1915.0
53,49,1643.0,1915.0
53,50,1643.0,1915.0
53,51,1643.0,1915.0
53,52,1643.0,1915.0
53,53,1643.0,1915.0
53,54,1643.0,1915.0
53,55,1643.0,1915.0
53,56,1643.0,1915.0
53,57,1643.0,1915.0
53,58,1643.0,1915.0
53,59,1643.0,1915.0
53,60,1643.0,1915.0
53,61,1643.0,1915.0
53,62,1643.0,1915.0
53,63,1643.0,1915.0
53,64,1643.0,1915.0
53,65,1643.0,1915.0
53,66,1643.0,1915.0
53,67,1643.0,1915.0
53,68,1643.0,1915.0
53,69,1643.0,1915.0
53,70,1643.0,1915.0
53,71,1643.0,1915.0
53,72,1643.0,1915.0
53,73,1643.0,1915.0
53,74,1643.0,1915.0
53,75,1643.0,1915.0
53,76,1643.0,1915.0
53,77,1643.0,1915.0
53,78,1643.0,1915.0
53,79,1643.0,1915.0
53,80,1643.0,1915.0
53,81,1643.0,1915.0
53,82,1643.0,1915.0
53,83,1643.0,1915.0
53,84,1643.0,1915.0
53,85,1643.0,1915.0
53,86,1643.0,1915.0
53,87,1643.0,1915.0
53,88,1643.0,1915.0
53,89,1643.0,1915.0
53,90,1643.0,1915.0
53,91,1643.0,1915.0
53,92,1643.0,1915.0
53,93,1643.0,1915.0
53,94,1643.0,1915.0
53,95,1643.0,1915.0
53,96,1643.0,1915.0
53,97,1643.0,1915.0
53,98,1643.0,1915.0
53,99,1643.0,1915.0
53,100,1643.0,1915.0
53,101,1643.0,1915.0
53,102,1643.0,1915.0
53,103,1643.0,1915.0
53,104,1643.0,1915.0
53,105,1643.0,1915.0
53,106,1643.0,1915.0
53,107,1643.0,1915.0
53,108,1643.0,1915.0
53,109,1643.0,1915.0
53,110,1643.0,1915.0
53,111,1643.0,1915.0
53,112,1643.0,1915.0
53,113,1643.0,1915.0
53,114,1643.0,1915.0
53,115,1643.0,1915.0
53,116,1643.0,1915.0
53,117,1643.0,1915.0
53,118,1643.0,1915.0
53,119,1643.0,1915.0
54,0,1846.0,2543.0
54,1,1846.0,2543.0
54,2,1846.0,2543.0
54,3,1846.0,2543.0
54,4,1846.0,2543.0
54,5,1846.0,2543.0
54,6,1846.0,2543.0
54,7,1846.0,2543.0
54,8,1846.0,2543.0
54,9,1846.0,2543.0
54,10,1846.0,2543.0
54,11,1846.0,2543.0
54,12,1846.0,2543.0
54,13,1846.0,2543.0
54,14,1846.0,2543.0
54,15,1846.0,2543.0
54,16,1846.0,2543.0
54,17,1846.0,2543.0
54,18,1846.0,2543.0
54,19,1846.0,2543.0
54,20,1846.0,2543.0
54,21,1846.0,2543.0
54,22,1846.0,2543.0
54,23,1846.0,2543.0
54,24,1846.0,2543.0
54,25,1846.0,2543.0
54,26,1846.0,2543.0
54,27,1846.0,2543.0
54,28,1846.0,2543.0
54,29,1846.0,2543.0
54,30,1846.0,2543.0
54,31,1846.0,2543.0
54,32,1846.0,2543.0
54,33,1846.0,2543.0
54,34,1846.0,2543.0
54,35,1846.0,2543.0
54,36,1846.0,2543.0
54,37,1846.0,2543.0
54,38,1846.0,2543.0
54,39,1846.0,2543.0
54,40,1846.0,2543.0
54,41,1846.0,2543.0
54,42,1846.0,2543.0
54,43,1846.0,2543.0
54,44,1846.0,2543.0
54,45,1846.0,2543.0
54,46,1846.0,2543.0
54,47,1846.0,2543.0
54,48,1846.0,2543.0
54,49,1846.0,2543.0
54,50,1846.0,2543.0
54,51,1846.0,2543.0
54,52,1846.0,2543.0
54,53,1846.0,2543.0
54,54,1846.0,2543.0
54,55,1846.0,2543.0
54,56,1846.0,2543.0
54,57,1846.0,2543.0
54,58,1846.0,2543.0
54,59,1846.0,2543.0
54,60,1846.0,2543.0
54,61,1846.0,2543.0
54,62,1846.0,2543.0
54,63,1846.0,2543.0
54,64,1846.0,2543.0
54,65,1846.0,2543.0
54,66,1846.0,2543.0
54,67,1846.0,2543.0
54,68,1846.0,2543.0
54,69,1846.0,2543.0
54,70,1846.0,2543.0
54,71,1846.0,2543.0
54,72,1846.0,2543.0
54,73,1846.0,2543.0
54,74,1846.0,2543.0
54,75,1846.0,2543.0
54,76,1846.0,2543.0
54,77,1846.0,2543.0
54,78,1846.0,2543.0
54,79,1846.0,2543.0
54,80,1846.0,2543.0
54,81,1846.0,2543.0
54,82,1846.0,2543.0
54,83,1846.0,2543.0
54,84,1846.0,2543.0
54,85,1846.0,2543.0
54,86,1846.0,2543.0
54,87,1846.0,2543.0
54,88,1846.0,2543.0
54,89,1846.0,2543.0
54,90,1846.0,2543.0
54,91,1846.0,2543.0
54,92,1846.0,2543.0
54,93,1846.0,2543.0
54,94,1846.0,2543.0
54,95,1846.0,2543.0
54,96,1846.0,2543.0
54,97,1846.0,2543.0
54,98,1846.0,2543.0
54,99,1846.0,2543.0
54,100,1846.0,2543.0
54,101,1846.0,2543.0
54,102,1846.0,2543.0
54,103,1846.0,2543.0
54,104,1846.0,2543.0
54,105,1846.0,2543.0
54,106,1846.0,2543.0
54,107,1846.0,2543.0
54,108,1846.0,2543.0
54,109,1846.0,2543.0
54,110,1846.0,2543.0
54,111,1846.0,2543.0
54,112,1846.0,2543.0
54,113,1846.0,2543.0
54,114,1846.0,2543.0
54,115,1846.0,2543.0
54,116,1846.0,2543.0
54,117,1846.0,2543.0
54,118,1846.0,2543.0
54,119,1846.0,2543.0
55,0,2682.0,2263.0
55,1,2682.0,2263.0
55,2,2682.0,2263.0
55,3,2682.0,2263.0
55,4,2682.0,2263.0
55,5,2682.0,2263.0
55,6,2682.0,2263.0
55,7,2682.0,2263.0
55,8,2682.0,2263.0
55,9,2682.0,2263.0
55,10,2682.0,2263.0
55,11,2682.0,2263.0
55,12,2682.0,2263.0
55,13,2682.0,2263.0
55,14,2682.0,2263.0
55,15,2682.0,2263.0
55,16,2682.0,2263.0
55,17,2682.0,2263.0
55,18,2682.0,2263.0
55,19,2682.0,2263.0
55,20,2682.0,2263.0
55,21,2682.0,2263.0
55,22,2682.0,2263.0
55,23,2682.0,2263.0
55,24,2682.0,2263.0
55,25,2682.0,2263.0
55,26,2682.0,2263.0
55,27,2682.0,2263.0
55,28,2682.0,2263.0
55,29,2682.0,2263.0
55,30,2682.0,2263.0
55,31,2682.0,2263.0
55,32,2682.0,2263.0
55,33,2682.0,2263.0
55,34,2682.0,2263.0
55,35,2682.0,2263.0
55,36,2682.0,2263.0
55,37,2682.0,2263.0
55,38,2682.0,2263.0
55,39,2682.0,2263.0
55,40,2682.0,2263.0
55,41,2682.0,2263.0
55,42,2682.0,2263.0
55,43,2682.0,2263.0
55,44,2682.0,2263.0
55,45,2682.0,2263.0
55,46,2682.0,2263.0
55,47,2682.0,2263.0
55,48,2682.0,2263.0
55,49,2682.0,2263.0
55,50,2682.0,2263.0
55,51,2682.0,2263.0
55,52,2682.0,2263.0
55,53,2682.0,2263.0
55,54,2682.0,2263.0
55,55,2682.0,2263.0
55,56,2682.0,2263.0
55,57,2682.0,2263.0
55,58,2682.0,2263.0
55,59,2682.0,2263.0
55,60,2682.0,2263.0
55,61,2682.0,2263.0
55,62,2682.0,2263.0
55,63,2682.0,2263.0
55,64,2682.0,2263.0
55,65,2682.0,2263.0
55,66,2682.0,2263.0
55,67,2682.0,2263.0
55,68,2682.0,2263.0
55,69,2682.0,2263.0
55,70,2682.0,2263.0
55,71,2682.0,2263.0
55,72,2682.0,2263.0
55,73,2682.0,2263.0
55,74,2682.0,2263.0
55,75,2682.0,2263.0
55,76,2682.0,2263.0
55,77,2682.0,2263.0
55,78,2682.0,2263.0
55,79,2682.0,2263.0
55,80,2682.0,2263.0
55,81,2682.0,2263.0
55,82,2682.0,2263.0
55,83,2682.0,2263.0
55,84,2682.0,2263.0
55,85,2682.0,2263.0
55,86,2682.0,2263.0
55,87,2682.0,2263.0
55,88,2682.0,2263.0
55,89,2682.0,2263.0
55,90,2682.0,2263.0
55,91,2682.0,2263.0
55,92,2682.0,2263.0
55,93,2682.0,2263.0
55,94,2682.0,2263.0
55,95,2682.0,2263.0
55,96,2682.0,2263.0
55,97,2682.0,2263.0
55,98,2682.0,2263.0
55,99,2682.0,2263.0
55,100,2682.0,2263.0
55,101,2682.0,2263.0
55,102,2682.0,2263.0
55,103,2682.0,2263.0
55,104,2682.0,2263.0
55,105,2682.0,2263.0
55,106,2682.0,2263.0
55,107,2682.0,2263.0
55,108,2682.0,2263.0
55,109,2682.0,2263.0
55,110,2682.0,2263.0
55,111,2682.0,2263.0
55,112,2682.0,2263.0
55,113,2682.0,2263.0
55,114,2682.0,2263.0
55,115,2682.0,2263.0
55,116,2682.0,2263.0
55,117,2682.0,2263.0
55,118,2682.0,2263.0
55,119,2682.0,2263.0
56,0,1583.0,1666.0
56,1,1583.0,1666.0
56,2,1583.0,1666.0
56,3,1583.0,1666.0
56,4,1583.0,1666.0
56,5,1583.0,1666.0
56,6,1583.0,1666.0
56,7,1583.0,1666.0
56,8,1583.0,1666.0
56,9,1583.0,1666.0
56,10,1583.0,1666.0
56,11,1583.0,1666.0
56,12,1583.0,1666.0
56,13,1583.0,1666.0
56,14,1583.0,1666.0
56,15,1583.0,1666.0
56,16,1583.0,1666.0
56,17,1583.0,1666.0
56,18,1583.0,1666.0
56,19,1583.0,1666.0
56,20,1583.0,1666.0
56,21,1583.0,1666.0
56,22,1583.0,1666.0
56,23,1583.0,1666.0
56,24,1583.0,1666.0
56,25,1583.0,1666.0
56,26,1583.0,1666.0
56,27,1583.0,1666.0
56,28,1583.0,1666.0
56,29,1583.0,1666.0
56,30,1583.0,1666.0
56,31,1583.0,1666.0
56,32,1583.0,1666.0
56,33,1583.0,1666.0
56,34,1583.0,1666.0
56,35,1583.0,1666.0
56,36,1583.0,1666.0
56,37,1583.0,1666.0
56,38,1583.0,1666.0
56,39,1583.0,1666.0
56,40,1583.0,1666.0
56,41,1583.0,1666.0
56,42,1583.0,1666.0
56,43,1583.0,1666.0
56,44,1583.0,1666.0
56,45,1583.0,1666.0
56,46,1583.0,1666.0
56,47,1583.0,1666.0
56,48,1583.0,1666.0
56,49,1583.0,1666.0
56,50,1583.0,1666.0
56,51,1583.0,1666.0
56,52,1583.0,1666.0
56,53,1583.0,1666.0
56,54,1583.0,1666.0
56,55,1583.0,1666.0
56,56,1583.0,1666.0
56,57,1583.0,1666.0
56,58,1583.0,1666.0
56,59,1583.0,1666.0
56,60,1583.0,1666.0
56,61,1583.0,1666.0
56,62,1583.0,1666.0
56,63,1583.0,1666.0
56,64,1583.0,1666.0
56,65,1583.0,1666.0
56,66,1583.0,1666.0
56,67,1583.0,1666.0
56,68,1583.0,1666.0
56,69,1583.0,1666.0
56,70,1583.0,1666.0
56,71,1583.0,1666.0
56,72,1583.0,1666.0
56,73,1583.0,1666.0
56,74,1583.0,1666.0
56,75,1583.0,1666.0
56,76,1583.0,1666.0
56,77,1583.0,1666.0
56,78,1583.0,1666.0
56,79,1583.0,1666.0
56,80,1583.0,1666.0
56,81,1583.0,1666.0
56,82,1583.0,1666.0
56,83,1583.0,1666.0
56,84,1583.0,1666.0
56,85,1583.0,1666.0
56,86,1583.0,1666.0
56,87,1583.0,1666.0
56,88,1583.0,1666.0
56,89,1583.0,1666.0
56,90,1583.0,1666.0
56,91,1583.0,1666.0
56,92,1583.0,1666.0
56,93,1583.0,1666.0
56,94,1583.0,1666.0
56,95,1583.0,1666.0
56,96,1583.0,1666.0
56,97,1583.0,1666.0
56,98,1583.0,1666.0
56,99,1583.0,1666.0
56,100,1583.0,1666.0
56,101,1583.0,1666.0
56,102,1583.0,1666.0
56,103,1583.0,1666.0
56,104,1583.0,1666.0
56,105,1583.0,1666.0
56,106,1583.0,1666.0
56,107,1583.0,1666.0
56,108,1583.0,1666.0
56,109,1583.0,1666.0
56,110,1583.0,1666.0
56,111,1583.0,1666.0
56,112,1583.0,1666.0
56,113,1583.0,1666.0
56,114,1583.0,1666.0
56,115,1583.0,1666.0
56,116,1583.0,1666.0
56,117,1583.0,1666.0
56,118,1583.0,1666.0
56,119,1583.0,1666.0
57,0,2014.0,2727.0
57,1,2014.0,2727.0
57,2,2014.0,2727.0
57,3,2014.0,2727.0
57,4,2014.0,2727.0
57,5,2014.0,2727.0
57,6,2014.0,2727.0
57,7,2014.0,2727.0
57,8,2014.0,2727.0
57,9,2014.0,2727.0
57,10,2014.0,2727.0
57,11,2014.0,2727.0
57,12,2014.0,2727.0
57,13,2014.0,2727.0
57,14,2014.0,2727.0
57,15,2014.0,2727.0
57,16,2014.0,2727.0
57,17,2014.0,2727.0
57,18,2014.0,2727.0
57,19,2014.0,2727.0
57,20,2014.0,2727.0
57,21,2014.0,2727.0
57,22,2014.0,2727.0
57,23,2014.0,2727.0
57,24,2014.0,2727.0
57,25,2014.0,2727.0
57,26,2014.0,2727.0
57,27,2014.0,2727.0
57,28,2014.0,2727.0
57,29,2014.0,2727.0
57,30,2014.0,2727.0
57,31,2014.0,2727.0
57,32,2014.0,2727.0
57,33,2014.0,2727.0
57,34,2014.0,2727.0
57,35,2014.0,2727.0
57,36,2014.0,2727.0
57,37,2014.0,2727.0
57,38,2014.0,2727.0
57,39,2014.0,2727.0
57,40,2014.0,2727.0
57,41,2014.0,2727.0
57,42,2014.0,2727.0
57,43,2014.0,2727.0
57,44,2014.0,2727.0
57,45,2014.0,2727.0
57,46,2014.0,2727.0
57,47,2014.0,2727.0
57,48,2014.0,2727.0
57,49,2014.0,2727.0
57,50,2014.0,2727.0
57,51,2014.0,2727.0
57,52,2014.0,2727.0
57,53,2014.0,2727.0
57,54,2014.0,2727.0
57,55,2014.0,2727.0
57,56,2014.0,2727.0
57,57,2014.0,2727.0
57,58,2014.0,2727.0
57,59,2014.0,2727.0
57,60,2014.0,2727.0
57,61,2014.0,2727.0
57,62,2014.0,2727.0
57,63,2014.0,2727.0
57,64,2014.0,2727.0
57,65,2014.0,2727.0
57,66,2014.0,2727.0
57,67,2014.0,2727.0
57,68,2014.0,2727.0
57,69,2014.0,2727.0
57,70,2014.0,2727.0
57,71,2014.0,2727.0
57,72,2014.0,2727.0
57,73,2014.0,2727.0
57,74,2014.0,2727.0
57,75,2014.0,2727.0
57,76,2014.0,2727.0
57,77,2014.0,2727.0
57,78,2014.0,2727.0
57,79,2014.0,2727.0
57,80,2014.0,2727.0
57,81,2014.0,2727.0
57,82,2014.0,2727.0
57,83,2014.0,2727.0
57,84,2014.0,2727.0
57,85,2014.0,2727.0
57,86,2014.0,2727.0
57,87,2014.0,2727.0
57,88,2014.0,2727.0
57,89,2014.0,2727.0
57,90,2014.0,2727.0
57,91,2014.0,2727.0
57,92,2014.0,2727.0
57,93,2014.0,2727.0
57,94,2014.0,2727.0
57,95,2014.0,2727.0
57,96,2014.0,2727.0
57,97,2014.0,2727.0
57,98,2014.0,2727.0
57,99,2014.0,2727.0
57,100,2014.0,2727.0
57,101,2014.0,2727.0
57,102,2014.0,2727.0
57,103,2014.0,2727.0
57,104,2014.0,2727.0
57,105,2014.0,2727.0
57,106,2014.0,2727.0
57,107,2014.0,2727.0
57,108,2014.0,2727.0
57,109,2014.0,2727.0
57,110,2014.0,2727.0
57,111,2014.0,2727.0
57,112,2014.0,2727.0
57,113,2014.0,2727.0
57,114,2014.0,2727.0
57,115,2014.0,2727.0
57,116,2014.0,2727.0
57,117,2014.0,2727.0
57,118,2014.0,2727.0
57,119,2014.0,2727.0
58,0,2101.0,2280.0
58,1,2101.0,2280.0
58,2,2101.0,2280.0
58,3,2101.0,2280.0
58,4,2101.0,2280.0
58,5,2101.0,2280.0
58,6,2101.0,2280.0
58,7,2101.0,2280.0
58,8,2101.0,2280.0
58,9,2101.0,2280.0
58,10,2101.0,2280.0
58,11,2101.0,2280.0
58,12,2101.0,2280.0
58,13,2101.0,2280.0
58,14,2101.0,2280.0
58,15,2101.0,2280.0
58,16,2101.0,2280.0
58,17,2101.0,2280.0
58,18,2101.0,2280.0
58,19,2101.0,2280.0
58,20,2101.0,2280.0
58,21,2101.0,2280.0
58,22,2101.0,2280.0
58,23,2101.0,2280.0
58,24,2101.0,2280.0
58,25,2101.0,2280.0
58,26,2101.0,2280.0
58,27,2101.0,2280.0
58,28,2101.0,2280.0
58,29,2101.0,2280.0
58,30,2101.0,2280.0
58,31,2101.0,2280.0
58,32,2101.0,2280.0
58,33,2101.0,2280.0
58,34,2101.0,2280.0
58,35,2101.0,2280.0
58,36,2101.0,2280.0
58,37,2101.0,2280.0
58,38,2101.0,2280.0
58,39,2101.0,2280.0
58,40,2101.0,2280.0
58,41,2101.0,2280.0
58,42,2101.0,2280.0
58,43,2101.0,2280.0
58,44,2101.0,2280.0
58,45,2101.0,2280.0
58,46,2101.0,2280.0
58,47,2101.0,2280.0
58,48,2101.0,2280.0
58,49,2101.0,2280.0
58,50,2101.0,2280.0
58,51,2101.0,2280.0
58,52,2101.0,2280.0
58,53,2101.0,2280.0
58,54,2101.0,2280.0
58,55,2101.0,2280.0
58,56,2101.0,2280.0
58,57,2101.0,2280.0
58,58,2101.0,2280.0
58,59,2101.0,2280.0
58,60,2101.0,2280.0
58,61,2101.0,2280.0
58,62,2101.0,2280.0
58,63,2101.0,2280.0
58,64,2101.0,2280.0
58,65,2101.0,2280.0
58,66,2101.0,2280.0
58,67,2101.0,2280.0
58,68,2101.0,2280.0
58,69,2101.0,2280.0
58,70,2101.0,2280.0
58,71,2101.0,2280.0
58,72,2101.0,2280.0
58,73,2101.0,2280.0
58,74,2101.0,2280.0
58,75,2101.0,2280.0
58,76,2101.0,2280.0
58,77,2101.0,2280.0
58,78,2101.0,2280.0
58,79,2101.0,2280.0
58,80,2101.0,2280.0
58,81,2101.0,2280.0
58,82,2101.0,2280.0
58,83,2101.0,2280.0
58,84,2101.0,2280.0
58,85,2101.0,2280.0
58,86,2101.0,2280.0
58,87,2101.0,2280.0
58,88,2101.0,2280.0
58,89,2101.0,2280.0
58,90,2101.0,2280.0
58,91,2101.0,2280.0
58,92,2101.0,2280.0
58,93,2101.0,2280.0
58,94,2101.0,2280.0
58,95,2101.0,2280.0
58,96,2101.0,2280.0
58,97,2101.0,2280.0
58,98,2101.0,2280.0
58,99,2101.0,2280.0
58,100,2101.0,2280.0
58,101,2101.0,2280.0
58,102,2101.0,2280.0
58,103,2101.0,2280.0
58,104,2101.0,2280.0
58,105,2101.0,2280.0
58,106,2101.0,2280.0
58,107,2101.0,2280.0
58,108,2101.0,2280.0
58,109,2101.0,2280.0
58,110,2101.0,2280.0
58,111,2101.0,2280.0
58,112,2101.0,2280.0
58,113,2101.0,2280.0
58,114,2101.0,2280.0
58,115,2101.0,2280.0
58,116,2101.0,2280.0
58,117,2101.0,2280.0
58,118,2101.0,2280.0
58,119,2101.0,2280.0
