cell_id,f0,f1,f2,f3,f4,f5,f6,f7,f8,f9,f10,f11,f12,f13,f14,f15,f16,f17,f18,f19,f20,f21,f22,f23,f24,f25,f26,f27,f28,f29,f30,f31,f32,f33,f34,f35,f36,f37,f38,f39,f40,f41,f42,f43,f44,f45,f46,f47,f48,f49,f50,f51,f52,f53,f54,f55,f56,f57,f58,f59,f60,f61,f62,f63,f64,f65,f66,f67,f68,f69,f70,f71,f72,f73,f74,f75,f76,f77,f78,f79,f80,f81,f82,f83,f84,f85,f86,f87,f88,f89,f90,f91,f92,f93,f94,f95,f96,f97,f98,f99,f100,f101,f102,f103,f104,f105,f106,f107,f108,f109,f110,f111,f112,f113,f114,f115,f116,f117,f118,f119
0,66.50127186009539,65.29976152623212,65.59133545310016,65.45190779014308,65.60389507154213,65.11629570747218,65.61096979332274,64.9845786963434,65.29260731319555,65.25898251192369,64.99904610492845,65.06208267090621,65.11804451510334,65.25715421303657,65.12591414944356,65.35866454689985,65.30111287758346,65.41717011128776,65.19475357710652,65.20087440381558,65.37599364069952,65.03275039745628,65.26597774244833,65.00969793322734,64.977106518283,65.04713831478537,64.38473767885533,62.76899841017488,62.625357710651826,63.65890302066773,63.79952305246423,64.45190779014308,64.02893481717011,64.01160572337042,64.4968998410175,64.66947535771065,64.37909379968204,64.22575516693163,64.33767885532592,64.670826709062,64.5031001589825,65.06430842607313,64.7285373608903,63.22885532591415,61.39737678855326,62.296025437201905,62.81931637519873,63.55310015898251,63.89793322734499,63.958982511923686,63.74610492845787,64.0195548489666,64.10794912559618,63.92329093799682,63.96939586645469,64.17337042925278,64.09411764705882,64.29379968203497,64.291653418124,64.32996820349761,64.339586645469,64.19244833068362,64.70961844197139,64.49626391096979,64.03275039745628,64.6070747217806,64.77424483306837,64.21494435612082,64.57154213036566,64.60405405405406,64.73489666136724,64.47925278219395,64.58195548489667,64.44554848966614,64.58887122416535,64.25278219395867,64.55731319554849,64.45826709062003,64.38052464228934,64.50119236883943,64.44570747217806,64.2366454689984,64.58155802861685,64.30556438791733,64.5170906200318,64.65405405405406,64.50540540540541,64.18473767885533,64.32003179650239,64.28767885532591,64.32694753577107,64.20492845786963,64.45031796502384,63.83179650238474,64.35453100158982,64.61343402225755,64.19157392686805,63.896104928457866,64.28473767885532,64.32098569157392,64.33211446740859,64.30794912559618,64.25325914149444,64.36033386327505,64.24197138314786,64.0077106518283,64.2781399046105,64.36263910969794,64.3654213036566,63.98012718600954,64.17949125596185,64.07655007949126,64.3724960254372,63.98441971383148,64.21987281399046,64.08243243243243,64.52337042925278,64.23616852146264,64.0543720190779,64.58640699523052
1,62.2288193032398,62.000948895214854,62.12823641046496,62.22163481089874,61.734309339840046,61.8235054900366,62.05747593872848,61.65094211739189,62.0944828521079,61.60417513894537,61.77619628575302,61.73078487189915,61.71628033075776,61.90782160769961,61.480683204554694,61.62965975328724,61.6997424427274,61.77985631015318,61.5755727260404,61.54846143418734,61.418462789751935,61.32723329266639,61.61379964755321,61.28602412904975,61.20089467263115,61.33075776060729,61.64728209299173,60.913921648366546,60.11142740951606,59.827029957977494,59.8262166192219,60.336722244814965,60.11264741764945,60.01626677511183,60.79924088382811,60.877728073742716,60.602277348515656,60.38023586823912,60.95025077944964,61.15521214585875,60.832181103429576,61.63860647959875,61.24345940084045,61.25064389318151,60.30500203334689,59.66354886810357,59.1893723735936,59.90619493018843,59.73674935610682,59.713026975735396,60.16822556594822,60.08024942388505,60.629117527450184,60.51999457774163,60.87732140436492,60.927206181374544,61.04974922055036,60.99281550765894,61.10451403009353,60.987528805747594,61.3104242917175,61.082553883692555,61.26257286159686,61.43012064524875,60.9312728751525,61.41656499932222,61.53097465094212,61.055578148298764,61.11359631286431,61.49193439067371,61.74366273552935,61.11712078080521,61.1663277755185,61.04459807509828,61.05300257557273,60.99511996746645,61.220279246306085,61.079707198047984,61.01342008946726,60.9773620713027,61.46644977633184,61.262979530974654,61.156432153992135,61.21702589128372,61.03483801003118,61.26691066829334,61.36681577877186,61.014504541141385,61.01491121051918,60.98291988613257,61.13975870950251,61.18245899417107,61.17825674393385,60.72726040395825,61.16334553341467,61.2092991731056,61.113867425782836,60.965704215805886,60.82052324793276,60.85183679002304,61.14219872576928,61.03050020333469,60.843567846007865,61.02833129998645,60.91039718042565,60.48718991459943,60.86241019384574,60.702860241290495,60.66788667480005,60.70746916090552,60.77456960824183,60.65961773078487,60.87447471872035,60.473769825132166,60.68971126474177,60.63670868916904,60.80913650535448,60.68618679680087,60.460214179205636,60.84899010437847
2,61.94334427618342,61.79641003918246,61.77856613364397,61.669543577252995,61.92640050831304,61.62829609234353,61.98670973207667,61.43106004447739,61.80567616223658,61.804458328920894,61.658741925235624,61.857778248437995,61.776448162660174,61.98077941332204,61.68664619294716,61.93868474001906,61.89510748702743,61.943450174732604,62.04998411521762,62.015461188181725,61.768082177274174,61.52255639097744,61.88303505241978,61.586148469765966,61.504871333262734,61.611987715768294,60.85290691517526,59.808959017261465,59.65847717886265,60.192629460976384,60.44742137032723,61.2531504818384,60.92687705178439,60.89362490733877,61.27332415545907,61.407709414381024,61.26601715556497,61.05676162236578,61.273483003282855,61.3984962406015,61.220163083765755,61.614423382399664,61.34009319072329,60.3609022556391,58.91565180557026,59.23890712697236,59.828179603939425,60.41459282007836,60.815312930212855,60.61659430265805,60.657365244096155,60.64460446891878,60.97251932648523,60.952027957216984,60.90606798686858,60.984697659642066,60.9225881605422,60.90442655935614,61.017738006989305,60.9686540294398,60.95700518902891,60.851212538388225,61.24520809064916,61.154241236895054,60.820978502594514,61.17526209890924,61.375357407603516,60.905909139044795,61.24806735147728,61.10330403473473,61.17526209890924,60.98109710896961,60.93540188499418,61.01069575346818,61.0428889124219,61.13030816477814,61.05808535423065,61.03462882558509,60.90940379116806,61.113311447633166,61.373345335168906,61.04897807900032,60.989780790003174,60.93333686328497,61.08334215821243,60.96076458752515,61.01747326061633,60.78439055384941,61.02869850683046,60.947474319601824,60.920999682304355,60.96161177591867,61.06295668749338,60.6380917081436,60.950598326802925,61.15318225140316,60.78264322778778,60.54320660806947,60.93010695753468,60.86233188605316,61.252673938367046,60.937096261781214,60.82886794450916,61.044424441385154,60.978873239436616,60.53611140527375,60.77448903950016,60.77252991634015,60.95165731229482,60.662077729535106,60.82166684316425,60.800593031875465,61.075082071375626,60.56046807158742,60.79445091602245,60.774171343852586,60.78878534364079,60.92391189240708,60.614211585301284,61.1078047230753
3,60.5763356916321,60.36701634545011,60.46982190778239,60.463820444010736,60.52800683093437,60.31463771651622,60.6042449377897,60.20017077335935,60.51495486704074,60.40334227860454,60.35820931934618,60.36584532812881,60.42756769943889,60.45574530373262,60.24383996096609,60.453818004391316,60.49992681141742,60.5814101000244,60.58855818492315,60.5635764820688,60.375018297145644,60.14623078799707,60.52693339838985,60.25181751646743,59.99268114174189,60.1833373993657,60.208538667967794,59.88084898755794,59.32678702122469,59.62037082215174,59.625128080019515,60.203708221517445,59.853622834837765,59.65103683825323,60.18209319346182,60.280190290314714,60.02500609904855,59.85169553549646,60.142742132227376,60.14623078799707,59.959941449133936,60.41639424249817,60.11829714564528,59.838497194437664,59.02220053671627,59.05933154427909,59.1174432788485,59.63193461819956,59.714662112710414,59.52120029275433,59.59480361063674,59.58858258111734,59.918077579897535,59.63047084654794,59.65681873627714,59.95245181751647,59.95457428641132,59.79719443766773,59.88555745303733,59.81771163698463,59.820785557453036,59.57643327640888,60.00046352768968,59.97777506708953,59.67096852890949,60.04410831910222,60.05418394730422,59.67321297877531,60.024152232251765,59.856867528665525,60.155525737984874,59.70522078555745,59.80307392046841,59.87213954623079,59.85576969992681,59.81066113686265,59.95574530373262,59.87716516223469,59.76872407904367,59.819980483044645,60.05445230544035,59.86147840936814,59.90197609172969,59.8061966333252,59.92925103683825,59.85454989021713,59.92771407660405,59.761649182727496,59.87809221761405,59.742864113198344,59.891778482556724,59.87555501341791,59.95616003903391,59.5934130275677,59.90131739448646,60.00200048792389,59.7720907538424,59.552110270797755,59.63344718223957,59.72049280312271,59.92942181019761,59.78929007074896,59.646181995608686,59.91734569407173,59.79799951207612,59.55208587460356,59.79555989265675,59.73305684313247,59.883581361307634,59.47004147353013,59.73620395218346,59.7019516955355,60.00744083922908,59.46199072944621,59.71741888265431,59.717589656013665,59.924054647474996,59.84986582093193,59.70400097584777,60.06247865333008
4,64.49282521759586,63.90411667842861,63.79670665725712,63.91394965890379,63.86939543636792,63.60621030345801,64.08195718654434,63.57285344624794,63.96320865678664,63.77685250529287,63.651187955775114,63.535497529992945,63.846953657962835,63.9020936250294,63.58240414020231,63.84601270289344,63.86064455422254,63.97737003058104,63.79505998588567,63.7338508586215,63.72095977417079,63.49875323453305,63.75803340390496,63.61477299458951,63.466807809927076,63.478663843801456,63.3550223476829,62.01872500588097,61.189696541990116,61.53761467889908,61.809080216419666,62.54594213126323,62.436367913432136,62.42277111267937,63.1403904963538,63.15088214537756,62.91959538932016,62.86031521994825,62.95483415666902,63.15944483650906,63.00522230063515,63.50416372618208,63.14246059750647,62.659139026111504,60.64431898376853,60.64191954834157,60.88007527640555,61.78183956716067,62.21392613502705,62.12552340625735,62.21947776993648,62.30228181604328,62.587203011056225,62.50646906610209,62.53620324629499,62.68769701246765,62.833639143730885,62.590778640319925,62.79007292401788,62.528863796753704,62.57003058103975,62.54330745706893,63.088214537755825,63.00710421077394,62.38997882851094,62.83914373088685,63.15563396847801,62.47367678193366,62.82860503410962,62.81430251705481,62.819807104210774,62.582215949188424,62.631804281345566,62.61500823335686,62.766078569748295,62.64761232651141,62.75248176899553,62.49611856033874,62.64493060456363,62.59124911785462,62.722324159021404,62.52392378263938,62.63434486003293,62.58828510938603,62.55450482239473,62.36692542931075,62.62103034580099,62.411526699600095,62.48478005175253,62.40414020230534,62.49023759115502,62.526040931545516,62.602634674194306,62.25829216654905,62.49423665019995,62.663420371677255,62.493389790637494,62.21124441307928,62.368430957421786,62.30289343683839,62.43824982357093,62.45288167490003,62.38974358974359,62.370501058574455,62.423759115502236,62.151070336391435,62.43425076452599,62.15483415666902,62.42526464361327,61.98819101387909,62.46158550929193,62.379157845212895,62.42248882615855,62.086285579863564,62.26751352622912,62.2076217360621,62.242531169136676,62.302517054810636,62.0969654199012,62.48214537755822
5,57.83626373626374,57.60959040959041,57.71158841158841,57.555644355644354,57.592207792207795,57.30549450549451,57.87342657342657,57.35404595404595,57.666033966033964,57.50479520479521,57.503796203796206,57.532467532467535,57.68501498501499,57.76573426573427,57.64945054945055,57.55024975024975,57.74275724275724,57.81898101898102,57.707692307692305,57.71608391608392,57.564835164835166,57.51618381618382,57.59150849150849,57.49520479520479,57.17762237762238,57.21028971028971,57.467732267732266,57.392607392607395,56.96973026973027,56.96813186813187,56.96713286713287,57.28671328671329,56.98171828171828,56.85784215784216,57.37902097902098,57.38431568431569,57.22637362637363,56.90529470529471,57.11198801198801,57.31898101898102,57.18331668331668,57.52677322677323,57.215384615384615,57.11938061938062,56.56013986013986,56.833666333666336,56.856843156843155,56.97872127872128,56.60669330669331,56.67932067932068,56.87052947052947,56.72607392607392,57.03766233766234,56.98001998001998,56.84975024975025,56.96133866133866,56.99060939060939,56.87612387612388,56.92357642357642,56.86303696303696,57.03066933066933,56.84155844155844,57.22977022977023,57.076323676323675,56.72907092907093,57.08031968031968,57.2053946053946,56.81668331668332,57.130969030969034,57.11278721278721,57.16533466533467,56.97922077922078,57.02847152847153,56.94195804195804,57.04835164835165,57.05254745254745,56.952847152847156,56.96413586413586,56.984515484515484,57.17952047952048,57.2006993006993,56.897702297702295,57.03046953046953,57.13996003996004,57.004095904095905,56.804795204795205,56.95074925074925,56.78641358641359,56.911988011988015,56.86803196803197,56.93866133866134,57.032267732267734,57.15944055944056,56.65254745254745,56.833966033966036,56.855444555444556,56.78311688311688,56.82017982017982,56.78261738261738,56.97972027972028,56.792307692307695,56.90869130869131,56.91058941058941,57.04135864135864,56.77282717282717,56.8025974025974,57.0014985014985,56.65014985014985,56.62477522477523,56.65504495504496,56.7977022977023,56.81528471528472,57.08881118881119,56.64175824175824,56.867732267732265,56.776723276723274,56.98031968031968,56.81318681318681,56.66803196803197,57.104195804195804
6,59.553016056704756,58.47200925791986,59.034572544481414,58.840879502386805,58.960075220598874,58.62736872558947,59.30768118038478,58.52046868219297,58.823231592651524,59.01359756979603,58.729495154057574,58.75061478374078,58.865036887024445,58.987848980182264,58.80341385794879,59.13105742803414,58.97613192535802,59.16100101258498,58.8686532619702,59.20671199189932,58.879068421813976,58.89555909156661,58.981773470273396,58.86662809200058,58.53898452191523,58.68957037465645,59.04585563431217,58.697671054534936,58.550122956748154,58.56343121654853,58.48444958773326,58.83465933748011,58.71083465933748,58.24475625632866,58.84449587733256,58.730797049038046,58.57008534644872,58.539997106900046,58.410820193837694,58.58643136120353,58.5508462317373,58.81035729784464,58.53840590192391,58.30218429046724,57.663243165051355,58.00853464487198,58.06437147403443,58.573991031390136,58.58729929119051,58.33256184001157,58.400260378996094,58.332706495009404,58.70389121944163,58.353102849703454,58.34630406480544,58.381599884276,58.52422971213655,58.27267467090988,58.505569217416465,58.35339215969912,58.15810791262838,58.03327064950094,58.37205265441921,58.493996817590045,58.16534066251989,58.62404166063938,58.535368146969475,58.01417618978736,58.31071893533922,58.49182699262259,58.463763923043544,58.202083031968755,58.27976276580356,58.19861131202083,58.362216114566756,58.24070591638941,58.456820483147695,58.24012729639809,58.11847244322291,58.29321568060176,58.381455229278174,58.23593230146101,58.20685664689715,58.12527122812093,58.39519745407204,58.10530883842037,58.294951540575724,57.98119485028208,58.15550412266744,58.04701287429481,58.08766092868509,58.10617676840735,58.158252567626214,57.91349631129756,58.23101403153479,58.286416895703745,58.022276869665845,57.87660928685086,57.92579198611312,57.95342109069868,58.29553016056705,58.14899464776508,57.82930710256039,58.244177636337334,58.11847244322291,57.69275278460871,58.12237812816433,57.914219586286706,58.00564154491538,57.799942138000866,57.9175466512368,57.912917691306234,58.20917112686244,57.96716331549255,58.192246492116304,57.97063503544047,58.06017647909735,58.14581223781282,57.99797483003038,58.276580355851294
7,61.91107325383305,61.9206132879046,61.74971039182283,61.86357751277683,61.86626916524702,61.573560477001706,62.19952299829642,61.614650766609884,61.87775127768313,61.80074957410562,61.667666098807494,61.70776831345826,61.75764906303237,61.875604770017034,61.678977853492334,61.80681431005111,61.79253833049404,61.920034071550255,61.92419080068143,61.88872231686542,61.80074957410562,61.608381601362865,61.79379897785349,61.62954003407155,61.58330494037479,61.52160136286201,61.559727427597956,60.54017035775128,59.865281090289606,60.23005110732538,60.51853492333901,61.00020442930153,60.746166950596255,60.68926746166951,61.157172061328794,61.28156729131175,61.155298126064736,60.94068143100511,61.16316865417377,61.25618398637138,61.16323679727427,61.687597955706984,61.40691652470188,60.96109028960818,59.570051107325384,59.395059625212944,59.62487223168654,60.09318568994889,60.45090289608177,60.49168654173765,60.57260647359455,60.63291311754685,60.82872231686542,60.666269165247016,60.71911413969335,60.99178875638842,60.994923339011926,60.87274275979557,60.95713798977854,60.81151618398637,60.930562180579216,60.64780238500852,61.164701873935265,61.14252129471891,60.70136286201022,61.15165247018739,61.27039182282794,60.78095400340715,61.06596252129472,61.05495741056218,61.20098807495741,60.930425894378196,60.96068143100511,61.0627597955707,60.930562180579216,60.94967632027257,61.07124361158433,60.97771720613288,60.90211243611584,60.96425894378194,61.01097103918228,61.00565587734242,61.11052810902896,60.978568994889265,60.94408858603067,60.92166950596252,60.96732538330494,60.731243611584325,60.89710391822828,60.8424531516184,60.88596252129472,60.86129471890971,61.06466780238501,60.64855195911414,61.007291311754685,61.03706984667802,60.770323679727426,60.58770017035775,60.734684838160135,60.81114139693356,60.89301533219761,60.87253833049404,60.835604770017035,60.894310051107325,60.83148211243611,60.54633730834753,60.766132879046,60.67526405451448,60.77390119250426,60.522350936967634,60.71028960817717,60.81461669505963,60.88620102214651,60.553867120954,60.620408858603064,60.61884156729131,60.65533219761499,60.82609880749574,60.683679727427595,60.994105621805794
8,58.70330833700926,58.74177326863696,58.75024261138068,58.83043670048522,58.68760476400529,58.60158800176445,59.10842523158359,58.466166740185265,58.968239964711074,58.5645346272607,58.650904278782534,58.5985002205558,58.628936921041024,58.73480370533745,58.483987648875164,58.62593736215263,58.74247904719894,58.86881340979268,58.888222320247024,58.37423908248787,58.541420379355976,58.297573886193206,58.34644905161006,58.41799735333039,58.22743714159682,58.155094838994266,58.271460079400086,58.17247463608293,57.81826202029114,57.906837229819146,57.98614909572122,58.27940008822232,58.06307895897662,57.85275694750772,58.32765769739744,58.63467137185708,58.28195853550948,58.001852668725185,58.18906043228937,58.250816056462284,57.997088663431846,58.58341420379356,58.22796647551831,58.29395677106308,57.73215703573004,57.785531539479486,57.70092633436259,58.101455668284075,58.12562858403176,57.84119982355536,57.82073224525805,57.820202911336565,58.18103220114689,58.019673577415084,57.995412439347156,58.22020291133657,58.287957653286284,58.10930745478606,58.11548301720335,58.051698279664755,58.056197617997356,57.90445522717248,58.46951918835465,58.51918835465373,58.02911336568152,58.26034406704896,58.59038376709307,58.012880458756065,58.38747243052492,58.38314953683282,58.348213498015,58.0326422584914,58.043052492280545,58.26687251874724,58.388531098367885,58.136832818703134,58.177326863696514,58.27154830172034,58.114865460961624,58.08998676665196,58.188001764446405,57.982002646669606,58.20194089104543,58.04234671371857,58.28681076312307,57.84234671371857,58.00970445522717,57.937273930304364,58.172651080723426,58.177415086016765,58.01340979267755,57.98456109395677,58.15218350242611,57.89977944419938,58.123070136744595,58.339391265990294,57.888575209528014,57.59073665637406,58.011468901632114,58.09245699161888,58.015615350683724,58.05690339655933,57.768416409351566,58.08275253639171,57.814027348919275,57.63634759594177,57.884075871195414,57.67472430524923,57.883458314953685,57.2801058667843,57.84755183061314,57.90666078517865,57.831936479929425,57.534891927657696,57.777591530657254,57.70013233348037,57.740714600794,57.95112483458315,57.609086898985446,58.280723423026025
9,58.47092030983327,58.1705395825128,58.21307601417881,58.21622686096889,58.288039910726006,57.96744124983589,58.31764474202442,57.833530261257714,58.2800315084679,58.29178154128922,58.10312458973349,58.05914401995536,57.99468294604175,58.19390836287252,57.99599579887094,58.34317972955232,58.24163056321386,58.19896284626493,58.185703032690036,58.186490744387555,58.10470001312853,57.848102927661806,58.12301431009584,57.875869764999344,57.66148089799133,57.806485492976236,57.76618091111986,57.675725351188134,57.437245634764345,57.62399894971774,57.64717080215308,58.17697256137587,57.755021662071684,57.40554023893922,57.79617959826703,57.95083366154654,57.86438230274386,57.581068662202966,57.679729552317184,57.80287514769594,57.551135617697255,58.04706577392674,57.74248391755284,57.60312458973349,56.950899304188,57.28364185374819,57.31127740580281,57.67920441118551,57.722003413417355,57.26401470395169,57.44486018117369,57.38059603518445,57.51785479847709,57.502100564526714,57.29486674543784,57.55317053958251,57.55284232637521,57.4008139687541,57.378889326506496,57.27642116318761,57.44623867664435,57.13167913876855,57.54883812524616,57.6731652881712,57.159577261388996,57.54791912826572,57.77602730733885,57.143560456872784,57.62925036103453,57.568924773532885,57.65301299724301,57.17060522515426,57.48306419850335,57.531967966390965,57.398910332151765,57.35059734803728,57.45949849021925,57.36247866614153,57.19988184324537,57.23454115793619,57.48221084416437,57.30024944203755,57.57863988446895,57.30484442693974,57.28180385978732,57.23539451227517,57.39589077064461,57.23605093868977,57.446501247210186,57.26552448470527,57.28547984770907,57.33582775370881,57.28127871865564,56.93678613627412,57.21202573191545,57.481160561901014,57.16279375082053,57.12065117500328,57.142575817250886,57.21301037153735,57.35978731784167,57.276683733753444,57.137193120651176,57.41453328081922,57.30169358014967,56.858146251805174,57.0968885387948,57.26250492319811,57.19824077720887,56.769594328475776,57.161940396481555,57.15938033346462,57.33149533937246,56.9153866351582,57.113299199159776,57.189641591177626,57.12800315084679,57.32558750164107,56.97164237888933,57.45949849021925
10,60.20937858665355,60.01705197573373,60.05082800459092,60.09706509263814,60.08788325955074,59.86915887850467,60.13297261846204,59.61436301032956,59.94999180193474,60.17740613215281,59.69601574028529,59.57156910969011,59.87883259550746,59.942613543203805,59.88637481554353,59.822429906542055,60.06296114117068,60.251516642072474,59.99442531562551,59.951795376291194,59.62321692080669,59.711100180357434,60.240203312018366,59.95802590588621,59.60272175766519,59.54582718478439,59.80668962124938,59.41367437284801,58.950811608460405,59.25561567470077,59.2193802262666,59.41777340547631,59.21511723233317,58.93212001967536,59.68404656501066,59.699458927693065,59.38088211182161,59.139858993277585,59.40744384325299,59.51828168552222,59.37891457616003,59.75586161665847,59.58681751106739,59.406132152811935,58.880800131169046,58.94195769798328,59.015904246597806,59.10673880964092,59.33480898507952,58.9185112313494,59.11214953271028,58.94802426627316,59.560419740941136,59.036727332349564,59.22183964584358,59.369896704377766,59.15117232333169,59.15576323987539,59.3618626004263,59.05771437940646,58.914576160026236,58.85407443843253,59.249057222495495,59.35759960649287,58.97704541728152,59.13084112149533,59.52320052467618,58.88014428594852,59.15264797507788,59.11756025577964,59.175438596491226,58.914576160026236,59.065584522052795,59.200688637481555,59.07083128381702,59.1706837186424,59.14854894244958,59.13444827020823,58.76078045581243,59.05377930808329,58.92654533530087,58.936219052303656,58.999836038694866,58.881455976389574,59.04476143630103,59.11969175274635,59.2480734546647,58.858009509755696,59.055582882439744,58.778652238071814,58.842761108378426,58.858009509755696,58.935891129693395,58.87211018199705,58.850467289719624,58.95064764715527,58.81308411214953,58.607312674208885,58.64977865223807,58.75750122970979,59.1183800623053,58.53238235776357,58.76405968191507,58.91244466305952,58.87342187243811,58.69109690113133,58.78373503853091,58.68240695195934,58.83603869486801,58.396130513198884,58.8980160682079,58.68339071979013,58.9549106410887,58.504344974586,58.28939170355796,58.49795048368585,58.925561567470076,58.63305459911461,58.66158386620757,58.9636005902607
11,57.090142671854736,57.77380025940337,57.990012970168614,57.76485084306096,57.66913099870298,57.398313878080415,58.0378728923476,57.68560311284047,57.733333333333334,57.8284046692607,57.636705577172506,57.605706874189366,57.70700389105058,57.94396887159533,57.48313878080415,57.86199740596628,57.91452658884565,57.695071335927366,57.86653696498055,57.88158236057069,57.69597924773022,57.61997405966277,57.75252918287938,57.54033722438392,57.46381322957198,57.603501945525295,57.811284046692606,57.52360570687419,57.06964980544747,57.45706874189364,57.21686121919585,57.75239948119326,57.15473411154345,57.16225680933852,57.60453955901427,57.75175097276264,57.512581063553824,57.31841763942931,57.459143968871594,57.594682230869005,57.33566796368353,57.75408560311284,57.35940337224384,57.484046692607,56.80557717250324,57.019325551232164,56.89688715953307,57.29182879377432,57.22166018158236,56.91569390402075,57.04993514915694,56.9822308690013,57.378858625162124,57.13813229571984,57.10246433203632,57.309338521400775,57.463035019455255,57.188975356679634,57.54928664072633,57.230609597924776,57.14124513618677,57.16822308690013,57.59195849546044,57.43177691309987,56.95538261997406,57.438132295719846,57.708430609597926,56.93281452658884,57.44721141374838,57.38793774319066,57.42399481193255,57.27704280155642,57.24811932555123,57.34072632944228,57.34189364461738,57.25823605706874,57.39961089494163,57.17016861219196,57.46822308690013,57.289105058365756,57.461219195849544,57.39753566796368,57.387418936446174,57.295460440985735,57.23839169909209,57.136705577172506,57.367444876783395,57.14682230869001,57.25045395590143,57.28651102464332,57.34461738002594,57.284695201037614,57.2810635538262,57.04889753566796,57.20687418936446,57.36147859922179,57.33086900129702,56.73476005188068,57.15136186770428,57.0485084306096,57.33774319066148,57.360700389105055,57.065888456549935,57.240337224383914,57.42866407263294,56.87055771725032,57.172892347600516,56.985473411154345,57.34189364461738,57.01997405966278,57.21180285343709,57.155252918287935,57.15434500648509,56.76186770428016,57.27094682230869,56.891439688715955,57.10804150453956,57.13216601815824,56.9958495460441,57.560959792477306
12,58.54572133662376,58.58520642966718,58.43627025945441,58.490962449142934,58.583138798105786,58.3253518308544,58.78636697125325,58.07957046621757,58.45467885013006,58.351230574267994,58.294737544187285,58.42433135463216,58.37904355365838,58.43580337490829,58.24464750216768,58.429533782431804,58.52631227906356,58.5726005469219,58.38217834989662,58.374441405989465,58.33348896151537,58.06576402321083,58.35776695791369,58.0910424864937,57.93216834522777,58.15774027879677,58.02741279263656,57.98872807310078,57.409257653571665,57.72060294804242,57.64396718468619,58.147402120989796,57.64169945974788,57.58220502901354,57.97678916827853,58.013139465083704,57.77189355032348,57.54358700727006,57.80630961115187,57.88608017074635,57.73941172547189,58.166010805042355,57.97865670646301,57.65183752417795,57.10831721470019,57.085973454278665,57.2082305075702,57.482625225105046,57.6919228973521,57.4728873474288,57.285666644434066,57.46154872273728,57.76335623290869,57.55025678650037,57.34149269659174,57.6963249516441,57.554125258453944,57.520776362302406,57.58874141265924,57.362969385713335,57.57646901887548,57.2972720602948,57.810978456613086,57.762755952777965,57.38998199159608,57.74634829587141,57.9045554592143,57.30834389381712,57.7526845861402,57.55145734676182,57.751484025878746,57.447608884145936,57.5921430000667,57.823717734942974,57.776295604615484,57.5791369305676,57.85519909291003,57.69432401787501,57.503301540719,57.673047422130324,57.772827319415725,57.53751750817048,57.770559594477426,57.62189021543387,57.74054558794104,57.703595011005135,57.58694057226706,57.406989928633365,57.43286867204696,57.55919429066898,57.50863736410325,57.54365370506236,57.56733142132995,57.135663309544455,57.37624224638164,57.71960248115787,57.340959114253316,57.33008737410792,57.32368438604682,57.41065830721003,57.46561728806776,57.364970319482424,57.34122590542253,57.6681784832922,57.37417461482025,57.022410458213834,57.40372173681051,57.3014740212099,57.312078970186086,57.118055092376444,57.33155472553859,57.320883078770095,57.479490428866804,57.18061762155673,57.224971653438274,57.31654772227039,57.412392449809914,57.15713999866605,57.07937037284066,57.59534449409725
13,59.3284545606322,59.27937002615616,59.17329845845623,59.19099560353943,59.25020869274862,58.89621013968501,59.395236240191444,58.97445600756859,59.37180700094607,59.17363236685403,59.1637264177194,59.171350659469084,59.32500417385497,59.275585730981135,59.03789860314987,59.295620234848904,59.372641771940565,59.28654905670878,59.40386220713451,59.34604040291613,59.112415827258054,59.09393956258,59.43508264232845,59.01474762090267,58.920752406923036,58.93794868940954,59.13651288329901,58.32500417385497,57.3960153597863,56.96499526963103,57.016027603094216,57.16667594189994,57.09616561856531,57.12248873059158,57.59775168345484,57.84974122099171,57.83388057209639,57.614001892147584,58.04040291613334,58.104958539707276,58.09076743280094,58.816406032611724,58.34681952251099,58.272079692804276,56.81635038121209,56.37909733429796,56.220379542545494,56.47142300628861,56.45044242862708,56.39796315877344,56.58973788190773,56.73921754132117,57.297178474038624,57.19166342033502,57.15643608436752,57.664032500417385,57.61116367076632,57.70872057432244,57.77271968390005,57.84195002504313,58.01675107128944,57.83376926929712,58.292225499471314,58.378485168901996,57.985864544493296,58.5214536145584,58.573265067616454,58.11798096722133,58.469475207301464,58.433468751739106,58.590238744504425,58.27324837219656,58.464522232734154,58.58784573432022,58.42940619956592,58.48377761700707,58.522900550948854,58.51010072903333,58.45105459402304,58.42367410540375,58.65607435026991,58.51510935500028,58.61222104735934,58.502532138683286,58.6683176581891,58.62980688964328,58.77238577550225,58.33435360899327,58.512771996215704,58.31259391173688,58.49785742111414,58.57638154599588,58.71317268629306,58.20357281985642,58.61238800155824,58.790750737381046,58.44409816906895,58.3989092325672,58.36201235461072,58.53992987923646,58.73938449552006,58.526350937726086,58.52835438811286,58.69747899159664,58.58762312872169,58.20212588346597,58.63080861483666,58.370415715955254,58.69007735544549,58.296621960042295,58.66419945461628,58.52401357894151,58.857921976737714,58.39829706717124,58.46880739050587,58.5457732761979,58.72035171684568,58.68501307807892,58.475429907062164,58.98547498469586
14,67.24253993770722,65.90927358585351,65.5808299005325,65.6879332864463,65.60092434441877,65.28915904752336,65.80538531096153,65.18074952275695,65.7995579222345,65.5170300411936,65.54857831809505,65.45031648749121,65.57309353963629,65.76680397869988,65.51481965236611,65.6292575102984,65.72159147995579,65.8329146990857,65.83010147694162,65.74058072942832,65.80327539435346,65.76640208982217,65.6741685923842,65.64473023209082,65.49412237516327,65.5122073746609,58.10097458052849,57.40992665527982,57.39475535014569,58.264342409323824,59.10077363608962,59.9615191399578,59.90324525268763,60.30302421380488,61.20647041093138,61.86315683713453,62.228373354767406,62.213603938511,62.813423088516025,63.21249874409726,63.37516326735658,63.92725811313172,63.76087611775344,57.22425399377072,56.36320707324425,56.85672661509093,57.23229177132523,57.88114136441274,58.86275494825681,59.36451321209685,60.178137245051744,60.55822365116045,61.55269767909173,61.93027227971466,62.32532904651864,62.885964030945445,63.05817341505074,63.39023410027127,63.60624937204863,63.649452426404096,63.65337084296192,63.89631266954687,64.328443685321,64.61549281623631,64.25791218728021,64.62513814930172,64.8108108108108,64.22726816035366,64.88887772530896,64.82196322716769,65.15834421782377,64.7148598412539,64.93338691851703,64.70501356374962,64.86416155932885,64.7145584245956,64.94986436250377,64.7645935898724,64.92705716869285,64.89420275293881,64.98513011152416,64.96161961217723,65.09544860845976,64.96644227870993,65.10398874711143,65.09062594192706,65.33527579624234,65.06420174821662,64.95850497337486,64.96935597307345,64.97769516728624,65.03084497136541,65.04973374861851,64.76780870089421,64.95739977896112,64.97749422284738,65.02612277705215,64.70883150808801,64.81503064402693,64.72510800763588,65.06520647041093,65.04420777654978,64.93117652968954,64.92163166884356,64.68702903647142,64.80056264442882,64.8716969757862,64.77484175625439,64.66191098161359,64.52124987440972,64.96885361197629,64.72550989651361,64.89852305837437,64.58625540038179,64.80126594996483,64.6725610368733,64.9534813624033,64.84728222646439,64.807595699789,65.05053752637396
15,58.71419325011558,58.62348589921405,58.79408229311142,58.72981969486824,58.965603328710124,58.750809061488674,58.83143781784558,58.424687933425794,58.91077207582062,58.778825705039296,58.600554785020805,58.89449838187702,58.62293111419325,59.09089227924179,58.531299121590386,58.59722607489598,58.83097549699492,58.90522422561258,58.88848821081831,58.68904299583911,58.805362921867776,58.33619972260749,58.65150254276468,58.64105409153953,58.31077207582062,58.4127600554785,58.325104022191404,58.2664817383264,57.78391123439667,58.002588996763755,57.90078594544614,58.428201571890895,58.01312991215904,57.896440129449836,58.384281091077206,58.329727230698104,58.04096162736939,57.82588996763754,57.78520573277855,58.048266296809985,57.981507165973184,58.20933888118354,58.073231622746185,57.76338418862691,57.254646324549235,57.47766990291262,57.51622746185853,57.74886731391586,57.719741100323624,57.331114193250116,57.62357836338419,57.728155339805824,57.988349514563104,57.66324549237171,57.54701803051318,57.77568192325474,57.790106333795656,57.83143781784558,57.687008784096165,57.822838650023115,57.67424872861766,57.58659269533056,58.04040684234859,57.93555247341655,57.570966250577904,57.91900138696255,58.164216366158115,57.54331946370781,57.935829865926955,57.95977808599168,57.853259361997225,57.97706888580675,57.85963938973648,57.9622746185853,57.976051779935275,57.9582061950994,57.99611650485437,57.95321312991216,57.94405917706889,57.90161812297735,58.12843273231623,57.89329634766528,58.15626444752658,57.82533518261673,58.04244105409154,57.91826167360148,58.13490522422561,58.058067498844196,57.89329634766528,58.0539990753583,58.04882108183079,57.86805362921868,57.9877947295423,57.748312528895056,57.86925566343042,58.08136846971799,57.8504854368932,57.46444752658345,57.75524734165511,58.029126213592235,57.9840036985668,57.87286176606565,57.948127600554784,58.14664817383264,57.878132223763295,57.885806749884416,58.003236245954696,57.81738326398521,58.01590383726306,57.574757281553396,57.85963938973648,57.833564493758665,58.12279241793805,57.70846047156727,57.94174757281554,57.830328247803976,58.17984281091077,57.93018955154877,57.88173832639852,58.29875173370319
16,57.24971958525976,57.060186578393015,57.10705003693268,57.056657456296335,57.01324104724647,56.74018548409159,57.19174896725303,56.58769458047219,56.998522693075806,56.835936858807756,56.86553771236287,56.842885672858586,56.965228572210215,57.03884770059913,56.68642792657237,56.902333597789514,56.98238174705222,57.06366098541843,57.0633874100621,56.96498235438952,56.83000027357536,56.703225453451154,56.88208902142095,56.72781987798539,56.63953711049709,56.65783930183569,56.74283916504801,55.06281290181381,54.233824857056874,54.36478538013296,54.56838016031516,55.178535277542196,55.167017755040625,55.10395863540612,55.75367274915875,56.038765627992234,55.924000766011,55.67247558339945,56.00902798675895,56.279840231991905,56.03444313736219,56.66503433370722,56.421223976144226,56.1023718983394,53.88479741744864,53.51508768090171,53.433015074002135,54.15268240636883,54.44371187043471,54.406697124723,54.64481711487429,54.80412004486636,55.34153147484474,55.372336059967715,55.36722020080431,55.74018548409159,55.97849697699231,55.73528848521325,55.97710174267502,55.87886083221623,55.9303477142779,55.88107679260252,56.283642929444916,56.34125789948841,55.93094958006183,56.37709627116789,56.577627007359176,56.01663338166498,56.41463081005663,56.404672667086146,56.53347194484721,56.27581867425382,56.29176811752797,56.44094875933576,56.416463764944055,56.249610155117225,56.39359286515471,56.414001586737065,56.411046972888684,56.48852351380188,56.50759171613821,56.32755177413618,56.59992339890023,56.432549995896366,56.544524389243016,56.550515689546685,56.61510683117665,56.4527672147293,56.44743249528082,56.41788635679698,56.40169069570213,56.47339479659672,56.48622548080869,56.238366207971985,56.44770607063716,56.631001559379534,56.41203184417148,56.25075917161382,56.33072524826964,56.282685415697756,56.565343473859876,56.45410773397532,56.40527453287008,56.59995075643586,56.43687248652641,56.21150110798019,56.5291768117528,56.36128361557191,56.436626268705716,56.07679260252237,56.43837715098624,56.3249254507154,56.57037726041638,56.17533444587312,56.27486116050666,56.34090225152518,56.606653352665994,56.378901868519684,56.304680874346836,56.66522583645665
17,71.06794297352342,69.94395112016294,69.71446028513239,69.49270875763747,69.37613034623217,69.00399185336049,69.4751934826884,68.68431771894093,68.72350305498982,68.35389002036659,68.57189409368635,68.9322199592668,69.3593482688391,69.43494908350306,69.46175152749491,69.79454175152749,69.90541751527495,70.04016293279022,70.17042769857434,70.11112016293279,70.08822810590631,69.91421588594704,70.20448065173116,70.03299389002036,70.170183299389,70.08236252545825,57.34460285132383,57.10427698574338,57.21857433808554,58.28651731160896,59.14044806517312,60.878859470468434,61.4610183299389,61.890346232179226,62.80382892057027,63.536863543788186,63.801466395112016,63.96928716904277,64.48480651731161,64.93173116089613,64.96586558044807,65.72904276985743,65.72961303462321,56.72057026476578,56.06012219959267,56.74549898167006,56.78321792260692,57.13034623217923,57.810183299389,58.42468431771894,59.19266802443992,59.54892057026476,60.35551934826884,60.768798370672094,61.112179226069244,61.8624032586558,62.3186150712831,62.63714867617108,63.09767820773931,63.28945010183299,63.541181262729125,63.58395112016293,64.36651731160896,64.45246435845213,64.29059063136457,64.6359266802444,64.99918533604888,64.72936863543788,65.18663951120163,65.22321792260692,65.27845213849287,65.00097759674135,65.10720977596742,65.45311608961303,65.37262729124237,65.29327902240325,65.67690427698574,65.66248472505092,65.57075356415478,67.21002036659878,67.60024439918534,67.83975560081467,67.94419551934827,67.70753564154786,68.0508350305499,68.02615071283095,68.19837067209777,67.96725050916497,68.21401221995927,68.26052953156822,68.26672097759675,68.4725050916497,68.42558044806518,68.10598778004073,68.37890020366599,68.59560081466395,68.07071283095723,68.17523421588595,68.37417515274949,68.499633401222,68.62949083503055,68.48040733197556,68.35519348268839,68.37922606924644,68.45409368635438,68.20162932790224,68.53784114052954,68.22411405295315,68.31299389002037,67.95625254582485,68.29653767820774,68.25156822810591,68.61230142566191,68.04130346232179,68.33841140529532,68.11038696537678,68.3742566191446,68.30272912423625,68.14484725050916,68.44008146639511
18,59.17952883834281,59.94516653127538,59.85932845924722,60.10222041700514,60.202409964798264,59.833468724614136,60.42919036014081,59.733685350663414,60.302464121310585,60.09883563498511,60.20362848632548,60.160032493907394,60.29041429731925,60.1967235310046,60.27484430002708,60.450852965069046,60.2323314378554,60.50798808556729,60.568507988085564,60.34159220146223,60.30815055510425,60.0269428648795,60.31343081505551,60.0798808556729,60.034118602761986,60.442729488220955,59.64920119144327,59.36339019767127,59.11738424045492,59.20985648524235,59.494855131329544,60.124424587056595,59.9289195775792,59.559707554833466,60.07487137828324,60.07974546439209,59.94760357432981,59.53939886271324,59.980097481722176,60.011102085025726,59.79691307879772,60.358651502843216,60.11332250203087,59.381668020579475,58.54386677497969,58.74465204440834,59.260357432981316,59.5892228540482,59.78120769022475,59.58597346330896,59.56932033577038,59.82764689953967,60.03290008123477,59.651232060655296,59.60438667749797,60.009477389656105,60.105740590305984,59.825616030327645,60.17655023016518,59.940834010289734,59.94570809639859,59.71730300568643,60.23923639317628,60.218521527213646,60.143379366368805,60.264689953966965,60.3570268074736,59.96791226645004,60.44963444354184,60.39791497427566,60.30503655564581,60.23178987273219,60.193609531546166,60.46033035472516,60.62956945572705,60.381532629298675,60.521662604928245,60.38694828053073,60.3302193338749,60.58164094232331,60.49769834822637,60.635120498239914,60.66693744922827,60.53290008123477,60.43298131600325,60.81573246682914,60.668562144597885,60.18169509883563,60.5626861630111,60.452883834281074,60.3841050636339,60.44002166260493,60.68900622799892,60.32602220417005,60.645410235580826,60.670051448686706,60.51042512862172,60.42702409964798,60.42215001353913,60.520173300839424,60.52558895207149,60.54643920931492,60.58177633360412,60.86244245870566,60.76726238830219,60.254129434064446,60.60086650419713,60.75277552125643,60.81397238017872,60.176685621445976,60.65339832114812,60.65285675602491,60.87205523964257,60.482399133495804,60.748036826428375,60.67099918765231,60.614134849715676,60.699837530463036,60.595315461684265,61.24668291362036
19,74.87924046832784,74.24129390573401,74.28782647853498,74.0928399879916,73.95872110477335,73.84028820174122,74.25352746922846,73.69768838186731,73.88404383068148,73.82933053137197,73.89867907535275,73.91496547583309,73.97981086760733,73.96645151606124,74.03549984989493,74.1902581807265,74.1463524467127,74.02086460522365,74.34569198438908,74.21592614830381,74.098393875713,73.78354848393876,74.19160912638847,73.97305613929751,73.92885019513659,73.76433503452417,73.07032422695887,60.995496847793454,55.7475232662864,54.77739417592315,55.87909036325428,58.6618132692885,60.48431401981387,62.577454217952564,65.0683728610027,66.67434704293005,67.573626538577,68.23348844190933,69.40228159711798,70.14154908435906,70.39890423296308,71.34959471630141,71.32347643350346,68.79990993695587,54.97050435304713,52.26365956169319,51.98078655058541,53.31176823776644,55.17412188531972,57.174572200540375,59.59846892824977,61.1695436805764,63.305388772140496,64.43395376763735,65.73273791654158,66.8672320624437,68.03167217051936,68.69566196337436,69.13637045932153,69.76703692584809,70.27694386070249,70.28610027018914,71.16331432002401,71.37301110777544,71.24594716301411,72.04945962173521,72.26966376463524,72.0157610327229,72.51538577003903,72.5336985890123,72.67509756829782,72.5832332632843,72.73934253977785,72.93958270789553,72.9613479435605,72.65978685079556,73.06672170519363,73.02529270489343,72.88494446112279,73.07445211648154,73.3508706094266,73.1519063344341,73.32617832482738,73.24917442209546,73.4310267187031,73.51501050735514,73.50217652356649,73.32865505854097,73.49827379165416,73.15003002101471,73.46622635845091,73.59734314019813,73.57865505854097,73.45346742719904,73.42044431101772,73.63697087961573,73.35124587211048,73.14747823476434,73.31702191534073,73.569948964275,73.61317922545783,73.59396577604323,73.30133593515461,73.5733263284299,73.74497148003603,73.35544881416992,73.63441909336535,73.29653257280096,73.51238366856799,73.15445812068448,73.4365806064245,73.5250675472831,73.79773341338937,73.368808165716,73.51245872110478,73.60694986490543,73.86468027619334,73.62833983788651,73.52146502551786,73.71127289102371
20,57.45933326803148,57.24328207137493,56.99918372677703,56.80647794429751,56.7289972899729,56.43024129036471,56.90051261958403,56.333953700982796,56.68723675188559,56.59209194501584,56.4322982988866,56.56094295882718,56.64652104352369,56.7557384007575,56.52368824893068,56.65592451105234,56.67211937179613,56.83106409377347,56.76468475528129,56.75266921343912,56.72498122571587,56.480033956966075,56.59078590785908,56.455121298200936,56.376204003003885,56.53054494400366,55.87919156299997,55.978156528553235,56.13478303457733,56.4231560387893,56.21095765174519,56.615339406406115,56.240049629411956,55.96989584353675,56.462435106278775,56.531295915368794,56.15274104548274,56.025663630130275,56.23763346067196,56.319032226466845,56.11078460182192,56.595454990694485,56.2922258138244,55.45038691350769,55.30913899500441,55.8064452933686,56.11300486498841,56.28461814738629,56.42377640643876,56.02556567734352,56.04891109152055,55.985568289417834,56.17402945113788,55.957488490547554,55.91527083945538,56.18202892872302,56.09227152512489,55.961145394586474,56.07281157148921,55.89048878440592,55.89088059555294,55.83223952721455,56.310477683090085,56.24462075946061,55.81000424462076,56.19094263231789,56.378750775459565,55.8228360596859,56.17115616939302,56.12805694322004,56.27714108466386,55.99242498449081,56.08691677278219,56.124432690110034,56.156332647663824,55.96676135436053,56.17997192020113,56.11094785646652,56.081562020439485,56.009632024031085,56.23005844516276,56.01972116106703,56.25830149867764,56.03509974858785,56.170992914748425,56.048780487804876,56.214581904855194,56.03170405198028,56.02543507362785,56.10435236882489,56.10373200117543,56.11026218695922,56.05109870375812,55.7227936134783,56.062559179808666,56.12293074737976,55.99800829333594,55.8069677082313,55.89652920625592,55.91314852907565,56.16988278316518,56.012505305775946,55.94188134652431,56.097593626538675,55.97952786756783,55.75234270414993,56.00026120743135,55.97645868024945,56.02194142423352,55.65109217357234,55.89163156691808,55.85277696150455,56.10291572795246,55.646259836092334,55.75371404316453,55.91811147027133,56.11421294935841,55.988376269304865,55.73356842002155,56.25657099944493
21,58.661960532648806,59.17840526231349,59.079095138777475,59.18017006257019,59.391946093373974,59.12818867319108,59.46334028557677,58.9537943205519,59.130434782608695,59.04412000641746,59.15802984116797,59.2274987967271,59.108454997593455,59.38264078292957,59.08775870367399,59.22493181453554,59.356650088240016,59.25300818225573,59.13957965666613,59.17583828012193,59.11551419862025,58.71971763195893,58.952350393069146,58.82704957484358,58.809080699502644,58.43414086314776,58.65281565859137,58.45531846622814,58.367078453393226,58.41408631477619,58.199101556232954,58.60324081501685,58.33932295844698,58.108454997593455,58.51002727418579,58.70736403016204,58.47039948660356,58.05663404460132,58.371891545002406,58.48580137975293,58.3707684902936,58.696614792234875,58.40943365955399,58.07043157388095,57.4315738809562,57.593775068185465,57.73961174394353,58.0397882239692,58.01315578373175,57.83667575806193,58.13990052944008,57.8876945291192,58.226054869244344,57.89042194769774,57.77747473126905,58.16091769613348,58.10075405101877,57.7725012032729,57.9011711856249,57.65313653136531,57.742660035296005,57.56537782769132,58.003690036900366,58.286860259906945,57.832504412000645,58.16605166051661,58.0046526552222,57.4660677041553,57.947376865073,57.83186266645275,58.09786619605327,57.74121610781325,57.74907749077491,57.830739611743944,57.88015401893149,57.89347023905022,57.86683779881277,57.80202149847585,57.90694689555591,57.8467832504412,57.69083908230387,57.65827049574843,58.11214503449382,57.903577731429486,57.92250922509225,57.932616717471525,58.22637574201829,57.81485640943366,57.784213059521896,58.14631798491898,57.90421947697738,58.166532969677526,58.20423552061607,57.66805711535376,58.01652494785817,58.3807155462859,57.87421787261351,57.584469757741054,57.98780683459009,57.83426921225734,58.047970479704794,57.93133322637574,57.92202791593133,58.03673993261672,58.030162040750845,57.7315899245949,57.898925076207284,57.806353280924114,57.67142627948019,57.69693566500882,57.94416813733355,57.991657307877425,58.013316220118725,57.686346863468636,57.7152254131237,57.638215947376864,57.81630033691641,57.58719717631959,57.476656505695495,57.97304668698861
22,59.883210890233364,60.069036300777874,60.0023768366465,59.84053586862576,59.821089023336214,59.706460674157306,60.032303370786515,59.52376836646499,59.789433880726016,59.703219533275714,59.77041918755402,59.84917891097666,59.92837078651685,59.957000864304234,59.706784788245464,59.74956784788245,59.96704840103717,59.98854796888505,59.86570872947277,59.86797752808989,59.87824114088159,59.69079515989628,59.99859550561798,59.70926966292135,59.4849827139153,59.60555315471046,59.068928262748486,57.199330164217805,56.796888504753674,57.5775713050994,57.73401037165082,58.61938202247191,58.61419619706137,58.50378133102852,59.21856093344857,59.335782195332754,59.317199654278305,58.84075194468453,59.11959809853068,59.50118841832325,59.28727312013829,59.59766637856526,59.39466292134831,58.22644770959378,55.929127052722556,56.30131806395851,56.5459161624892,57.774956784788245,57.839131374243735,57.77333621434745,58.27063526361279,58.25907519446845,58.69824978392394,58.65233362143474,58.55509939498704,59.054235090751945,58.975043215211755,59.04580812445981,58.94662921348315,58.98411840968021,59.04418755401902,58.90773552290406,59.31579515989628,59.438634399308555,59.07962402765774,59.289974070872944,59.39336646499568,59.0292783059637,59.315363007778735,59.388720829732065,59.497731201382884,59.21985738980121,59.28522039757995,59.4818496110631,59.34183232497839,59.08243301642178,59.41886343993085,59.388720829732065,59.152981849611066,59.210458081244596,59.44868193604149,59.55844857389801,59.5071305099395,59.47601555747623,59.39595937770095,59.32919187554019,59.38774848746759,59.16054451166811,59.541270527225585,59.43733794295592,59.58848314606742,59.364844425237685,59.721585998271394,59.12791702679343,59.22644770959378,59.50324114088159,59.29580812445981,59.17826274848747,59.155574762316334,59.409140017286084,59.476771823681936,59.25885911840968,59.32152117545376,59.55315471045808,59.34582973206569,59.14757994814175,59.491356957649096,59.31784788245462,59.30164217804667,58.95246326707001,59.2681503889369,59.20656871218669,59.579840103716506,59.10371650821089,59.22850043215212,59.27560501296456,59.543107173725154,59.43344857389801,59.158923941227314,59.60879429559205
23,56.35015980447452,56.32675314908818,55.921319796954315,55.69721752209062,55.771103590900545,55.358808046625306,55.58121827411168,55.11797330325249,55.52951682647114,55.403835307388604,55.19618349313781,55.40157924421884,55.489941718368115,55.62859560067682,55.26085730400451,55.401955254747136,55.57388606880993,55.64109795074262,55.75888324873097,55.608761045309265,55.59212257943222,55.26941154352322,55.524816694867454,55.44087234442564,55.18330513254371,55.378924609889076,54.57623613461177,54.64147396127092,54.69909757473209,55.052453468697124,55.177288964091,55.55649558187629,54.8806166572664,54.83446136491822,55.42216582064298,55.26583944350442,55.042677194961456,54.819420943786426,55.030362850159804,55.02885880804663,54.73491257755217,55.46869712351946,55.08121827411168,54.48580560255687,54.14269599548788,54.483361534122956,54.947546531302876,55.18997931942094,55.22579432224102,55.05912765557436,54.844707651814254,54.84874976499342,55.16629065613837,54.95704079714232,54.753807106598984,55.01334837375447,55.01598044745253,54.8484677570972,54.83859748072946,54.72288024064674,54.76865952246663,54.653130287648054,55.16459860876105,55.105188945290465,54.771291596164694,54.94905057341605,55.222598232750514,54.75314908817447,55.06100770821583,54.96023688663283,55.25371310396691,54.98166948674563,54.88230870464373,54.9117315284828,54.97941342357586,54.99746192893401,55.1515322429028,54.80823463056966,54.86708027824779,54.986369618349315,55.108949050573415,54.87958262831359,55.037319044933255,54.88202669674751,54.87234442564392,54.79563827787178,54.94012032336905,54.82252303064486,54.78802406467381,54.89913517578492,54.88315472833239,55.02613273171649,54.96418499717992,54.625681519082534,54.857021996615906,55.01325437112239,54.85034780973867,54.69035532994924,54.75032900921226,54.85551795450272,55.01128031584884,54.83840947546531,54.92160180485054,55.02284263959391,54.89697311524723,54.56711787930062,54.895657078398195,54.88860688099267,54.982421507802215,54.56091370558376,54.772889640909945,54.83211129911638,54.9585448392555,54.50225606316977,54.75784921977815,54.62154540327129,54.904587328445196,54.852039857116,54.74111675126903,55.16168452716676
24,61.350648065697044,61.11704759077867,60.813495597110915,60.75304244582962,60.76976353022658,60.4544375185515,60.91382210349263,60.242999901058674,60.662016424260415,60.4142673394677,60.23152270703473,60.23815177599683,60.59147125754428,60.462550707430495,60.269516176907096,60.324230731176414,60.304244582962305,60.515385376471755,60.3203720193925,60.164935193430296,60.152765410111805,59.71089344018997,60.100524389037304,59.96823983377857,59.83961610764816,59.62323142376571,59.25289403383793,58.766498466409416,58.66745819728901,59.01850202829722,59.008805778173546,59.63055308202236,59.1983773622242,58.99436034431582,59.52043138418917,59.471554368259625,59.18838428811715,59.065697041654296,59.23953695458593,59.334223805283465,59.03848817651133,59.522707034728406,59.23478777085189,58.57425546650836,57.436628079548825,58.13822103492629,58.35480360146433,58.81339665578312,58.842386464826355,58.555456614227765,58.7413673691501,58.79162956366874,59.359552785198375,58.85425942416147,58.864648263579696,58.992282576432174,59.03265063817157,59.08805778173543,58.95498169585436,58.881072523993275,58.832987038686056,58.68793905214208,59.07222716928861,59.068269516176905,58.69278717720392,59.14554269318294,59.06084891659246,58.49510240427426,59.12288512911843,58.82467596715148,59.203423369941625,58.79291580093005,58.86870485801919,59.02384485999802,58.740674779855546,58.70119719006629,58.875729692292474,58.899475610962696,58.62709013554962,58.87424557237558,59.011477194023946,58.819234194122885,58.80597605619867,58.93776590481844,58.90818244780845,58.86712179677451,58.846739883249235,58.64064509745721,58.87958840407638,58.658949243098846,58.77035717819333,58.69892153952706,58.84654200059365,58.34154546354012,58.649252992975164,58.78272484416741,58.50064311863065,58.36291679034333,58.68487187098051,58.62125259720985,58.70139507272187,58.62234095181557,58.499554764024936,58.64915405164737,58.47264272286534,58.2708024141684,58.51706737904423,58.50875630750965,58.718017215791036,58.3445137033739,58.568714752151976,58.540021767092114,58.709508261600874,58.449391510834076,58.506678539626,58.70564954981696,58.98189373701395,58.79004650242406,58.70723261106164,58.79034332640744
25,59.83457142857143,59.715428571428575,59.31028571428571,59.58728571428571,59.393,59.32514285714286,59.797714285714285,59.18757142857143,59.63185714285714,59.50085714285714,59.163714285714285,59.47557142857143,59.466142857142856,59.79342857142857,59.206428571428575,59.44,59.587428571428575,59.59871428571429,59.73414285714286,59.37042857142857,59.50828571428571,59.29257142857143,59.609857142857145,59.35585714285714,59.16,59.007714285714286,58.98157142857143,57.90542857142857,57.51242857142857,57.697714285714284,57.664142857142856,58.316428571428574,58.04757142857143,57.686142857142855,58.36414285714286,58.524857142857144,58.511857142857146,58.143857142857144,58.64642857142857,58.854285714285716,58.62,59.047285714285714,58.82828571428571,58.412285714285716,56.968714285714285,56.866142857142854,57.14514285714286,57.38057142857143,57.314,57.36185714285714,57.36528571428571,57.47342857142857,57.71814285714286,58.03471428571429,58.037285714285716,58.34457142857143,58.584,58.31514285714286,58.49842857142857,58.26985714285714,58.369285714285716,58.40414285714286,59.04342857142857,58.784,58.440714285714286,58.89085714285714,59.27457142857143,58.544,58.92242857142857,58.60485714285714,59.106,58.55114285714286,58.82757142857143,58.863142857142854,59.130857142857145,58.84642857142857,59.00271428571428,58.72971428571429,58.907,59.04071428571429,59.13157142857143,58.92657142857143,58.761428571428574,58.86757142857143,58.98242857142857,58.70557142857143,59.04385714285714,58.70028571428571,59.260714285714286,58.88485714285714,59.03042857142857,58.812,59.11442857142857,58.779857142857146,58.966,59.170857142857145,59.064571428571426,58.617,58.79157142857143,58.894285714285715,58.782,58.80357142857143,58.896857142857144,58.949285714285715,58.81057142857143,58.76,58.85928571428571,58.62157142857143,59.185857142857145,58.577,58.805142857142854,58.806714285714285,58.972142857142856,58.569857142857146,58.54542857142857,58.83757142857143,58.723142857142854,58.92614285714286,58.87614285714286,59.196
26,55.85345622119816,55.82857142857143,55.710204081632654,55.391836734693875,55.433838051349575,55.10059249506254,55.49716919025675,55.150230414746545,55.31770901909151,55.3543120473996,55.22027649769585,55.14272547728769,55.3339038841343,55.324950625411454,55.3103357472021,55.46886109282423,55.49545753785385,55.44634628044766,55.53100724160632,55.43475971033575,55.36326530612245,55.04042132982225,55.4385780118499,55.21790651744569,54.9321922317314,55.2292297564187,54.63080974325214,54.634364713627384,54.62396313364055,55.22620144832126,55.159447004608296,55.52995391705069,55.00039499670836,54.90493745885451,55.22817643186307,55.094535878867674,55.1540487162607,54.86135615536537,54.98630678077683,55.05385121790652,54.76458196181699,55.366030283080974,55.14114549045425,54.47267939433838,53.97208689927584,54.26003949967084,54.9063857801185,54.71639236339697,55.213298222514815,54.64660961158657,54.79289005924951,54.59684002633311,54.98275181040158,54.66675444371297,54.632126398946674,54.73745885450955,54.64107965766952,54.528505595786704,54.67267939433838,54.866359447004605,54.746807109940754,54.58696510862409,55.024753127057274,54.790125082290984,54.49466754443713,54.99486504279131,54.9063857801185,54.58038183015142,54.849637919684,54.907702435813036,55.06504279131007,54.69427254772877,54.615273206056614,54.9761685319289,54.68413429888084,54.97906517445688,54.810796576695196,54.680842659644505,54.71757735352205,54.80026333113891,54.88110599078341,54.74759710335747,54.93943383805135,54.81869651086241,54.90283080974325,54.86872942725477,54.891244239631334,54.52890059249506,54.86517445687953,54.605661619486504,54.9100724160632,54.823963133640554,55.04805793285056,54.44621461487821,54.802238314680714,55.03410138248848,54.503357472021065,54.603423304805794,54.71639236339697,54.68294930875576,55.00618828176432,54.537458854509545,54.668729427254775,54.777090190915075,54.593811718235685,54.42699144173798,54.59170506912442,54.674786043449636,54.68795260039499,54.50915075707702,54.571823568136935,54.811191573403555,54.948913759052004,54.314417379855165,54.575378538512176,54.539038841342986,54.86767610269914,54.874259381171825,54.57261356155365,54.904542462146146
27,64.21473829201102,64.72865013774104,64.69545454545455,64.69738292011019,64.9987603305785,64.71749311294766,64.95413223140496,64.41487603305785,64.97107438016529,64.88374655647382,64.78374655647383,64.68512396694214,64.89862258953168,64.78002754820936,64.7077134986226,65.09779614325069,64.85785123966942,65.08002754820937,64.81046831955923,65.13085399449035,64.90537190082645,64.70027548209366,64.83374655647383,64.63953168044077,64.53650137741047,64.75674931129477,62.86831955922865,61.207851239669424,61.93292011019284,62.72451790633609,63.19338842975207,64.07741046831956,63.94559228650138,64.01446280991736,64.50785123966942,64.85578512396694,64.63526170798897,64.60206611570248,64.92988980716254,64.85027548209366,64.55619834710744,65.25151515151515,64.74710743801653,62.28168044077135,59.87809917355372,61.60041322314049,62.69146005509642,63.56611570247934,63.76046831955923,63.9404958677686,64.20785123966942,64.19683195592286,64.49173553719008,64.15234159779614,64.20895316804408,64.78168044077135,64.59972451790634,64.51652892561984,64.88994490358127,64.63925619834711,64.60964187327824,64.46542699724517,64.8599173553719,64.58305785123967,64.4939393939394,64.58457300275482,64.64545454545454,63.982231404958675,64.52644628099173,64.55110192837465,64.67988980716254,64.25330578512397,64.39393939393939,64.36432506887053,64.29545454545455,64.45743801652893,64.35867768595041,64.3305785123967,64.36157024793388,64.35261707988981,64.60192837465564,64.15495867768595,64.39889807162534,63.95151515151515,64.41831955922865,64.08539944903582,64.17644628099174,64.29462809917355,64.29752066115702,64.14931129476584,64.35289256198347,64.35151515151514,64.3694214876033,63.84435261707989,64.18691460055096,64.35123966942149,64.35206611570248,63.9763085399449,64.0538567493113,64.13484848484849,64.2526170798898,64.17176308539945,64.0267217630854,64.5103305785124,64.44903581267218,63.9568870523416,64.26404958677686,64.37851239669422,64.20206611570248,64.05151515151515,64.32148760330578,64.22300275482094,64.19077134986226,63.946556473829204,64.31212121212121,64.29063360881543,64.11088154269973,64.34710743801652,63.98691460055097,64.61873278236915
28,58.846049046321525,58.50800408719346,58.443290190735695,58.396968664850135,58.19942098092643,57.8841961852861,58.548876021798364,58.04683242506812,58.36699591280654,58.12057220708447,58.2724795640327,58.325953678474114,58.256641689373296,58.19141689373297,58.03184604904632,58.12482970027248,58.2116825613079,58.36716621253406,58.260388283378745,58.33923705722071,58.24863760217983,58.31471389645777,58.365292915531334,58.09485694822888,58.1333446866485,58.12517029972752,57.853031335149865,55.78320844686648,55.26992506811989,55.944141689373296,56.154632152588555,56.96900544959128,56.68647820163488,56.75323569482289,57.39049727520436,57.64100817438692,57.57476158038147,57.255108991825615,57.689373297002724,57.79104223433242,57.427792915531334,58.126192098092645,57.837704359673026,56.71457765667575,54.70759536784741,54.79461852861036,55.20350817438692,55.69056539509537,56.30194141689373,56.025034059945504,56.386069482288825,56.70435967302452,57.008855585831064,57.04938692098093,57.03099455040872,57.33276566757493,57.47224114441417,57.34128065395095,57.57714577656676,57.54393732970027,57.42149182561308,57.127043596730246,57.563692098092645,57.708617166212534,57.38572888283379,57.78388964577657,57.83566076294278,57.31113760217983,57.99472070844686,57.89134877384196,57.92506811989101,57.42898501362398,57.764305177111716,57.80074931880109,57.78065395095368,57.6641689373297,57.87346730245232,57.81028610354223,57.64015667574932,57.85592643051771,57.87721389645777,57.80551771117166,58.063692098092645,57.729393732970024,57.88947547683924,57.81777929155314,58.07442098092643,57.76141008174387,57.82237738419619,57.66110354223433,57.7258174386921,57.66842643051771,57.80381471389646,57.5541553133515,57.81931198910082,57.75561989100817,57.575272479564035,57.46542915531335,57.58242506811989,57.60490463215259,57.837704359673026,57.71372615803815,57.89271117166213,57.872956403269754,57.691757493188014,57.57271798365122,57.81709809264305,57.666212534059945,57.817438692098094,57.354393732970024,57.90122615803815,57.841621253406,57.88828337874659,57.48399182561308,57.48739782016349,57.65991144414169,57.69158719346049,57.82237738419619,57.517370572207085,57.95316757493188
29,56.01049909895792,55.82214212959335,55.53929326960746,55.50560213116039,55.23474104834287,55.04771605421923,55.47081407192666,54.723262555825436,55.169239207082974,54.99490715349056,55.05586460863433,55.08524641541957,54.84854657995769,55.15999373188122,55.10201363315835,55.15137506855755,55.135861474574945,55.16344119721069,55.23575961764475,55.17676094962,55.11290448954008,54.91091436182715,55.0965290292251,54.97868839614511,54.90143383217112,54.9727336833033,53.142521350779596,52.667633001645385,52.86617566402883,53.20026639504819,53.429366136488284,53.99122463370681,53.645224477003836,53.43955182950717,54.03839222753271,54.09927133119172,53.951657133902685,53.695604481704926,53.96160777246729,54.11055394499726,53.813836872208725,54.21632844942412,54.06542348977513,52.70069732821437,52.2091984643109,52.58904646243046,52.78390660503017,53.28394578077255,53.37357987933871,52.99631748021625,53.03698190080702,52.87832014416673,53.0567264749667,52.936927054767686,52.95933557940923,53.103110553944994,53.18138368722087,53.03173235132806,53.050928465094415,53.01598370289117,53.11713546971715,52.97242027736426,53.26694350857949,53.20426232077098,52.85567656507091,53.236699835461884,53.33824335971167,52.841573297813994,53.40296168612395,53.13147379142835,53.40343179503252,52.96152942098253,53.06228943038471,53.20010969207866,53.2537804591397,53.24524014730079,53.29569850348664,53.360338478414164,53.260518686829116,53.398338948523076,53.393324453498394,53.165086578390664,53.25009793935595,52.976729609026094,53.31395439943587,53.35414871111808,53.276345686750766,53.15779989030792,53.37804591397007,53.159680325942176,53.25973517198151,53.256914518530124,53.416986601896106,52.880984094648596,53.34043720128496,53.31685340437201,53.14683068244143,52.97077489618428,53.048656272036354,53.049753192823005,53.20042309801771,53.312465721225415,53.03329938102327,53.326804042936615,53.21554493457651,52.914675233095664,53.240774112669435,53.23583796912951,53.228707984016296,52.75280106558019,53.15497923685654,53.241714330486566,53.48671942333307,52.93966935673431,53.15012144480138,53.19932617723106,53.17738776149808,53.11541173705242,52.952989109143616,53.41784846822847
30,66.19599914875505,64.9642477122792,65.05022345179826,64.68897637795276,64.98074058310279,64.51095977867631,64.93700787401575,64.27984677590977,64.80272398382634,64.4878697595233,64.50691636518408,64.16758884869121,64.49829751010853,64.66184294530751,64.48510321344968,64.55926792934667,64.51287507980422,64.60640561821664,64.65567141945095,64.78867844222175,64.55713981698234,64.36486486486487,64.61332198340072,64.46839753138966,64.26016173653969,64.3938071930198,63.44456267290913,61.17705894871249,61.314109384975524,62.05990636305597,62.356352415407535,63.33432645243669,63.27101510959778,63.16439668014471,64.2276016173654,64.02713343264524,64.05958714620132,63.81464141306661,64.00287295169186,64.3043200680996,64.1464141306661,64.59033836986593,64.39210470312833,62.81400297935731,59.60470312832518,60.69525430942754,61.465843796552456,62.60129814854224,63.14247712279208,62.99585018088955,63.488401787614386,63.4220046818472,63.749521174718026,63.45477761225793,63.44935092572888,63.806128963609275,63.60885294743562,63.71653543307087,63.80698020855501,63.67833581613109,63.70004256224728,63.51255586294956,63.849329644605234,63.95222387742073,63.19482868695467,63.74590338369866,63.88582677165354,63.16822728240051,63.592679293466695,63.49648861459885,63.85848052777187,63.303043200680996,63.23919982975101,63.45126622685678,63.461161949350924,63.4162587784635,63.50521387529262,63.23409236007661,63.32709087039796,63.30474569057246,63.47158969993615,63.24888274100873,63.341136412002555,62.99467971908917,63.13992338795489,63.1457756969568,63.376888699723345,63.03894445626729,63.336560970419235,63.02809108320919,63.09704192381358,63.13226218344329,63.10491593956161,62.92104703128325,63.290700148967865,63.32741008725261,62.95084060438391,62.843690146839755,63.04320068099596,63.01361991913173,63.43307086614173,63.02000425622473,63.05479889338157,63.189189189189186,63.06128963609279,62.95275590551181,63.158650776761014,62.907214300915086,63.074803149606296,62.72270695892743,63.01872738880613,63.08108108108108,63.3049585018089,62.886465205362846,63.01766333262396,63.11172589912747,63.343902958076185,63.13641200255373,62.937433496488616,63.04618003830602
31,64.70956146657082,63.9945682562505,64.15312724658519,63.90526399872194,64.14194424474799,63.781771707005355,64.22877226615545,63.5819953670421,63.97627606038821,63.903906062784564,63.79567058071731,63.822350027957505,63.953350906621935,63.92387570892244,63.78009425672977,63.95678568575765,63.8839364166467,63.88090103043374,64.07923955587508,63.93306174614586,63.89839444045052,63.635194504353386,63.9219586228932,63.64773544212797,63.64366163431584,63.63998721942647,61.47136352743829,59.47703490694145,59.60819554277498,60.32127166706606,60.7383976355939,61.74918124450835,61.769949676491734,61.834092179886575,62.6196980589504,62.67265756050803,62.59078201134276,62.36600367441489,62.81891524882179,62.82690310727694,62.68096493330138,63.20432941928269,62.96820832334851,60.376148254652925,57.97435897435897,58.66139468008627,59.14609793114466,60.21447399952073,60.74287083632878,61.112309289879384,61.411534467609236,61.50730889048646,62.096732965891846,62.15616263279815,62.123172777378386,62.32766195383018,62.389487978273024,62.63295790398594,62.55555555555556,62.63295790398594,62.64318236280853,62.68583752695902,63.059190031152646,63.08411214953271,62.88082115184919,63.03842159916926,63.308730729291476,62.651889128524644,63.1320393002636,63.0563144021088,63.25049924115345,63.12788561386692,62.993449956066776,63.02356418244269,63.0404984423676,63.05463695183322,63.18172377985462,62.785206486141064,62.8653247064462,63.10591900311527,63.20768431983385,63.09122134355779,62.95646617141944,62.862289320233245,63.14034667305695,62.92068056554038,62.99808291397076,62.627366403067334,62.914609793114465,62.81699816279256,62.81324386931863,62.80757248981548,62.99017493410017,62.55204089783529,62.98985541976196,62.92052080837128,62.72146337566898,62.55156162632798,62.7331256490135,62.680725297547724,63.006789679686875,62.954948478312964,62.5902228612509,62.87019730010384,62.874430865085074,62.599728412812524,62.84535506030833,62.60715712117581,62.84367761003275,62.46225736879943,62.7411933860532,62.65604281492132,63.0862688713156,62.34595414969247,62.799265117022124,62.77338445562744,62.773464334212,62.901270069494366,62.60755651409857,62.91972202252576
32,56.56002824858757,56.2677436440678,56.13232697740113,55.951536016949156,56.01809675141243,55.7069209039548,56.21574858757062,55.479166666666664,55.98419844632768,55.728372175141246,55.63832980225989,55.77171610169491,55.795639124293785,55.72148658192091,55.63435734463277,55.85301906779661,55.89671610169491,55.923022598870055,55.967955508474574,56.02409957627118,55.811617231638415,55.59878177966102,55.95365466101695,55.73163841807909,55.624205508474574,55.61837923728814,55.538841807909606,54.94367937853107,54.84392655367232,55.131002824858754,55.179643361581924,55.61475988700565,55.34516242937853,54.94853460451977,55.483315677966104,55.648569915254235,55.67681850282486,55.22351694915254,55.51827330508475,55.49567443502825,55.25476694915254,55.929466807909606,55.52030367231639,55.07856638418079,54.097016242937855,54.356020480225986,54.793255649717516,55.027895480225986,55.17116878531073,55.03398658192091,55.00044138418079,54.94262005649718,55.06514830508475,55.15174788135593,55.027983757062145,55.222104519774014,55.177436440677965,55.10840395480226,55.2607697740113,54.98137358757062,55.115024717514125,54.90192443502825,55.43652895480226,55.38215042372882,55.0371645480226,55.476518361581924,55.50070621468927,54.983492231638415,55.43026129943503,55.38629943502825,55.329272598870055,55.12570621468927,55.00909251412429,55.34313206214689,55.54025423728814,55.30640889830509,55.46574858757062,55.307291666666664,55.307291666666664,55.36661370056497,55.49567443502825,55.08112641242938,55.51121115819209,55.331302966101696,55.37208686440678,55.28866525423729,55.33730579096045,55.1465395480226,55.19182556497175,55.19906426553672,55.454713983050844,55.1788488700565,55.33059675141243,54.97078036723164,55.38356285310734,55.36820268361582,55.329360875706215,55.154661016949156,55.235522598870055,55.240377824858754,55.342072740113,55.14962923728814,54.996380649717516,55.27630649717514,55.235699152542374,54.847016242937855,55.12349929378531,55.037252824858754,55.295550847457626,54.76288841807909,55.025688559322035,55.095074152542374,55.326977401129945,54.902718926553675,55.081832627118644,55.10972810734463,55.31647245762712,55.362641242937855,55.10981638418079,55.47943149717514
33,62.95766666666667,62.495,62.989333333333335,62.66983333333334,62.70883333333333,62.7995,63.114666666666665,62.39233333333333,62.80866666666667,62.6335,62.403,62.663666666666664,62.3685,62.625166666666665,62.3175,62.71633333333333,62.693333333333335,62.76016666666667,62.779666666666664,62.709833333333336,62.67333333333333,62.359833333333334,62.62583333333333,62.70766666666667,62.2425,62.409166666666664,60.370333333333335,59.842333333333336,60.19766666666667,60.91116666666667,61.41616666666667,62.01083333333333,61.499833333333335,61.47416666666667,62.053666666666665,62.173833333333334,62.047333333333334,61.756,62.037,62.0795,61.84583333333333,62.549166666666665,62.363166666666665,59.72816666666667,58.7455,59.8275,60.32083333333333,61.24883333333333,61.77166666666667,61.503,61.355666666666664,61.485166666666665,61.878166666666665,61.641333333333336,61.428333333333335,61.96083333333333,62.104,61.8105,61.746,61.718833333333336,61.89833333333333,61.8055,62.23616666666667,62.229166666666664,61.848333333333336,62.175333333333334,62.3895,61.849833333333336,61.9445,62.132666666666665,62.37133333333333,61.724833333333336,61.924,61.87083333333333,61.9785,61.823,61.78516666666667,61.9395,61.815333333333335,61.805,61.95583333333333,61.903666666666666,61.905833333333334,61.662166666666664,61.881166666666665,61.94866666666667,61.78333333333333,61.51233333333333,61.69533333333333,61.81966666666667,61.517833333333336,61.93333333333333,61.85916666666667,61.52166666666667,61.596666666666664,61.87866666666667,61.67916666666667,61.642,61.50233333333333,61.51433333333333,61.702666666666666,61.581833333333336,61.74183333333333,61.726166666666664,61.61966666666667,61.56616666666667,61.5385,61.708,61.64983333333333,61.37383333333333,61.31733333333333,61.494,61.56816666666667,61.214666666666666,61.382333333333335,61.43816666666667,61.73916666666667,61.558166666666665,61.175333333333334,62.0145
34,61.86399313220505,61.5374049546235,61.35963944076527,61.36699779249448,61.705543291636005,61.443769928869266,61.836399313220504,61.33321069413785,61.66764778023056,61.707321559970566,61.42905322541084,61.599889624724064,61.58805494235958,61.779004169732644,61.46970811871474,61.68064753495217,61.670836399313224,61.88465783664459,61.72982585234241,61.78207014961982,61.65808192298258,61.50870738287957,61.64146431199411,61.47761834682365,61.33468236448369,61.58946529310768,60.52802305616875,59.07511650723571,59.05905077262693,59.4401520726024,59.50570272259014,60.45112828059848,59.998957566838364,60.04831984302183,60.67181751287711,60.798749080206036,60.77802305616875,60.51661761098847,60.7481604120677,60.90194996320824,60.68727005150846,61.27336276674025,60.934571989207754,59.62386558744175,57.67604856512141,58.42874662742212,58.48865587441746,59.21566102526367,59.37392690703949,59.40802060338484,59.595106696100075,59.75643855776306,60.195486877606086,60.09774343880304,60.084130488103995,60.386620063772384,60.26784400294334,60.32756929114545,60.41691194505764,60.38937944567083,60.657039489820946,60.306046112337505,60.94499632082414,60.85951680156978,60.40158204562178,60.81205543291636,60.99607554574442,60.52949472651459,60.874846701005644,60.89606328182487,60.86969585479519,60.686840814324256,60.62766740250184,60.74258032867304,60.80573951434879,60.565734608780964,60.796602894285016,60.76434878587197,60.629139072847686,60.702661270542066,60.83560215844984,60.734976698552856,60.82113073338239,60.66948736816286,60.700699043414275,60.762447878341916,60.83517292126564,60.60835172921266,60.84394162374295,60.75570272259014,60.70026980623007,60.592408633799366,60.815550649987735,60.35516311013,60.748712288447386,60.97381653176355,60.68377483443709,60.48270787343635,60.57364483688987,60.50723571253373,60.8402011282806,60.640605837625706,60.59001716948737,60.911883738042675,60.78654648025509,60.31622516556291,60.636313465783665,60.58572479764533,60.66832229580574,60.411638459651705,60.487245523669365,60.66096394407653,60.86423841059602,60.40139808682855,60.771461859210206,60.657407407407405,60.85510179053225,60.84112092224675,60.36650723571253,60.96566102526367
35,57.71950171821306,57.46005154639175,57.205970790378004,57.11920103092783,56.88573883161512,56.40442439862543,56.914518900343644,56.21864261168385,56.53243127147766,56.42203608247423,56.83569587628866,56.76610824742268,56.554982817869416,56.693943298969074,56.58225945017182,56.79123711340206,56.508591065292094,56.60352233676976,56.83676975945017,56.63316151202749,56.374785223367695,56.170317869415804,56.499785223367695,56.62693298969072,56.37285223367697,56.71219931271477,55.6606529209622,55.80734536082474,55.84922680412371,56.327104810996566,56.57216494845361,56.56335910652921,56.37414089347079,55.975515463917525,56.27255154639175,56.39475945017182,56.34922680412371,56.00579896907217,56.13058419243986,56.3036941580756,56.1514175257732,56.26696735395189,56.357173539518904,55.318513745704465,55.23131443298969,55.588058419243985,55.921176975945016,56.217139175257735,56.22895189003437,55.89755154639175,55.76073883161512,56.02362542955326,56.07560137457045,56.16258591065292,55.534364261168385,56.25515463917526,55.95446735395189,55.91838487972509,55.89003436426117,55.89926975945017,56.08419243986254,55.624785223367695,56.13273195876289,55.85352233676976,55.95747422680412,56.2227233676976,56.13896048109966,55.857173539518904,55.984321305841924,55.98496563573883,55.94179553264605,55.616408934707906,56.022981099656356,55.83204467353952,55.827319587628864,55.83140034364261,55.82646048109966,56.05584192439863,55.73496563573883,56.25987972508591,56.111254295532646,55.981743986254294,56.06615120274914,55.85115979381443,55.98818728522337,55.884235395189,56.0180412371134,55.89110824742268,55.80584192439863,55.840635738831615,55.846864261168385,55.90743127147766,56.01396048109966,55.64561855670103,56.12392611683849,56.27620274914089,55.87757731958763,55.613831615120276,55.8036941580756,55.615764604811,55.84192439862543,55.93384879725086,55.71284364261168,55.887671821305844,55.69716494845361,55.62865120274914,55.824742268041234,55.831829896907216,55.874785223367695,55.67568728522337,55.760094501718214,55.70167525773196,55.827319587628864,55.45296391752577,55.50408075601374,55.76975945017182,55.70704467353952,55.69265463917526,55.626288659793815,55.83247422680412
36,65.12025827280064,64.94188861985472,65.01960106076329,65.01176063645798,65.21215265767324,64.97474922172259,65.27095583996311,64.7186671278681,65.0255966793497,64.74022829470772,64.58976132826012,64.65502133056613,64.60036896114379,64.88712095007494,64.67727429955033,64.78023751873631,65.16211230254814,64.70264037818517,64.73319497290441,64.81033091202583,64.7390752911334,64.48472270264038,64.85183904070102,64.54145047849649,64.25054767669779,64.5615127406895,62.68626772742996,60.63265306122449,61.192782197624815,62.405280756370345,62.90407010261732,63.84273031246397,63.937968407702066,63.45935662400554,64.2983973250317,64.45901072293324,64.06133979015335,63.960106076328834,64.2694569353165,64.28928859679465,64.28513778392713,64.4763057765479,64.3991698374265,61.76455667012568,59.20973135016718,60.677850801337485,61.89380837080595,62.94742303701141,63.58145970252508,63.38521849417733,63.52726853453246,63.53211114954456,63.88689034936008,63.731926668972676,63.69745186210077,63.9136400322841,64.02571197970714,63.680041508128674,64.08463046235444,63.96725469848956,63.92009685230024,63.8528767439179,64.0704485183904,64.17029862792575,63.67542949383143,64.10872823705753,64.15577078288943,63.73135016718552,64.0967369998847,64.17318113686153,64.18355816903032,64.02179176755448,63.54882970137207,64.08382335985242,63.86890349360083,63.89795918367347,64.1278680963911,63.84388331603828,63.963334486336905,63.934278796264266,63.99631038856221,64.11691456243514,64.32480110688343,63.79245935662401,63.96621699527269,63.879049925054765,63.83800299780929,63.79718667127868,64.04104692724547,63.82624236135132,63.93081978554134,63.91398593335639,64.05027095583996,63.6805027095584,64.07160152196472,64.18102156116684,63.82301395134325,63.635535570160265,63.81494292632307,63.668626772742996,64.025942580422,63.91652254121988,63.7509512279488,63.922172258734,63.86383027787386,63.50121065375303,63.621584226911104,63.75925285368385,63.92413236481033,63.418194396402626,63.67612129597602,63.64625850340136,63.879049925054765,63.62331373227257,63.58918482647296,63.41081517352704,63.76225066297705,63.57534878358123,63.41669549175602,63.80514239594143
37,65.82259431962696,64.49109792284867,64.69266638406104,64.27914370495972,64.50487494701144,64.20707927087749,64.42793556591776,63.87240356083086,64.59749894022892,64.15239508266214,64.20707927087749,64.1282323018228,63.82089868588385,64.07164052564646,64.08287409919457,64.10237388724036,64.01886392539211,63.97159813480288,64.19520983467571,64.30224671470963,63.95464179737177,63.83679525222552,63.937473505722764,63.76896990250106,63.768757948283174,63.911191182704535,61.8103009749894,58.715981348028826,58.63247138618058,59.60852055955913,59.84272997032641,60.873675286138194,60.881093683764306,60.628232301822806,61.708562950402715,62.194150063586264,62.11339550657058,62.281899109792285,62.47435353963544,62.88914794404408,62.7433234421365,63.279991521831285,63.17740568037304,60.568249258160236,56.89635438745231,57.409283594743535,58.16638406104281,58.903560830860535,59.654302670623146,59.469054684188215,60.02373887240356,60.495337007206444,60.93450614667232,61.09537939805002,61.22912250953794,61.80097498940229,62.0,62.38384908859686,62.330436625688854,62.33064857990674,62.641161509114035,62.43853327681221,62.942772361169986,63.11021619330225,62.50974989402289,62.855235269181854,63.12102585841458,62.913310724883424,62.79588808817295,63.23993217465028,63.025010597710896,62.54874947011446,62.92306061890632,62.95294616362865,62.87049597286986,62.891903348876646,62.98113607460788,62.75222551928783,62.66490038151759,62.547477744807125,62.70623145400594,62.75604069520983,62.719796523950826,62.6475201356507,62.66490038151759,62.72445951674438,62.79186095803306,62.555108096651125,62.51695633743112,62.444679949130986,62.66998728274692,62.75710046629928,62.74544298431539,62.26197541331072,62.82026282323018,62.907587961000424,62.47414158541755,62.61466723187792,62.54387452310301,62.70898685883849,62.89020771513353,62.58605341246291,62.791437049597285,62.9213649851632,62.87409919457397,62.9118270453582,62.86943620178042,63.028825773632896,63.00339126748622,62.65006358626537,63.11827045358203,63.45612547689699,63.70750317931327,63.08965663416702,63.25328529037728,63.272361169987285,63.69118270453582,63.52034760491734,62.978380669775326,63.43217465027554
38,57.286095107059936,56.87703155903345,56.738154613466335,56.413191160030955,56.30088571674263,55.88193309828876,56.3413879095365,55.728867486456274,56.32246968784934,55.963367443460314,55.924155129417834,55.94186946427036,56.04643563505031,56.053057012640814,55.81563333046694,56.05770057614584,56.11032762920286,56.222117120990625,56.02467968011007,56.21050821222805,56.094763092269325,55.89990540889156,56.1382750021498,55.89990540889156,55.846762404333994,55.89044629804798,55.07343709691289,55.31344053658956,55.48774615186173,55.638919941525494,55.63487832143778,56.0214119872732,55.790867658440106,55.28480522830854,55.83222977040158,55.67804626365122,55.63866196577522,55.40932152377677,55.6857855361596,55.61939977642102,55.46599019692149,56.038610370625165,55.663943589302605,54.85880127268037,54.73832659729985,54.90059334422564,55.53504170607963,55.654226502708745,55.63436236993723,55.334250580445435,55.34069997420242,55.448447845902486,55.81253762146358,55.45696104566171,55.34035600653539,55.806346203456876,55.383953908332614,55.3934130191762,55.54768251784332,55.321093817181186,55.2643391521197,55.041792071545274,55.62481726717689,55.787341989852955,55.26322125720182,55.56333304669361,55.85063204058819,55.28196749505546,55.670220999226075,55.451887522572875,55.78622409493508,55.51457562989079,55.52721644165448,55.49780720612262,55.609252730243355,55.51457562989079,55.534095794995274,55.29435033106888,55.66273970246797,55.69257889758363,55.54114713216958,55.635480264855104,55.52050907214722,55.4008943159343,55.633674434603144,55.61716398658526,55.56617077994669,55.34938515779517,55.44724395906785,55.49385157795167,55.41198727319632,55.58620689655172,55.67305873247915,55.10611402528162,55.41104136211196,55.64863702811936,55.355318600051596,55.23398400550348,55.39091925359016,55.36391779172758,55.45403732049187,55.4696018574254,55.45558517499355,55.635996216355665,55.48774615186173,55.12245248946599,55.43374322813656,55.37062516123484,55.411213345945484,55.153409579499524,55.3514489637974,55.39719666351363,55.73935850030097,55.276378020466076,55.365293662395736,55.47020380084272,55.66256771863445,55.56427895777797,55.28867486456273,55.586034912718205
39,65.3498460302584,63.89811219708127,64.31155442495648,64.10510108448253,64.17338331771322,63.673450261079125,64.21676261882448,63.70210202168965,63.99973222653635,63.9187307537823,63.91350917124113,63.85366180211541,63.667693131610655,64.22064533404739,63.69995983398045,63.9456419868791,63.99343955014058,64.08568750836793,64.11795421073772,64.0554291069755,63.85433123577454,63.71562458160396,63.94095595126523,63.822466193600214,63.594590976034276,63.58856607310216,63.00348105502745,61.01834248226001,60.55121167492302,61.1673584147811,61.60048199223457,62.18529923684563,62.545722318918195,62.258267505690185,63.244209398848575,63.236577855134556,63.01834248226001,63.05409023965725,63.38412103360557,63.55616548400054,63.337930111125985,63.83598875351453,63.87615477306199,62.63060650689517,59.62257330298567,60.28116213683224,60.91484803855938,61.74521354933726,62.3498460302584,62.14473155710269,62.48306332842415,62.79033337796224,62.9165885660731,62.97563261480787,62.98969072164948,62.909492569286385,63.20444503949658,63.14660597134824,63.208327754719505,63.220109787120094,63.21221046994243,63.28611594590976,63.51091176864373,63.364305797295486,63.05931182219842,63.41852992368456,63.55964653902798,63.01204980586424,63.36591243807739,63.088633016468066,63.37769447047798,62.87735975364841,63.053956352925425,63.25545588432186,63.09425625920471,62.89971883786317,63.119560851519616,62.97871200963984,62.78926228410764,63.080599812558575,63.04793144999331,62.99437675726335,63.30874280358817,62.8643727406614,62.84147810951934,62.77962243941625,62.89623778283572,62.72941491498192,62.69728209934396,62.92783505154639,62.69473825143928,62.869460436470746,62.87749364038024,62.501539697415986,62.635694202704514,62.93211942696479,62.51586557772125,62.1684295086357,62.614406212344356,62.41250502075244,62.66073102155576,62.52296157450797,62.446646137367786,62.708930245012716,62.3988485741063,62.494309813897445,62.70598473691257,62.402061855670105,62.41156781362967,62.273932253313696,62.27098674521355,62.39496585888338,62.997456152095324,62.29535413040568,62.2965591109921,62.483598875351454,62.591913241397776,62.52389878163074,62.24032668362565,62.82996385058241
40,68.10848947490169,67.83067314365024,67.70205875549387,67.84825352764284,67.79204256303493,67.66504742077261,68.31066389081656,67.18713856118437,67.77076104557021,67.61276891047883,67.72981725653482,67.75456858662966,67.48438584316447,67.61276891047883,67.44945639602128,67.69650705528568,68.00994679620634,67.69211195928753,67.79181124219292,67.59009946796206,67.53851492019432,67.25422160536664,67.50104094378904,67.16724496877168,67.14897062225306,67.37265787647468,64.42308582003238,60.01156604210039,60.236872542216055,61.41059449456396,62.213046495489245,63.829285218598194,63.92667129308351,64.5530881332408,65.28267406893362,65.34651862132777,65.28406199398566,64.83021050196622,65.54522322461254,65.75780707841777,65.47258848022207,66.13902382604672,65.88179504973398,62.413601665510065,58.15035854730511,58.87439278278973,59.702752718019894,61.39740920656951,62.43557714550081,62.78787878787879,64.03400416377515,63.838306731436504,64.48993754337266,64.33125144575526,64.24959518852648,64.6527874161462,64.89914411288457,65.07888040712469,65.11404117510988,64.67406893361091,65.35230164237798,64.92273883876938,65.51376359009947,65.49248207263474,64.90492713393476,65.4795281054823,65.68123987971316,64.78764746703678,65.33934767522554,65.5498496414527,65.36525560953042,65.25769141799677,65.44760582928522,65.35114503816794,65.00092528336803,65.28313671061763,65.51931529030766,65.02197547999074,65.17719176497802,65.10756419153365,65.35392088827203,65.43765903307889,65.21212121212122,65.13347212583854,65.27203331020125,65.1531343974092,65.3795975017349,65.1325468424705,65.11427249595188,65.04672681008559,65.0030071709461,65.24311820495026,65.24635669673837,64.90839694656489,65.07564191533658,65.1413370344668,65.02452000925284,64.51330094841545,64.79065463798288,64.82697201017811,64.69511913023364,64.66319685403654,64.64631043256998,64.91094147582697,64.76104557020588,64.09299097848717,64.8764746703678,64.65903307888041,64.67013647929679,64.3118204950266,64.28706916493176,64.56835530881332,64.60212815174647,64.39925977330557,64.22021744159149,64.35530881332409,64.2736525560953,64.51353226925745,64.16840157298172,64.63636363636364
41,59.99551732493337,59.68415313787255,59.82929488732736,59.701841531378726,59.99479040465229,59.84492367337049,59.964259752847106,59.44208868427429,59.973103949600194,59.86043130603344,59.82699297310395,59.765447055972864,59.759025926823355,59.74412406106131,59.551732493336566,59.86721589532348,59.76702204991519,59.96147322510298,59.878725466440514,59.985461594378485,59.68136661012842,59.4677732008723,59.58177853162103,59.57414586866974,59.44257329779501,59.712018415313786,58.39592924642597,58.68597043857524,58.650835958323235,59.17409740731767,59.171553186333895,59.64962442452144,59.32311606493821,59.15834746789435,59.42864065907439,59.57487278895081,59.406348437121395,59.00545190210807,59.278289314271866,59.64817058395929,59.29004119214926,59.69735885631209,59.23564332444875,57.778773927792585,57.711049188272355,58.48534044099831,58.822873758177856,59.25732977950085,59.13266295129634,58.90029076811243,58.91434456021323,58.81778531621032,59.20487036588321,58.91422340683305,58.954204022292224,59.152168645505206,59.199660770535495,59.14453598255391,59.06978434698328,58.955536709474195,59.10625151441725,59.066997819239155,59.35594863096681,59.312818027622974,58.81318148776351,59.30336806396898,59.27719893385026,58.722679912769564,59.30603343833293,59.13750908650351,59.29222195299249,58.869033196026166,59.18451659801308,59.11509571117034,59.14889750424037,58.87981584686213,59.10952265568209,59.065543978677006,58.88296583474679,59.10225345287134,59.31075842015992,58.91858492851951,59.305064211291494,58.90598497698086,59.245699055003634,59.09340925611824,59.12551490186576,58.946813666101285,58.949600193845406,59.155924400290765,58.96704628059123,59.04094984250061,58.999273079718925,58.838139084080446,58.84964865519748,59.040828689120424,59.053186333898715,58.745941361764,58.623576447782895,58.773322025684514,58.95384056215168,59.07535740247153,58.951538647928274,59.103343833292946,58.903077295856555,58.7517567240126,58.83692755027865,58.74145868669736,58.873637024472984,58.49818269929731,58.7447298279622,58.904894596559245,59.13484371213957,58.5556094015023,58.72752604797674,58.79864308214199,58.887448509813424,58.85328325660286,58.86055245941362,58.98800581536225
42,61.87206139498737,61.449679424907714,61.59617252768603,61.31902078880901,61.41130755780066,61.13726442587915,61.678550612006994,61.054109189819314,61.462599572566546,61.35292403341752,61.059743539926174,61.022925976296875,61.12142995919953,61.17417913347581,61.09034388964445,61.2391684476394,61.40305032057509,61.38760442976491,61.466679619195645,61.42451913736157,61.12891004468622,61.16660190402176,61.11229842626773,61.11686419273363,60.99407421799106,61.14707596658248,60.990285603264034,60.0514863027006,59.796094812512145,60.00854866912765,60.0736351272586,60.655721779677485,60.65630464348164,60.26947736545561,60.95579949485137,61.09520108801244,61.08354381192928,60.430833495239945,61.01068583640956,60.90858752671459,60.62677287740431,61.3688556440645,61.06887507285798,60.62988148435982,59.15727608315524,59.591898193122205,59.6609675539149,60.31843792500486,60.52448027977463,60.30017485914125,60.35127258597241,60.37002137167282,60.88313580726637,60.755682922090536,60.54983485525549,60.83708956673791,60.75879152904604,60.693510782980375,60.96580532348941,60.902661744705654,60.969593938216434,60.688847872547115,61.28647755974354,61.05566349329707,60.68515640178745,61.06605789780455,61.12755002914319,60.551389158733244,60.95686807849233,60.94715368175636,61.18204779483194,60.72683116378473,60.94715368175636,60.98125121429959,61.07693802214882,60.82688945016515,60.755780066057895,60.638818729356906,60.710510977268314,60.75908296094813,60.97260540120458,60.67942490771323,60.805712065280744,60.628715756751504,60.77083738099864,60.57829803769186,60.644550223431125,60.54429764911599,60.66951622304255,60.631338643870215,60.74839712453856,60.650087429570625,60.61676704876627,60.22809403536041,60.6251214299592,60.62755002914319,60.48426267728774,60.048571983679814,60.407227511171556,60.318729356906935,60.737711288129006,60.419467651058866,60.23625412861861,60.357295511948706,60.49922284826112,59.88906158927531,60.38235865552749,60.24198562269283,60.43326209442394,60.157858946959394,60.2346026811735,60.40101029726054,60.39994171361958,60.04322906547503,60.38585583835244,60.26102584029532,60.65154458908102,60.53982902661745,60.35778123178551,60.67447056537789
43,66.36592566863494,65.52275095519278,65.37912469607502,65.22594650920459,65.22056269538034,65.09048280653005,65.1064605765891,64.5425494963529,64.85793678360542,64.75008683570684,64.74643973601945,64.84491142757902,64.76641194859326,64.76415422021535,64.56356373740883,64.90013893713095,64.95415074678708,64.9715178881556,65.25130253560263,65.02987148315387,65.00382077110108,64.63459534560612,64.91281695032997,64.6312955887461,64.75460229246266,64.72594650920459,61.149704758596734,58.20649531087183,58.6276484890587,59.83622785689475,60.871135811045505,62.20302188259812,62.32285515804099,62.493574157693644,63.446856547412295,63.6323376172282,63.74383466481417,63.46248697464397,64.0130253560264,64.08961444946162,63.91108023619312,64.37287252518236,64.18895449808961,59.13546370267454,57.14501563042723,57.56877387981938,58.52500868357068,60.044459881903435,60.95050364709969,61.29454671761028,61.82042375824939,62.16325112886419,62.706321639458146,62.36731503994442,62.60107676276485,63.30114623133032,63.218478638416116,63.283605418548106,63.47255991663772,63.46040291767975,63.6418895449809,63.33258075720737,63.61879124696075,63.91663772143105,63.63442167419243,63.956408475164984,63.89631816602987,63.62660646057659,63.93904133379646,63.92618964918375,64.17974991316429,63.67592914206322,64.08926710663425,64.00885724209795,63.959013546370265,63.905175408127825,63.87304619659604,63.7990621743661,63.87721431052449,63.708232025008684,64.06408475164987,63.96231330323029,63.82806530045155,63.93695727683223,64.08492532129212,63.77387981938173,63.93522056269538,63.86349426884335,63.94911427579021,63.88919763806877,63.76762764848906,63.76606460576589,64.06425842306356,63.361410211879125,63.852205626953804,63.815039944425145,63.83657519972213,63.585793678360545,63.69694338311914,63.91820076415422,64.03681833970128,63.74869746439736,63.748871135811044,63.974817645015634,63.736193122612015,63.48280653004515,63.94390413337965,63.56964223688781,63.712400138937134,63.382771795762416,63.641194859326156,63.71622091003821,63.523098298020145,63.34456408475165,63.69729072594651,63.83501215699896,63.62104897533866,63.623827717957624,63.408822507815216,63.91108023619312
44,58.78465643762508,58.39275072270402,58.398354458527905,58.52901934623082,58.49619746497665,58.236691127418275,58.665287969757614,58.1028685790527,58.59666444296197,58.29424060484768,58.30028908160996,58.28650211251946,58.27026906826774,58.52523904825439,58.20453635757171,58.39137202579497,58.48490104514121,58.56099621970203,58.51558816989104,58.50189014898822,58.30229041583278,58.200667111407604,58.407204803202134,58.2759617522793,57.96602179230598,58.28072048032021,58.38105403602402,58.08685790527018,57.77780742717367,58.01507671781187,58.00142317100289,58.2653769179453,58.00680453635757,57.70500333555704,58.208183233266624,58.3574382921948,58.12252612853013,57.755036691127415,58.04193907049144,58.14414053813653,57.96464309539693,58.395063375583725,57.998221036246385,57.9320880587058,57.450122303758064,57.7344007115855,57.64394040471426,57.90273515677118,57.872804091616636,57.55970647098065,57.840604847676225,57.674227262619524,58.01943517900823,57.69477429397376,57.707404936624414,57.93884812096954,57.985412497220366,57.73191016233044,57.74467422726262,57.62890816099622,57.733422281521015,57.48819212808539,57.84629753168779,57.92096953524572,57.629975539248385,58.0262397153658,58.109006004002666,57.53938181009562,57.93818100956193,57.80631532132533,57.98968201022904,57.712919724260615,57.863731376473204,57.7995552590616,57.7845674894374,57.66786746720035,57.861730042250386,57.790260173448964,57.71625528129864,57.81801200800534,57.893706915721594,57.73319991105181,57.840071158550145,57.78145430286858,57.68294418501223,57.77367133644652,57.85946186346453,57.644340671558815,57.727951967978655,57.61329775405826,57.7159884367356,57.583277740716035,57.725194574160554,57.482632866355345,57.73222148098733,57.771358683566824,57.61125194574161,57.316344229486326,57.43811429842117,57.49450744941072,57.687702913053144,57.58078719146097,57.51994663108739,57.69846564376251,57.68819212808539,57.26889037135869,57.66466533244385,57.438559039359575,57.591327551701134,57.34040471425395,57.62499444073827,57.57340449188348,57.8289971091839,57.41374249499666,57.47769624193907,57.44469646430954,57.763308872581725,57.63695797198132,57.4342895263509,57.791816766733376
45,60.02548553005297,59.74959699086513,59.85875489368235,59.85913871190604,59.83181085437936,59.629231595916174,59.99454978122361,59.501343363782915,59.89176326091963,59.56858831657327,59.59169417363936,59.643816688416365,59.70231058570661,59.851078529208564,59.561679588546866,59.84025485530053,59.65249098027174,59.991402471789364,59.75128579104936,59.76218622860213,59.7383894987334,59.4240423735319,59.77677132110232,59.43901128425578,59.300069087280264,59.305749596990864,59.60673984800798,59.111230521225146,58.81676518001075,58.9269977738543,58.839794273432105,59.339755891609734,59.14255008827819,58.912259154064635,59.49796576341445,59.514469947033085,59.33323098180701,58.99854149074998,59.44407768480848,59.543486604744,59.36662316726798,59.82106394411607,59.52636831196745,59.237967298687344,58.25247562754279,58.51707991095417,58.4167498272818,59.05757273355339,59.07146695325094,58.69156367544331,58.88992093344592,59.04214324096108,59.13602517847547,59.187763875028786,59.05427189682966,59.12696706839641,59.17102940047594,59.031473094342516,59.08758731864589,59.20749213172641,59.264220465187684,59.00529669148691,59.35080985645198,59.42757350118983,59.05081753281646,59.37913564136025,59.509403546480385,59.0016120365395,59.41498426345283,59.31273508866201,59.29285330467491,59.22484071543717,59.25930759192446,59.30122054195133,59.29200890458279,59.15667459890996,59.43801335687419,59.21117678667383,59.21823904198971,59.17026176402856,59.327243417517465,59.17210409150226,59.1393260151992,59.14247332463346,59.19444231212098,59.053734551316495,59.2129423505028,58.90281722576188,59.015813310816,59.01965149305289,59.18791740231826,59.19820373071313,59.23696937130575,58.85691256620864,58.935518538420204,59.26997773854303,58.938358793275505,58.89959315268289,58.94557457588086,59.143624779304524,58.999923236355265,58.97812236124971,58.87809933215629,59.0957242649881,59.051508405619096,58.72687495202272,59.05811007906655,58.84340216473478,58.86988562216934,58.53235587625701,58.76164888308897,58.99025101711829,59.00076763644738,58.57826053581024,58.99800414523681,58.88646656943272,58.95056421278883,58.93643970215706,58.84631918323482,59.12243801335688
46,62.63017277707543,61.606658238516644,61.406868942267174,61.32149178255373,61.22300884955752,60.98373367045934,61.40488832701222,60.84462705436157,61.02347239780868,60.914369995785925,60.94871470712179,60.97454698693637,61.017446270543616,61.12355667930889,60.97530552043826,61.065023177412556,61.09254108723135,61.128950695322374,61.1787189211968,61.20712178676781,61.021238938053095,60.71445427728614,61.267804466919515,61.09941002949852,60.92005899705015,61.070417193426046,58.840665823851666,58.13691529709229,58.54403708386009,59.27505267593763,59.44277286135693,60.20008428150021,59.990602612726505,59.86388537715971,60.49587020648968,60.65377159713443,60.53034134007585,60.41061946902655,60.68693636746734,60.732490518331225,60.54479561736199,61.0283607248209,60.885967130214915,58.19814580699536,57.26683522966709,57.90847029077118,58.30412979351033,58.71896333754741,58.905309734513274,58.725284450063214,58.80400337126001,58.77770754319427,59.20796460176991,59.18474504846186,59.03223767383059,59.334597555836496,59.408006742520016,59.23931731984829,59.405183312262956,59.25444584913611,59.40240202275601,59.175558364938894,59.51765697429414,59.597050147492624,59.17922461019806,59.643404972608515,59.72039612305099,59.26831015592077,59.5464391066161,59.46106194690265,59.804677623261696,59.32001685630004,59.44509060261273,59.41061946902655,59.55031605562579,59.5070375052676,59.560261272650656,59.34492203961231,59.38150021070375,59.55002107037505,59.55718499789296,59.60602612726507,59.49308891698272,59.401643489254106,59.60615254951538,59.52949852507375,59.50307627475769,59.333333333333336,59.50581542351454,59.41474926253687,59.4905604719764,59.44989464812474,59.475769068689424,59.15474083438685,59.5054782975137,59.502317741255794,59.28086809945217,59.05082174462706,59.291234723978086,59.3047197640118,59.571091445427726,59.39030762747577,59.153687315634215,59.371428571428574,59.400252844500635,59.1244416350611,59.204256215760644,59.22650653181627,59.343615676359036,58.9669195111673,59.30568900126422,59.20611040876528,59.37235566793089,59.07113358617784,59.26700379266751,59.24551201011378,59.302697008006746,59.31087231352718,59.14985250737463,59.41061946902655
47,57.55342864065907,57.536588320814154,57.527865277441244,57.46910588805428,57.565180518536465,57.27429125272595,57.665495517324935,57.118488005815365,57.45892900411921,57.410467652047494,57.57778047007511,57.182093530409496,57.50424036830628,57.46353283256603,57.240610613036104,57.472134722558756,57.62418221468379,57.59849769808578,57.35619093772716,57.32638720620305,57.449115580324694,57.11606493821178,57.62781681608917,57.41216379937,57.058274775866245,57.3108795735401,57.36539859462079,57.15943784831597,56.64199176157015,56.90610613036104,56.73079718924158,57.07014780712382,56.881754300945,56.60637266779743,56.944996365398595,57.19045311364187,57.055367094741946,56.57681124303368,57.19336079476617,57.075720862612066,57.060092076568935,57.32190453113642,57.030530651805186,56.7178337775624,56.490186576205474,56.616307244972134,56.44947904046523,56.523746062515144,56.862612066876665,56.41240610613036,56.34274291252726,56.63205718439544,56.77998546159438,56.52774412406106,56.433971407802275,56.670220499151924,56.83365640901381,56.65410709958808,56.670099345771746,56.760358614005334,56.824327598740005,56.532105645747514,56.811969953961714,57.136539859462076,56.50169614732251,56.986915434940634,57.38853889023504,56.60176883935062,56.997455779016235,56.72619336079477,57.01441725224134,56.69808577659317,57.03307487278895,56.97782893142719,56.74630482190453,56.65095711170342,56.89689847346741,56.945359825539136,56.777441240610614,56.92549067118973,56.857523624909135,56.81257572086261,56.96886358129392,56.985098134237944,56.85921977223165,56.641143687908894,56.862127453355946,56.55766900896535,56.85764477828931,56.86782166222438,56.853889023503754,56.96910588805428,56.88635812939181,56.44875212018415,56.903440755997096,56.988369275502784,56.81754300944996,56.51187303125757,56.55415556094015,56.76568936273322,56.8354737097165,56.75636055245941,56.6808819966077,56.774654712866486,56.57838623697601,56.436152168645506,56.72207414586867,56.59110734189484,56.72437606009208,56.404046522897985,56.43021565301672,56.50133268718197,56.872788950811724,56.80203537678701,56.4396656166707,56.59522655682093,56.68354737097165,56.80809304579598,56.66416283014296,56.88066392052338
48,59.181362583329395,59.292562999385375,59.21975320315824,59.367689470947,59.41747435109451,59.184861235875374,59.636187414306654,59.098907853056595,59.527209115408255,59.38485178005768,59.11086946243677,59.08079996217673,59.273604084913245,59.41421209399083,59.10226466833719,59.461160228830785,59.413124674956265,59.55226703229162,59.523284951066145,59.31029265755756,59.34537374119427,59.0345137345752,59.39303106236112,59.201928986809136,59.04132192331332,58.953288260602335,59.196917403432465,58.71642002742187,58.3792728476195,58.567159945156256,58.52352134650844,59.051912439128174,58.79911115313697,58.46347690416529,58.86227601531842,58.971207035128366,58.89664791262825,58.60994752021181,58.907994893858444,59.00959765495721,58.65306604888658,59.25105195971822,58.91957827053094,58.771358328211434,57.93295825256489,57.93640962602241,58.09271429246844,58.45515578459647,58.59982979528154,58.33156824736419,58.41288827951397,58.386506548153754,58.67812396576994,58.50125289584417,58.55009219422249,58.729705451278896,58.63604557704127,58.56517422344097,58.62654248026098,58.55188879958394,58.56299938537185,58.37062077443147,58.74138338612831,58.799394827667726,58.344948229398135,58.79892203678313,58.96142026381732,58.362630608481865,58.819724835705166,58.569618457756135,58.641813625833294,58.5176587395395,58.57202969126755,58.559264337383574,58.65689565505177,58.44664554867382,58.603375726915985,58.596993049973996,58.600397144343056,58.68460120088885,58.75074464564323,58.58238381164011,58.71098293224907,58.501867523994136,58.62441492128032,58.75211573920855,58.747056876743414,58.400784832868425,58.53538839771169,58.5361921422155,58.66072526121696,58.535719351330904,58.720249633587066,58.218429388681386,58.5452224481112,58.61514821994232,58.50394780388634,58.29918207176966,58.46588813767671,58.40584369533355,58.69939955557657,58.4810647250721,58.48688005295258,58.669424613493455,58.536381258569335,58.139378752777645,58.52139378752778,58.44891494491986,58.51841520495485,58.21247222353553,58.51642948323956,58.49666682426363,58.64124627677178,58.27251666587868,58.43388019478984,58.57756134461727,58.55349628859155,58.56474871164484,58.17223771925677,58.525412510046806
49,63.40568905201583,63.254889029076104,63.04880426678901,63.13064173883122,63.26796467282216,62.98176291793313,63.55006595171188,62.91538108619602,63.35949417904456,63.22612834776624,62.99122555485462,63.22862304295464,63.1425990709411,63.36844067213397,63.17643516659976,63.273298159087,63.29646728221598,63.39439123702472,63.27174972759075,63.233526409359406,63.30753569994839,62.974250157710614,63.23481676893961,62.98830073980616,62.74835120720307,63.028387910764465,62.3555084016746,60.474106784423924,60.09964443424901,60.50493204106211,60.77189310087744,61.661897115329474,61.6838905775076,61.588375293915234,62.24878132706314,62.33099156965074,62.306761484200265,62.000688191776106,62.25405746401331,62.41391867867179,62.12613981762918,62.82198772724666,62.51860985261226,61.44677983598096,59.04051729081837,59.457475483167975,59.74843723117509,60.62877788610426,61.0165166026266,61.10947984171589,61.400929058897745,61.61498537592476,61.90743820611344,61.656764351666,61.67270746114584,62.06113436944428,62.08467626311866,62.01602913345185,62.068188335149394,62.03317657853989,62.07148592074325,62.03073923266617,62.39424786373803,62.451883924987094,62.01502552044503,62.43057865458508,62.63322245799163,61.98784194528876,62.38573149050869,62.43929575041578,62.48956242472902,62.257641796180536,62.300281011641914,62.40629121981992,62.36003899753398,62.35381659689167,62.57271893100877,62.32947181281184,62.19057177266732,62.30592991913747,62.44164707231749,62.286087056259674,62.414262774559845,62.33724264495039,62.3233067614842,62.33818890864254,62.38243390491483,62.1128921259391,62.27232322073751,62.291391867867176,62.312897860870564,62.33107759362276,62.44164707231749,61.92025577794345,62.265756724207144,62.42077192177553,62.23249412169525,61.97100992143144,62.203217296553305,62.24574181338533,62.35324310374491,62.2764810460515,62.066066410506394,62.296926076733385,62.27060274129724,61.99776337672765,62.26154154957848,62.0930492630613,62.23828640247749,61.75377071743993,62.076704708378735,62.095343235648336,62.291535241153866,61.97915352411539,62.01514021907438,62.01301829443138,62.25239433388771,62.169323851579975,62.00693926707576,62.208464758846134
50,58.906835637480796,58.68678955453149,58.91743471582181,59.03049155145929,58.95230414746544,58.882181259600614,59.19900153609831,58.60952380952381,59.113287250384026,58.85775729646697,58.96943164362519,58.932642089093704,59.16152073732719,58.993855606758835,58.71858678955453,58.8636712749616,58.921198156682024,58.8747311827957,58.90867895545315,58.85806451612903,58.70491551459293,58.728955453149,58.90637480798771,58.66029185867895,58.6457757296467,58.46006144393241,58.85552995391705,58.555145929339474,58.39116743471582,58.23725038402458,58.286866359447004,58.74585253456221,58.27334869431644,58.13187403993856,58.60529953917051,58.641551459293396,58.35115207373272,58.116129032258065,58.43440860215054,58.53341013824885,58.21067588325653,58.86920122887865,58.52150537634409,58.53172043010753,57.931720430107525,57.87127496159754,57.70499231950845,58.05199692780338,58.15284178187404,57.843164362519204,58.14669738863287,57.964516129032255,58.31705069124424,58.097311827956986,58.10967741935484,58.475960061443935,58.34331797235023,58.144393241167435,58.1394777265745,58.06520737327189,58.09592933947773,57.94285714285714,58.37826420890937,58.24377880184332,57.98855606758833,58.270660522273424,58.5363287250384,57.919662058371735,58.22403993855607,58.252764976958524,58.4636712749616,58.18617511520738,58.288556067588324,58.09385560675883,58.07503840245776,58.14531490015361,58.1400153609831,58.283026113671276,57.903456221198155,58.076036866359445,58.18072196620584,58.034024577572964,58.2226574500768,58.10552995391705,58.11290322580645,58.16006144393241,58.235176651305686,57.9099846390169,58.06935483870968,57.96520737327189,57.99308755760369,57.98079877112135,58.315437788018436,57.79746543778802,58.025499231950846,58.1857910906298,58.04070660522273,57.85230414746544,57.92596006144393,57.852227342549924,58.111059907834104,58.049078341013825,57.81405529953917,58.13617511520737,58.09116743471582,57.87549923195085,58.080491551459296,58.02864823348694,58.12626728110599,57.75099846390169,57.89984639016897,57.93993855606759,58.152688172043014,57.81551459293395,57.81251920122888,57.76996927803379,58.16920122887865,57.96536098310292,57.64585253456221,58.20890937019969
51,58.99125665686353,59.02074556871473,58.9265559176536,59.07360305222161,59.11096097289563,58.56466099674112,59.09212304268341,58.59796518559733,58.959860106509815,58.882521262220806,58.665527382561,58.712979890310784,58.72021301963278,58.91264605357285,58.64573563309753,58.80589778237024,58.91399729751212,59.07368253715921,58.844527462045946,58.95930371194659,58.71234401080995,58.545107702090455,58.92154836658453,58.6579763134886,58.597647245846915,58.571735156187906,58.727605118829985,58.38097130593753,57.84492488673396,58.132660360861614,58.10428423813687,58.72100786900882,58.392417136952545,58.1489547730705,58.75288132898816,58.591685875526586,58.52301088943645,58.288371353628484,58.42365471743105,58.56553533105477,58.25594149908592,58.743661076226054,58.59494475796836,58.35720530959383,57.46729194817582,57.777124234957476,57.96598044670535,58.12598362610285,58.3364597408791,58.10189969000874,58.14283443287497,58.285191956124315,58.465940704236544,58.14211906843653,58.15014704713457,58.29393529926079,58.40648597090851,58.158254510770206,58.38200461012638,58.22001430728877,58.11906843653128,57.95548843494158,58.441777283204836,58.33804943963119,57.96303950401399,58.292107145695894,58.34520308401558,57.82227167951673,58.29147126619505,58.235752324934424,58.26317462840792,57.99427708449249,58.20316350051665,58.33614180112868,58.17661553135681,58.11986328590732,58.073841507034416,58.09999205150624,58.07797472378984,58.082107940545264,58.160162149272715,58.27859470630315,58.23837532787537,58.196963675383515,58.3327239488117,58.17518480247993,58.07209283840712,58.06565455846117,58.231698593116604,58.21206581352833,58.28066131468087,58.12328113822431,58.312057865034575,57.7499403862968,58.15674429695573,58.379461092123044,58.082982274858914,57.793259677291154,57.96494714251649,57.91574596613942,58.180112868611396,58.10189969000874,58.04268341149352,58.24497257769653,58.163182576901676,57.782449725776964,58.013512439392734,57.96637787139337,58.20340195532947,57.755504331929096,58.147365074318415,58.086877036801525,58.15602893251729,57.857404021937846,57.88458787059852,57.861696208568475,58.03966298386456,58.15205468563707,57.82370240839361,58.26357205309594
52,62.22973679623497,62.19121492069026,61.97219801289873,62.0766951368311,62.07103015513334,61.72659926791006,62.13970716402301,61.81819766428447,62.02884782987624,61.97298239497996,62.015077566672474,61.92417639881471,61.91711696008367,62.02327000174307,61.786909534599964,61.992766254139795,61.93498344082273,62.23784207774098,62.05142060310267,61.77740979606066,62.08000697228517,61.76869443960258,61.784556388356286,61.848439951194,61.82691302074255,61.67509151124281,61.451978385915986,60.15896810179537,59.390186508628204,59.813142757538785,59.91040613561095,60.79658358026843,60.671518215095,60.57512637266864,60.90151647202371,61.32290395677183,60.95494160711173,60.81279414328046,61.10859334146767,61.314275753878334,61.01516472023706,61.646156527801985,61.216838068677006,60.72511765731218,58.98195921213178,58.87214572075998,59.15644064842252,59.616088548021615,60.21004009063971,60.174219975597005,60.508279588635176,60.54697577130904,60.6497298239498,60.647899599093606,60.54732438556737,60.78969844866655,60.925745162977165,60.78560223113125,60.884957294753356,60.78368485271048,61.08558480041834,60.62881296845041,61.24664458776364,61.293881819766426,60.82490848875719,61.18232525710302,61.414240892452504,60.90805298936726,61.31776189646156,61.30111556562663,61.48710127244204,61.00008715356458,61.094387310441,61.15042705246645,61.0594387310441,61.195746906048456,61.31933066062402,61.19504967753181,61.16149555516821,61.113125326825866,61.218319679274884,61.26250653651734,61.345389576433675,61.153564580791354,61.198710127244205,61.12558828656092,61.03921910406136,61.001743071291614,61.08924525013073,61.03329266166986,61.09700191737842,61.266079832665156,61.17143106153042,60.82333972459474,61.23731915635349,61.27435942130033,61.2241589681018,60.88356283772006,61.16384870141189,61.07878682238103,61.03878333623845,61.00662367090814,60.967666027540524,61.05063622102144,61.33824298413805,60.81227122189298,60.96365696356981,60.89219104061356,61.10196967055953,60.69478821683807,60.93672651211435,61.00592644239149,61.2268607286038,60.721631514728955,60.91110336412759,60.91031898204636,61.085759107547496,61.12776712567544,60.76442391493812,61.33972459473593
53,58.853082741233095,58.90308110408959,59.11420713139714,58.94672735011951,59.13522805409122,58.85665171408926,59.31619789790773,58.7736157951606,59.1213778199797,59.05749648014145,58.967453586981435,58.99030811040896,59.032546413018565,59.107822271700336,59.016207720768804,59.07419534396385,59.19141481942307,59.24580072689172,59.25821027471268,59.173504469401784,59.10824792901346,58.88530172554926,59.23437346517796,58.93009397203759,58.73619069447628,58.838872335548935,58.71045479846763,58.61864379031466,58.36878294751318,58.595625552535935,58.64149831374218,59.05471333617105,58.68579941717691,58.46370452833895,58.97960119184048,59.07160865721489,58.84515896663502,58.6132739595953,58.77973871189548,58.82325398644445,58.642775285681545,59.16044006417602,58.83628564879997,58.48115647817688,57.70524868209947,58.212042827674274,58.25071215742772,58.720179430928916,58.80314986411709,58.48783602370584,58.56543662617465,58.4085000491143,58.720212173799155,58.55702170852297,58.3749386071183,58.698208964997875,58.57990897482073,58.464326642873516,58.584362005173375,58.402475360990145,58.57679840214793,58.30784846599653,58.75354441570348,58.64988048852362,58.30542549359877,58.824661929864774,58.83088307521037,58.33129236108837,58.56039422415769,58.50355260142104,58.73458629383452,58.462001899086474,58.4950067122884,58.528895582986806,58.594053894764414,58.64081071346714,58.62764807963066,58.51835237876952,58.467830129989196,58.53632821453129,58.57159228577977,58.464621328705675,58.5130152909204,58.39592678694214,58.57267280049769,58.56609148357945,58.60924658655578,58.40021610294358,58.64726105890443,58.43967126158279,58.61058904423562,58.57545594446809,58.569627713565374,58.27160210864084,58.601290069087455,58.63530991126682,58.393896728987265,58.18961396155987,58.352116826561016,58.31963589928293,58.639304541436104,58.334435676631415,58.36387151697718,58.55793850888969,58.396057758423105,58.15487377623523,58.403785075799746,58.335810877181494,58.395730329720706,57.962083756262075,58.36059722995318,58.28394617072133,58.42680331357847,58.08942077862545,58.156838348449625,58.265839363478605,58.42510068432599,58.42834222847975,58.101895812186896,58.50378180151272
54,60.82850476375656,60.297686175384015,60.175189578067275,60.25957612288548,60.24849309741396,59.91629399183356,60.38693369628621,60.02712424654871,60.327046470931364,60.110052498541705,60.15652342990472,60.130468598094495,60.3307408127552,60.50184717091192,60.28164495430683,60.57135912891309,60.3734201827727,60.66556484542096,60.5489986389267,60.428835310130275,60.219327240909976,60.12648259770562,60.33278242271048,60.31936612871865,60.1692591872448,60.07194244604317,60.34921252187439,59.662842698813925,59.056095664009334,59.410363601011085,59.426015944001556,59.94234882364379,59.7031888003111,59.445848726424266,60.219327240909976,60.07991444682092,60.240326657592846,59.84678203383239,60.12580206105386,60.09566400933308,59.87886447598678,60.58380322768812,60.31499125024305,59.8448376433988,59.105580400544426,58.80838032276881,59.01448570873031,59.399475014582926,59.62969084192106,59.49212521874392,59.42980750534707,59.5441376628427,59.96587594789034,59.818685592066885,59.68850865253743,60.10674703480459,60.13707952556874,59.97919502236049,59.937779506124826,59.864184328213106,60.0528874197939,59.73293797394517,60.19832782422711,60.22574372934085,59.7061053859615,60.18520318880031,60.294866809255296,59.74615982889364,60.06873420182772,60.04530429710286,60.0087497569512,59.91746062609372,59.993389072525765,59.87867003694342,59.96227882558818,59.90773867392573,59.97900058331713,59.863406572039665,59.761617732840755,59.94682092164106,59.86126774256271,59.93612677425627,59.99931946334824,59.758215049581956,59.92387711452459,59.73741007194245,60.03013805172078,59.739743340462766,59.611219132801864,59.82996305658176,59.72010499708342,59.89597511180245,59.87128135329574,59.60635815671787,59.83725452070776,59.90773867392573,59.94011277464515,59.640482208827535,59.66468986972584,59.73400738868365,59.76317324518763,59.874295158467824,59.93389072525763,59.93175189578067,59.86360101108303,59.41016916196772,59.885767062026055,59.74236826754812,59.85805949834727,59.30964417655065,59.859226132607425,59.75870114719036,59.77182578261715,59.71835504569317,59.485903169356405,59.73002138829477,59.885767062026055,59.881294964028775,59.672759090025274,59.81450515263465
55,63.175217590471824,62.49267063673843,62.60513055428309,62.37333944113605,62.741639945029775,62.43861658268438,63.067567567567565,62.59894640403115,62.64796152084288,62.66376546037563,62.61108566193312,62.34837379752634,62.76683463124141,62.73476866697206,62.65803939532753,63.10215300045809,62.86120018323408,62.70316078790655,62.78973889143381,62.74324324324324,62.419377004122765,62.529088410444345,62.66307833256986,62.54420522217132,62.53985341273477,62.336463582226294,61.43655519926706,59.092533211177276,59.066880439761796,59.34058634906093,59.39807604214384,59.910215300045806,60.310810810810814,60.146129180027486,60.891662849289965,61.10123683005039,61.226065048098945,61.03069170865781,61.57901969766377,61.77370590929913,61.533440219880895,62.02885936784242,61.83989922125515,60.03000458085204,57.5945945945946,57.75675675675676,58.17613376087952,58.884562528630326,59.18323408153917,59.25400824553367,59.297068254695375,59.79088410444343,60.34516720109941,60.31562070545122,60.53573064590014,60.79340357306459,61.04214383875401,60.92899679340357,61.38937242327073,61.408382959230416,61.038250114521304,61.218506642235454,61.74026568941823,61.540082455336695,61.678195144296836,61.50755840586349,61.94388456252863,61.22537792029318,61.894411360513054,61.775080164910676,61.997709573980764,61.57764544205222,62.04535043518094,61.84310581768209,62.159871736142925,61.816307833256985,61.81126889601466,61.71186440677966,62.06642235455795,61.96129180027485,61.92418689876317,62.03939532753092,62.27599633531837,61.942510306917086,62.085203847915714,61.83806688043976,61.88570774163995,61.98969308291342,62.16834631241411,61.648877691250576,62.16124599175447,61.98671552908841,62.3747136967476,61.89601465872652,62.04603756298672,62.13650939074668,61.70522217132387,61.90517636280348,61.960833715071004,61.66582684379294,62.085203847915714,62.055657352267524,61.95854328905176,62.043747136967475,62.23957856161246,62.03664681630784,62.159642693540995,61.950984883188276,62.24484654145671,61.68575355016033,61.93060009161704,61.9054054054054,62.21873568483738,61.89876316994961,62.27141548327989,62.173385249656434,62.10054970224462,62.161704076958316,62.250114521300965,62.33898305084746
56,58.28358208955224,57.87234878240377,58.32659073055774,57.757069913589945,57.927336999214454,57.96209740769835,58.1578947368421,57.72093479968578,58.086999214454046,57.920856245090334,57.80164964650432,57.940102120974075,57.77749410840534,58.151806755695205,57.76256873527101,58.0655930871956,58.02592301649646,58.064807541241166,57.918106834249805,58.012175962293796,57.81834249803614,57.554988216810685,57.82443047918303,57.685192458758834,57.59053417124902,57.755695208169676,57.54752553024352,57.6372741555381,57.26099764336214,57.43931657501964,57.30773762765122,57.94245875883739,57.40082482325216,57.24666142969364,57.97014925373134,57.795365278868815,57.88059701492537,57.35624509033779,57.809505106048704,57.809505106048704,57.392576590730556,58.035938727415555,57.695208169677926,57.22584446190102,56.98134328358209,57.123527101335426,57.40907305577376,57.61311861743912,57.831893165750195,57.516496465043204,57.516496465043204,57.402003142183815,57.66692851531815,57.666339355852315,57.3648860958366,57.73762765121759,57.564414768263944,57.53240377062058,57.456205813040064,57.34073055773763,57.43381775333857,57.28004713275727,58.148860958366065,57.54811468970935,57.163589945011786,57.69599371563236,57.98271798900236,57.494304791830324,57.613707776904945,57.846425765907306,57.89787902592302,57.32816182246661,57.36351139041634,57.75628436763551,57.51571091908877,57.3586017282011,57.66221523959152,57.61606441476827,57.43970934799686,57.578750981932444,57.61586802827966,57.21249018067557,57.74705420267085,57.14945011783189,57.49941084053417,57.46170463472113,57.307934014139825,57.09505106048704,57.548311076197955,57.459347996857815,57.19344069128044,57.218774548311075,57.54457973291438,57.04281225451689,57.1987431264729,57.58483896307934,57.220738413197175,57.199921445404556,56.97427336999215,57.167714061272584,57.31598586017282,57.10879811468971,57.250785545954436,57.39002356637863,57.10192458758837,56.84544383346426,57.23193244304792,57.328750981932444,57.20561665357423,57.11802827965436,57.290652003142185,57.253927729772194,57.40435978004713,57.13079340141398,57.11449332285939,57.03731343283582,57.48232521602514,57.25923016496465,57.254124116260805,57.497839748625296
57,64.34277492523839,63.971223833436774,63.76691305083789,63.94058567962534,63.96027760537155,63.67725554364385,64.06477458669525,63.665293686170514,63.83783783783784,63.856006319471874,63.6740958077075,63.6981887942222,63.956610054731144,63.870225131185464,63.70558031935902,63.75009874174801,63.88004288213057,64.10376347119562,63.887208711843364,63.934266207752636,63.8490661851831,63.56502849404728,63.82548101337245,63.73097105456187,63.38740619533939,63.511030863849236,63.62184731704565,62.47796648422953,61.57625684139254,61.598036449810984,61.66354454663432,62.239067877898776,62.23274840602607,62.2071319753992,62.90763414771766,63.01055126107318,62.93308130677651,62.83541161202957,62.979179597133665,63.24279185239519,63.066298030807424,63.59431247531456,63.44597415787395,63.197991310726174,61.43130395531231,60.59324042205044,60.66320600349828,61.42509733115161,61.72465158268916,61.900299046436835,62.12334254922981,62.43784912260904,62.64949500648874,62.34294419680641,62.40563110082943,62.84297240873441,62.93911865936918,62.797212661513285,62.93624104271286,62.97494780793319,62.920047396039045,62.77509450995881,63.24222761383513,63.152908649777125,62.709586413135476,63.29430683292896,63.26333013598149,62.718275686960446,63.14805619816058,63.273542853918634,63.20216667607064,62.80748180330644,63.026349940754955,63.05066862269368,62.970038932460646,62.80482988207414,62.861084466512445,63.020989674434354,62.92179653557524,62.88890142752356,62.89454381312419,62.793714382440896,62.836032274445635,62.84934830446313,62.813857699035154,62.78203464424759,63.065508096823336,62.623257913445805,62.819274389211756,62.64125712351182,62.82091068103594,62.816509620267446,62.73768549342662,62.46707668002031,62.8196693562038,62.979066749421655,62.690571573661344,62.468769395700505,62.52338768831462,62.74755966822773,63.04401060768493,62.81532471929132,62.796704846809234,62.91006037352593,62.84607572081476,62.70050217231846,62.83168763753315,62.78203464424759,62.976189132765334,62.53444676409186,62.76725159397393,62.75585397506065,62.94323760085764,62.50126953676014,62.64774586695255,62.65541951136941,62.94481746882582,62.900299046436835,62.71821926310444,63.08017829938498
58,62.27288050494907,62.23170994118491,62.21861999713097,62.214710945345004,62.4150767465213,62.22754984937599,62.67902739922536,62.038696026395066,62.36139004446995,62.35540094677952,62.31509109166547,62.293860278295796,62.31917945775355,62.52173289341558,62.19172285181466,62.404461339836466,62.52288050494907,62.51054368096399,62.54568928417731,62.45882943623583,62.34600487734902,62.13229809209582,62.35780375842777,62.227980203701044,62.096578683115766,62.22984507244298,61.96428059101994,60.61451011332664,60.2993114330799,60.74745373691005,60.76965284751112,61.57420025821259,61.48371826136853,61.35098981494764,61.90822694018075,62.02069287046335,61.91443121503371,61.64226796729307,61.933438531057234,61.98744799885239,61.819717400659876,62.36816812508966,62.14944053937742,61.451800315593175,59.82836035002152,59.897683259216755,60.16834026681968,60.95359345861426,61.30931717113757,61.132513269258354,61.17400659876632,61.30390187921389,61.768361784535934,61.52965858556878,61.411024243293646,61.70925979056089,61.72310285468369,61.654066848371826,61.7160378711806,61.720090374408265,61.693013914789844,61.5357911347009,61.864653564768325,61.943229091952375,61.47500358628604,61.93476545689284,61.98411275283316,61.44685124085497,61.88262085783962,61.800387318892554,61.94064696600201,61.62415722278009,61.723461483287906,61.859919667192656,61.82732032706929,61.6893200401664,61.903421316884234,61.709439104863,61.53873188925549,61.72629464926123,61.85489886673361,61.757889829292786,61.713097116626024,61.69093386888538,61.6998637211304,61.71022808779228,61.77851097403529,61.640905178597045,61.61924401090231,61.55106871324057,61.711913642232105,61.636780949648546,61.740496341988234,61.389685841342704,61.84270549419022,61.897862573518864,61.67583560464783,61.36985367952948,61.44276287476689,61.536651843351024,61.696564337971594,61.673145890116196,61.53439248314446,61.73368239850811,61.738774924687995,61.341414431215036,61.56914359489313,61.47923540381581,61.663570506383586,61.28604217472385,61.5780017214173,61.61135418160953,61.69681537799455,61.3591665471238,61.48325204418305,61.56605938889686,61.81688423468656,61.64997848228375,61.43480131975326,61.74523023956391
