cell_id,f0,f1,f2,f3,f4,f5,f6,f7,f8,f9,f10,f11,f12,f13,f14,f15,f16,f17,f18,f19,f20,f21,f22,f23,f24,f25,f26,f27,f28,f29,f30,f31,f32,f33,f34,f35,f36,f37,f38,f39,f40,f41,f42,f43,f44,f45,f46,f47,f48,f49,f50,f51,f52,f53,f54,f55,f56,f57,f58,f59,f60,f61,f62,f63,f64,f65,f66,f67,f68,f69,f70,f71,f72,f73,f74,f75,f76,f77,f78,f79,f80,f81,f82,f83,f84,f85,f86,f87,f88,f89,f90,f91,f92
0,51.013774364926086,49.86271921431745,50.20390051493937,50.027148622420256,50.249518094993114,49.838812253348024,50.16672362327545,49.66641913184434,49.5626841413892,49.646070519421734,49.682847241451476,49.5988343100411,49.804559437073706,49.769780148670655,49.74880493664238,50.01047679431895,50.01172262387501,49.94410425292899,49.64765116699734,49.69486739839855,50.054051833737276,49.749245463285064,49.84107300804793,49.561305519228426,49.59560675807781,49.66928515359103,49.246742510899075,47.19005895408331,47.30207064277532,48.18929992574255,48.59622870904485,49.23741871611559,48.63369081403587,48.71230409403524,49.003813661265845,49.305397252533645,49.004418536157175,48.70518167933717,49.07547875238655,49.43843627957108,49.15999613498873,49.64382220082782,49.53013712827197,47.98828620803959,46.30380349717351,47.207467919689314,47.55643522348507,48.098418109486985,48.70538728305331,48.788410682791906,48.29125417620116,48.65799578588006,48.64063866747428,48.38244566750867,48.742697124070894,48.77906109413105,48.91788333285567,48.933776852701214,49.002313713482174,48.867299348532434,49.063623833374784,48.91769758998273,49.39782710650249,49.12261660929806,48.65048613602936,49.379853229310065,49.30316374059019,48.77639443083227,49.183724882012314,49.30208398507666,49.480031160172885,49.066846025537586,49.11597374624252,49.095748254302585,49.304074888965864,48.86522613807251,49.18259723523542,48.98574522846773,48.928935653620684,49.0317536314388,49.02216082338428,48.74874574383886,49.21759775261632,48.920727042482326,49.100148496304996,49.247866090395384,49.132760544768296,48.97022376557014,49.09435250545836,48.85628067472187,48.81893986640174,48.82077132980049,49.10879334045097
1,44.780886266778,44.69605324541587,44.8123678004651,44.94130824083612,44.578293327864614,44.74315472329891,44.86903406714518,44.573202161154796,44.65103233077941,44.222569481392696,44.694627610683895,44.57420887364125,44.61679003984684,44.7326844524413,44.40689448308936,44.5315335323646,44.643536754976395,44.57971032674554,44.29277359870022,44.33356289423776,44.36569103790189,44.2578418016501,44.46157968495425,44.06116056285822,44.039977345402455,44.214371219175604,44.68409786930743,43.6962171789592,43.10325011244076,42.65519036769365,42.873253009943944,43.36756133780212,42.96571820764937,43.001824510952105,43.63175665895148,43.789025594445285,43.53910253896077,43.14475348726972,43.965600140049425,44.169819671795246,43.792354153472544,44.526227015572594,44.300109553312275,44.29290657148157,43.5087213489643,42.77472864509569,42.24226975219161,42.8212610613347,42.81156250827122,42.87706196661914,43.083684399077164,43.02619088639908,43.45082488016539,43.34463796750416,43.87234512705128,43.800462831934105,44.096120490443795,43.922467550028024,44.09785307802098,43.86416494934951,44.341176777980785,44.11392494868888,44.25902664893034,44.31157237616021,43.83335164260642,44.39632635611735,44.30834290301722,43.88997552315773,43.987694281568594,44.47759181719488,44.74213624961197,43.929859267039184,43.99032360491699,43.91532945513704,44.03550955674795,43.83419649279524,44.108163045569114,43.873925187762836,43.85545230945853,43.80955201189079,44.297722148519604,44.06252130221963,44.03817019987491,44.12507296858392,43.92099571767768,44.14670009344505,44.259524936889264,44.070029931770954,44.024068582912705,43.7816712457947,43.95694314742354,44.148042577975296,44.13995129183394
2,43.69726299909883,43.67772107588866,43.73517194583384,43.65026089707988,43.99639329673596,43.7758002846869,44.008385536525815,43.555698191933175,43.51146516839373,43.609433902270155,43.75898416618968,43.89160601037772,43.870086954799135,43.99225862534283,43.79386979664889,44.04218235155411,44.01251520597914,43.94016302664182,43.98985798239905,43.9807561817162,43.88964143642649,43.675547312267426,43.92486865159943,43.57976819812427,43.54358107434288,43.716507277953916,43.258096133859254,41.83835203024319,41.889884856122215,42.24781715698396,42.743937758709244,43.51436913145782,43.02722329834194,43.107422197734685,43.32346219949186,43.55040605342095,43.41939264084604,43.04613397842549,43.496523585710136,43.65820312550605,43.35484552161358,43.737105947765436,43.636368151668364,42.75232738947569,41.4662153442969,41.68130541127696,42.11824473702148,42.546470654691504,43.157850683352805,42.98532149988508,42.76528605003945,42.82623016045803,43.04371117625827,42.96668752801031,43.16124658930012,43.0998913751589,43.22704810125077,43.07145285733526,43.23015081588183,43.02716378282562,43.20727488211423,43.07421028295587,43.41814946820006,43.2287795219364,42.92389801582154,43.39409835281398,43.428858871989185,42.96435933274168,43.31317577354998,43.271648071691786,43.39102789001882,43.04437136651152,42.93641692623647,43.10351410462694,43.2431262495526,43.214922161893114,43.16837203997715,43.06788700577765,42.94977207324731,43.16395935394299,43.427589742290124,43.06151261923597,43.12239600546741,43.03027539882273,43.16998810168736,43.06097964650515,43.126033421478255,43.067143801231296,43.264742417618926,43.029546045670564,42.94132902332352,43.09362456637049,43.21740814980612
3,44.99163422526237,44.83319888978416,44.990275714669636,44.96230800158405,45.10454968445246,44.95841689755362,45.11667875152475,44.80900713823774,44.71556218122392,44.7285284171296,44.9913828071233,44.85119655848288,45.04655640199506,44.91078299802417,44.81502959842147,45.052574220584695,45.149737321499174,45.037887700323616,44.96663079228055,44.988016633241365,44.9951415388244,44.79034785164599,45.041446466069914,44.740290005325505,44.54061959371895,44.73349730122352,44.93990355190841,44.234175770483944,43.946579364527594,44.07765072978505,44.35516755707109,44.903018038754304,44.38639042670532,44.27259139204257,44.634381177835756,44.844378532321294,44.597681323371084,44.25859684145494,44.8083622185618,44.836215041334775,44.55924929010909,44.93436876937245,44.83680807097361,44.51927799520189,43.86244903777897,43.898213563924585,43.80825424092328,44.12800142118958,44.45749647276385,44.26854092321329,44.0860229824482,44.16933562831136,44.37776564762742,44.01481268175043,44.3388953185518,44.48870257738401,44.694309129406356,44.37412874979711,44.518811444205454,44.29104766063666,44.48369258828091,44.24316410008683,44.61992359911788,44.526628374386505,44.21355985454092,44.72738374956703,44.5040954158932,44.17433427998623,44.55973737526624,44.495946903293174,44.83528167472094,44.196418742429664,44.26685089726427,44.44241754434172,44.515423690378555,44.33740026584571,44.50782752468872,44.3287918235692,44.244197231380035,44.27738222508754,44.551791222131826,44.29283515265938,44.447571913876416,44.34706397398791,44.454464839546475,44.381598242121456,44.48347762486667,44.46902869907446,44.54812779675016,44.22734308897407,44.30536041730976,44.429037341836064,44.534312070080716
4,46.322572512201326,45.870888288085006,45.80570642223661,45.9604051503301,46.016810982887485,45.82949552636188,46.20016979446297,45.78851513244091,45.78270643770901,45.680358207566485,45.854284165291276,45.67587503836376,46.039536721255594,46.02022169015213,45.80268534887758,46.04716265531155,46.087991249597195,46.07073061863774,45.821393126928626,45.79779637973244,45.95392517343814,45.7406909720165,45.8995071626353,45.695518396516825,45.6024372454472,45.665848035872855,45.76876351080337,44.130516573762556,43.51125030097969,43.67766163311748,44.184649566421314,44.88886264913116,44.613099485999776,44.719755747423825,45.288366556548134,45.379802857586235,45.172795834231245,44.94171223989639,45.273351946487786,45.495218255610894,45.251274528005304,45.720367429498175,45.51354970597467,45.091960195451726,43.246310492206135,43.12941207370842,43.259674600362,44.01971859268282,44.63424468588034,44.59095029704008,44.43602698731977,44.57483934792403,44.7361651834312,44.62475365073856,44.86224156103418,44.88755007665985,45.212055095388024,44.84494925961104,45.08558218739608,44.6947443659673,44.91454365507066,44.86974919234846,45.36969440415601,45.178838733383564,44.586512192386024,45.135912842166974,45.277877985780385,44.62459243885762,44.99108910046176,45.08596436936863,45.12609597449928,44.711980511574495,44.738260549251905,44.794323115600086,45.059989971010886,44.8101265442223,44.95352896700565,44.605918459309954,44.784745615746644,44.73022960414939,44.860464292907594,44.624693214766104,44.840907835263195,44.78686426774384,44.74296399113363,44.55730065349885,44.81938665093487,44.77787273798858,44.79579342365206,44.54743330812317,44.60369976552555,44.772486422237584,44.85603109348647
5,43.10565481880545,42.930101815000384,43.058927045498685,42.90666957467254,43.044273630775685,42.80962146766677,43.279251101736875,42.833247482660475,42.762038635795214,42.72622806291305,43.04813567470621,42.91345599507689,43.1807484920468,43.11389266084425,43.1111370635348,43.0424873027133,43.27692494622229,43.15102348524616,42.95534199839286,43.03437095322101,43.07216501082983,43.013201789669125,42.99622943329978,42.85945318523419,42.60031159485705,42.63549668023852,42.97814367256024,42.605140551525935,42.447996121780605,42.28708789973121,42.546592040173216,42.82791308612636,42.362600135431876,42.32819922488121,42.703324339088034,42.797974932124916,42.66872404564225,42.16429506969457,42.63888033968959,42.85591134298109,42.66808611348875,42.90262443112091,42.78191896973727,42.608804060299484,42.21494007996211,42.49459612815448,42.42688097655206,42.34162422062102,42.18455276544797,42.26575015147922,42.23917070959917,42.163357342154136,42.345619214262044,42.22810108299843,42.349202735704004,42.347595117263175,42.56423417907185,42.31010587097298,42.417770861919216,42.214437203094576,42.56386365950865,42.388153475534665,42.72524960156617,42.486148472331735,42.13341093730656,42.59530656628921,42.487971589358246,42.182664462895794,42.53127566055624,42.63961335960451,42.7085343278182,42.300173764186326,42.367256480809395,42.36110156264292,42.58708794695373,42.409563494477815,42.356905071162075,42.27393131677275,42.31994362338328,42.50017722656004,42.552022129673325,42.185782181930676,42.40499439782477,42.54748176617668,42.40472099574599,42.198724951502456,42.36270666093173,42.34385499293991,42.409743962946344,42.17886170718255,42.211713681413755,42.472907176434255,42.59213318475589
6,43.055732257341454,42.048316997591954,42.666134061575086,42.463474965073566,42.661888787730845,42.400117322328185,42.95414986600774,42.25640546571571,42.14941972099781,42.45357953824843,42.47620636387166,42.371070732733315,42.602542779444015,42.57737822596137,42.51076678568056,42.85431832850115,42.74580651121052,42.75232573147788,42.37881534671698,42.758552745036035,42.62783671912151,42.66914450469412,42.62422619843588,42.477826514130044,42.20543926124116,42.37293915985164,42.93207462106329,42.21695825855399,42.32117931588807,42.166663077881765,42.36036390688253,42.67673392287625,42.38677675798568,42.01170259764861,42.45120057412045,42.443191946681104,42.29104699622508,42.08773999821287,42.215309643033905,42.41439649865116,42.28616722256743,42.478413665907546,42.40009990339753,42.163225632482785,41.679584125966066,41.993784596982785,41.9060022848184,42.2348407734666,42.484014277665224,42.239998551583916,42.05100557201489,42.06955408883978,42.31463174533926,41.8923108238039,42.16956729022946,42.05974502121182,42.400764643300704,41.9980484828967,42.281180382248685,41.97675330443484,41.96924919729778,41.841616974537686,42.1342193412637,42.17674857936715,41.85011237250926,42.43954277123092,42.13170031947597,41.65532127297226,41.979555699735464,42.26561574516813,42.279270218568186,41.83279379534944,41.880920023849924,41.8992766956203,42.15913341219097,41.90927418136206,42.14860396612714,41.83036584486142,41.736832217728775,41.89691323143659,42.01478694364741,41.8144434154387,41.89559886752683,41.805874122333336,42.06657286005878,41.77749166000055,41.99137906290434,41.83242150668573,41.96461873601937,41.67867637384782,41.652871410807776,41.8080925165349,41.881025973942876
7,43.91021329928,44.06235137430761,43.92380322773712,44.08403513233187,44.19973281181453,43.98264722995332,44.509887499872086,44.03632662856076,43.912772592454765,43.91914185068887,44.08411751961537,44.06945241346228,44.15695803362272,44.219193510986706,44.115864870501454,44.21805572577156,44.22771634087602,44.22400547223076,44.17199370306527,44.17760233084524,44.24276891307779,44.05138770037442,44.153121264247254,43.91774052886705,43.93404559032093,43.92383197577929,44.17286833185895,42.87605747276153,42.40280812831108,42.585830499088985,43.088795431243575,43.5428778632806,43.118517211416275,43.19533492809572,43.508885531804495,43.71006229402176,43.61597792748074,43.241518059555986,43.69509620160771,43.80167151105502,43.62366764025389,44.120053588340475,43.98319672089124,43.58444426875773,42.38181940200089,42.08206993329476,42.215959622620694,42.54284874062302,43.06852950194466,43.162393699505536,43.00078363787015,43.10417310690746,43.18711053799595,43.00984520965529,43.24691822854008,43.40567722709114,43.58285931652382,43.336349812621584,43.46278736661263,43.191255795422606,43.487320921809065,43.18648986595017,43.65744679036091,43.520754140840815,43.103603601727364,43.65358444978175,43.60227373418068,43.13865514876342,43.43570147550963,43.535281814117326,43.71162069942384,43.26300334571132,43.275563704215514,43.44660433536256,43.4306004406203,43.31125737025221,43.48228335400696,43.301338597543065,43.252197089987256,43.31582915456334,43.3593606425768,43.31280899691867,43.5257523840906,43.390379315140066,43.33729171632069,43.31846260748554,43.36774486101856,43.30386567241845,43.4160526940131,43.18516989400685,43.21300326762199,43.32254893834913,43.53113371174392
8,43.39871912813975,43.50348663237126,43.532003172600525,43.621247901929536,43.58344307913904,43.55347713366732,43.96374727521723,43.39340907800272,43.51635596204002,43.22671662800209,43.633444449952506,43.43123135505918,43.56936798251426,43.534469840678376,43.39928881288246,43.56256924223018,43.7230842259623,43.654949475141215,43.58530499938574,43.14137861347255,43.498806703329336,43.24530129692164,43.19918401143764,43.22594044181279,43.093908195360044,43.032186509348776,43.24180688630162,42.85694551886614,42.75653228213667,42.68476429128298,43.022347912679535,43.27920668508207,42.90007796037598,42.78175038679978,43.11452380409246,43.50922764893139,43.18233999444296,42.717182726029094,43.172879452567045,43.241064158268316,42.9375333287027,43.41793584528206,43.25313995516795,43.25512366083292,42.85743216575933,42.899975135238385,42.729832905846045,42.9338306218529,43.16431114867241,42.899131251963404,42.6573866873222,42.72010525756857,42.95081405204667,42.735501493864795,42.951722672704015,43.06226549966482,43.314600244299974,43.00372017476109,43.06782950403029,42.868773351870146,43.04935219258834,42.909680118803436,43.42624925936186,43.38596381455704,42.8943753740588,43.22901982183993,43.33007810484725,42.83310902654535,43.244100419949675,43.365294859798865,43.34603458465677,42.8125622975644,42.84057916505789,43.138136597068325,43.37993435926035,42.95378587225552,43.038314595283815,43.03549685207377,42.91066205836752,42.870964892643826,42.99457422268374,42.733594256336346,43.0347875646274,42.90928170485579,43.148954424602785,42.69619298886641,42.88005790763381,42.95478200559153,43.13222453492175,42.94674879202202,42.753579750209305,42.889068891988536,43.04761618963463
9,41.63243857961326,41.41660200592802,41.51152256211329,41.514591426081054,41.66921335398631,41.41954957930613,41.65087148017937,41.25060708553555,41.29040092285486,41.41042529325011,41.52915547926586,41.36827564460538,41.410471705646316,41.47179994214159,41.39215400826571,41.749297630083085,41.691366415187936,41.47588334612886,41.379812891988685,41.4226820259072,41.53802137481088,41.30233623596315,41.449863311292475,41.16715961858146,41.006229226429326,41.174119819403295,41.33330867048332,40.893846125606586,40.90101469937864,40.91663897356974,41.21040711517739,41.70390642877647,41.117320358630415,40.86038933882416,41.097863737227236,41.35237157182704,41.27768663747546,40.81623848351375,41.17067656414894,41.31478501192226,40.974747589875356,41.40697703725033,41.289819667494044,41.16188704759568,40.66509913077092,40.9530481471018,40.84667472877535,41.04041927987289,41.309170232491816,40.86581317887898,40.79417082698507,40.811415074562355,40.81899277682716,40.736603077637135,40.80059732721325,40.918193945770525,41.11141179334855,40.81663832584309,40.841657762891565,40.593544317807414,40.94891191888007,40.62987940882904,41.00073816543713,41.03971920135404,40.53213947183973,41.04301897842221,41.058942199871716,40.472331566615146,40.98226006043011,41.02993125190065,41.15354837323889,40.483661572534274,40.771607945559765,40.91345972586047,40.88296234750344,40.70307039241661,40.837255440231495,40.63840648829327,40.50678847048712,40.52824372224315,40.799659976552796,40.56784998962083,40.95196532216897,40.67312239520919,40.64462142405024,40.597186454612384,40.77893568402882,40.774423802830526,40.93748148180489,40.58277060013197,40.543041049161104,40.731858942340324,40.69288951784458
10,42.64611499951179,42.601965057487696,42.633916579335796,42.72679063094741,42.845295740101385,42.70289927229558,42.863340784554346,42.474283998855995,42.440819518988555,42.738107613339665,42.55366475878791,42.37192639857599,42.715546082958355,42.72921213920987,42.76316312548973,42.665948952586035,42.94098789322035,42.993376013011776,42.675367204237226,42.691249716960726,42.507297072845866,42.58009859733936,43.03812961537511,42.675228612904625,42.39211528171879,42.38016621332057,42.809967963725136,42.167691544179654,41.90712700664581,42.040278832138334,42.20254484014889,42.38654203688016,42.001942699187595,41.86700190475513,42.4568505371508,42.54859485525413,42.265091106198966,41.86983070146,42.37348886784278,42.48740014058226,42.282267120204025,42.61037729979008,42.5880631613029,42.40492089518993,42.06973138444037,42.01441835067874,42.02183967525232,41.97667131982173,42.35673083450827,42.02366853163677,41.97262053350286,41.83412022758223,42.33631009958614,41.82393075303714,42.166964436843514,42.20525940292898,42.158024683829716,42.03835209455158,42.30008806002345,41.87672302211651,41.89736409688122,41.8285215675722,42.18473254023226,42.174088235570544,41.81398386043775,42.05831696411854,42.26439230665594,41.66051777498743,41.960796310216246,42.03564041593569,42.11172964712605,41.668691747812424,41.822192854336464,42.01248697563129,41.993980024143156,41.94971013461471,41.98625785255423,41.882629273853325,41.546545795874636,41.83499958094942,41.70469898229095,41.67392377522569,41.836460117504366,41.73331133106478,41.86569455621222,41.939972190368536,42.07511538733943,41.8564614314571,42.008823156640446,41.52580492967558,41.605195168387624,41.76439060316767,41.8432442584373
11,41.05649358981667,41.824052914495994,42.057883508932115,41.84614688911881,41.856580918912336,41.647290098621475,42.1892454505996,41.91008719361906,41.57932307453376,41.77645028912443,41.90085194054446,41.73792628923301,41.938797630514095,42.04397201320863,41.7001585431756,42.089774856868836,42.18739677225762,41.784132430251866,41.8638601856703,41.9451152402485,41.9508734963185,41.86838839821445,41.90089815300624,41.64053642117654,41.6216624812817,41.78089204689928,42.10206961762919,41.53328447200185,41.32205707088012,41.54614423049588,41.56258222053379,42.06341545315266,41.30111535624302,41.404168218786154,41.70630501585351,41.94032218529447,41.723898984334376,41.34395899614988,41.75080518404952,41.891320313631745,41.58019315075471,41.90153335503265,41.69500750995533,41.77762506072624,41.26052168160203,41.442613598894845,41.2352968992735,41.448033049004515,41.577166257360545,41.3013115130199,41.20701223400749,41.199105997647365,41.46408985488436,41.17557257955943,41.371956252219604,41.46034737908095,41.79655718321215,41.39600245077263,41.811077785776256,41.36307930336446,41.445421147022685,41.48106018630158,41.85902315508759,41.604637645474064,41.132011289234036,41.71304984588653,41.76070163551757,41.059015276649,41.6094598404355,41.67244014076164,41.72628277435788,41.36900357359298,41.35320460718555,41.5150465051381,41.63481215357483,41.388040436482996,41.56961303889209,41.240489612837024,41.576122258844066,41.382484866562464,41.574467142641396,41.46375330782057,41.53389067672132,41.47220282984833,41.41146160226957,41.300916029425004,41.54751279969668,41.476695652666976,41.524257329248286,41.36963103168365,41.40403353123402,41.50269334619406,41.491901346311025
12,44.30378290713646,44.36608448678022,44.263996196865854,44.26982608904111,44.434995370812636,44.24607710260301,44.5453027084293,43.9686367724009,43.939387476087504,43.965745148985235,44.208039774271526,44.16557881519067,44.28468217720677,44.15411920333586,44.0699485866564,44.29687231973918,44.4558698088628,44.29839542386448,44.038482283983726,44.079644371801585,44.220960484395405,43.98449208603343,44.14393495568935,43.85774387188851,43.77042636384339,43.97931674623543,44.0394378452549,43.570736906793584,43.26873162212743,43.435117493905004,43.621494747471125,44.11406226254805,43.432184735480234,43.46686116884386,43.6615180129993,43.82883115701286,43.58359194705811,43.217230011324276,43.73703761916253,43.844926231491094,43.597652733213685,43.928355016580504,43.96155296251432,43.54160919773576,43.15619825004087,43.17381692715287,43.12741152901704,43.19606538252601,43.67198986603977,43.46740712331491,43.004041628378076,43.27326097804333,43.47306523479872,43.18685895065976,43.29874874003121,43.491526623340505,43.56872810253105,43.342806369867006,43.485827426383224,43.0824979174455,43.4828118238565,43.215012409897675,43.68774180287356,43.585952939558474,43.195817986689036,43.71367178538469,43.61413371640589,43.06436465134252,43.56479854610616,43.45057751315662,43.69332063522182,43.2199578992162,43.32266174710485,43.67436136130225,43.687474601482556,43.374780758412896,43.67140393904237,43.4150947105607,43.24079220201957,43.388116286427284,43.54475886199417,43.22883753328584,43.58881949153785,43.42971610711176,43.509932559726316,43.482776028106024,43.4043752286575,43.37629612631687,43.38981441100168,43.304653339254045,43.178070699510194,43.344899636395745,43.410990992447346
13,43.09441896631187,43.176466352187596,43.05362575926868,43.1218077370764,43.33277754680718,43.05389379422131,43.46394215045798,43.20921120996757,43.25556661727477,43.15110549684527,43.43868420934298,43.38374914991407,43.55893532616313,43.481500744460355,43.31652553861093,43.53677776946104,43.65173912330428,43.414882020299885,43.50048852347901,43.508626105313475,43.38536938030112,43.34113969196804,43.64311616937503,43.12655183183974,43.12857205329623,43.17458289995741,43.48713019223211,42.47065423792074,41.73500743940545,41.13518582664973,41.33840728960037,41.48472582046395,41.218341871834745,41.41730891652522,41.70898453490053,42.038172613945605,42.0759719718704,41.74116603427071,42.394293328487635,42.452975747871136,42.38443538610153,43.054326026048,42.7139996457964,42.569836764117106,41.368828792889595,40.81834980012466,40.60202348859257,40.691689204332455,40.80922240111923,40.832051942669516,40.80065673614025,40.953492122710756,41.4370210081912,41.36159927722118,41.45649117055211,41.889070057603604,42.002937539534216,41.96467393847146,42.08355460663036,42.03223637944733,42.37692439014851,42.190406286435156,42.60275756431709,42.572779870833514,42.182331003341716,42.8317348589183,42.69270189277929,42.26719285006728,42.65039861132504,42.72858877569578,42.899662421308165,42.389124959180194,42.591853880283765,42.77925075028411,42.729076147628504,42.61931844667288,42.74258965044255,42.642617860299886,42.60690219450418,42.57639504871292,42.81565986066622,42.61239804006887,42.820662490000515,42.736933970920525,42.84767325661813,42.81466299620144,42.95467746633804,42.696454343517686,42.842164004042154,42.409711249226916,42.62766095675282,42.849900442018814,42.991290859128014
14,49.82258738404263,48.60700679514225,48.36591249627945,48.485631528436485,48.51488987597442,48.27454991598002,48.647178432802704,48.15049567659096,48.354426528749364,48.18676477119003,48.50708476589927,48.331392176354825,48.503944276002365,48.633825577014655,48.4480761502247,48.58104348725567,48.66210002804186,48.67663159411405,48.64156041214365,48.58755956531836,48.7444097095272,48.74699209130994,48.57533365990099,48.49529907707535,48.38214820822141,48.49667635899069,41.43197618972153,40.319354404189326,40.46695097373386,41.18450638558564,42.22317008127928,43.05585155213857,42.844395235456254,43.36646209438785,44.07794258085675,44.835066550132126,45.200481610625175,45.05220732713103,45.87846298636349,46.3345836363153,46.34211278077434,46.87897624219558,46.921861464655976,40.463662265354316,39.76933637528664,40.170788732915284,40.37211736199316,40.82295535067847,42.02296268912383,42.55346019321576,43.10822713108925,43.552513376608175,44.48193691135943,44.79968202621909,45.420184075229,45.8503470824139,46.215550804415784,46.39941878087232,46.681892300649324,46.545887349215654,46.74551517505906,46.95965844668141,47.33099066436044,47.528524977971074,47.207207210541696,47.69026145039331,47.721534390155696,47.11784561200217,47.7973859186335,47.83603846348249,48.21628975575427,47.65220692735526,47.771559412993476,47.63940184420017,47.904767479923464,47.634569492540436,47.89921145083507,47.67829944644321,47.80076151543462,47.80436238720274,47.90018546356636,47.825662121645635,48.08223072786225,47.90478415354405,48.018849500685825,48.038113450560935,48.28218670120546,48.200833997441535,48.06368699113246,47.90852753005482,47.85803436503249,47.99454442715116,48.04763293262226
15,44.26939182607726,44.20455663558393,44.42613001884942,44.31925049139194,44.62951061949553,44.48116583256503,44.41082927977362,44.12350162937902,44.203418942859365,44.203646983395124,44.32830665244686,44.45250308013541,44.338130012526904,44.62362849989916,44.17332305308431,44.28007757129099,44.572082202853515,44.44188292012911,44.35408142089494,44.20393351440116,44.50670101477394,44.065336072632405,44.25064400745401,44.220117088059546,43.957473141119166,44.04518477653644,44.13669599342396,43.66476297420007,43.461818058612316,43.5293770224871,43.694251496492505,44.20328881264173,43.61683831299526,43.59180125889475,43.8883171631014,43.95884665100825,43.671982852118894,43.31046548475446,43.52716276690606,43.81776829161636,43.65448726236477,43.78830877005244,43.865789490121124,43.47255114258901,43.124257785441884,43.381230472809804,43.25765378767507,43.284265057234464,43.51760585548027,43.13685934911979,43.16150904955613,43.35934459933777,43.51142834203253,43.11116926364342,43.31113721838138,43.3839866478753,43.61310467866855,43.46956530243132,43.39485493895333,43.356747304897475,43.39720734080941,43.320071685287836,43.72936311828986,43.567124800083334,43.18724425393184,43.69191030153307,43.685200100123765,43.11490095170385,43.556224360563064,43.673314807042885,43.6085177153492,43.553661462319205,43.400717594296275,43.620728049543686,43.70430193073081,43.56173825010645,43.62352547096436,43.48449745802327,43.49254198714507,43.4286235781566,43.70902845671813,43.394145628138105,43.78143639505254,43.44309886909707,43.6283674825907,43.511394828971035,43.76420648746026,43.83804121194362,43.65156534759139,43.6097169927742,43.52852957299881,43.483884915240644,43.64034603906411
16,42.336108587319146,42.2482376538204,42.289671067710934,42.2843536867608,42.40438616224005,42.210440958103376,42.59944977908416,42.164328945255676,42.237759985037286,42.20811140183418,42.53999937212375,42.434330055226894,42.580170164197085,42.628712691942255,42.33885380663924,42.530119007690445,42.64535806031182,42.557389494813584,42.551252814747116,42.513996547651104,42.472820424365516,42.31936321633894,42.481206485835656,42.22413908564848,42.24134023608901,42.27452198968743,42.437581015678894,40.58661430876209,39.93875308623552,39.898622014261406,40.229302360252134,40.82822683872494,40.62663875501249,40.73314234605641,41.19297806229853,41.554861835911495,41.511021477355484,41.170382357778365,41.72633747314595,41.98224589950962,41.691457692426994,42.25832757508833,42.13376873895198,41.71623239849015,39.80656571297303,39.33802937008511,39.19043201750284,39.70821295160795,40.14242322711348,40.13952879498075,40.184637976934724,40.338796964234476,40.828736429462786,40.88165720656603,41.005369410377575,41.33182135811425,41.73081806001064,41.350244619819335,41.63741283696141,41.41785308642342,41.65069094993696,41.602987789457785,41.94306956539599,41.89707210666056,41.46937678369517,42.05357956142458,42.06592233046338,41.52527060016299,41.953809690237584,42.06688910710075,42.21382823687592,41.74537764616362,41.77545156625926,42.00490932002207,42.09368870304872,41.73851392774771,41.98482133055185,41.9182384234113,41.91664640963742,41.99572538343414,42.032604800085224,41.77408813213186,42.16695318855747,42.02986192320991,42.07682872936652,42.09988181033712,42.14773556449511,42.16919044751011,42.1284721825917,41.87041290883072,41.88151445395375,42.085803449686246,42.10890869420401
17,53.877104383133016,52.867528023112754,52.72525325845725,52.513298423895776,52.5195619275371,52.21710840729646,52.54334228576976,51.88382619775764,51.51112352326298,51.259158834562236,51.7652166158198,52.044162494868324,52.520024842811516,52.534281758910446,52.622512943506464,52.9779216755853,53.074040598224876,53.1141810925163,53.21561383433501,53.195268480013546,53.25595492632486,53.12145044393315,53.33904192657174,53.116065193170435,53.2897851127981,53.30244253875434,40.91185801964763,40.24748947559513,40.5179127102457,41.438553386425156,42.487304234487944,44.19886715881673,44.62940483767455,45.182104564600024,45.89957396392804,46.734038732482944,46.99764633539492,47.03719166793053,47.77847085905698,48.28496141213113,48.161267732767705,48.905498073052385,49.12213147061336,40.183115204414236,39.69183992835841,40.29031489579813,40.15272927222331,40.293756800671495,41.19227658656006,41.836330440441444,42.347387740990314,42.76498356942808,43.51461274332203,43.868335683667695,44.43268995784665,45.055823834042044,45.704907362878,45.874096571979145,46.404731595853065,46.414224889695184,46.86147906015013,46.876680838908236,47.59625944328537,47.59437784667064,47.46959399112341,47.92948909758802,48.13865807148855,47.846513532279246,48.324856885712634,48.468369827712124,48.5656638740625,48.17111378246165,48.1744627486236,48.61633200972063,48.64223474148409,48.439397977506346,48.8540511382698,48.810904542431274,48.6714848661506,50.351099653600414,50.74699001213051,50.93362152963715,51.15951187652851,50.87477422252499,51.192457123246456,51.20306218758764,51.37318142456724,51.33392210777683,51.551398019690836,51.428207397995834,51.37840830425281,51.663648126877256,51.65226360548453
18,44.32990782654034,45.13291411560032,45.09145017582751,45.288412814575,45.459185728210315,45.16580474868659,45.5893315565395,45.028362654369346,45.19024113111433,45.10691043434459,45.506764661538206,45.30404771399582,45.595257612849416,45.31835234761214,45.50442396724598,45.71513542755169,45.560205601024045,45.64398962613809,45.63268084126703,45.450149716768934,45.59780756510023,45.35419036815761,45.50095489130141,45.245675961536136,45.271747000967494,45.6739990442363,45.10720374625112,44.37416792792621,44.3903131480258,44.34201873426385,44.88965556770143,45.51362989850892,45.13514231789135,44.862564980603906,45.17627833004034,45.31496231568911,45.170640164474,44.624945415198425,45.324242925948035,45.38421061830806,45.0614169989494,45.536016655318214,45.51768475495304,44.71607451764197,44.02783126624485,44.251880834973285,44.591854063658026,44.723011430501025,45.181650557762545,45.00988807533381,44.70703641513824,45.05843347676866,45.16347133064601,44.70986900283495,44.982521101595104,45.21846506673797,45.53642577416508,45.063947566782986,45.49095805157842,45.07841868156677,45.268329794743444,45.04594024740713,45.532137914407805,45.45532533623134,45.366081235168615,45.6482983215743,45.48646933363613,45.13301868596718,45.673078720075715,45.70383383620357,45.65663540402201,45.426807675581536,45.336265226481885,45.72231321198865,45.94892758035496,45.59876008257486,45.75259550475875,45.520717817271255,45.48352450219588,45.71433232278869,45.68287956241414,45.7496399115658,45.9075013558268,45.75536747992617,45.61655462268373,46.01115831967988,45.900585653237194,45.570109511059556,45.94619015166964,45.62129644846512,45.47666954586661,45.657299217713835,45.95231311750681
19,61.070983635152324,60.518848888861555,60.549431968978936,60.389648703926284,60.426430781105346,60.39319110048758,60.75028983423717,60.37512192715069,60.23767929511827,60.33317007567933,60.7073918656205,60.6232147882983,60.72021313874784,60.6800494955178,60.80705856329904,60.94197323121862,60.940817790405596,60.6319886285942,60.959435264068524,60.89623249936717,60.86399585264244,60.5154251283085,60.91875328059676,60.59238024787326,60.66187494643446,60.49857181283311,59.846583694840724,47.62184347553272,42.552982236763626,41.41756588055384,42.62998303284583,45.40396383988759,47.032582425214414,49.29776799821419,51.58878142017653,53.27411214109993,54.254459582096835,54.840370736109904,56.229110254869184,56.941272286100606,57.16987314417435,58.039321669775106,58.132113119284966,55.46817106644929,41.96905784334547,39.18186250187069,38.840536465135,39.950017339546726,41.956726505058526,43.982630902638235,46.225020591159925,47.78080347764329,49.88086559241583,51.03732277575843,52.45993720022385,53.55997450791688,54.88285763902634,55.408023068191504,55.89872811959907,56.40807495502566,57.099289918205116,57.119083858738186,57.92991607019372,58.04346191567974,57.883325252573954,58.83736181474972,58.85807962638364,58.62623644008173,59.165621222013975,59.30929359153117,59.467669172753915,59.15328730802465,59.335347928178045,59.620630919640625,59.75137246584785,59.24813254498638,59.77009350009978,59.63634202252561,59.49457803509307,59.68300383615765,59.98525007910922,59.70046248529777,59.996186188668,59.961222816243904,60.06399605122049,60.17024399982585,60.13587224018846,60.14696026556357,60.28531005898782,59.69519106896399,60.04892933169702,60.30902261195124,60.30420325487654
20,40.75068031894975,40.63927314983445,40.483613600715195,40.30068011204553,40.36189615967945,40.129748876612446,40.46952376232896,40.03349834318567,39.98432992556525,40.017915098698175,40.14612886847352,40.187624301223515,40.3141134671863,40.37095239375353,40.193214346088176,40.35319340279351,40.34830007176186,40.41007660162896,40.324239476141244,40.35573214354811,40.396233320845596,40.18728041580825,40.24259084993725,40.04951517161404,40.00792464970246,40.26455882447274,39.93713978148942,39.64028620965336,39.941532670751585,40.08353304509546,40.050954015982256,40.42425631368734,39.90308380783703,39.757397215696365,40.05347005592018,40.22068765273514,39.84714773933384,39.60127911940693,40.03487255691175,40.17630879092577,39.81159448900764,40.273013496695675,40.183981964508,39.395152860944144,39.44527810377826,39.86093584067892,39.9968255268875,39.944328422541986,40.29667187084135,39.91841821517723,39.700086519089204,39.689756809447246,39.83672316337109,39.561968103081945,39.72640173506956,39.88230918691224,39.97899215991643,39.70162999108814,39.882012497371285,39.51834229557227,39.71556301967043,39.63375669076494,40.03896090337746,39.88760154033746,39.48920508130758,39.9819358543354,40.019913296972675,39.44219606889168,39.811817515367245,39.88310907653635,40.07003735578141,39.66226276165969,39.65700550502523,39.78999456803498,39.933940876759074,39.606896636299155,39.860513893629296,39.77207315757411,39.681890005724426,39.655001382072186,39.88283581074428,39.61367663700616,39.97105869455307,39.70413583326815,39.8135734966571,39.73051335273429,39.88874468520813,39.89929162498208,39.86021469575124,39.76978399150413,39.71890280686761,39.80097626182396,39.77736594092654
21,43.3657126113952,43.92594396963332,43.87995223514681,43.947966265929644,44.23366028591899,44.04036780062854,44.22756570556796,43.829762915832994,43.59630191447173,43.63463875428534,44.05153834200388,43.96794697364017,43.99455166981956,44.095761772647336,43.91397396097274,44.08257908940374,44.27010686217743,43.972889203028835,43.78422881774323,43.86508998548707,43.995427941667984,43.63043634646924,43.72796062144745,43.579645144932606,43.62559043186145,43.24874900429131,43.668575697851736,43.062292283717944,43.241189123570024,43.13304788298497,43.18839616772631,43.57085129571388,43.13458485768253,42.995119476068034,43.213589967295434,43.532364977435975,43.29567475574607,42.72752377593921,43.30103314514831,43.442264304249186,43.22763363731626,43.47093872530991,43.39456481557069,43.005829330981236,42.52327330132439,42.69520750901232,42.67899314541769,42.78244104812753,43.01286489699984,42.84621478279589,42.88048410481664,42.72098116070644,42.946441997806204,42.53487746209557,42.731864349476425,42.95914172992607,43.11044882765775,42.60650968766994,42.79889612196912,42.382543735062896,42.66115068325149,42.488442156531555,42.883168252381,43.10253057126638,42.63867117721864,43.1226967704052,42.71958750925152,42.22550347190816,42.74982172373449,42.7291432588247,43.03902187807647,42.50645438849408,42.47535037346927,42.670483835300395,42.795801025610366,42.68913341807531,42.68275274548477,42.51888479343806,42.64513316748824,42.565729975345796,42.45569087920543,42.35375870033061,42.92842277695318,42.708259980543325,42.70235556628893,42.718552233958164,43.04492348206604,42.78682682254521,42.73150467009487,42.89774266030648,42.58003439265274,42.97555346197155,43.04766593810166
22,42.986546617410546,43.28914123337597,43.27931974663941,43.16466001197969,43.280963428998376,43.24043697047789,43.49238855333165,43.10615451373625,42.99316743359906,43.032140284747136,43.3964001206736,43.41135454620451,43.510204386579375,43.50483940065036,43.32520621259943,43.358046761025086,43.5801424992598,43.4679528032305,43.328470145831105,43.366809874650514,43.48746777682131,43.305074268696586,43.56466224352406,43.19518177160496,43.03879034177407,43.21447263867989,42.88013239946716,40.75651022895717,40.52756242786492,41.12618663381864,41.45690812143384,42.30678694575133,42.14185307601556,42.170153613572666,42.7175140179766,42.90993878476672,42.93806342394731,42.33692365478691,42.83116569750134,43.232728156765695,42.91989890047803,43.210519953805964,43.14201726454749,42.005999839854944,39.95899159741113,40.21064061092617,40.34080959780932,41.37924303452196,41.61359528481165,41.558297866085034,41.845996284335,41.8670904355283,42.23868867076175,42.168998214233895,42.24359565433212,42.66394647618353,42.75026200555984,42.692053675119205,42.62725717470761,42.52835603067634,42.78177599816506,42.62607981976648,42.964661044663615,42.98422794638556,42.639762656128504,42.970451796428705,42.92289759080052,42.562533631175114,42.852330398176164,43.0473551430181,43.189640893959606,42.730483356713655,42.76215607913473,43.04524169287761,43.031087616320924,42.608985551196376,43.01470434577939,42.918112076459956,42.66592176715734,42.74136027518038,42.98379535346071,43.03159614101493,43.10326287568393,43.059244262186894,42.95136846048699,42.90521984535136,42.95083266315054,42.90572701857377,43.2323297440257,42.96174388152891,43.086858193971686,42.9777160526,43.34924639298078
23,40.26343341336711,40.330877134085185,40.013298083191295,39.79854745687184,40.02684925619288,39.68036342247975,39.79179784442719,39.45637013191244,39.47747093454545,39.49474941968312,39.57548070515688,39.685359111781985,39.808506972498904,39.90217042343019,39.58343240532876,39.75698694366635,39.90432373488286,39.86650979820483,39.974740680171955,39.87189784269276,39.91212164986543,39.620032501123184,39.838005284487195,39.68870952566971,39.47160730950075,39.76560324175123,39.25256001791297,38.96205682020781,39.153956400703606,39.360540001651366,39.650450375112534,39.99279459027646,39.17621608195413,39.25426720721566,39.64710408125655,39.58535297480501,39.376309687196965,39.04386726679907,39.472363255659964,39.52803586225225,39.0829219768375,39.787954423272964,39.60795681956614,39.04419003288777,38.92060043083736,39.187117129096315,39.48802574535872,39.48575458824911,39.72898085863899,39.56774429301659,39.13072411525509,39.178532794110374,39.469694377541764,39.204376409317966,39.193472396935746,39.360839582434345,39.54165101439125,39.23158462467111,39.28719483231676,38.99386830002047,39.238105876175304,39.10608203714847,39.532826418607925,39.391229794697175,39.08934683379375,39.37760078584475,39.503701030368646,39.016228639753734,39.34540818170359,39.36768280447803,39.694570362806935,39.287268383578144,39.09744175954745,39.22279390216987,39.40844341509433,39.27157332692801,39.47832200687339,39.121080998143945,39.10828975039846,39.2743462106067,39.40750715278087,39.11311565242603,39.38673987402599,39.19404668989245,39.15668765178666,39.12320023498517,39.25402572592161,39.32978044425507,39.25692254641019,39.20017214964774,39.1397660304497,39.3561050540557,39.330162518412116
24,45.90293979241029,45.73174148410772,45.461714415208675,45.35741302809988,45.44083489390926,45.2129137434994,45.46674171727526,44.95175289420542,44.96409212616197,44.81799181384925,44.92090192320565,44.785840477013835,45.29596081381179,44.99390539038453,44.901820130840356,44.98305756103154,45.026427048780214,45.072847327682034,44.807452180844614,44.692567271752566,44.84447439138965,44.448610081731466,44.6946743953132,44.53585745139587,44.480315585249116,44.27783068382338,44.21248203306885,43.22441510066876,43.35501345112071,43.58561017478575,43.8266563894936,44.46146459004218,43.83150627575259,43.73305654209304,44.04523191712087,44.13753280848263,43.824794204414594,43.57303817924131,44.00722075264761,44.1348115429685,43.712892499982274,44.12044927561633,44.08088816375627,43.38041186837064,42.3652478950618,43.069831707763825,43.098498326153816,43.37013858592295,43.667184521178626,43.43008904167679,43.30803830358676,43.44780073936146,43.92504242004798,43.356569526137854,43.67952986371018,43.62286168402967,43.89213243797713,43.748357895224025,43.70490163158733,43.44930713715329,43.581074530665546,43.43167229297567,43.794661592157425,43.73103360139471,43.34638260238054,43.9602974657796,43.625779844280295,43.072479039989275,43.769308245109,43.54170164018352,43.968887360668596,43.435440013025634,43.4352824774737,43.70750785871736,43.47208104208062,43.353978526685765,43.53214677433069,43.46318870987017,43.208539634456,43.44259917153822,43.624181971983255,43.379006851217866,43.49139977628921,43.59010217065135,43.511526265480526,43.4903651374614,43.503083696624714,43.46436733584684,43.71898283809736,43.26758762107647,43.30836468310383,43.34674367350422,43.54892802807699
25,42.6269747254344,42.633172303113696,42.27726224802843,42.60431338203221,42.54047736561177,42.546784121148185,42.940400723525194,42.452873369392904,42.516966110893186,42.499956545782034,42.46015383607327,42.713777499315654,42.72533104400281,43.01676726785634,42.505163586728685,42.72198005735692,42.8792302502966,42.75756662940899,42.86843696362949,42.541402666974726,42.799364792205665,42.58656831503175,42.8480818006851,42.51458932714513,42.3877573346691,42.28847739105285,42.46447719655072,41.13236632840605,40.92053591667151,40.922167351516215,41.0700714736191,41.6901611592326,41.25697900967408,41.03630285021561,41.549498385736875,41.78492781942229,41.81685244324637,41.317343292383825,42.03782850876562,42.26303544772364,41.934365667574035,42.34203094985025,42.255488671811676,41.87454637324257,40.67003240898593,40.44133994012011,40.6121458975769,40.67208997222367,40.77210570755589,40.842587496261174,40.628556700696286,40.77039843977274,40.93670058263968,41.23463236079707,41.4089340548322,41.63063384279487,42.037460625794544,41.64013289474372,41.85826875046726,41.49705571312468,41.7861327805146,41.8008979167394,42.37741545988835,42.01026058505878,41.6834573840984,42.25022241684265,42.479327185000926,41.75679051059638,42.139821793349235,41.94069410863563,42.47440704308605,41.738496874955864,41.98622691901839,42.103877422040036,42.49498694611528,42.053893784886,42.27605668507402,41.93031276004116,42.1029179149185,42.25018036516353,42.342916389494505,42.08004777357695,42.03592980321368,42.13199018010391,42.21985324649628,41.9587956262027,42.287753566090096,42.124627969191074,42.63150853153909,42.08535813138086,42.20907098779961,42.11151171262779,42.42553018215778
26,39.52469622597526,39.595142719063176,39.56259510491128,39.26701790007636,39.457342746096245,39.1939018391557,39.49945106048835,39.27291189137629,39.05266802019536,39.23392001261667,39.391248749340825,39.22816878404081,39.44681565222789,39.3975484797331,39.438848425182314,39.61865401855248,39.62699345496908,39.462035019146036,39.53884675225472,39.482762835072336,39.4858913368673,39.18673124663177,39.54597559915756,39.25484054181725,39.01692191430864,39.398207430385824,39.0599643772016,38.74862656401147,38.88300714987156,39.32350060377554,39.425122413576496,39.753416050372664,39.08141925301271,39.11146948494202,39.25174586276186,39.20474285796352,39.29217082945126,38.88536819471197,39.22496302140618,39.338344053804676,38.912708533129646,39.49266967504095,39.44609895687556,38.81752063579682,38.5544582323461,38.752388242885,39.24790296678107,38.82406104648137,39.51804055344084,38.94594159444031,38.88077579631043,38.72613515988944,39.07461570931398,38.70822452171743,38.861478271167506,38.88289194767728,38.95754836268842,38.70919659518763,38.90462567762872,38.93412256339817,39.01469923294897,38.837230066392664,39.189868496004976,38.86813629445898,38.59781948059526,39.213919967198024,38.98183746014432,38.643768615739006,38.92374221936922,39.10720396437171,39.29960619328836,38.774565484127415,38.6229992836359,39.079770407095225,38.91211872981091,39.04546507464605,38.937268749920705,38.77702832866299,38.755576204328484,38.876777267979136,38.96647142030157,38.76756391905226,39.07963224391853,38.92628147142189,38.98541279190075,38.98919728384867,38.99602522521864,38.82255179945608,39.11101262237603,38.69308831046556,38.95281097632129,38.951145116341706,39.20545406855102
27,46.72713059661517,47.342415191183875,47.37667276450928,47.37290819199171,47.74765117602461,47.54765078850232,47.62725101542741,47.20073449647084,47.33237837346432,47.346619830392406,47.54178913664982,47.345215161349046,47.662214136711704,47.4165829044161,47.44970376155593,47.849557045437585,47.64377588114717,47.72546769934903,47.385535721681286,47.734960346300916,47.68237132204781,47.518640366378996,47.516315955110905,47.28865199174815,47.235853224678515,47.50237144219952,45.92192729225846,43.827462283615304,44.77471352005916,45.406613271780934,46.13715924124378,46.9979855215727,46.693751456567895,46.86561269963038,47.18065842258834,47.64122404020147,47.41366443595359,47.21860855971323,47.7949316881411,47.75252916043595,47.33118256227704,47.990668466709245,47.69156210807168,45.281888452167436,43.01453727538162,44.673698666698925,45.59259544367023,46.29935186524128,46.734876746205174,46.943754290179946,46.9284363036181,47.005960188048206,47.18755080831886,46.778565983554884,47.11855447971113,47.52730754546548,47.55206956561107,47.309910358041954,47.743079201361326,47.32563434516972,47.48605010936697,47.323164735637384,47.67757274952819,47.31820881852115,47.244459641190005,47.46823706328375,47.3292876334661,46.67738647318403,47.2486025355367,47.36511550049573,47.54505911378593,46.97358505124862,47.0456022983673,47.11989420548662,47.13676201378201,47.19968264742488,47.11233533361369,46.99681817835365,47.04350639891915,47.03349794926697,47.302843004935646,46.811433656748186,47.1768772595184,46.692822746605074,47.14161032357238,46.82207783496388,46.93412590073804,47.221337373462525,47.19712359890247,46.873001640083004,47.00225268872577,47.11321598560556,47.165625222567165
28,42.8275943568379,42.59447072995202,42.57198908263049,42.572273674860696,42.52390211130029,42.285269916230675,42.88912654270877,42.52080605569094,42.479427351508136,42.370144304703786,42.82120863749211,42.80058026087769,42.750012816642574,42.656162119827364,42.561506381346405,42.64435916179263,42.741867720927,42.749237899780354,42.636559802197986,42.75784765333551,42.76742191342203,42.8279396068504,42.848339336055325,42.48785261943779,42.6065180187452,42.63943501198447,42.52303651117822,40.23822661697603,39.89469309539162,40.38940938819472,40.75312044976385,41.53580042696657,41.08861264900892,41.30134038134825,41.76548005961107,42.08977850133845,42.08242406654523,41.653868686113825,42.30199661377399,42.4121407077421,41.96671177135098,42.63117902689972,42.468995537762964,41.33532585175006,39.60961666006251,39.58576271333273,39.894575325935065,40.17558525169857,40.94885180140542,40.67754462288545,40.84419155644165,41.1808978838781,41.43149327561684,41.46047717140232,41.59754596161302,41.838823846258514,42.13857988866946,41.87735952519236,42.14797430232378,41.98401226707333,42.05393886975518,41.74802699839509,42.11123129442705,42.15549692528958,41.83436627460709,42.3608686744527,42.25391610957711,41.73708451883041,42.43092267998691,42.4535638591069,42.51573872425832,41.82433022099897,42.14182065748313,42.26546338860419,42.37157150089359,42.07592381918783,42.37031918457067,42.23699341329633,42.04790283556693,42.278831961121405,42.30990540408689,42.168243593595854,42.54985459719036,42.215743556912024,42.336365297460524,42.28767745919006,42.52604621850404,42.39617889151717,42.40527858424523,42.063037507511915,42.116357856444004,42.176156528927635,42.326261486738474
29,41.186277372978694,41.0626823495988,40.8591836406062,40.834661533960315,40.735732309580136,40.6234750223468,40.97417522978061,40.34895384047152,40.42922119908328,40.425659456441416,40.77736620809059,40.69374194456,40.48841045550357,40.76268690949507,40.75068301707092,40.83614868934243,40.80051816777228,40.697834010539445,40.77741872577646,40.767568225235685,40.75735826565734,40.57054959898556,40.74676718534942,40.54586626604198,40.52098270573724,40.66697063421199,39.05151734563148,38.3064970726238,38.629681289984156,38.813281194067166,39.18740513069401,39.70213155960507,39.21941591614303,39.13548186748376,39.54617689425662,39.69344271190285,39.584276428303546,39.23226938956105,39.71015190885261,39.89948227357022,39.47373715216747,39.836257107945166,39.86688607753753,38.49516817120213,38.27507411011916,38.59523232308583,38.64787275334234,38.87086436459984,39.15840795898601,38.754722929756745,38.60906570668956,38.4774547162661,38.64568695825836,38.47938636107714,38.67309584241573,38.755792745893885,38.99548641665502,38.71017120489287,38.78670263281784,38.58815905511725,38.890567357653055,38.74367143081482,38.93571160384657,38.796960336835674,38.462470462568206,38.95937995661472,38.91160915661051,38.410196140239066,38.99222551795861,38.85754966382256,39.15712491239319,38.54494259518538,38.587780522827735,38.82460872194548,39.005202894093784,38.80693868420093,38.93763608436845,38.98143111385621,38.80404349737904,38.982072588361284,38.99453220707105,38.693622261590775,38.8921944271579,38.595973820543904,38.898975041356856,38.98920404281917,38.88673480388187,38.957444492862415,39.125982826158214,38.74412475187521,38.81008296514187,38.88337910321721,39.081179743341984
30,48.42995503580848,47.3061331484146,47.4585833312159,47.10393677277659,47.473576920584115,47.081988598094945,47.3736977756139,46.81353324248047,46.91684854505662,46.70226239343839,47.020357470078,46.591033558419745,47.01227634441389,47.05879787055352,46.991778336315235,47.06852449627866,47.05432547515834,47.004024483139084,46.980228764048015,47.1427770512617,47.092961272726335,46.933684263515694,47.05161863858578,46.86868618995051,46.70909664151052,46.887807794749826,46.213829141765885,43.55851047270118,43.920621035543526,44.494824109893976,45.05464726593239,45.9998743533035,45.77019616165357,45.76511115948611,46.665803137066476,46.56698092451966,46.60366856490949,46.18690607836375,46.62152696488343,46.954157393572984,46.68225818050838,47.09241298015052,47.0810218127888,45.566633340888885,42.50388345109898,43.5177711882523,44.134114771505615,45.108333937615924,45.876217035005574,45.75299050601167,45.9773423784186,45.994617334627264,46.19950629273439,45.83919107190558,46.10218690032769,46.30726862424755,46.30674803533882,46.26942943971381,46.40830859021314,46.12570100686769,46.33649786655863,46.131001402747096,46.423452677519755,46.436728305586165,45.69685348819643,46.371432203966634,46.31966495892065,45.62264456391802,46.064586171091996,46.068297771260305,46.47817120145836,45.761075842403585,45.64526265981973,45.953687743936435,46.061552007127595,45.905080713978485,46.01228609809049,45.64887586061661,45.764077042002114,45.738655844328896,45.920319217335035,45.65476996965042,45.86298966192655,45.48905244677447,45.625205951448606,45.63845564027074,45.887472850465926,45.714964342124695,45.97112932221185,45.49768676921013,45.499134126554175,45.65538650466268,45.652490881388516
31,46.69925223173393,46.11186601603069,46.35106926409807,46.13523714817486,46.47757717273716,46.19198655885822,46.525175118233506,45.98796719838353,45.97027226801678,46.00666009049215,46.1920042742485,46.157671688122036,46.32938012488666,46.23975586797923,46.178138502782495,46.35321845826933,46.28117813560138,46.165382055250454,46.32412401608914,46.20473143068658,46.300234930642226,46.065580188570294,46.263855486621736,45.93303363028359,45.974787498070924,46.046660051235364,44.17507311528286,41.824859167478294,42.13991920192196,42.67654874359151,43.31072366572589,44.284137643544945,44.149415420466354,44.33512249215012,44.95272294240688,45.093116423652866,45.02926323696056,44.65462916061966,45.33206357110446,45.38009287081625,45.10398608433683,45.62160434634061,45.55244427565886,43.05333121969857,40.83488120944442,41.40496003884244,41.739155747343844,42.63553927695005,43.36461353760026,43.75396828489661,43.80662035526969,43.96539447561441,44.46405194060014,44.47210532707651,44.658010262443405,44.74014915223084,44.984555045195314,45.09323653537561,45.05986585403214,44.981808707798194,45.1870104138297,45.20053752015322,45.514670545756346,45.439872104706566,45.26738652895892,45.53979234823019,45.65905165187733,44.997944818820834,45.48057553340735,45.51398450505997,45.75283019332892,45.47938979095691,45.27760962465179,45.3990906169704,45.53099911241241,45.41773132112045,45.581176996401844,45.12213897934247,45.19062591917877,45.451913886219614,45.55461108005411,45.390228204065906,45.37845973538514,45.246937431123676,45.51096145123872,45.3112557827612,45.388522265247005,45.19809426174873,45.436504576349336,45.18768203718212,45.12774646408912,45.226372433046556,45.43129177666735
32,40.35519186517662,40.160278124779296,40.09693069121369,39.95170901808733,40.16620203220136,39.92909114050328,40.368415298274876,39.752178330758255,39.88114023455507,39.77168689161768,39.97688682402329,40.03046319025328,40.0755415699915,39.96757579625646,39.941065895682726,40.16785854614549,40.204292420330034,40.09832330769376,40.139165962377206,40.2330943204091,40.10909578783269,39.90707076402326,40.22842289797749,39.926441056536305,39.88042848701981,39.93819836415367,40.068967700667194,39.21359157491013,39.26873855927984,39.38226025759483,39.59336964012573,39.9861421107406,39.56787338180643,39.30280811677251,39.663392627405756,39.90707587758221,39.98078800086644,39.41453759803483,39.92162699826571,39.92761633166435,39.57457111595316,40.22585079969275,39.965173472002256,39.54879312198742,38.830631451414455,38.988074952727004,39.29632190454461,39.30603858547967,39.630785197763664,39.482895324535086,39.25199315339951,39.226095266049015,39.30384332741653,39.354361638775394,39.40474762607913,39.52917945344299,39.64749161952846,39.44799525668723,39.63945775914893,39.212801624965024,39.54555475775118,39.3171272296738,39.768021504058076,39.621220211979484,39.28973074326285,39.85185787809671,39.73018865055021,39.20975382394659,39.662309300096574,39.74648397425308,39.72284836844146,39.34174283927329,39.17865173033898,39.606532704000024,39.932787830427365,39.52540856991589,39.75826047999062,39.55067527363148,39.50800557140187,39.59548304814968,39.73358622060579,39.25116119849227,39.80429732782063,39.60471002216125,39.61682699485914,39.56545193143273,39.59528138046169,39.58968959052892,39.58057085189378,39.42751156119267,39.648931556810496,39.47167556690695,39.646743558689856
33,45.492405303712474,45.137143410555645,45.69881096076115,45.37044430532495,45.48465433106878,45.6588230613204,45.79719708309656,45.20362397232543,45.19366582821236,45.116698838294504,45.17680809712117,45.34188373740516,45.14893068288667,45.284749975249206,45.072746076226785,45.48474827252642,45.490018960903306,45.43142209669717,45.38682932665461,45.3468005401093,45.46358492036678,45.196163408136734,45.330948052430514,45.37874676282284,44.96230721270049,45.187840289571874,43.4980057896528,42.4977124870884,43.060413924847715,43.62653900184703,44.381880724169115,44.96262561087468,44.275580068753925,44.35904425590875,44.746611245273094,44.98474867707582,44.8424951023052,44.39896228228558,44.92711141058806,45.01378250307213,44.63873804788304,45.30954054370513,45.34453427602849,42.770737841912805,41.91270670294146,42.93076390039044,43.24123245398445,43.99825718368438,44.766554307304176,44.53874715261825,44.097946288025625,44.314445734280504,44.60558736952855,44.30184233963361,44.36991956575312,44.73158357571923,45.0870848744214,44.62708438863381,44.634050401628585,44.429941701241844,44.79895266599235,44.68313976478959,45.077628181343236,44.989097531883935,44.62740437969313,45.08903130698807,45.106076551032075,44.564243350764535,44.69237093095186,44.96691070531196,45.257502282223015,44.48651288878606,44.5993358396915,44.65122132414603,44.83883328079138,44.5929180379184,44.563143796239046,44.641406946868685,44.522079350014444,44.518967866237844,44.687812095584334,44.593613608670914,44.72018611951826,44.430750399410165,44.623397515226436,44.71151906496048,44.565643153530644,44.470912972452275,44.63793469308923,44.57794504468946,44.202807074417386,44.71990210299376,44.686367439474814
34,43.84970538936336,43.651988122938,43.55159543859375,43.59441096535988,44.03995159586686,43.85273725275185,44.13707808042002,43.74241555839474,43.667910634093516,43.81562183755855,43.8316386314475,43.943445948150085,43.96950768844771,44.1030022636742,43.87667564403672,44.08290674788054,44.07536424397272,44.173902889772,43.97974723652253,44.05902996394213,44.06742442479181,43.94338096058024,43.98971800257711,43.766845551698566,43.671966922365755,43.999214933030984,43.22292909675579,41.428343826938026,41.59748356363916,41.79947273285219,42.08050805192692,42.988092065182755,42.37983546590572,42.55216497066442,43.01046531497589,43.22235428150096,43.223296852177185,42.811627493217394,43.26696324538347,43.457601619282244,43.11789666486747,43.69789867433979,43.519770168894716,42.299226340817256,40.5399361714232,41.17237037573473,41.087817090520645,41.64527823839033,41.999428822171275,42.053478549404346,41.997454583262126,42.21916538037088,42.565894913937306,42.42037456368992,42.6205483094854,42.804412421642894,42.865882620215956,42.79294332403476,42.923623961700535,42.74483400050573,43.206712474291976,42.827219386798504,43.40688511670027,43.219813670148525,42.79156283196922,43.31603780603965,43.3493773866836,42.88110017108346,43.22770373795488,43.359265327528846,43.376409990297894,43.037799215318685,42.91729323458309,43.12184523743463,43.301764753626664,42.93127553473641,43.201440293126446,43.103816184386716,42.9600271119919,43.05249791515766,43.18571979620043,43.03698512542121,43.24551885998714,43.059897292579684,43.077212984096896,43.15731875924428,43.22916780628843,43.18182330537863,43.36635621868722,43.12683319101901,43.01868571582731,43.01838518250999,43.26159742363416
35,41.842903310711144,41.67850887852713,41.503849654289596,41.407539825117986,41.32930974086697,40.908269338943434,41.26432659656978,40.716031560982714,40.635998448611254,40.65348886874684,41.351831449757725,41.17589299752479,41.01468453803493,41.09907096228503,41.02775772990541,41.27878843617274,40.969488410561176,40.97617882270152,41.192253035723176,41.04774482835556,40.82523521933635,40.65924273207319,40.94652991834271,41.018479388683005,40.79762119172987,41.25252851784309,40.541574237707245,40.25413117221425,40.42256995321068,40.779550552397794,41.185742766977384,41.158837974521354,40.823458158462195,40.55189757126551,40.63395077645698,40.8635640446798,40.80962427744297,40.361692735041956,40.711780273375304,40.95458982705194,40.636265306168546,40.70669748150147,41.051404334162775,40.02926968833763,40.11787407289646,40.42016524498237,40.57680556203536,40.628714704389935,40.86138460929785,40.56850419967346,40.18214991344453,40.49221229033684,40.52408270061829,40.55403793601906,40.12508363036155,40.734452280948396,40.62679047810827,40.435078787952136,40.496086592265584,40.310057402341606,40.686935296273866,40.208970409154674,40.64589712850928,40.28783037405347,40.431868710027246,40.80281752427802,40.5597023099932,40.249784946005256,40.41815243571509,40.53193899720179,40.52026693178092,40.093100448715916,40.383699219322644,40.286001324540436,40.385239793960906,40.25173339558629,40.28579305424949,40.51736900332017,40.11586138091296,40.6965620084473,40.559664052268936,40.369211911832004,40.56433354270336,40.308421998037225,40.40879443329154,40.35081211692938,40.477402678717155,40.551313969117466,40.44866162729028,40.28929891981478,40.25832293362646,40.3816072782977,40.530175687490996
36,47.089979318408055,47.02961666186902,47.18181821475834,47.18445873187149,47.46539440282525,47.307561455222036,47.46114086205495,47.01564742593405,46.8982966079369,46.71230111930662,46.8567376186703,46.84305940664996,46.86749346017135,47.052276995763464,46.942492721091014,47.04815905412709,47.4514276590345,46.86576669327521,46.83272487392925,46.935869136666604,47.02800169918383,46.81145549319689,47.0544418890053,46.70363911788749,46.45793416393801,46.829356933165,45.268248297442085,42.80475401527241,43.57470699509402,44.6187295888599,45.36986308887643,46.278177970196516,46.20799439231773,45.83746700977443,46.50590860120625,46.76858155136842,46.37182223403995,46.10603368060099,46.655818264199134,46.714464558138125,46.580961156391965,46.751950387305556,46.86481661419673,44.31513047601731,41.90466284513046,43.28293159928416,44.334565402717246,45.22667022171008,46.08683137578881,45.918518377977875,45.78754598182222,45.874491628421865,46.116661989796036,45.89740857394785,46.12477501864717,46.187557821018096,46.497611962376276,46.00505243432515,46.46221405475207,46.18337741034248,46.32774663862208,46.235659992973176,46.40793630872539,46.41631103251303,45.94583415556331,46.50210099876625,46.370121652124055,45.951447201808094,46.33183229007633,46.505797443195725,46.56633820293681,46.25852706151842,45.71681019915234,46.34933468849643,46.23200264044508,46.155206045071466,46.40233600075378,46.03794322645749,46.1674803836549,46.1449328069362,46.216896632539424,46.2959604960388,46.62483135479359,46.05374491230272,46.21464146342196,46.14159782266698,46.11470306349089,46.24645646119427,46.4525271728365,46.07585327867061,46.11092863529615,46.204189389336406,46.368977238635274
37,48.18982434743692,46.981477200445866,47.260826217779595,46.88531385232563,47.229990075818364,47.005293662966196,47.12848237411069,46.685334811242356,47.00924717181505,46.681507462983106,47.03032051706322,46.890355151449704,46.61253721481917,46.815831440450765,46.90249619977301,46.91994013145798,46.83360245798208,46.669674512741835,46.864865259740974,47.00136151815743,46.77140204928726,46.67549760774457,46.70522536964701,46.47183389567907,46.52262236571103,46.73827412503785,44.90669696148913,41.49145537339781,41.583415058935614,42.380911499059785,42.81451796916183,43.806348763444795,43.660326902735655,43.53438100485173,44.4469073690353,45.01485156024783,44.96203964878989,44.99091168691484,45.40267328459978,45.853787655699385,45.58408440469848,46.113112853408154,46.1669082268537,43.634825830868934,40.17220405760768,40.56566974841502,41.18170693942958,41.73594909744547,42.67695459924142,42.50447482171364,42.82830675809198,43.35229976757866,43.71303729119576,43.82954490688255,44.164115548136614,44.63130912352286,45.00571681262585,45.25788845710084,45.244563382164685,45.094011359893074,45.60051516372461,45.37117920242197,45.809366724475865,45.87639579652036,45.3033202467676,45.764274005583296,45.883946148822886,45.67191478402805,45.555275439877654,46.11450758715242,45.94043571531054,45.30474683222445,45.61908662110151,45.739235213891945,45.777945108953254,45.658001836240125,45.79545063343548,45.50788125521726,45.40096170288685,45.30683428993972,45.466881124270664,45.462921047670754,45.550055541025905,45.44619184408142,45.446270126503684,45.5279081251637,45.589079825447946,45.534370030638655,45.444135130161115,45.21939070832483,45.39678482369316,45.58839294938972,45.597002381664865
38,41.23986387917925,40.925238703015594,40.8705398406564,40.54329732881299,40.58470434907042,40.22801220475797,40.548334831926084,40.07538243111575,40.27432230878968,40.04801475422687,40.294759533351105,40.211257312363124,40.360246997237155,40.31525284689339,40.12203263238341,40.40260424490696,40.42884909542746,40.44739972909135,40.234716659519435,40.47449090857707,40.40346766947389,40.24531928907687,40.44135514040776,40.14483756198029,40.1267204103441,40.28082439731959,39.78965864921046,39.621101625377236,39.92554697889434,39.94546943982269,40.106172664245584,40.46705293333888,40.09257702377089,39.71216025738972,40.05211742275147,40.00099341494129,39.960425883801406,39.623744988467124,40.122747187281675,40.122438093485975,39.80672595774938,40.34216579284731,40.20480609269505,39.42555422257964,39.49537842724191,39.59478607892424,40.05586336555433,39.93203604943628,40.12890445285951,39.85525737813344,39.62044883370055,39.77549864291717,40.116135744864124,39.702680058530525,39.78480530910086,40.14452854154878,39.91044974851059,39.768974854669786,40.00377241477992,39.587625126631664,39.72550508289752,39.484593698637475,39.991548458550035,40.0738244981165,39.58790739859204,39.99517984483746,40.12808153999661,39.534626445241194,39.956074594756736,39.85405140852754,40.221183690239805,39.836531131927764,39.74106928438707,39.80609486152723,40.026379968315155,39.78956377210031,39.85152174402122,39.60825029693351,39.899692220881974,39.98215762798828,39.84164050004294,39.873892951709465,39.87189468192768,39.711252412233264,39.91162672123083,39.94004509163796,39.879940223110886,39.861163714684714,39.93375356760806,39.79737073057865,39.673874422572005,39.914440020169245,40.04119976397198
39,47.3649676551641,46.02999334156047,46.50616766114088,46.31629884755615,46.46765582143009,46.04472497595695,46.46537111228891,46.04241113630567,45.92569791468202,45.94099146130272,46.23585783710392,46.09468224047944,45.987401583396725,46.43510726434751,46.02382732279056,46.26581696135781,46.34311306457233,46.29420362933709,46.25369203165415,46.2217470479939,46.202223446119035,46.09016159093592,46.19186720944499,46.029903813901825,45.850424763863074,45.89209703153329,45.56779183697077,43.2224308028098,42.97692291064146,43.416200763843065,44.108290163518554,44.65725979302663,44.85362568649465,44.670424906360395,45.501519890426934,45.58817532351264,45.380703221904035,45.24106076299624,45.814909620286805,46.014373218833036,45.689425602535785,46.15641671950133,46.372452573654705,45.19673704440887,42.34085574166448,42.91001003874869,43.40256998738429,44.07792630256246,44.89675333653871,44.717576621959246,44.7952215125641,45.17992705830224,45.18036494379031,45.18098012016708,45.44761655082183,45.22357308311945,45.70891082202036,45.51465998329514,45.62005786218671,45.48603007342248,45.66511569357078,45.720366193627626,45.89956329806708,45.657102554290375,45.37254162256611,45.84740762325777,45.8039185212569,45.280077203627854,45.64693452011676,45.47359855969245,45.807428925098876,45.13894744616385,45.27248916750313,45.56353076111177,45.507480429814436,45.19465568241727,45.437889235403134,45.20413127990646,45.03975570391013,45.32864420204034,45.30550123320871,45.211539671234185,45.63818365519773,45.17167304078136,45.14275278214926,45.08580685760601,45.217176121292454,45.2155697153736,45.13487987768717,45.2044396148158,44.9122991360643,45.21201668619246,45.2382085045557
40,50.25595238498818,50.10588565718375,50.051734056936446,50.2372649726767,50.294284423025594,50.24122486430805,50.78686425186979,49.77350562037335,49.953987356087154,49.907112374107705,50.31886681122885,50.2854443984552,50.047289661923564,50.124868762073376,50.04169712004036,50.282529601314664,50.59731851330716,50.16184204775827,50.22722281024117,50.053926584664254,50.12973794036465,49.86668275000672,50.035472196474544,49.6380936757809,49.67116999018693,49.96524157054399,47.28508036772418,42.55130832929339,42.95863072805598,43.95163971325377,44.96100423664865,46.5390027240176,46.48055000494905,47.233233592143144,47.79824031582241,47.944103582704734,47.908766903033644,47.30924153500252,48.245547531026745,48.49219244189354,48.08648708534608,48.74583553579404,48.642635763886766,45.256271267063944,41.19439126532881,41.79574111494867,42.48597093131931,44.00760678648814,45.23529306280027,45.605303381528316,46.61587010870216,46.47484223567643,47.0390450765687,46.83738327903369,46.95961795434535,47.252951907610345,47.675845645039345,47.72469230239913,47.798867767818685,47.211045926798086,48.08352670162023,47.62664135360583,48.1557718674202,48.031793084752636,47.47204288414484,48.16076535744094,48.213855979596744,47.319253172520696,47.8713244066555,48.1949496897686,48.05175150971136,47.7833866837943,47.91715243639963,47.90915265835388,47.678699212448244,47.823611572173775,48.105246186105234,47.54321458544726,47.687622058825376,47.63746615456793,47.883987206099356,47.917018008265615,47.813942838093425,47.70503254782205,47.82790312210846,47.72771786908315,47.950466948758276,47.88354893020922,47.81246329195864,47.59238491844443,47.50114257142899,47.85011439182468,47.871764534427655
41,42.23047967028747,42.03989484414462,42.264151757455814,42.141100006259855,42.52482598453197,42.453645251225,42.407234525765865,42.01360737821282,42.11927634864347,42.107955001392185,42.363807201897465,42.222014599692635,42.28972673771891,42.18466541955394,42.074004057145416,42.402655548540366,42.30965787026599,42.399363574429316,42.266318073402246,42.40333268639381,42.225108064317226,42.055790826795295,42.06011926299932,42.01138207562843,41.92039900468708,42.272001440360576,41.3208853418557,41.15164817301554,41.30186789679758,41.67473655053322,41.90232670109635,42.36009660778508,41.86821811296447,41.81988146776379,41.89861065889156,42.153722842918306,41.9753691825727,41.42741359445944,41.93709564464019,42.35901977114174,41.849388819526574,42.238428459459634,41.992014146645694,40.62017532460956,40.68804517664326,41.376829286644806,41.53383569805799,41.79176222729091,41.89931879458454,41.70659293588968,41.438742812501516,41.420176235076724,41.718469552858345,41.36459623730425,41.65951150897276,41.70104227120705,41.95271846644938,41.7409679618403,41.73594820199865,41.44265258134381,41.78591267703121,41.71716532380465,41.96077862887038,41.82945040834761,41.36072888921111,41.974681089578546,41.775980372651155,41.20744139185664,41.8144364409182,41.73963055852664,41.94397094667368,41.402938097064734,41.62191555317854,41.65211658383994,41.77870562589412,41.40927727814437,41.65440512123145,41.5539987788676,41.35643295519605,41.59847682216696,41.81517336355991,41.38016264691346,41.891192850015486,41.441404443943,41.75710106283775,41.63107051711239,41.67326618545588,41.678536066227316,41.65755700148855,41.69137155697337,41.43475627247367,41.60060289537777,41.59590442683607
42,44.1736818219146,43.86275812583724,44.060668677908794,43.79987020562969,43.979185180534124,43.779534270908634,44.20647082236411,43.66666579456686,43.66949985504702,43.654977712803394,43.665605473393136,43.53868565464375,43.720702053437,43.66144528038599,43.69176909285128,43.83693217659629,44.036472203283196,43.868415246581584,43.86779832616879,43.863254306218685,43.75734182027221,43.81384095225946,43.638024300199056,43.59805715429938,43.52603310572438,43.71819981517086,43.78462420618248,42.510950088347435,42.484197992164525,42.51993908522816,42.846552488132765,43.39194814163228,43.22835441322602,42.94282205214215,43.48096052021785,43.71210534277473,43.71493431521116,42.88190184811122,43.710538655195066,43.628857410664224,43.25562341185151,43.95209525861929,43.82728419767816,43.43564464989834,42.117355912012904,42.47246261737835,42.41552760476401,42.9165611290567,43.33171066412918,43.13472757345296,42.932095634666894,43.02447618547659,43.406375790345216,43.224067147452104,43.26603119650774,43.41476244575913,43.52391134692386,43.326433341865965,43.641765115415154,43.44030036843962,43.689833475651014,43.39690683532722,43.94954057269763,43.622251419378834,43.2682246667947,43.76010087701691,43.62796059102108,43.08878905258612,43.51136123081382,43.60960051851396,43.88379392008163,43.248076021900246,43.441374161532195,43.5594715624623,43.76350153321423,43.386103003224584,43.341903308072744,43.12635114930171,43.23063861485782,43.27158099838113,43.496410392262945,43.16272698894899,43.39351949354773,43.207401519580316,43.345753472273266,43.15298857507434,43.23503981500612,43.295333687918436,43.36856342935474,43.16365412238477,43.23056092679414,43.266546707150376,43.24518410450653
43,49.12184172787613,48.395993781313926,48.32659351805667,48.2137946511707,48.337021397774805,48.27975246031834,48.20930385852675,47.76073985945261,47.683865020237185,47.70101368834503,47.9921398979163,48.026500112617114,47.972084295022796,47.929232033788125,47.799518203422295,48.1346133663992,48.184874273450355,48.080299029158695,48.339719113540475,48.150276147243275,48.2333472126151,47.88098698664641,48.100926043109354,47.748504898840245,47.9276375291415,47.968198240709434,44.6379016067382,41.39930908818996,41.99043987210461,43.02010582551857,44.24143755893139,45.53360473743625,45.50061832381553,45.801654006548006,46.58630076542138,46.85143350717745,46.99815530533405,46.58563191630548,47.352553842729115,47.461681581705655,47.16520473247789,47.6153810884519,47.581356130804615,42.58831093891953,40.82695613252715,41.13297234775269,41.9550337982816,43.28144057939589,44.37154097605166,44.72235546067333,45.0290043284095,45.416320243766386,45.89061497204233,45.51232391722913,45.935171014941076,46.543477882966314,46.63137327962272,46.566044581927514,46.793015368816825,46.63336845980044,47.011456736686235,46.67844844626859,46.893712021701845,47.09188553161929,46.83266093710508,47.27216095098173,47.066937907760604,46.793724164648694,47.107361066329915,47.21396428824079,47.50551908969168,46.83495518068929,47.19486541613488,47.20472391568895,47.279487794911645,47.07352238909721,47.09875529739036,46.96776931563716,47.02091067324459,46.8761423655442,47.23491929409077,47.07464233591631,47.06398379913974,47.1464544901938,47.273533192921256,46.98641988426193,47.1372795235587,47.24856101597814,47.28071517363652,47.0654307804449,46.90224361191877,47.00542543070276,47.32319260338568
44,41.464308303840035,41.22018291307535,41.21615582051958,41.39455637905854,41.49574887582044,41.31259862788961,41.63792232589515,41.215761698727455,41.34537889309084,41.11355484444871,41.415720227120964,41.3451629544066,41.36115885176335,41.572280219087936,41.33761543076884,41.48860210227641,41.61823064487315,41.55667836203084,41.45499470267548,41.5038037128457,41.44037378196767,41.319484739404096,41.46251915619743,41.24625062153602,41.01377667401747,41.37082356664577,41.6278180624798,41.09394078261974,40.98542652683844,41.05338477450797,41.227280678901735,41.48118085154639,41.03611597178714,40.8900522152657,41.225351848004344,41.451057947798304,41.25444202459724,40.740377800346565,41.26199646216404,41.36513561550832,41.123140940048934,41.50192229005144,41.24908531434182,41.16316003712523,40.881291288086985,41.04956376748683,40.89840853484566,41.01903788735196,41.13601519677506,40.91132503437496,40.94954701712845,40.80222795327172,41.043889667978874,40.738830932975866,40.8996895993044,41.027074040199786,41.24397579261186,40.863801369709435,40.935010881899345,40.70007626700606,40.967267238971054,40.71539749102157,41.03496842187953,40.98966770914858,40.71644231399631,41.20526172977691,41.09929808603681,40.5685751320833,40.997876449292725,40.976020324884615,41.17506979208581,40.715123216223354,40.8719889884379,40.8620884612475,40.95677697097399,40.692699374944915,40.95093408365527,40.79095271713478,40.75358682941524,40.85043686788857,40.92417555973119,40.71985255234481,40.92693589492957,40.887034879202226,40.7511008899466,40.8417088242389,40.93360439088524,40.89157366013709,40.933946714705044,40.60394223685976,40.72986976223028,40.74229998888936,40.88565066402808
45,42.38711279777614,42.22625500843011,42.376466635685965,42.39767034135098,42.46356987353042,42.33413611475843,42.591047407838545,42.18063814653123,42.173450294175346,41.94083078137468,42.26904412043745,42.23142374426273,42.36972851523028,42.410462038452344,42.23536826781044,42.50727788577161,42.35659235766969,42.54126997450219,42.218791096443006,42.27273435527498,42.43828639283708,42.135445268767754,42.372876016988954,41.98624794766227,41.89967616635837,41.94377008632026,42.44689592042893,41.637982411950176,41.57079064087837,41.504786538056095,41.67491637101106,42.139088376407074,41.77717273164152,41.65035154257892,42.091789634126,42.19614248519349,42.03270505906217,41.51577003241655,42.21153345110722,42.326315291768005,42.06805550488726,42.47009343029365,42.34812177429344,42.09633081446595,41.26706034910771,41.450962271583535,41.23891115439348,41.725723051583444,41.9393703295084,41.59376444451351,41.54302839011209,41.7621101541641,41.72305620489616,41.7278127412675,41.82934406044132,41.768659658714206,41.99654518701375,41.72990253664317,41.829829487505584,41.81785316368175,42.052489325132676,41.78436748167671,42.08580253501818,42.06252009107634,41.70242230742276,42.13461334165557,42.0694986124121,41.60541878244768,42.03853786657576,42.047014705838635,42.0612291259952,41.80719127853757,41.825128116983535,41.94379023994178,42.046401923297466,41.77756845925162,42.08983231445248,41.76339935564831,41.807157884802756,41.75039512788622,41.916511521747694,41.722744254465916,41.788324020669776,41.7912710648144,41.83962582825929,41.696068816929596,41.86994137086814,41.719221209494236,41.777842246410536,41.61015224504337,41.739634696077175,41.8892845563691,41.93455893693658
46,45.20268568062048,44.29645541473295,44.181827724491875,44.127082020776164,44.15175644261889,43.9842123068424,44.30013916114737,43.85538831198704,43.630496346463296,43.64434228414195,43.97103107078533,43.92931052108957,44.004110739269976,44.06143808202206,43.982913306465285,44.079807499023275,44.097900204918446,44.02352991581281,44.048597997799234,44.10830871407264,44.02684799867088,43.74754247496626,44.233461248383506,44.002987316146545,43.86974401167928,44.10225047703508,42.16078165128818,41.114087190166664,41.687832025636375,42.247591405566624,42.61053831553913,43.328782898719695,42.96951887055193,42.96774152681756,43.424637014939094,43.66920279447281,43.567656498227166,43.31372447510981,43.80917489372373,43.89879759651466,43.57576884986588,44.050470385927035,44.07889330347451,41.46732195244247,40.74188162404343,41.27335483453491,41.51652265883523,41.735458853140855,42.12008722421347,41.95027520371241,41.7962704876103,41.824183098530014,42.18662176139786,42.112317758764135,42.16493777432905,42.36091723774731,42.61242664569392,42.308428276556626,42.520825337813015,42.209841310136056,42.55569348049838,42.30224401332604,42.57467516477986,42.558524976653764,42.170679651553996,42.75061941009985,42.682795908234176,42.220120746056296,42.502374885694536,42.532376517106535,42.91735390165613,42.28322644014747,42.335225192931546,42.394158527531715,42.653457442067605,42.47004497372553,42.56881933379638,42.306159672626066,42.31002239327794,42.50855261990063,42.51870352507607,42.51194041735979,42.52260837075679,42.39365861437787,42.57964960163695,42.53058791489437,42.49710552307816,42.51242623735059,42.636993240720265,42.39288874955135,42.416236937671385,42.470698316866475,42.521802148554855
47,40.90154705018266,41.02883346499977,40.9905680992391,40.978067999532335,41.221950851177056,41.007511184800435,41.293006826072045,40.910651489094725,40.89783860607163,40.9219611620729,41.38364957277716,40.92837151386707,41.27749016386474,41.20226397302926,41.05774078151663,41.24886501220171,41.4432694194413,41.274040558117115,40.98262715026456,41.02701404199909,41.26843204455227,40.90678526416994,41.36960136984686,41.06131534443477,40.79622477926331,41.084010114857286,41.26295763857729,40.836185322744974,40.517666375683056,40.62039178169889,40.61027020984724,40.94977753728461,40.56347132127644,40.45983447926823,40.61644365979209,40.94049367191196,40.8494421693497,40.24036614023047,41.09138932643561,40.96960252122167,40.9004873044073,41.09957187965466,40.95046705969497,40.57141503897428,40.5630709311056,40.580635112974036,40.366608591565644,40.29579478737926,40.77289548710276,40.42344156858113,40.11479213427605,40.40919866384792,40.467813564952785,40.252383091236325,40.288259783643454,40.43195510077704,40.76371572358165,40.451809089483426,40.53501575430937,40.50481908491675,40.72800128890037,40.43504074239128,40.67756699199832,40.88215365962557,40.257401176273525,40.84007474169323,41.04273495291789,40.296722020864514,40.73144323835275,40.57031696639841,40.86801769730297,40.365594811826284,40.71585810873911,40.71288871255145,40.5856576855152,40.33599823985084,40.658025790046594,40.61908048316318,40.48742080667725,40.62808912813268,40.56253996948447,40.46623363181517,40.7238292424931,40.76837234722965,40.59021740920608,40.372219285188116,40.59970514057297,40.4706817674291,40.740500229779606,40.51099607042146,40.53866387388743,40.802184602222574,40.72248370049773
48,41.64605899763688,41.884064629145165,41.827163947367175,42.004203858583466,42.16205487757856,42.00221305609343,42.34990922974052,41.901306147820236,41.948994257993085,41.883870572146336,41.91473489104832,41.79903843261103,42.06246461233758,42.107306272935524,41.90607903141024,42.25095317984047,42.24259905804052,42.22970892861646,42.11507397561596,41.95754423472938,42.17362873986347,41.859659897901345,42.11775060847367,41.86691938802378,41.763228248547684,41.71566682968076,42.12946786401096,41.37070039527109,41.25332035399614,41.26985862232742,41.46887425872245,41.96840283676053,41.54660478149772,41.32436238894739,41.579991500934625,41.770820869734855,41.718244551662046,41.250161529949885,41.800592004697506,41.90815695109709,41.487208565722796,42.01996473313773,41.85974767095199,41.72380612683292,41.04336482235723,40.961913560424534,41.034959621654416,41.25025580162768,41.574633052028496,41.36400396568741,41.199930244410346,41.22361081674791,41.383343086403336,41.18084672571235,41.43437098999364,41.48782573532025,41.572056791238346,41.38199982162198,41.494390224021025,41.298125551831966,41.47530768118552,41.27943277534603,41.60999521137921,41.56041115544257,41.12437060079207,41.66723211439466,41.630355846504195,41.08529461201314,41.57145121269294,41.43466653226153,41.52969400538738,41.215568934934595,41.270515727416104,41.31857750651484,41.531050448893374,41.179463162892446,41.37506101676777,41.270325291369,41.31735962460947,41.39179001779627,41.46196246080051,41.25947275049543,41.475110604923785,41.281932917383436,41.39592075750601,41.51755619884375,41.525439182616026,41.33863284530627,41.419401051360616,41.23253261968384,41.345651964915106,41.3668114697035,41.549548344003256
49,45.369215197773684,45.35234883324917,45.20945224877431,45.334289213980256,45.58085349243301,45.369560840150655,45.83919107234354,45.31247422755043,45.35630348146191,45.32448835509415,45.38576797814578,45.56840249060423,45.51636445511753,45.68886255282182,45.58345417340276,45.666136304135115,45.698705698999085,45.67418624025377,45.5090997382505,45.50059796475672,45.71541775587935,45.39787749899404,45.57480814318323,45.26329687750972,45.078152326687345,45.42113412789737,45.00151339601867,42.81160104817192,42.62841002105049,42.84976929499942,43.33018015878093,44.184153483231604,44.045642505319165,44.07759302090996,44.57913904561033,44.74109151197028,44.74608261395858,44.28713463137126,44.76467264262655,44.95163765558579,44.55472612411313,45.240019586985944,45.08395568996959,44.09002109757806,41.879655628875526,42.1698050457528,42.334856164387205,43.05618109439573,43.62710134891312,43.74712436021611,43.800024446218806,44.067407626511326,44.26034017273763,43.97409907232557,44.19088545861526,44.46667263812635,44.66615471996518,44.46920312293406,44.558490123513074,44.383792348684594,44.61185914770833,44.54527632523025,44.85275751342955,44.80317267434533,44.39293863702458,44.91909201966189,44.967468617096664,44.329519555539235,44.72886382551987,44.89412673117585,44.98389035502498,44.584426080237726,44.58354856657543,44.772749153089556,44.845361089230984,44.70314634360172,44.96754227262887,44.64933118855797,44.514352277736585,44.64212526740827,44.77646560835275,44.573982816025804,44.82124276734759,44.721283517987565,44.69246794322065,44.720113114060396,44.76343649890278,44.670753108462044,44.77551831639739,44.63797112808364,44.61913673034417,44.755547516523215,44.87983631012673
50,41.388986789981374,41.31720925148177,41.53617038820885,41.689296799130716,41.73824082510447,41.744867002194184,41.95292823215787,41.4855013223117,41.62357487710379,41.42955064703282,41.83892949919797,41.73619087646936,42.01253506406328,41.781807053065776,41.60254430416103,41.71780512827556,41.81518832358007,41.629532366483836,41.588907119343645,41.60447248870239,41.604546637303365,41.610767789806864,41.71133398265844,41.388026240927424,41.441292480308334,41.300918605467864,41.855446312216834,41.30360054002702,41.345761820747754,41.02651551661916,41.28460892611668,41.73031972793195,41.07673002971483,41.076834161717805,41.39177375717391,41.505828715192926,41.244626284054384,40.84493049467426,41.40819052066815,41.5074067884052,41.12663708387971,41.72113473314491,41.533858023339285,41.53124427415519,41.10199215220444,40.93868723341273,40.71441325743078,40.92712619103327,41.18230537451898,40.96571655892602,41.0200127170791,40.86407864046267,41.09785563892404,40.88904103211251,41.06260243135821,41.310818011967335,41.35028618289125,41.0316408230805,41.08989061405713,40.8982470841666,41.084800233711036,40.929401643463244,41.32982308078358,41.07748019962164,40.84352448532868,41.20641740147898,41.27501848375871,40.709115178325675,41.0502032794563,41.188925073506276,41.41349912234682,40.95303848186,41.06461125369082,40.91772433882537,41.00924114550996,40.93671705175253,40.98502854572622,41.036369875517636,40.70220899228761,40.86652340939497,40.96856073391925,40.78758679230909,41.06444822679068,40.970198911728914,40.94998315702647,40.99273496280139,41.07923914308858,40.9205496912335,41.0355012914375,40.718904325280036,40.76835040456504,40.903165668930036,41.236085056416734
51,41.69369500673298,41.8409746697132,41.76469890948166,41.93649984215892,42.080033859066305,41.604632494902255,42.02952025892255,41.618575821600636,41.59913656287166,41.60408163587495,41.69428207941936,41.64651660673236,41.73199831360735,41.81885261593706,41.66553838624941,41.81697139269385,41.96651206276222,41.96729683457962,41.64970661645269,41.821105974413825,41.759934919662385,41.59057484564414,41.86372884082204,41.54411802217001,41.53995605527318,41.55042986838077,41.86755018370713,41.23993745662419,40.928632827661964,41.04614134157869,41.26613965402593,41.85190808113538,41.35575867672677,41.220028515041086,41.68253876228716,41.60488163226432,41.55717894511762,41.138884564092336,41.53000392706175,41.67790638338342,41.30575965903394,41.72197487004596,41.74914660072592,41.515879476302096,40.783063552371836,41.018952004588634,41.122085125980234,41.1280904790462,41.524059337079905,41.339961326924936,41.13812096391485,41.33420612052834,41.38188206846992,41.02553158856734,41.24705052431419,41.26480843900937,41.55658711521957,41.18809556404609,41.46257138909344,41.17753704474844,41.244031230156125,41.07927767562378,41.52421710314611,41.31633809542257,40.95676873310804,41.377038570386816,41.22572574868601,40.760397582701046,41.25984516330521,41.31903320697215,41.369274635026294,40.90650195865457,41.117384559755294,41.31362474431207,41.26947799520377,41.06857218705247,41.0599219561368,40.98632300058081,41.00746176829212,41.00042976323064,41.08602433430773,41.16849719887488,41.21370655780344,41.19027407305363,41.31996088531353,41.15548569795889,41.06632887614003,41.21694791635967,41.32858012439579,41.121970845299224,41.17457637697667,41.16517072463343,41.3515919499836
52,44.37142697202178,44.46943489391915,44.298681046442404,44.451495010712016,44.562068893072116,44.292450472165605,44.61332178241941,44.40565250290356,44.22628658675538,44.26809017840812,44.60728918746039,44.463289922221236,44.485641103765175,44.54483712954839,44.39412351157212,44.57919748219461,44.53583826744689,44.710955958239126,44.4829975445529,44.243829270751185,44.68597068710357,44.381122244350834,44.32145118332903,44.31329525597288,44.35403355898073,44.2582017037274,44.25922100266219,42.68565711452095,42.1092621692385,42.34770068497321,42.649122216228804,43.503498492722336,43.21287245358443,43.251242487540914,43.41921957896241,43.916998084898545,43.584682911745595,43.293290151711815,43.812951976208815,44.03792053030466,43.64249270008573,44.25642344193385,43.966082193107255,43.53163112801532,41.995116964556644,41.755872084144826,41.93068396095724,42.23537165666579,43.00063116645659,43.000527951056654,43.100629666395015,43.183074500461636,43.186891255675754,43.162934695127234,43.24742923721472,43.38496648184443,43.69353160737919,43.42663041328979,43.56298327915553,43.32980473236336,43.8171682011808,43.337946370490634,43.90181862300978,43.83784531680138,43.39216664079269,43.85804561164841,43.931518217553645,43.4388239636085,43.85327135365883,43.94963075348306,44.17009262340312,43.5077631828741,43.57230926403651,43.70592648194007,43.734507963207875,43.728366151076564,43.905109202035206,43.70153054214759,43.67826081014728,43.63867841798715,43.741968169513434,43.7381455866438,43.93758766896694,43.73311864531323,43.75860331817931,43.695450678187115,43.607116531856406,43.74618139580085,43.77913948291237,43.55646066312209,43.59415659665962,43.88866561887652,43.80350817871509
53,41.55541504047644,41.69925521572062,41.97447005572382,41.80172409784586,42.0643908502173,41.864205655180875,42.180304311425516,41.73961150320272,41.66719401202828,41.708023324100296,41.917215067787645,41.835460275490384,41.98456388602999,41.9261106751662,41.94628986214825,42.013716836105594,42.17021723338904,42.07065239977426,42.00767582097812,41.95468533533997,42.07471755401876,41.88772939315597,42.10025365867063,41.76308508915427,41.621063143059075,41.75930879129445,41.90136521822223,41.404319964613855,41.387828394243265,41.44909540973067,41.762937672215244,42.14762974088886,41.60877157238907,41.48486058062286,41.83148483203435,42.03265699035513,41.805514702513555,41.405685135466875,41.82310784324526,41.898066855009866,41.60335194053905,42.076719824600026,41.95010483020324,41.63656803575114,41.00462675707646,41.45511911762256,41.33224005834368,41.63262906778257,41.95368086048388,41.659757095095486,41.46403774892383,41.395329882431234,41.586643554314506,41.352940922842045,41.45458362986558,41.620433424716985,41.704882250226085,41.43505251462124,41.60856530692904,41.26726231285013,41.630892127964344,41.34828149625062,41.75155367010988,41.56551465750432,41.23219677126411,41.88317068824023,41.684220695021864,41.20807628525889,41.46235897189342,41.50212713656305,41.781873923323246,41.34858676678232,41.32803943656211,41.46403512478679,41.61930901091812,41.55774507523772,41.559687432502756,41.35552481478058,41.32774699608302,41.38917785635694,41.44707357389396,41.29308184978928,41.45905347272189,41.31506951529865,41.47872625487604,41.48000838373893,41.54539918623984,41.499762555104176,41.712657583253566,41.331240887376026,41.429908485254856,41.516262574779724,41.5396946894597
54,42.96674900823305,42.56646246844635,42.47271909458513,42.58846431306662,42.67985431372197,42.42203876314738,42.787593741528326,42.518251879147016,42.42915329395347,42.29219079576958,42.64149351243222,42.5390963890451,42.8044114075125,42.88597481194201,42.77471609641954,43.04834116423917,42.88533195059304,43.03223927795874,42.83626088460506,42.76276806588701,42.732814717013305,42.64336806870297,42.745803026796736,42.673839187146065,42.57903443500331,42.52596584805997,42.99984153962975,42.021868111514564,41.63279084041712,41.81061614904945,42.069669295210325,42.55470004189833,42.148007857402995,42.00506531553006,42.633944861544684,42.57669371338635,42.759220180334935,42.186495705379336,42.7119379953803,42.69292896194372,42.40033894280238,43.05564178700118,42.9515028756316,42.51772337404733,41.93872296225311,41.544668461057505,41.6549981475947,41.89628850225325,42.3095212368184,42.22287647197819,41.91229828038232,42.081520637444605,42.37249804223603,42.19543048037157,42.275308674805494,42.565318858322904,42.77458914769468,42.49503428905822,42.499559565320304,42.3008733589812,42.66152943181574,42.33164817623741,42.755188544568504,42.6746163121815,42.17598991699435,42.74958600145613,42.669752166283715,42.16442919825628,42.50797885973167,42.59557087583767,42.588043136697664,42.312275884345944,42.37812561927683,42.33036365707202,42.528113240226794,42.338025059296484,42.44640937209376,42.23382605162924,42.17135679868016,42.34964336834476,42.26642493036923,42.306303943269704,42.46485060414869,42.228514996403,42.386208642414495,42.19655572953148,42.500973422975875,42.37299767106932,42.18955916284146,42.230680712172806,42.09905597573465,42.41569484603261,42.39345403387713
55,45.58487637753608,45.02731890429325,45.20986958468954,45.02093663177427,45.51012033969931,45.28061639342972,45.81891869165374,45.463477180147734,45.11686708689326,45.248243199794935,45.49086310675396,45.16940217131177,45.61428020423842,45.53820160710195,45.53815399062351,45.97478557784482,45.734950311701006,45.455256467257314,45.51368220444885,45.49768889071633,45.295025175102886,45.4209868451248,45.487119601265746,45.299212245942485,45.35086289082062,45.214247818670565,44.56347289971761,41.91989802460047,42.072655691973516,42.164574839016765,42.418228353972474,42.89228552427359,43.1366877186402,43.102255854852636,43.68298630201637,43.97175236981036,44.13013704171704,43.79554659142064,44.56262027815303,44.787578682413645,44.432792537447504,44.918466014966135,44.87653297064384,43.135215835169326,40.91721654985971,40.9557964360108,41.244441440357605,41.77437533543042,42.255709551746065,42.34134809592889,42.15782119996237,42.69926076649789,43.17274516046652,43.10606552843848,43.51888599259801,43.6772422716284,44.098468844919765,43.855713580864006,44.352972870789266,44.22787759195031,44.051979321899104,44.20694761474285,44.6637990905839,44.3603077241062,44.5229289850459,44.46759293272963,44.7562727086426,44.03776588611056,44.70718912945434,44.704131745188015,44.96555526462013,44.37843251630388,44.79648815742386,44.68180681783749,45.12120417574373,44.63196441605547,44.680033114714234,44.51637262905155,44.85739579236105,44.77198990606173,44.73572238598661,44.796667817944204,45.15593373379943,44.797103599771404,44.921034071698934,44.69329407376293,44.73391793894301,45.018826496997875,45.14345488456202,44.46845327781349,44.939769371079876,44.87558926255238,45.28053189583422
56,41.619577905987434,41.289354813183486,41.800690954300656,41.20827359145777,41.448031791263176,41.56519715307744,41.58886519250294,41.276677406294716,41.2223424463326,41.16139788910212,41.33616185502622,41.35513075240457,41.32072477979044,41.54420356770463,41.26212949509348,41.583309621633475,41.59087441233388,41.473636596878144,41.253971220736844,41.38172705346072,41.36394447213836,41.14409392155803,41.271273888700826,41.10371206000826,41.06761148591697,41.2623726824379,41.350475409198644,40.984077750844854,40.84050148828885,40.87072001581889,41.002896093885745,41.62490755288001,40.90258593698083,40.84927178305967,41.382587101260256,41.331914614573634,41.4027088887365,40.72592974027227,41.43408219378026,41.469215475095034,40.927598757283135,41.51682347562384,41.39698250844147,40.94213305143891,40.83120503450251,40.941051824181706,41.0475965518637,41.07401744107058,41.5475893680497,41.26357721103509,40.97249458645543,40.94986880869605,41.106892155168175,41.03494344743277,41.034703867979104,41.235551305163526,41.27799972474016,41.07169374622201,41.064566021708664,40.7763240555609,41.057096323327556,40.89219566487695,41.72609401694083,41.05321292409966,40.67310819598929,41.35087524164738,41.41522298374235,40.94291091525681,41.10431885802398,41.422334359113606,41.52449805179309,40.81244051943563,40.77938625481443,41.28294780250057,41.114102694417596,40.86357318038031,41.175302307934636,41.03703385226418,40.878985916845096,41.00989836943249,41.07888699849514,40.62524264470506,41.28306158330785,40.6519715937093,40.974497152710775,40.95093933559197,40.82452252984643,40.77786313985011,41.21780886677704,40.9339699995237,40.591799504834775,40.73110229854111,41.09863983899837
57,46.53802081587638,46.309430420086585,46.1143048468159,46.327291233200505,46.46254949803346,46.25518302271093,46.53784840577681,46.245040893072115,46.040690133902864,46.128525251932665,46.24657030709108,46.203976415163915,46.51428533958964,46.356703381664076,46.2932802662825,46.312574759463,46.478144566106515,46.56239792512072,46.27094458708857,46.372819758315444,46.452443403480764,46.160661262006826,46.33275105445892,46.16834838161714,45.88678454948866,46.05678294062253,46.3482034529188,44.936600662062105,44.244431000419574,44.09335000213967,44.38235774202278,44.93541257918102,44.75504779671519,44.85926958205277,45.40909735530858,45.590277467306635,45.5399077224367,45.271176707282606,45.658388755555116,45.92749042863303,45.68353325236018,46.15871486102081,46.168912925189936,45.93843479708963,44.33970941599206,43.39533543490222,43.38938796939011,44.015043733414096,44.47991031667001,44.72836621991266,44.70331637086866,45.056992447493045,45.144242433582605,44.83042377737836,45.07452489615527,45.39022302024822,45.660990061067395,45.399328780482584,45.59110320385138,45.510128933109456,45.61944650548005,45.46672050356025,45.89524661288032,45.690997397286864,45.270258221352826,45.94176019324827,45.72136594439999,45.22139990622734,45.67806182316154,45.91411313642955,45.86429198945525,45.28636367242291,45.5045354291516,45.58548774950103,45.618265268221855,45.31378922870853,45.416492053359896,45.48263588237227,45.42537242622027,45.38602787197759,45.38958100777313,45.25458215808201,45.38960467572153,45.41593852599049,45.36262586595908,45.32744452575431,45.62094531496566,45.344365637219276,45.48930340514877,45.1182266146637,45.29881005012861,45.43806178372666,45.35883031825827
58,43.99776618934647,44.08837410675497,44.13611303754908,44.16392446575145,44.45721180899534,44.346308940233754,44.68559102958809,44.14152433559692,44.055633792007534,44.142005600448,44.39987722068038,44.31475044011302,44.39619690980424,44.5192311292924,44.29040291552968,44.49084112906506,44.629978597423055,44.48836731555811,44.46056064786948,44.403445091034826,44.45801767371106,44.26479866072258,44.38217378381322,44.198620728779375,44.11691285409637,44.30698260613314,44.30216460973442,42.617637988480794,42.51094916674034,42.777335045011185,43.041409703772274,43.80975843719543,43.556717664144486,43.538904873224205,43.94303990915994,44.141230424368686,44.0537739683367,43.61118116127912,44.13760946647703,44.217865144704845,43.94399769749268,44.4730084948202,44.41506304732598,43.79994561105068,42.34154509170678,42.29796143993516,42.4384918270283,43.075268945148196,43.627709951604636,43.48288898641771,43.27110174477796,43.467488596483854,43.811894778756255,43.527681975030326,43.63540010438997,43.801040137109034,43.99799655026824,43.79948242831853,43.90158896628421,43.76558495854271,43.92466251461336,43.744384483713375,44.02522420033335,43.99948163506188,43.5574058994794,44.125758716978225,44.006043072910714,43.4867453329849,43.92911088091797,43.95373171671938,44.13597864415573,43.65189757324033,43.710237402100525,43.929713519902386,44.009360359097776,43.747296815150165,43.99329826070151,43.712588844529904,43.562425528769346,43.75340585165047,43.88338791955599,43.74697758100223,43.81540518635993,43.77144554976294,43.77245066179226,43.78937297184682,43.86592786928704,43.89822076819402,43.82308699106248,43.597687209271335,43.71042102783248,43.759077991201856,43.876678561494906
