cell_id,f0,f1,f2,f3,f4,f5,f6,f7,f8,f9,f10,f11,f12,f13,f14,f15,f16,f17,f18,f19,f20,f21,f22,f23,f24,f25,f26,f27,f28,f29,f30,f31,f32,f33,f34,f35,f36,f37,f38,f39,f40,f41,f42,f43,f44,f45,f46,f47,f48,f49,f50,f51,f52,f53,f54,f55,f56,f57,f58,f59,f60,f61,f62,f63,f64,f65,f66,f67,f68,f69,f70,f71,f72,f73,f74,f75,f76,f77,f78,f79,f80,f81,f82,f83,f84,f85,f86,f87,f88,f89,f90,f91,f92,f93
0,-0.0016272843821510204,0.0028699698281495884,-0.007138892703666576,0.0027163598417797017,-0.008047285390098392,0.0033229017397182845,0.008973106622923104,0.0030700878824481887,-0.00402887552465579,-0.0003373299679400138,-0.0019415370188316965,0.007056559380749106,-0.0036458862823487313,-0.0037889644054130895,0.0007298777379869698,-0.007313958814773459,-0.0002922065336574969,0.006151671639981494,0.0014110477448939943,0.0018606386049081062,0.0032826625877763753,0.001564467713269939,-0.079311958336245,-0.09687705729234933,-0.0646748916487017,-0.0034932229861831064,-0.0030232566969437534,-0.005032445440440341,-0.005572796769440918,0.0008664240108899162,0.0019585927783237578,0.0005117178508368261,-0.18323309440078864,-0.1693330586074365,-0.16806032866073783,-0.1592945733501679,-0.1801820282069209,-0.16956862906887527,-0.18472478106713816,-0.17883557312924267,-0.1712146121807547,-0.17374484330448434,-0.18086122950846478,-0.1658649110574076,-0.1816431869715705,-0.1850611785995533,-0.17152753477264174,-0.17844745725313946,-0.1776848244477924,-0.17607361674010363,-0.17023490946275807,-0.16986211073580995,-0.18446998341544232,-0.17642713447044608,-0.17525244451485533,-0.17938834932672698,-0.1791347397438497,-0.1801742513460497,-0.17160102585548392,-0.18046418360305613,-0.1820872879747161,-0.17053919891465544,-0.1789427135594011,-0.18423279310016705,-0.18347478664121536,-0.17691410252143772,-0.17337972237036328,-0.16878879805142968,-0.18249141856444012,-0.17711523910933089,-0.18010207464373404,-0.17831272920432847,-0.18594068580533493,-0.1780064363904234,-0.17495275192131043,-0.17147076889410928,-0.18530719693104447,-0.18708763012662746,-0.1813417645024351,-0.18057572214833648,-0.17569846490349336,-0.17974417216443864,-0.17751717236255762,-0.1821144962304206,-0.17781237591603188,-0.18265401163284944,-0.18291775231352303,-0.19014161010339872,-0.17307153089919858,-0.17689908731263415,-0.1822926075643905,-0.1923086445012225,-0.17327451526483795,-0.17858497568940337
1,-0.020013447170911903,-0.004336691779701746,-0.005229226731096977,-0.0033254156382266043,-0.005788515432786514,0.0055994497839609815,0.010129252077010854,0.004896622818181291,-0.005027101773665726,0.0033533568662332753,-0.0012681114886162542,0.012402367259845982,-0.0017855188987665731,-0.0015413964558666767,0.0009337931377367431,-0.003843593430325649,0.00045790791135370834,0.006283560589978381,0.002950450808474358,0.005152257547189913,0.0025103063077998628,0.008532256267094671,-0.0031813627202649875,-0.04640770860881937,-0.045698403215555676,-0.044568721455528114,-0.03440503776874477,-0.02423418245669227,-0.015038364721094873,-0.007582313524052827,-0.000912904764129669,0.0020013626035543784,0.016489099469366046,-0.019606352158170085,-0.059139797294275084,-0.03927231377013563,-0.050178141350652815,-0.03611305931213398,-0.032470600037016684,-0.014594258515272733,-0.002131285556874271,0.0037889065719121586,3.100247329561501e-05,0.010748232331908926,-0.00614543945105531,-0.006761273982625919,0.007821997763978414,0.003362538167353536,0.00165186611829083,0.004755739308760473,0.01372502456002299,0.010109969497350527,-0.003939795919386722,0.0021753448017946308,-5.256728593085545e-05,0.0012623000593072766,0.0020500404591882898,-0.005871463823741602,0.00849623498309029,-0.002551964734363485,-0.0059762367755450295,0.009414436318289462,0.0019660207991075403,-0.011728749357624373,-0.0088493986351204,0.0009811065990949807,0.00309110765668044,0.0063284343277770815,-0.004553107736195881,-0.003610357842733472,-0.004031753851330089,-0.003853977930435276,-0.009819462641657601,-0.0005011268151563446,0.00134852052973905,-0.000998175611251136,-0.008328634732785459,-0.010642402485371669,-0.0025395195146955185,-0.007865575057161301,-0.0023174967821655134,-0.008873173039910484,-0.0024409731733715844,-0.004652221600659878,0.0032718877896001676,-0.006100956943961723,-0.0044656495967364766,-0.015862368228204898,-0.0026224695412423974,-9.451804168376053e-05,-0.0015875274224019763,-0.017240526771300273,0.003926557304892248,-0.004776509170931565
2,-0.007825687465539969,0.0066458313636684795,-0.00291503717700115,0.007995860673982294,-0.0007313232759697183,0.007433141408490247,0.004252531900564637,0.00397619006389579,-0.00893826119052354,0.005062610956248038,-0.002176597924489136,0.010988388438315235,-0.010259833008399302,-0.0017994738511144927,-0.00010801155934133622,-0.005314819093692241,-0.006422896881509248,0.002672978907542231,0.0003511435368935125,-0.0028867358220214644,-0.0017470901659375918,-0.004015790432768598,-0.11823632951172469,-0.11951697929078602,-0.0824394982333321,-0.08464946235084224,-0.0735514759445108,-0.06130087375057772,-0.049202059288879565,-0.038130262530691,-0.0441683993188465,-0.03349815958722169,-0.017837676315532004,-0.018299662169226613,-0.09145290738132063,-0.07200896260838295,-0.04857214490330262,-0.05313315695091123,-0.060795003525772,-0.046858134964407244,-0.0406168826913352,-0.03445814305898421,-0.03486308878071435,-0.02440414712413367,-0.03408920270438932,-0.035748131570033544,-0.02295885863855271,-0.0315826327465761,-0.02517537850343083,-0.02766784055643421,-0.020147249776580757,-0.017295513023846642,-0.03346829209715232,-0.02468584010308071,-0.026381294451925722,-0.0267220982512041,-0.02807575013753843,-0.03296757036374865,-0.023769123644805597,-0.02591964675986089,-0.030557124574863218,-0.020909034601373184,-0.02392894937100966,-0.034804501001300094,-0.034348190312226946,-0.027184710646284613,-0.023314833194295417,-0.01853591210706437,-0.031174238936128747,-0.029014932997176418,-0.024596568224418178,-0.03380923797186842,-0.035219845371877216,-0.02863284519719254,-0.027254667294148063,-0.027041733067806176,-0.03076926611719065,-0.03584858324484599,-0.03154995938429061,-0.030523532806879087,-0.03284380305103103,-0.03307601966857651,-0.02914866915588976,-0.03533293592823372,-0.026794517847198496,-0.031881258529497324,-0.033965946988623825,-0.04052118485377906,-0.026764559748806264,-0.03142023888639365,-0.034148601472529856,-0.047088421574510465,-0.023864473769888664,-0.03559973566482819
3,-0.02126128488290882,-0.003775462856600181,3.9501273884621756e-05,0.0035247737221038014,-0.008299709155557526,0.0006577644341131488,0.008397296282480846,0.00596788058854286,0.0015049884680569654,0.0007285398571597692,-0.0022795982134966803,0.013539974970604544,-0.0056127296997587756,-0.000903459813397365,0.004597039763417876,-0.01147949909019668,-0.006431067839165006,0.011103926429642887,0.0053668673186791915,0.004614258442392,0.0018084011063045661,0.00110016905851208,0.013840063168907563,0.005088373721302895,0.008725825064304454,-0.0029263815308115384,-0.01164983073327463,-0.010998539938045445,-0.007761520254619169,-0.00013614948327205233,-0.0010971897076870374,0.0020868153488552525,0.015912335913189638,0.03408500747634011,-0.005845935132049948,0.008039828427731656,-0.005089431999908968,-0.004015408281011998,-0.00762087092073196,-0.006063814829807211,0.006071992805478971,0.006118643637202795,-0.003244745276215563,0.009449196756241618,0.0007437525951955022,-0.008005434594133474,-0.0034389958240915825,0.003610468652157076,-0.002080824005809269,-0.0034145318337731887,0.004226883669823978,0.0021744551241357052,-0.008083038282574515,-0.005386779744354523,-0.004466252572957598,-0.0040839900414844895,-0.003366815555614754,-0.010545452834416052,0.0027876065022874037,-0.003995320687066276,-0.010822816295435283,-0.0015845737346211715,-0.0013608662526420762,-0.015449499344705447,-0.014923551930321551,-0.004535955429315504,-0.0012764154154065392,0.004779905491862451,-0.012125251281050808,-0.006620458410229538,-0.007443772698309552,-0.00616399458070308,-0.017341997046760104,-0.007828716308379466,0.00017483166120035404,-0.004093256750274565,-0.013123428636878643,-0.011249868591374295,-0.004679274529398232,-0.016800859337801045,-0.010618768840026445,-0.009906537207855719,-0.0033022230192990987,-0.007154475412742959,-0.00024758997644869175,-0.008201468269882798,-0.011754466967988389,-0.0253612546419628,-0.00993633211546768,-0.01121900075751435,-0.014480712222938421,-0.024393801924406683,-0.0012084674239299497,-0.018146069409963272
4,0.00014799614354878683,0.0006694730270056505,-0.004382899711349036,0.0064135305046657725,-0.00719155780892076,0.0032713324888505213,0.005630342368157285,0.0013080957583040138,-0.00570293455647056,0.0009808753456191646,-0.0015731903148317658,0.009284604391697973,-0.0067910862681789565,-0.0035710750235740307,0.002926163030115672,-0.004327390134039523,-0.003005040470469793,0.004527310213542064,0.001123370444331511,0.0002620805719995869,0.004061219921371831,-0.0010244491874164246,-0.08915216716477886,-0.081431110775839,-0.050732903054845915,0.0016082976855819708,0.0007115553463833712,-0.002422934902132493,-0.0005321610972788027,0.0035176166636004132,-0.0007765752800098612,0.007925309636429024,-0.11097309123741306,-0.09694313904690871,-0.09821810718135784,-0.0950376540117322,-0.1113590328401521,-0.09762626522998447,-0.10743932671537154,-0.11443879855351588,-0.102617562854944,-0.1069440870884085,-0.11026073935012527,-0.1034970531084848,-0.11716425624533992,-0.12040588593106918,-0.10341316334752332,-0.10729509961612577,-0.11059559654496492,-0.1080305507784248,-0.10759607356760358,-0.10128724412174823,-0.11564914307323541,-0.10927820397525272,-0.1114220182832012,-0.1112779484169142,-0.11312204866784896,-0.11434874956300385,-0.10059812357920406,-0.11513759126921644,-0.11929563951236062,-0.10213780223476236,-0.11392678849402456,-0.11780882086661618,-0.12075692756826717,-0.11023889883420539,-0.10574149723405778,-0.10335993568727556,-0.12063814643344774,-0.11200279470922501,-0.11299445557012198,-0.11764989294060005,-0.12588293599022998,-0.11316315723611219,-0.11182016056670858,-0.11373718750246742,-0.11910089403655942,-0.11969986415002687,-0.11560578966733899,-0.11805519950915801,-0.1136541838567414,-0.1154834081119104,-0.11713220510028957,-0.11940103419773912,-0.10984513906618736,-0.11780618651096018,-0.11959352756899877,-0.12448670825702,-0.11142554764994787,-0.11214634515247603,-0.12439737525301243,-0.13338752788632746,-0.10941069261452499,-0.11725854376765231
5,-0.024485280225533784,-0.005376702928423684,-0.0011107766252534575,0.0010308196134267704,-0.006546389751139493,0.008259720046732057,0.009171452778108236,-0.002372951377573072,-0.0010092096948509106,0.007717437449750588,0.003614146211998415,0.009027831144686188,-0.00529451073652974,-0.0025631478735259907,0.0018265979245754044,-0.009548218986349315,-0.0022870090333862113,0.006595745084139816,0.0020849508571639205,0.011265496121987432,-0.0031476416061487164,0.006954088987927016,0.011520222402116148,-0.005840060093390142,-0.014640237924708364,-0.031202995687141764,-0.018082312445872994,-0.0188582236770113,-0.01233066633503922,-0.010519566427595797,-0.00459614351710409,-0.0056888066271667285,0.01653893229292658,0.006536271086044658,-0.045329189330466216,-0.023695623780506766,-0.042868585422317425,-0.03549504622533401,-0.03192417257938511,-0.017404436115356105,-0.0007182014040281873,0.007729137464807045,-0.00023039595180516012,0.019424132233822014,-0.0009344136267036329,-0.006051008592967099,0.002997231196128832,0.003911811876918904,0.0019093439972951002,-0.000452990387855577,0.006793587872045343,0.004832568401040132,-0.007829765498778288,-0.005397379596286401,-0.0035861974280452305,-0.012022030500783426,-0.004743727955940475,-0.012770195051348503,-0.005164281104320701,-0.006443151545295062,-0.01550716033441238,0.0013608187130692644,-0.008284765958437095,-0.013866103300865972,-0.01800115426468434,-0.009752951364524406,-0.0036095839273381732,-0.0010632526250330826,-0.012640712208090077,-0.018575655433164657,-0.015286181222485318,-0.01691573164878239,-0.021179264906955854,-0.011978595271734567,-0.018189796431949713,-0.00869424062926631,-0.02177931958274072,-0.024051845389775655,-0.009468278546426236,-0.021179979659762004,-0.015809893977926977,-0.018265318704691814,-0.013603814172050338,-0.014299944377885345,-0.006485534214695959,-0.02022236357372445,-0.011006639719147079,-0.03270374877229056,-0.01307633408981903,-0.013657205825685782,-0.01717240816665977,-0.029798061641893418,-0.011617661766474064,-0.016861666373558824
6,0.00100391661932366,0.013548481857450157,0.0049312423066090565,0.006011642078237725,-0.003081351436032116,0.003215366086547617,0.0046716489334434255,0.002355450231716577,-0.004355245635018828,0.001177703784703755,-0.008008185037665918,0.009407026652900833,-0.012522178838722304,-0.003740790496098235,-0.0028009059186696163,-0.01042892076164808,-0.001659341329006205,0.004923711402102889,-0.0020306551504233367,-0.0026186153497468087,-0.003790743394345467,0.005019071080132746,-0.017403323425992743,-0.010840191425942513,0.006470278218809539,-0.008476960200452677,-0.015000822543526745,-0.017120752067374647,-0.01429013364861654,-0.014261676642063886,-0.01842404777168968,-0.010401274355492002,-0.0021057827355803675,0.019018502466331307,0.005352823300354265,0.01732967283020075,-0.00023533340551808838,1.55927882076481e-05,-0.016139606166494604,-0.01098506687049216,-0.007799962743276424,-0.003337582914537998,-0.012948409870949888,-0.001287160805855025,-0.017613621369942933,-0.015705253074573548,-0.006409758863071472,-0.014898729860067933,-0.01730136496104591,-0.012309320418394953,0.004301599866835436,-0.0035353656071316695,-0.02472445585352033,-0.011214830482864117,-0.013752366890066314,-0.017394019189525996,-0.021891499401176122,-0.02265221297906012,-0.01021102806742955,-0.018015486659215207,-0.022818718366340855,-0.01074146982793171,-0.016137506398104268,-0.025631904175817073,-0.02413803001365163,-0.014818118134671295,-0.010670221118099928,-0.006892743841820457,-0.015563106109257081,-0.013920860360487312,-0.019661108388747534,-0.02190505863494377,-0.025429637803223656,-0.019278956821988297,-0.012779447731232053,-0.019369729112030137,-0.02370546067369745,-0.029633508311709723,-0.02537847104820376,-0.024988609492986036,-0.017676130561967696,-0.02330432194758425,-0.023375170487349908,-0.021229520496451472,-0.015477798880327553,-0.027627458862162654,-0.022706285295773232,-0.03650003761807314,-0.014971035514931405,-0.017634601840122093,-0.02521743290334825,-0.0374750608105189,-0.009845146223434291,-0.025062179467277807
7,-0.016429891243258655,-0.0008421477848488606,0.004817580596481041,-0.002218366935750473,-0.008602289778602053,0.006353751371984791,0.009212474976091175,0.0059040772559362745,-0.0023998948588498516,0.0036588442849092703,0.0022938172742533835,0.010468467552324834,-0.007248397785839633,7.208013615623531e-05,-0.002974777240158801,-0.0075904887894383734,-0.0023062589348402307,0.0031396824347576374,0.003169325967006179,0.0015224115016868127,0.004272559524760354,0.009112117357394194,-0.0010142617589206802,-0.036521024150794425,-0.03019536956967838,-0.028914822654426565,-0.029400223068768456,-0.021748047145114118,-0.013497710319828327,-0.008064722645424264,-0.007972404329900984,-0.0019250674946545497,0.007991601526876037,0.01286490648370629,-0.034573619212624626,-0.017903190623155388,-0.03450169607569775,-0.02756164502221759,-0.028560886525421953,-0.019365597067583,-0.009510999054242335,-0.0053778635746348545,-0.010733021626012506,0.0033083891122476982,-0.014566360117962435,-0.009438888044967498,0.000982171920707324,-0.00648640308770525,-0.004508270658073846,-0.0036694828055355688,0.006831911798941718,0.007575752252094107,-0.012354362914356473,-0.00572412928411634,-0.006788148673326207,-0.006532903868716182,-0.007921850998832757,-0.007473278714596896,0.002083399571107466,-0.007194239642323028,-0.01050286943059347,0.005353226692349257,0.00022276531236188228,-0.014055448355237126,-0.013093093853361092,-0.003993419062004355,-0.0013274869872242385,0.002256894108098856,-0.011600069941928534,-0.004906949804598763,-0.010212119397054176,-0.01344808605755616,-0.013416276949645105,-0.006881063879763607,-0.005163188604732847,-0.008111810426454487,-0.010656783326062734,-0.01947247915965261,-0.008845366279745942,-0.010890511546935964,-0.006313803758706785,-0.013645051774153821,-0.01104379400847614,-0.006890734017693594,-0.00548262505184855,-0.012119197296509687,-0.01005522330323043,-0.020283868736269372,-0.0030955235683430135,-0.007304480537601131,-0.011369666544274072,-0.023440636959719215,-0.00170887455144885,-0.011319874628608225
8,0.0003373880144497077,-0.0006314195274584566,0.0008511974485896645,0.0007329155929049328,0.002284285707644001,0.004535904600805023,0.006489970183681673,0.0004790229347817235,-0.002386477308013047,2.407760516406708e-05,-0.0010480892071374718,0.00025347826195309904,-0.006357805089616054,-0.004941126949303094,0.001323592190432397,-0.003564760626251926,-0.006447726625882849,0.001018878916771865,0.004612565390901967,0.002434128485582047,0.0033139223749823546,-0.0068398721668921116,-0.16345110908098795,-0.16974391099752129,-0.1172464199317734,-0.031379564237834,-0.010131669083026065,-0.007057171344973097,-0.008253297596276781,-0.003010471534590063,0.002089349568880704,-0.0006067219978956566,-0.20015442250901208,-0.19012932608620364,-0.19930704277236028,-0.18632945637790943,-0.2016029047792283,-0.1934766293382403,-0.21009025528110062,-0.20522428949274216,-0.19555237347079113,-0.20152052653722316,-0.2020449334412918,-0.1911082857999989,-0.20691961806006862,-0.20604770221784474,-0.20137169185507256,-0.20253526581185272,-0.2001937801131329,-0.20012534122002565,-0.19619485955815857,-0.19726820498213113,-0.20546178660594067,-0.20346312756688487,-0.19906266580730383,-0.20080130581907846,-0.20363416070982712,-0.2054619570052512,-0.1954581128146978,-0.20320642514765488,-0.21255785131804292,-0.19984726673064976,-0.1978216436417831,-0.20512032421901102,-0.2062371967451891,-0.20248214822168312,-0.1960154821904668,-0.19366577335391882,-0.2037602881852561,-0.20274287656808876,-0.2057183600116494,-0.20682769658956499,-0.2076957010851589,-0.20484130058624425,-0.20132426824221225,-0.20124643433160833,-0.21061900968201597,-0.20494184649830272,-0.20391883450557,-0.20310360433962285,-0.20291262211063552,-0.2018719458389154,-0.20464152243832973,-0.20249935071927064,-0.19863878824680928,-0.20532764465762715,-0.1976037398100921,-0.21637310237192364,-0.19659432572193386,-0.20271509527267254,-0.20030552993650905,-0.21809784087436995,-0.19876707719565248,-0.21162516866594547
9,-0.015548504937075502,0.00033340421512315554,0.006185530530983324,0.0011108547912866964,-1.3974859158892071e-05,0.010045685652384489,0.008709604355356386,0.00765888614023955,-0.007125252057440511,0.00022820375875944022,-0.008166249630001116,0.009214735368440016,-0.012617906857466376,0.009168422446528521,-0.0027603074488196768,0.0015207154314225075,-0.005549837053798918,0.003163300201332311,-0.0051138131302682546,-0.00044349691782643035,-0.008802797428885973,0.0014039368264622684,0.005576677266785283,-0.0009962111331837857,-0.001201579848854693,-0.016948286352557247,-0.014515806189380332,-0.011030349374494184,-0.006041565090534309,-0.0022533157024695128,-0.0046068014733081615,-0.01011807338088678,0.008832625852207376,0.020640352203571456,-0.024137540707681523,-0.011448450567896251,-0.02495857094407084,-0.025320697583223622,-0.021587221162604465,-0.021405620051274558,-0.01089046526403478,0.0029554173582364974,-0.004724485971009594,0.005721164962600731,-0.010996281724528125,-0.013568900895553833,0.010115092180829644,-0.006367330051771264,-0.0060020383172776325,-0.0014799394773329637,0.006568893249627106,-0.002398942257034035,-0.011739212545815407,-0.007228001063156079,-4.8177809788197086e-05,-0.008404906667613397,-0.01027920484389216,-0.00822643332941721,0.002225667780037897,-0.015447885822271381,-0.015609560895151047,-0.00028142999494585897,-0.004722064452773235,-0.02094946751645892,-0.017143325821887673,-0.012916465331683035,-0.0015296109421097683,-0.004338893768331576,-0.012270807613684912,-0.01168759206979476,-0.008571533903338896,-0.013650109099792107,-0.022932855983660527,-0.007265936552412111,-0.013223463186409224,-0.007394513882993145,-0.018256564943321372,-0.01939461657083837,-0.010019428997175903,-0.015191610539696566,-0.011309021201013876,-0.018421344636474452,-0.004756308672087866,-0.013915957528895028,-0.00948194028251677,-0.018073246887607267,-0.014540029010646799,-0.029484202085844628,-0.013933079079317488,-0.009749729829871032,-0.012058075915754614,-0.03162930661387906,-0.007060963902858133,-0.009082878438791561
10,-0.001407844813576693,0.011322794352376719,0.0014497612244347125,0.005620419885150841,-0.0035120401975086996,0.0050230567296742825,0.001619492218301129,0.005379282342522515,-0.002563240536375456,0.003983025856603519,-0.0035511172181236805,0.00806216737924824,-0.006529871086123642,-0.005598523330767368,-0.006473563251473388,-0.007786354333470598,-0.005829410805278013,0.0017171705357398473,-0.003435221078792867,0.0025100161274447387,-0.001055264731522263,0.007779573308007098,-0.014110845462273409,-0.008238521114094668,0.010044934335762147,-0.010308618923552578,-0.012777377641992752,-0.016104781414193834,-0.01698045993665456,-0.009033224911399362,-0.014249535550367927,-0.013832183173373138,0.0074477273878790625,0.027084657431072103,-0.0008648602352290317,0.026149736890503632,0.0028668818542417892,0.0006297692782456687,-0.0099680355503837,-0.016681987761386272,-0.004922085954141363,-0.007169309238461961,-0.0183553872690777,0.0023616152135656353,-0.01941593753614602,-0.019452050911685784,-0.008659561875651964,-0.017284839540273492,-0.01537519240317262,-0.014284731530216522,0.002636406848087804,0.0010434486246623945,-0.02044192767699964,-0.013076608928354218,-0.014842479998390277,-0.015598053311910227,-0.017912987809663522,-0.01734914219019995,-0.0054902371028208675,-0.017763761989105536,-0.021144582694490377,-0.011256414161115062,-0.01488123866416225,-0.03150604644581818,-0.02815128318501725,-0.015905538497372702,-0.01588746475056341,-0.010335265645368217,-0.014996852756425875,-0.015728448853313464,-0.022540315030161375,-0.025760038843786547,-0.028914416332252852,-0.021286259738495246,-0.013365256255242671,-0.016853379780910786,-0.0263197450862878,-0.029057944842949334,-0.021864375764442452,-0.024495778148259373,-0.024504981721350638,-0.02331933091921797,-0.02578104224262155,-0.024364953930572496,-0.014517589187854407,-0.02123804209982679,-0.022578900264330133,-0.03534284512625826,-0.021388090148201762,-0.027251108611742434,-0.02586912752549598,-0.04059469865914117,-0.018042866870060147,-0.028039738312263182
11,-0.0069379162597786835,0.004978672763061921,-0.0008154113784376576,0.0018044231386009667,-0.002176563421216878,0.00680412470874569,0.007260406354975013,0.005032274868520165,-0.0024590596732333293,0.0031625454131749787,-0.0027699862041998006,0.0074118519415078,-0.0058114911688981735,-0.0009288672613325531,-0.0005461637119639441,-0.009688861318378946,-0.0044387446303824196,0.0027173962312078193,-0.002980637971158249,0.0003820075791854159,-0.0018261592485857348,-0.00154480861598771,-0.05910976511857618,-0.05854674369824582,-0.025206112538189458,-0.03484541387398729,-0.028450319700483295,-0.024636552641375792,-0.021157193024282372,-0.016984331403432164,-0.022205802913407683,-0.015280645299746737,0.0006570622976242462,-0.017128591796109986,-0.045570970312383406,-0.017005976547537712,-0.01994450452758131,-0.017572666618073253,-0.026874822305195476,-0.022287402696401535,-0.014564116004042407,-0.012691126211559092,-0.01779120714088873,-0.005138733106416326,-0.021922426042126502,-0.02320076761727197,-0.011917012937328293,-0.019431589655312616,-0.02054203562444671,-0.017773340971276613,-0.008902317759037916,-0.005148443247542772,-0.026354670113590432,-0.019198539756264586,-0.020376854591877196,-0.020761655462250814,-0.02275026937363754,-0.02211975041046424,-0.014586692342425772,-0.022980297245439003,-0.026402699651888385,-0.011537752249074407,-0.01861384656236646,-0.030239518281914374,-0.02884022830952802,-0.01976419284555104,-0.018438150317406025,-0.01317553905281236,-0.023307374648871795,-0.016622007846419557,-0.021861477936455494,-0.02538861048454835,-0.03174330142270342,-0.017669873603269354,-0.017047731896799062,-0.019115219132123978,-0.029364830548240378,-0.03087305745966196,-0.02150438559400995,-0.02477491605222233,-0.024074680572181303,-0.028356790011369426,-0.02472249506840027,-0.02029355043286467,-0.017482118294875077,-0.029466408327993694,-0.026369306566326002,-0.03902862998693077,-0.020913251418079575,-0.022645146180500363,-0.02758305829947398,-0.03750228187715044,-0.014401002415618001,-0.027859306800374645
12,-0.017153882267487517,-0.0012227969264842647,-0.014113036151765223,0.0013185967785556026,-0.006603504858298647,0.007990441176271689,0.005850865970469936,0.002188228830695619,-0.0021428977277940012,0.0021304880316139986,0.0008642325987140226,0.00849473463909646,0.0030317071492344774,-0.0008705266007574589,0.004720397142821234,-0.00777269756845987,-0.0015707623736779912,0.007458823211030402,0.004340725933325479,0.0030608630128984896,0.0028817320654989115,-0.008835433484699383,-0.22160406943980038,-0.22455657783552585,-0.1654809485702855,-0.04377338721321753,-0.023724790888044064,-0.012675505622311756,-0.010482904779505125,-0.00672840643572735,-0.008342687239275675,-0.0011936194880564992,-0.2170563866888444,-0.24595476693391002,-0.2475174268224148,-0.24179046862649933,-0.2621475772676131,-0.24712859405082482,-0.2549720449712841,-0.2526008245416971,-0.24980674001900643,-0.24446036264826274,-0.2514382696876594,-0.240301903160203,-0.25275184517786503,-0.25744875802286593,-0.24856860655682067,-0.24828229109169586,-0.25246193538371686,-0.2490993504310144,-0.239063872486675,-0.23343857227533268,-0.25157068099780366,-0.24480810991397162,-0.23756833592526852,-0.2542609481723728,-0.24926061586019363,-0.2518071147798398,-0.24230785397108012,-0.255250103255141,-0.2569029980536872,-0.2435147366887793,-0.24758507990618764,-0.2559181236757994,-0.2538496041151891,-0.24776013529774785,-0.24736210156757937,-0.23866296814183155,-0.25541968362073525,-0.2553452635305938,-0.2522424041949692,-0.25337851957766133,-0.2576931875187186,-0.2520053605063504,-0.25168048778155516,-0.24679418435738731,-0.2527563271009509,-0.25224808212972905,-0.2551094221606693,-0.2547689206858384,-0.2553739538753503,-0.2543786251529398,-0.25098291190382455,-0.24841703454532224,-0.24990494853260872,-0.25233325447457255,-0.2520294543663661,-0.2638506539033603,-0.24649647557559068,-0.2530102947619285,-0.25091260255278935,-0.2621277377936991,-0.24738905571610845,-0.2543230357149833
13,-0.021953430644367094,-0.0065392029938381785,0.0033420665464187456,0.0011627406095975012,-0.004305068271540163,0.011120900658511242,0.008516694141369343,0.004462188035590492,-0.003958663952339612,0.0057836826933907,0.0014294224306423452,0.009731670384414068,-0.004687440578703623,-0.002048174879222748,-0.00399157579142563,-0.004837440477607193,-0.005857195381851804,0.007077315532397494,5.738734757971177e-06,0.0055457732038074045,-0.0019170836065267316,0.005919858365844426,0.011152168530393193,-0.010292317468245807,-0.009532776579360235,-0.026442678597240903,-0.02110535915423086,-0.020733605425303427,-0.015724980228997522,-0.008082348785528074,-0.004490076995015513,-0.0009356167894169544,0.01614340216946346,0.020394495585530394,-0.031886339821724695,-0.02078540239018865,-0.04000176310199215,-0.029033198446092083,-0.031963758576163855,-0.016791075173894988,-0.0073320687648204316,0.0008201881776746829,-0.0069892653764293995,0.010446024315776932,-0.002099973320653341,-0.011928569547776139,0.00679682528972303,-0.005157200583276753,-0.0020876525476764647,-1.61363763148222e-05,0.011292401857759262,0.00024868789962428716,-0.011908426143509943,-0.005257849974920704,-0.0021782985768346213,-0.006309341025653039,-0.005210493104851958,-0.006483750722575272,-0.001922371543503415,-0.011379753849132526,-0.01303360746191555,0.005951748863438505,-0.0020498310044335666,-0.015349842095899263,-0.012947331796582714,-0.004191211825101493,-0.0027772535761587196,0.0017966501752715615,-0.009793974111851076,-0.009217817034357468,-0.009164911225741106,-0.013768242239440683,-0.019470630839780192,-0.00419197642633583,-0.007325450497740105,-0.0065720520067905665,-0.018015113770755768,-0.01692857585270765,-0.011474580096794439,-0.016769348882810925,-0.00982287138558077,-0.012936398406228825,-0.007206222452671258,-0.010229141055517104,-0.006619165999408416,-0.008186424922089654,-0.007683763205879276,-0.016168881541515183,-0.001533499703835864,-0.0065230693933258435,-0.010196098253980695,-0.021091826351651657,0.004946959827501166,-0.010558604265192615
14,-0.008289942410829141,0.008418771243579813,-0.0031594301766904773,-0.0006542876238662329,-0.0013824290379693962,0.0017824834081889018,0.006471570210261478,0.0049275958359507955,-0.005117268095323531,0.0032756792510304665,-0.0012803259553831605,0.009851403790399204,-0.004165719302995919,-0.0027284205326317938,-0.0021072316479940553,-0.005738307432646985,-0.005264152425178435,0.006796384349389691,-0.00020701791666423626,-0.0014293555306243585,-0.0003876762433489141,-0.00010987140300617122,-0.11068129826150191,-0.11686470132644995,-0.0798307880219801,-0.07184295617234661,-0.05085152370409062,-0.04044359494352099,-0.027787212695055602,-0.0210534795752233,-0.01968789269136873,-0.016025874193393994,-0.001513602388249993,-0.026976528771842728,-0.10429177652837858,-0.06602502458616213,-0.046120814934171986,-0.043808734633477016,-0.0435462861634123,-0.03168206441236199,-0.021333972584765874,-0.018142807115491894,-0.024192548132236508,-0.008701326618503494,-0.022083360543634568,-0.022575717365792846,-0.01238916049603977,-0.018328928501114575,-0.018000115827632505,-0.013367597571160607,-0.005392086782783965,-0.003526568206333576,-0.01961630606556334,-0.01003570452165801,-0.015867228752596968,-0.014743756662869678,-0.018113114010539475,-0.020646072350565203,-0.010506829744943552,-0.014459332621248863,-0.02277870804549497,-0.009118444092672725,-0.015259329805544739,-0.021405561577147725,-0.02811706791668877,-0.011758848750582673,-0.011582471015611625,-0.007410572317465292,-0.01981480829583608,-0.01552615887917139,-0.018657519396423638,-0.01938860384815984,-0.024348207177325536,-0.014944094677238373,-0.01417489339449308,-0.016423721580121252,-0.02733164495992122,-0.024970707363197255,-0.01813090782694588,-0.02045457446358051,-0.021914210041649507,-0.01754744851233069,-0.020812864854714553,-0.018486326895190655,-0.011704435388304336,-0.01638579994720942,-0.019519894561695988,-0.03135733988351236,-0.01587596943488666,-0.018229475271731733,-0.019317015269748244,-0.034470205355249306,-0.011115612886628138,-0.02474897476522663
15,0.001301595384746666,0.0053101502144053654,-0.0003695811954227267,0.002117246022944179,-0.005843429021895076,0.0020859443300267266,0.004944852744760039,0.003441630421468889,-0.003471459617340551,0.0063315076985077014,-0.004339732136105016,0.011420349818330086,-0.0066781368917738235,0.0034125334289724423,-0.002112150433463871,-0.013885490426670182,-0.009078367593372421,0.007612517048217529,-0.003436088698452366,0.0012361089021146012,-0.0032714857695220465,0.007836197861282075,-0.012302843720381058,-0.011014652315173947,0.011760244110145066,-0.010224633252040356,-0.0081792963940116,-0.010795950599612907,-0.010218146693214483,-0.011233371225451476,-0.01101532509637199,-0.00959114311415881,0.010072794428796756,0.024598062758564458,-0.0048159397999746716,0.01591409371379449,0.0009016417859124981,0.0017654726890425222,-0.013403279550123165,-0.013044389823298103,-0.003924044215081799,-0.003853003541804769,-0.010598529723502972,-0.0012113864297057313,-0.02442403191661218,-0.015949074654556857,-0.004410147463952757,-0.01677513393996446,-0.015897711050259493,-0.012417005457899723,-0.0025589978258814166,0.0004293487390008969,-0.015212937983038239,-0.01132767911189933,-0.013180771204309634,-0.014656846064094698,-0.01732340638195329,-0.015847266878811297,-0.006473343425408573,-0.01866667981693649,-0.024840896697930055,-0.007947964313816253,-0.015333422413130541,-0.027815885181319985,-0.02606928744036091,-0.013354621237789676,-0.016076560083116226,-0.004732972398400153,-0.021082827788410308,-0.010393688500157875,-0.02384835784993417,-0.01976991590597186,-0.02775320986555236,-0.017813146026404828,-0.013767158386039542,-0.01846481315270407,-0.02814187103483004,-0.030883381777436457,-0.0240760385985245,-0.022355236502315787,-0.01908768055440637,-0.02336693126891639,-0.023801807198178728,-0.02284918000500599,-0.013717430756772278,-0.03427743373268076,-0.022447792867422624,-0.03291215851909352,-0.017912456211356318,-0.016966204295225877,-0.023860501776495915,-0.0388899203460923,-0.01224145516749015,-0.023106988399780915
16,0.009717779036757222,0.011596549220920389,-0.002935035713884462,0.005540587467185533,-0.003714013500154186,0.007190511698967819,0.012580833499154542,0.0027081416008646747,-0.0058544831429582205,0.0030382148085985137,-0.004856344061399108,0.012284629754262835,-0.01111516204019438,-0.010126195778786568,-0.004209028849162048,-0.015920427335909246,-0.006414614786419315,0.003523427142339901,-0.0014739133696375717,-0.0015614556505418578,0.0018584745820433143,0.0014520471413276255,-0.049902289252569614,-0.07602868807655615,-0.08376891030040326,-0.058313630089965464,-0.04336916655051612,-0.025404603096619186,-0.02136304115424452,-0.018799723320247312,-0.0076707477590067605,-0.001924373786288241,-0.0701499801082536,-0.1162887006314509,-0.11979293533513094,-0.10595439328276544,-0.12413012240881335,-0.10060411698920008,-0.09023159549404158,-0.07724152228199962,-0.05958914763553115,-0.053532572122669854,-0.0461761876142319,-0.039705139830450306,-0.04373584241633566,-0.05173075085513483,-0.02349666201048575,-0.027742475264618136,-0.0321731542734491,-0.02880179865441244,-0.015365628262436934,-0.0142675626018788,-0.020454155940094473,-0.012052436275973837,-0.01481458917031717,-0.02136940273991883,-0.013557185348282293,-0.018011710260817698,-0.002518298191617315,-0.013123621291325202,-0.012192437162187236,0.005697935741748681,-0.002370338176607091,-0.008678400700846557,-0.004535657901865979,-0.0005528422140930666,0.002814820472307291,0.0036252834569516475,-0.008379147159131453,-0.007657833595294547,-0.006341857268508664,-0.006392451459575404,-0.004446849951826042,0.003937825344657526,0.008191279132763851,0.007847536212408338,-0.002811089657360404,0.004009967367702768,0.003382230613220763,0.010558411174765034,0.00812724291108589,0.005850385931370364,0.007889401305648743,0.0035963108339379106,0.013556410372539135,0.008413664663171306,0.0035439927748311248,-0.008039193564743459,0.012810617099221202,0.014879154119024742,0.011421179513625613,0.0013301813726689562,0.015248400037113542,3.1838933351230914e-05
17,-0.01741122079701254,-0.014300844942679898,-0.005448348662684858,-0.0008601178996124537,-0.0019120743568923372,0.002617011630108584,0.009604825711804429,0.002515721253980319,-0.0027970706024699693,0.006128317538884499,0.0012212180366878947,0.007716443383679345,-0.004289759011433736,-1.7361924284738575e-05,0.0032981550995565745,-0.0007679963542452302,-0.0048867156243895486,0.00883187227412884,-8.59233019776956e-06,0.010766537577070762,0.0010579614291819938,0.010222571738335283,0.012361831947344913,-0.036983664362320284,-0.05664749882954214,-0.05542716191504332,-0.05753110720528684,-0.037201240517174154,-0.025266813231525753,-0.012675037191025276,0.0004077966220333604,0.010986357238808125,0.021967142057220487,0.01784913527629401,-0.061072125327829,-0.05668761238795076,-0.06632446485348652,-0.06119408234876763,-0.03916683803203621,-0.02475042280015353,-0.009520436917214837,-0.004394453619368506,-0.00014113584025978387,0.009399307620537879,-0.0025523720943511027,-0.0063723601722400795,0.007073653315182955,0.0029634325786872086,0.007451750287703479,0.0034495703378041595,0.014026115855257905,0.00232036690298912,-0.011395834957853443,-0.0027088235093676903,-0.0016667245771319664,-0.005279376642471381,-0.009583753820612578,-0.005216545956313059,0.00136064141737656,-0.008955507372853113,-0.013322372752867092,0.004921399290774338,-0.0036758798188897697,-0.014962507962769675,-0.010653648175551627,-0.010733077845043897,-0.003903553437486922,-0.0018615783536256132,-0.009126649349832441,-0.01652210377228615,-0.015080034342976183,-0.02112230268890995,-0.02655146564939316,-0.007835791594601708,-0.0057461658903242155,-0.007684808154056239,-0.020408528355649085,-0.020211884023042102,-0.012457764801641565,-0.021594731317522677,-0.012848445481395576,-0.02249263795613288,-0.011228875791114031,-0.011641256876413994,-0.006177168589751199,-0.021541358354390014,-0.012114637227266214,-0.030719654434093017,0.0003010541686586565,-0.016297534701791933,-0.019524008511740142,-0.03195428733532598,-0.005605910011438199,-0.01919475239974847
18,0.010454813961314792,0.018934311679115825,0.010531677267007647,0.01809562905926531,0.0008682946084280511,0.002780330499992627,0.00434101193803493,-0.0019312954228464679,-0.009896593928853068,0.0007978463468693442,-0.003645418183197712,0.004119423746649215,-0.013063145729109958,-0.0051928760018075375,-0.009621788314682115,-0.0125987942171702,-0.009241116732431902,-0.001691574461645391,0.003820183030792376,-0.007860919145725407,-0.006051085662874679,-0.022340799254611094,-0.019505044963043023,-0.013100150457143694,-0.0017444514727438046,-0.018520080340508668,-0.00733704739139378,-0.022461678401133427,-0.020587568821498523,-0.019427354042410607,-0.021233020271458656,-0.016986838368739942,0.0007288729682906971,0.013378978377740899,-0.006246808301459226,0.015300219872750619,-0.00913260717210507,-0.011676136262108805,-0.01908527102876067,-0.021997706836164237,-0.012469562089115607,-0.011682305341309249,-0.022544785762474658,-0.009829020827715813,-0.02459315027020042,-0.022232048501815548,-0.01530932417997879,-0.019021028879772726,-0.015973337452583055,-0.019003772742980495,-0.0050601274914059465,-0.007675816050752185,-0.026444146871172275,-0.021056173242215585,-0.02256050688860799,-0.023655830073714527,-0.02266560100031199,-0.020692031472381966,-0.015282430700527316,-0.021972724644525547,-0.02590984210128354,-0.008765639422381531,-0.019808913613168253,-0.027869685389123676,-0.025416741440590217,-0.016069899488675547,-0.018424723287044673,-0.014380290567375473,-0.019409801691457382,-0.017369218767611987,-0.027403471166175013,-0.026748427534097605,-0.03533479930735863,-0.02749162973220988,-0.02361203899305503,-0.02528528045909802,-0.02811308572366102,-0.03689655424452368,-0.020202193201638397,-0.02654171623077579,-0.025654785813744682,-0.0238056677846436,-0.023915867044966878,-0.023705112632300674,-0.020646912901797695,-0.025018332318271018,-0.025676358590041807,-0.037930740935305914,-0.019363476153054955,-0.023195392867498492,-0.03152370453197608,-0.04111653569619109,-0.016801765600345218,-0.030380606261975692
19,0.0009852120099691425,-0.006862165455225575,-0.0068638750361908335,0.004917905346297462,-0.0066909543441102705,0.00571210022550651,0.00755475290521669,0.005505098695698198,-0.004588638816877598,0.0005012074197343707,-0.0027593646664197374,0.011126581886366609,-0.0036938872741830975,-0.001485036538694861,-0.0005687795860281556,-0.007028103414473269,-0.006201608076087079,0.0026828084372413474,0.0034175339079423168,0.004339212374317118,0.0033031938665621726,0.0034664605390909253,0.0054057227487216385,-0.016581795827874297,-0.01195309498107984,-0.012611362607250542,-0.008941022826193879,-0.008252556658529591,-0.005781713225162111,-0.002290785729715832,0.002073225984389309,0.002628329517033597,-0.03719780459998384,-0.03068336872888309,-0.024543449669626426,-0.015227173112234578,-0.03647533314664245,-0.015336166528567816,-0.02460866197647503,-0.013580671010470035,-0.007685771417859346,-0.005068376805690985,-0.006587498069999301,0.006883550476896392,-0.013479129382117242,-0.011386421500293793,0.001896458856277966,-0.00816573995720254,-0.006347610556897567,-0.0057736917880784255,0.0034617267177385193,0.002211816582156739,-0.010291155771828273,-0.0048289013349280645,0.00038803986890666576,-0.0024626283219841335,-0.011169091170499655,-0.009402369664179396,-0.00020515143787162266,-0.004458283668115162,-0.013949306533349347,0.0025861393072865897,-0.007033294479844015,-0.015473210492287443,-0.014869874645346013,-0.005445445352140667,-0.002192959524214677,0.00038973675160132486,-0.014587890028954423,-0.013136103123561607,-0.014424024342347462,-0.016773441058955972,-0.016893750732449787,-0.008905191851482584,-0.0069735865000283784,-0.00916259857123944,-0.019649932072858287,-0.020713418619775468,-0.010039044838473657,-0.016020121348430807,-0.0145953927011905,-0.01568484466038112,-0.013017877517753284,-0.017139161905995407,-0.007711396355398173,-0.018008534608643687,-0.014107166446054743,-0.02679109777014364,-0.009896175138505653,-0.013302173641093542,-0.01501963313612752,-0.03164941570531888,-0.007398268428930511,-0.018248658669503114
20,-0.0008946421017686569,-0.0011142327055413768,-0.004843707157755226,0.011817133692942777,-0.006076570201568656,0.002323898497059039,0.0021906839653526647,0.0034126854739413414,-0.0034813016503812207,0.004032352218149063,-0.0050742653506875455,0.0050910468748043905,-0.004416700753993912,-0.0038559089372362885,-0.004201690492359183,-0.005708382912701594,0.0010462364261206402,0.004777000374637487,0.003739759503583621,0.001236605237402134,0.0010779679979592953,0.0028289203709868506,-0.02058318940421368,-0.04246446078384238,-0.036550162312914525,-0.026683215123395106,-0.01312921148258396,-0.011312684691085532,-0.009131397355975466,-0.0035343093804901427,-0.0008142867033049409,-0.00012845134856884316,-0.05297328982986954,-0.06435086963224995,-0.06316273345296754,-0.045099197149213045,-0.06491437707332454,-0.04375340945933677,-0.04251742753579578,-0.03393872274661354,-0.02600100136939551,-0.024707979481722923,-0.02286076649462758,-0.010860556918136623,-0.0331237984893616,-0.02505497521396814,-0.016740474733004173,-0.017760668316662967,-0.014216950786064518,-0.016271517914925104,-0.0066715333035248185,-0.009143457063006965,-0.01820622346265594,-0.016680931371233897,-0.012853478589893004,-0.018262405206228474,-0.012164308671025402,-0.01525247238285602,-0.008810781929055125,-0.0152129005431159,-0.01621135647809583,-0.008949589429366857,-0.013020691334685168,-0.0201849554367197,-0.01699194541973802,-0.0036199210953632415,-0.008560467403246438,-0.01172397636456067,-0.018231913651060236,-0.017472928640576122,-0.014532463972682104,-0.016965952189593573,-0.025643727461544724,-0.02142836843608172,-0.0077058033327057265,-0.014408292450745435,-0.017713717495228536,-0.025008756068955543,-0.015813845284815192,-0.017889863492562743,-0.016483034564918092,-0.015282035627459587,-0.0148332638522023,-0.010891906609786017,-0.017193129105219564,-0.014573438960151256,-0.011515191093384735,-0.035025820393123734,-0.0069907806752319964,-0.013130435263268007,-0.0220642807690794,-0.028620118881603398,-0.009512845835123067,-0.027208333124160402
21,-0.024112872580115668,-0.008843195188323397,-0.002310109978722979,0.005488537818006965,-0.00024323365367307021,0.0028077759345417064,0.00599011236700837,0.002121422602278463,-0.0034233177947981044,0.008139837998261703,0.0016667859334423326,0.005865106984051706,-0.006385107001313381,0.0016440296833911414,0.0044086857657587245,-0.0028192962165297718,0.002721345139443091,0.006483539209439645,0.0018430613000291938,-0.0010431083221761467,0.004277216047293128,0.009506883486170492,0.014198800138466687,-0.02038195382675841,-0.020612884876404072,-0.03942798518675078,-0.042143085528748084,-0.025986429408856353,-0.026042517674768034,-0.012840435341298119,-0.005869814822200621,-4.943544216993235e-05,0.018176882486286832,0.032972731673686695,-0.023601319719943673,-0.028338917588470562,-0.0394877366457904,-0.02899704807738906,-0.03370555132914058,-0.02389686079366335,-0.015736614544058863,-0.001206087449184475,-0.0028035013780093065,0.004423115264484992,-0.00023655770728141462,-7.277446742334807e-05,0.014430427092780133,0.006491951214417955,0.008115470454328394,0.001561962115261016,0.01692397118016649,0.014537388062439646,-0.00013231749755958337,0.0015838029753187746,-0.0025104258578790965,0.005281938109115655,-0.0019612766865181675,-0.0016838328352874062,0.01287916190693093,-0.0031663144049711768,-0.0018736889252964006,0.00873838313790583,0.0049980639796858625,-0.006873931180797418,-0.004880981250909584,-0.0013561875713592733,0.008423522929493643,0.005878518712957395,-0.0068232523716374085,-0.0016820343013255168,-0.0031643576853196314,-0.006479355026363694,-0.014294050338024701,-0.00367475263131086,0.0043030001191967995,0.0012220405610992018,-0.0086540565178521,-0.01032669513750905,0.001161352817944779,-0.004546763296803894,-0.003533045384609036,-0.004594902704359322,-0.001250701859340824,-0.005412444299316903,-0.0017973135908984858,-0.006774403840525613,-0.0029851641877932204,-0.01715542133397921,-0.000949668541989308,-0.0050070876690952405,-0.009628443413373631,-0.02268837084399788,-0.0021769787264007434,-0.0075840545122758075
22,0.0027566945967196104,0.012245083057894153,0.0030906659897931518,0.005328983569787978,-0.004589645391666341,0.006232519246645056,0.005907498605612168,0.0029448742095283427,-0.005260555821871168,0.0030487418324425595,-0.0006356456037165629,0.00636599329566566,-0.006424841733236632,-0.003464030737801848,-0.0083045973742249,-0.012281446996325957,-0.004965714615809034,0.002026036935144239,-0.002754319498529282,-0.0012662935660502832,-0.001913698547210358,0.004720587949125774,-0.010044151205202311,-0.0031299002473990896,0.010906622144439139,-0.007046197826542578,-0.010252702438941476,-0.010734248346034564,-0.014401102526213103,-0.008634935288199419,-0.012325284812509494,-0.012643865068293956,0.00621360761849862,0.026105132572332934,0.00021793410844987853,0.027842042220395737,0.003512261095116552,0.0036554377187134578,-0.011292945677536585,-0.01056502895123852,-0.006539743838793664,-0.006849969403144032,-0.012350011552918636,0.0007163506121553786,-0.015041637919957192,-0.016748664972446058,-0.0058793888809336925,-0.01352954466001176,-0.015240139562581148,-0.013774958215581837,0.005650369174780465,0.0002025060772419877,-0.018330178653224935,-0.012156236467212948,-0.012539921332241443,-0.01588193118177559,-0.018775939342340255,-0.015989825051312,-0.007883059726858153,-0.016838211848863412,-0.01975931090563002,-0.005763783796608564,-0.014846826305772724,-0.023945090717110092,-0.022869345417823712,-0.014088223207050844,-0.013156939158326162,-0.008258408934760833,-0.018919800148547387,-0.01450386338180371,-0.019811074885880277,-0.021972027536267126,-0.027153134384486476,-0.017490135236931645,-0.014722733243610677,-0.015005576392349135,-0.024031647893603254,-0.027936237084411807,-0.02080169415143353,-0.02589279988834811,-0.018864552852942452,-0.024274922851875276,-0.020093220545278453,-0.021281018373040344,-0.017728664945526412,-0.023752346396862686,-0.02009754927376849,-0.03691934479885083,-0.015754721179258902,-0.01922975794322627,-0.02432846697909687,-0.03768327216489308,-0.013100989641811769,-0.02416044943118853
23,-0.008697891562530327,0.008437397172857087,-0.008290911166929324,0.0013459880829819186,-0.006945016451880421,0.008881310650376596,0.005506991304163837,0.006359470484159742,-0.004178944972655169,0.0003631109420234758,-0.003095895575675142,0.010273420242215458,-0.006412218557094609,-0.0023152374388698384,0.0018082853796577332,-0.008921622095124105,-0.005979673224109534,0.003890006029910695,0.0018111312062214571,0.0061602995502997625,-7.721492016471513e-05,0.0033147213835849993,7.927304969995545e-05,-0.014738165657366442,-0.01976966753562543,-0.021016504627602687,-0.014197087551746665,-0.011263557684496942,-0.005586136819571813,-0.004900207309865752,-0.004524564371670123,0.003194317192998908,-0.009536250130844866,-0.04490581197737199,-0.0522391055605908,-0.033631680797297,-0.04871651861657939,-0.020805188936262486,-0.013440645246192763,-0.004934735660789983,0.008485635631487892,0.020485261495896818,0.006972440030726225,0.027004943458771063,0.0083922290295587,0.00943101447823117,0.019173408671907116,0.012867545419488346,0.00891501805507234,0.014480362511956663,0.024996431326051543,0.02276607302748357,0.01046202268825984,0.016516614423973605,0.016018075598891266,0.014740454625251536,0.014577958612202463,0.011127837101749641,0.02180696967329237,0.01587546108447131,0.009920319905001416,0.021737847686265858,0.011321128904309044,0.005213206783132663,0.004137090224499624,0.012661908688831451,0.01700519873694291,0.024750711692813,-8.096963774527433e-05,0.007750793328497431,0.008663184829394653,0.004190325640449666,-0.00016098725027226894,0.01193948729647907,0.012464047507330168,0.013673386290848808,0.0025833875159439763,-0.0001528769861473949,0.003835474930623577,0.0066585784143629095,0.007804093970724475,0.0030496872667644457,0.004763568789287138,0.004750112662066205,0.011177253142308894,-0.0006937000522742018,0.00027047925656840255,-0.011459873831373773,0.005825881553495711,0.0020856814551420454,0.001282282270613584,-0.013965202755548084,0.011562805453463368,0.0012937478801444944
24,0.01990891601458008,0.009249120996037889,-0.0010942527770369593,0.018523929297091804,0.009055959594822777,0.0030157081678737637,0.007964441465457658,0.0048825563409570895,0.003929436783335726,0.0005181320307037587,-0.006876371681304429,0.0033525467572376013,-0.0016889232727126714,-0.00995676742460906,-0.007555112494295035,-0.014929440407282293,-0.012205415683879131,-0.004576035228134354,-0.011693908175716904,-0.009824520303127636,-0.011897088864054458,-0.005509880178396763,-0.0310141344525674,-0.05708639125393217,-0.06673272462911908,-0.0508487719729224,-0.04277341881157804,-0.03570921864079444,-0.03179323364601329,-0.02117452866994385,-0.02216150933069017,-0.018436076872656543,-0.1361847519355686,-0.13315100818574369,-0.1194662278317023,-0.1015168759869075,-0.11122249528642517,-0.07513399043672929,-0.06719249070778854,-0.054386061327832566,-0.030942516485442082,-0.04017924556898271,-0.04034440756483897,-0.02694815579516389,-0.045025670116212564,-0.0524813990337079,-0.03418072218691227,-0.03693286426881665,-0.04186817062158366,-0.038711863601664946,-0.0325216915745228,-0.040111110129288384,-0.056558704047597975,-0.050350304301390196,-0.042124628354203573,-0.0528071202240261,-0.04732688125166166,-0.04982106477174803,-0.03423420865852958,-0.05295345854864081,-0.050618691104999246,-0.038193118909354964,-0.0549176999516988,-0.056937526426502134,-0.05582900108926924,-0.04625370070378352,-0.04421867481417298,-0.03552737809687105,-0.049357078137671546,-0.047585954824287825,-0.0435284530349155,-0.04110679588359597,-0.06104778303804093,-0.048752540882790706,-0.04459578750495914,-0.04746916593793873,-0.06132154171481966,-0.05754113929820415,-0.04986102249398652,-0.04787767693532263,-0.04678108681806057,-0.04873540414212795,-0.050798289485034696,-0.052892581095587816,-0.04476872247149271,-0.06365459016513565,-0.05717404408160776,-0.06736093251574819,-0.04312437644511875,-0.054877646771351964,-0.05626835214141954,-0.07588302149572018,-0.05123245104747544,-0.05396940233526483
25,-0.016738659879054173,-0.008429290348081724,0.00018118373400350226,0.009993667016761035,0.00035312626309632136,0.002011620043219308,0.00980584117808153,0.002380183171575514,-0.0030378102798795797,0.0026447126131876413,-0.004162555777568363,0.010677141054560151,-0.0072883130592111154,-0.001572083189358199,-0.001937608300233191,-0.005474532406489407,0.0004560451402236218,0.0032844440510539316,0.0023485308617197677,0.004504358112395356,0.0009652642035307273,0.0066424082734483315,0.007609586357644952,-0.019524286217561002,-0.022986086307219166,-0.03428443591520772,-0.030275865149313835,-0.029640812496161087,-0.026689885085564014,-0.014422493369964932,-0.012713768408866344,-0.008283438023146605,0.009263683128847231,0.026050717716432525,-0.010839408494957119,-0.012737816609148982,-0.024913082462211952,-0.0237368916620577,-0.034236551895058524,-0.029343462482484272,-0.016568774107115,-0.013698543060200876,-0.011805784208448779,0.001037082762983217,-0.009917680327669012,-0.013245334631802736,-0.003508996330730411,-0.006158666575010476,-0.004808847572425346,-0.00517592876721661,0.00949846845795275,0.00154708213902653,-0.00802977708654764,-0.007123825114873606,-0.00481002736086206,-0.0069207188135279,-0.007392183129577694,-0.011818512701128164,-0.002501150153580359,-0.01003502653850923,-0.012775570783345248,0.006181823157294691,-0.0033201539719615886,-0.01569598952830332,-0.011064878685997126,-0.003719503569093244,0.0032558843986646145,0.0016524120021767705,-0.010975985126624855,-0.010683652094687367,-0.01270367812679883,-0.011774154020811504,-0.018721269861637597,-0.008803380949408844,-0.002295346423973754,-0.0030636372373027757,-0.013309042700060622,-0.018927096008035882,-0.008005764712339086,-0.013810118777023286,-0.01019400329729427,-0.012015435647090315,-0.004578026374181255,-0.008236948423936474,-0.0023744400320483087,-0.01016924685198459,-0.009141475247243545,-0.02223578453880121,-0.0060555791467013865,-0.005402665352773729,-0.008832682719284444,-0.026607930615392725,-0.001930856590403175,-0.013371192145828359
26,0.0069922907958853905,0.021708184001608306,0.010315912094784796,0.010958731735179814,0.0005112624647008616,0.0052997943352094,0.007294935968821275,0.0007971088437456478,-0.006641339728077522,-0.003272034600024972,-0.0033239785287782686,0.007920981014222726,-0.01067265148703661,-0.009987980309842565,-0.005145686422419499,-0.013514639824012022,-0.005460337720273312,-0.0011046172411725758,-0.00575715685365029,-0.006918778538873781,-0.0010105443331840235,-0.0305422703141442,-0.02205438585519297,-0.012920254854607292,-0.0015033253148907652,-0.018634184681503536,-0.019276489112255143,-0.023151681063718416,-0.02068244409566813,-0.01536305525500724,-0.022095033804301153,-0.014397940585199482,0.0017922474776890184,0.011078449371671507,-0.0063571861784390326,0.015591894127148289,-0.006938778765677366,-0.011173633402491138,-0.02128881221291254,-0.017634522183148784,-0.014519332915116825,-0.015935833181424157,-0.01882089585890855,-0.008534169312447581,-0.022782834371442413,-0.02643778429146894,-0.013826770630615302,-0.023189044914713856,-0.019338622067706587,-0.019636971246893717,-0.00529290793379142,-0.008458675380560962,-0.02878047008123758,-0.02359004528261778,-0.020516715407435146,-0.02146185690316183,-0.02466976844285482,-0.025380702674146924,-0.01391771856725061,-0.025633927685153882,-0.02605896936831909,-0.011102771432878043,-0.02403846785550902,-0.03356243023435794,-0.030619768479209535,-0.01919159920203782,-0.019856551515090894,-0.012520310407806226,-0.024678195554939414,-0.02058196244406812,-0.02741297950209404,-0.0275292693092324,-0.033868123498908394,-0.025830391999772433,-0.02252956415070196,-0.02616992472998594,-0.032676164958489316,-0.03809141447274868,-0.026276502098697113,-0.030813818833835053,-0.027340329733059932,-0.03074132456209002,-0.023290242176866573,-0.02916505214339672,-0.023895840560041216,-0.03137353736232624,-0.029656785808593805,-0.0416053128146306,-0.02393566886484233,-0.027045504974086844,-0.033006523570893384,-0.046642366123286004,-0.018269469550618343,-0.032530556537290214
27,-0.012517944963133729,0.006724618603605166,-0.0067270840987129965,0.002890538345330423,-0.0048504604439857085,0.0066662841077383015,0.003346679447799843,0.006318272112053042,-0.0078056913650308216,0.001211794916442353,-0.0017257991612195651,0.015158037929126622,-0.003503715101384177,-0.003578263054428232,-0.0044695487778105055,-0.003031759934073855,-0.007804103641947409,0.0035349761797071554,0.004272116566958066,0.00589105233296915,0.0006806296424353212,0.00025116311328589807,-0.026981808702863652,-0.046871161959243915,-0.03411229232476165,-0.028478719257630583,-0.01950599912339197,-0.020730726435903873,-0.014267643733702004,-0.006582439697834719,-0.01049162073503702,0.000390648722241882,-0.0045695268494439405,-0.04293785478720994,-0.05138281047384461,-0.04133507532152589,-0.05088453045409831,-0.0385877669113019,-0.03821206421424896,-0.02758580406351786,-0.015865767753573828,-0.014791998365861158,-0.014984290299930298,-0.004380748377194876,-0.015673643355369003,-0.01833228381680028,-0.008392972562809029,-0.007584680316098153,-0.00565890048787031,-0.01749573732602018,-0.0005419955936644355,0.0008648224644035069,-0.017958151668245447,-0.001173863437906807,-0.005513809034383732,-0.002084845940812198,-0.006559834928858869,-0.001872729670011921,0.000721853140857019,-0.00710821334275645,-0.012995615710831139,-0.0007249112923914546,-0.00625283720755957,-0.016422307040875744,-0.015861986946403072,-0.002003891542527483,-0.003706490553813774,-0.0005505622705566432,-0.013479927333817188,-0.009737883098171602,-0.010034632304617371,-0.008143505490619178,-0.017964289179207876,-0.0022451636771456864,0.0003567798755950803,-0.0021379981234143923,-0.011640214732084167,-0.014191996965357764,-0.010206803657621224,-0.010030610222535966,-0.006060877452415648,-0.006682277315305358,-0.0069405384106805135,-0.009488001369656177,-0.0067330078136117475,-0.017452356697983822,-0.013051337202635047,-0.029734173535039158,-0.005907425560768515,-0.005270202379266564,-0.007401410469438059,-0.02772940351487,0.0059770634293321925,-0.010213955680520964
28,-0.01644636902507924,0.004865233542310721,-0.00735020052737808,-0.004237386386774179,-0.004095348518335519,0.0031509873093324074,0.00498671365039855,0.00205718568115296,-0.004432134681070681,0.0018059507274695735,-0.0008851169576565414,0.01279794621567243,-0.002418593823143653,-0.0018306787792238552,-0.0003372674934467116,-0.002075489011274123,-0.001978925004541473,0.004154382926938989,0.005169644178081051,0.0070994659765658795,0.005316854039441855,0.008170488532382884,-0.02435068538090641,-0.059911507383287294,-0.056874852824226385,-0.04475605623028343,-0.031141600049396125,-0.020139658718012658,-0.015257190390695742,-0.008199801331815566,-0.0019451011656617218,-0.004317443402335178,-0.030501465560390118,-0.08447412522431871,-0.08672714051313024,-0.06727769750773041,-0.08730447792039851,-0.06571584315860572,-0.06642192593985145,-0.05085580356979298,-0.039063272897935035,-0.030924155603665376,-0.03151763980637835,-0.01511546694682599,-0.03020408401423571,-0.02491312419020144,-0.013362510000140167,-0.017218048470915927,-0.01953438659641341,-0.020314437385744386,-0.010542866772782636,-0.014028179459027866,-0.024591262740376686,-0.020004298991932082,-0.01464052659250783,-0.018114543139380067,-0.019851555954244503,-0.0203605859421563,-0.011638683627239431,-0.01842515694916542,-0.02129927512213083,-0.012468911152958945,-0.016002655013045156,-0.026911585164776458,-0.024834808391647575,-0.014380361190978172,-0.01300310873190504,-0.008096877660996305,-0.022003585359776902,-0.01961751967320888,-0.023237227542767407,-0.019480019669666365,-0.0272449867797215,-0.018579191722701605,-0.014905965024597895,-0.01967902512657844,-0.02461495949773636,-0.028353218541841176,-0.021654614423296924,-0.027465131162604205,-0.024129437640863213,-0.021669556717568348,-0.020867266175090583,-0.02205529819337248,-0.019922996843456157,-0.024270170819898237,-0.02320615995780776,-0.03465595782636814,-0.01572348052128967,-0.021759421053378716,-0.026253551186103317,-0.03720614671475383,-0.01566236523336721,-0.023272109319866827
29,-0.015805696590879045,-0.0022824146276537636,-0.00506517365040929,-0.0015412825399227863,-0.005432044617063822,0.006936404196592796,0.00872601343429905,0.0021501873161194544,-0.0022881218582403813,0.0023541221544208513,-0.0009888298703916256,0.009072571564067369,-0.004743670928473246,5.487357785522124e-06,-0.0011981424853230724,-0.004990038862587225,0.0002118879993644271,0.003494589625655,0.004919029412906337,0.006465122969732509,0.003299694045695968,0.008732803646426996,-0.04248214675414758,-0.13745090613425956,-0.1382846000296899,-0.11422682783752766,-0.08197879756408065,-0.05718816765406692,-0.03650727134806095,-0.02218262532594036,-0.018777153897980816,-0.006730064907970135,0.006766125755676749,-0.011989056513257674,-0.136672578542047,-0.11752582770008764,-0.11183261836509478,-0.08769915435319964,-0.07530800700726778,-0.054608955366466684,-0.03544200504276359,-0.027669074411395992,-0.023873436161874775,-0.0030016597844817706,-0.015196140304497112,-0.014483957867424558,-0.002489598791233475,-0.008127550379050203,-0.010276404850139373,-0.010276777183084151,0.007279982126888219,0.002717759437429346,-0.010171587119970227,-0.004737946339629827,-0.0037232124017487177,-0.004428149337996532,-0.0036657388948426123,-0.0028308985810343744,0.003906774071597888,-0.005838290510354787,-0.010624902268184322,0.00559105518515834,-0.00011393749631012767,-0.007657872295346323,-0.01255547272543299,-0.0030170955906228688,0.0017472133970599729,0.0015378548149682005,-0.008050493430345647,-0.004306308958863254,-0.006997839702588918,-0.004680135658756742,-0.0135228713610828,-0.0047661470073420325,-0.0034062895473757552,-0.0028083094511997956,-0.010878798610710345,-0.011601643260187781,-0.005811291250303861,-0.010916144693243465,-0.007957531964726202,-0.0075436406301384075,-0.007458926384892888,-0.005777296107332594,-0.0063230795907385645,-0.007210766727651215,-0.007844286227037115,-0.019729923514112402,-0.006166029067185511,-0.0060578313976114555,-0.012816629363912221,-0.01749106485607152,-0.0068005446382481795,-0.010341593154538399
30,0.01165254733283207,0.021266694443656607,0.010869644795353062,0.009685731517967321,-0.0009196574055780632,0.007203411045260998,0.008281704467923081,0.007635930223736785,-0.0018866190877292347,-0.0004640014681863253,-0.0037540511669551992,0.0038011778120653874,-0.010700341375022304,-0.010450121040026695,-0.00887242303351512,-0.01562546607076052,-0.004086283110221749,-0.0033583803096346207,-0.009589317668176047,-0.010690179902993483,-0.00269624561649744,-0.029965079267833823,-0.01823289902895114,-0.009845518546222856,0.004623414813280576,-0.016204103455252517,-0.014700964374321451,-0.021288877349017202,-0.020310958778016704,-0.014197686305884725,-0.019807610691425257,-0.013269357140884955,0.0023318916835141095,0.013336776468701251,-0.002625087550976952,0.01496203170805411,-0.0019585553116868316,-0.005179414208248415,-0.015620140161764062,-0.01437824695834697,-0.011896574187517725,-0.012162390379535698,-0.015800445192599124,-0.010855845192584453,-0.02351540374479796,-0.019964118482335504,-0.011100308634882494,-0.023524335898959,-0.0181635573521125,-0.016552445395102495,-0.003103633154656237,-0.007929125090727325,-0.025446768590033166,-0.02262626315535968,-0.020352202570608827,-0.018588158106814332,-0.02471347190659861,-0.024006307166055035,-0.010505533199989116,-0.02517456236264807,-0.02755799468206091,-0.01151950069958737,-0.019900143191961858,-0.028758226663028567,-0.03155980810812694,-0.017328643590260505,-0.016455310873395416,-0.010894365786579627,-0.022476220037829477,-0.016292470280086364,-0.026538475290763565,-0.02876345994979232,-0.0357819128090452,-0.02209442000102898,-0.021584275278107117,-0.023174657468725973,-0.033166406307899264,-0.03425057113326863,-0.027890331332296944,-0.02645278831134973,-0.02378307579522939,-0.027231986906423707,-0.023157042507942018,-0.029497320343509114,-0.020562499372710152,-0.02766808541685499,-0.030087930747786918,-0.040185138363308705,-0.0263501416658501,-0.026698184150523663,-0.03128449089554641,-0.04722113517137057,-0.022737236707748146,-0.029107338902540407
31,-0.015080397049780989,-0.0008420892373419815,-0.0051391791616558526,0.001484257391426825,-0.00022577275013307567,0.008318268256550987,0.0044009574647530135,0.0028035976150115696,-0.0027990587825046636,0.0030328787861202463,0.0016239993363857958,0.012650675232372907,-0.0027928507932477352,-0.0029931872458985914,-0.0015432570853726238,-0.007662503443055376,0.0004977669697222402,-0.00038490722895950135,0.0011636146361284308,0.0034871870894788814,0.0006344260210397177,-0.012117840672790443,-0.08110203103678094,-0.08636443726741709,-0.045105641815151754,-0.03651937637174753,-0.029111632564705562,-0.021131597334594594,-0.019289331712716316,-0.0164650578727492,-0.018319140057268427,-0.012659858557418743,-0.004049245991457045,-0.05705895609438657,-0.06089808072365405,-0.032348194063582414,-0.04105762027864051,-0.02629433057480726,-0.029588465835639507,-0.02598594791503618,-0.021436736316938793,-0.017376000059689384,-0.02265682959984589,-0.007295070360585593,-0.028580845914129065,-0.023559457130331033,-0.009695605509292647,-0.021083752577860222,-0.01974054191452071,-0.022252858796428923,-0.006079385102479344,-0.006670763184194578,-0.027687232129065244,-0.016013983646288674,-0.01727026438099338,-0.020990864763455217,-0.02577277724651769,-0.022236908910833762,-0.013186424426053498,-0.024168726078862366,-0.02981250154116053,-0.011644037194518144,-0.018769201510528064,-0.03026046465940268,-0.030094861024950785,-0.01816859139828682,-0.026078635192525172,-0.01828835851055553,-0.025499671005048224,-0.02292059189047208,-0.02747128508551583,-0.024714782063150663,-0.03156490659636245,-0.021297424365994043,-0.01382063493675458,-0.02062507623505479,-0.02994262950714812,-0.030753847239532377,-0.024864010027595425,-0.03088166169654534,-0.026467894362585318,-0.02343656230869337,-0.030741519183796508,-0.025881404324811536,-0.022441540886903578,-0.027061625098634,-0.028851514755578768,-0.0414682272454602,-0.020774823184237682,-0.025346470630695835,-0.026064950144609474,-0.04281626841711826,-0.018764380870974418,-0.029717865787196804
32,-0.0054601751945020805,0.016505328957065277,-0.008495501773118148,-0.0017069925491004455,0.002298527266086646,0.012732500177704232,0.0074713465691084125,-0.0008301813023288777,-0.007478380597057064,-0.0011178350672016366,-0.002960529312047993,0.009704836289778591,-0.0033185383491610636,-0.0026948962491388797,-0.0070689908064317155,-0.008238982614661907,-0.007265803485368174,0.001497627030360386,0.002764816391356079,0.0036618246186572493,-0.010372000064135944,0.009463531856033486,0.0040171747376599376,-0.00930956263860849,0.009361192633823914,-0.005313248144738292,-0.010770943119869744,-0.004383043472884826,-0.007346134594796515,-0.0008224513950332115,-0.0022304223325703212,0.003496505581291172,0.01318409859731856,7.444539662497273e-05,-0.013706262858193551,0.0012809747412417143,-0.022221386429886303,-0.004622616560562707,-0.017691750703100067,-0.013708207634857788,0.0011869291706625505,-0.01302030226793111,-0.0147275464918616,0.0006312694808347744,-0.02215619503242034,-0.02828840536023783,-0.00953305675060078,-0.016661935034711108,-0.01856512017455937,-0.016885537811309928,-0.004905692875122156,-0.010089373167960984,-0.017590433690251615,-0.02190920846876166,-0.013017017325287716,-0.01175152071932128,-0.0147618429787001,-0.019985629967718733,-0.011275819947635103,-0.02220842989438528,-0.02058571032875407,-0.009634817215875833,-0.019447769890176523,-0.02487201836697434,-0.01606187711093154,-0.017764812113664447,-0.004353825459793896,-0.000981794858898729,-0.023933267715731957,-0.022151280619160586,-0.0265876434636125,-0.01973270066712838,-0.024932259063982845,-0.014725513431268968,-0.003514111949332413,-0.011601571741399653,-0.03104124838628762,-0.02921155516229857,-0.02901993430922333,-0.028567364596435826,-0.019424578351755647,-0.022984306483726496,-0.021934406020055815,-0.022650054601012444,-0.01982573314459451,-0.01574669425065146,-0.01896387707409082,-0.0349046155565655,-0.020106172046501575,-0.01638220462175904,-0.02284093124377149,-0.04072789575901602,-0.005116254891484614,-0.018424531497598918
33,-0.015997329557279952,-0.007536495497580274,-0.005574667272163854,0.0025820784652892037,-0.008839920318406953,0.004412627548317565,0.009998076127829013,0.007948521632859805,-0.002383667295638404,0.004372240068203284,-0.0027077307299062004,0.009904074513171058,-0.003271629289145378,0.002443231299100589,-0.0015288137892664748,-0.006425532010140735,-0.004056660267152566,0.008875232228724167,0.0064696259366489,0.0013167382065353153,0.004145230201854646,-0.0030569239645017597,-0.19389972352855517,-0.21554649234023648,-0.16703504566171803,-0.12588477136502518,-0.07437617095529561,-0.04930489625893491,-0.030662654959372107,-0.014882353629385224,-0.013275068270208404,-0.0061703097740089825,0.002051734818104368,-0.1405308240264333,-0.20372559998137302,-0.15299279293508947,-0.11826218381523661,-0.09131226763978247,-0.06736152072637641,-0.04761269535178348,-0.02660776995366686,-0.015326068597318152,-0.019333312349698536,0.003358086052455347,-0.015904656574704152,-0.01914945421017173,-0.004205694052878852,-0.009122155606090067,-0.0033578602013855314,-0.00879249290743213,0.00267839310470554,0.0005175620030313993,-0.013152979253028118,-0.008389425684114247,-0.00728545869118176,-0.00023807582100048933,-0.004517180482607727,-0.004592151756896833,-0.00023382518738102382,0.002199499402787975,-0.011812334101417457,-0.00014331312639747598,-0.006371335657736828,-0.01092534758027212,-0.013844586601708687,-0.0036123945984613505,0.0016943266952586784,0.001761081711892109,-0.01300628144030541,-0.0033326575773800636,-0.00646542376027432,-0.005827882936462481,-0.01389400661537212,-0.008660511301164412,-0.0006941395135369247,-0.0030908633444606958,-0.01113871122116826,-0.011216666324333584,-0.007021228148751564,-0.005937604478719759,-0.006829156982197711,-0.004424676503649501,-0.004866870715092064,-0.0035527584696786437,0.0018415231358963526,-0.004790016501769021,-0.0046170132601160594,-0.01871121141567717,-0.006006350440860243,-0.00932722558110771,-0.012344248512353382,-0.01765297461342244,-0.006076787073078324,-0.018337711599950908
34,0.00011937263897221918,0.008281323106282367,-0.00015522395361456762,0.0028937082412678603,-0.004115635850430463,0.0081812416841865,0.006761757705187487,0.004989862379784922,-0.005526748653559081,0.0002595916414332139,-0.0026231885177203478,0.008912585931825994,-0.005355204891887039,-0.002929327512576806,-0.004678692293000644,-0.011141681119827366,-0.008188017822086209,0.004427779588807767,0.0007995270810941063,-0.0009130293841459085,-0.0009316472662279025,-0.0037451088095007278,-0.008410290481745807,-0.002953726457206249,0.014240230373437555,-0.005125221485492065,-0.006698348912211894,-0.010712137757496595,-0.012223888851481936,-0.008960410705487138,-0.007116894743645054,-0.007932127301041637,0.00831642249981116,0.026686974044313097,0.004179386952977534,0.028456304081998736,0.003884152934806927,0.003263538626502656,-0.01104028298827378,-0.009416024644798371,-0.0016914786866346798,-0.0033767023527820927,-0.010701491975210049,0.004134043818711962,-0.017362063850708476,-0.015265007789641625,-0.0032405343536288655,-0.012469454772066254,-0.008767709943317917,-0.012130433630351278,0.0031648117249997647,0.0019288708263034068,-0.015898458194356715,-0.010640246277529682,-0.01119841425285138,-0.012879592487926726,-0.01368061534354125,-0.01550865053107799,-0.0030748874775851686,-0.017419293210072857,-0.020146952454656003,-0.00542942999364059,-0.012653887999471737,-0.02013233402052486,-0.02453587036976996,-0.010512766954886172,-0.01027022840352158,-0.0060653094952531714,-0.014535109522583209,-0.010787399115075518,-0.01848848504713157,-0.018855110521749235,-0.023783052304719495,-0.016121989358016956,-0.014682763364306841,-0.01693603440477546,-0.02278281589835954,-0.025299344384997556,-0.0169697053598323,-0.022758406566782404,-0.01889032506208748,-0.020543954490427507,-0.016074384052032778,-0.018868987191553124,-0.012184078097060135,-0.01990317175115824,-0.017141377017686407,-0.033514592639402284,-0.013505950743178072,-0.019802856200453977,-0.020739150760654138,-0.035400091336128967,-0.01420142462811001,-0.023383730301367884
35,-0.012293158666246834,0.0037821680143231037,-0.004932540504420835,0.0021190453542336085,-0.00284101263733968,0.0064064858210506805,0.007698845682372364,0.009130683305438307,-0.0071164979572227996,0.0028782459200659537,-0.0010931602102933,0.008867608260031334,-0.005765865933880447,-0.0021068462438396094,-0.001083931476387186,-0.011921759676754852,-0.0040802759932866755,0.005117942913040359,0.0028990634368637872,0.004334960592254644,0.00021293979124513364,0.003442839966740501,-0.04551523064392607,-0.0561103213353072,-0.023596294695922903,-0.019819961900973522,-0.010053752267705352,-0.010587772919224619,-0.005070084993506816,-0.0014482075765084347,-0.0032108589293861713,0.0009258972101531476,0.011680448448546252,-0.029290496346244334,-0.03760473019829382,-0.015175472874651078,-0.024447875713535214,-0.014904949515658563,-0.014771445149051097,-0.01367869701244744,-0.005158266199739115,-0.0033279308055413643,-0.011488804428399158,0.007751573551341227,-0.013002212207447142,-0.015450209408526969,-0.0012337956312512763,-0.008933346378650436,-0.012410194127673918,-0.009195961018399248,-0.0005491868609559293,0.005831529148655239,-0.012967151339620663,-0.002596792746835177,-0.007136831646433304,-0.005933894075461188,-0.011234893192672303,-0.007993066005285248,-0.0032489934727097146,-0.012213900780781385,-0.014721334104363498,0.0007923246431529296,-0.011395567229488987,-0.018128850262223523,-0.015582190460400342,-0.006147824132303191,-0.004154314186982599,0.0025845140846180495,-0.012288825420842697,-0.0035968155802019487,-0.012620670106535092,-0.012339097908489633,-0.019917381515278575,-0.00358321496326213,-0.004454262533338042,-0.003513627103417957,-0.01536329968033111,-0.014903901333206862,-0.009855630639307337,-0.010830959458829986,-0.01108179224132257,-0.010600720719240467,-0.010900178166774084,-0.009297187244284785,-0.004229679467592608,-0.010306237169479515,-0.012082047812633431,-0.022888415583848146,-0.007761226073142769,-0.014195695913339815,-0.014133100826991221,-0.024292606883916382,-0.003996764983007865,-0.011723169588851378
36,-0.01922846376762666,0.002180097533136929,-0.012807477510926858,-0.001963892915836037,-0.007150537519206462,0.008934919429115205,0.012949879696208755,0.003984091792979285,-0.005291450322808051,0.0029181582215028245,0.005461499127009052,0.007790440290424596,-0.009695733005047759,-0.001828295812909394,0.0009660884915051908,-0.002287020922083239,-0.0020067356713305176,0.006588573062541469,0.004474670396120991,0.0060111894072308585,0.005912959779793782,0.009270035191743645,0.0017320992055414668,-0.03159035823773946,-0.03317920054270874,-0.032195070727859244,-0.024625602936147673,-0.012819524323741413,-0.004136099368964838,-0.0033959509457035316,-0.002863219055633211,0.007165873278421975,0.003420984419594323,-0.04125607856897251,-0.048289634248431926,-0.03540163508766679,-0.045047526233663905,-0.03726093906291331,-0.034526202220392356,-0.028571140904059215,-0.010150003042990045,-0.009597625050854066,-0.015280488066687426,0.0063478633878309276,-0.012159442850190386,-0.01034424089012435,0.0055673799202225665,-0.0055413297289759154,-0.0052321286697596,0.001561162080604194,0.004679993744305006,0.0013099562448864329,-0.007250593388777013,-0.00576685175329009,-0.0005393800276772127,-0.005111528025240311,-0.010375565966905377,-0.006916776740098141,0.010384825849594022,-0.003111593926271527,-0.00852104438181241,0.00381666489494139,-0.001381095591769349,-0.01437675436925767,-0.01174881353288146,-0.002439489314487777,0.001569823887016717,0.006432114736498629,-0.014575146157060253,-0.011773515239529311,-0.007325352907273122,-0.00970268956870624,-0.01356807136241311,-0.006121375855315551,-0.002509037708179401,-0.0030402501738401337,-0.016477652959738336,-0.023479114586016644,-0.007431003588822064,-0.015084967204752636,-0.02052192092479199,-0.017625030279303178,-0.00907526861020176,-0.011368414947530972,-0.0017942912905567453,-0.017781269906830807,-0.01643371209679746,-0.025075365876036412,-0.015660207718754277,-0.01907381541201128,-0.019290158663209926,-0.032118383995704755,-0.014305833976039168,-0.012013808023847031
37,-0.011750583026887992,-0.003628990968773357,-0.011338504136268135,-0.006624321601109524,-0.004810731585202338,0.00211300662765622,0.003750326206918985,0.0001595617373620386,-0.0019108318020839888,0.0025889788674766678,6.74830345376317e-05,0.0026788050673136558,-0.0014036428242569883,3.13706044085726e-05,0.004286311848262345,-0.0018346616329949015,-0.00014062425548431903,0.011466852762858321,0.011218496378940842,0.005081698697327139,0.0020452230878904515,0.012536101892394647,-0.15466674094836758,-0.2119750505981734,-0.17962382039119254,-0.13266723415218437,-0.08664251293778522,-0.04667165199072514,-0.023309887590936593,-0.018170464898064453,-0.003137236099075439,0.0049080159887202,0.010437835406924494,-0.11610474039946322,-0.20236855171333978,-0.1616681775727139,-0.13270311105159713,-0.10425914647403998,-0.0764769600068786,-0.04778264350877929,-0.029701699613362276,-0.027058154156006643,-0.0146300386411422,0.0008004325222328327,-0.010545306740399284,-0.028105791726407564,-0.004080087455329287,-0.007661725338053101,-0.0031308557600451224,-0.009208413423363766,0.003917804847478314,0.004196703224507181,-0.01025338110848784,-0.0029658677988212354,-0.0054884896301497154,-0.001472657950429073,-0.0011449132473557704,-0.013263524251346404,0.004844454215627467,-0.006638147572966049,-0.0049744576601684675,0.00943871962387231,-0.003609322687211298,-0.006997725294025999,-0.011508090039949147,-0.001273126056679145,0.004453187230433464,0.00036350417981876156,-0.0026537906986001214,-0.00534361687309768,-0.0029326225255645213,-0.005279124709084573,-0.010109188139704375,-0.0007762537061880603,-0.001262057016774656,0.005976976574463932,-0.0062594729206619645,-0.006219703919151486,-0.003311518039334664,0.0002591788449608789,0.003261794910126825,-0.002236478489597029,-0.004780080057898598,-0.007818042267287122,0.0013008194673091776,-0.0037914282223076435,-0.0005422526570741333,-0.01217492606469028,-0.003856039730274765,0.00013333835145143497,-0.0006446176997745139,-0.011358652014910195,-0.0028157524615470297,-0.006174006364348487
38,-0.015350188116130464,0.005928464175873634,-0.005893854580728741,0.0012158827168169788,-0.005735465815697236,0.006976862914012316,0.00945421424248331,0.008898153866808742,0.003840052096090483,0.002209884681339907,-0.0015132145627831503,0.009973602080781116,-0.009678022398184896,-0.0016659850258987623,-0.0029683913987471446,-0.006173108545292439,-0.0033305986731378924,0.0010533051734661156,0.0004973239334733573,0.0022610832354552934,0.0016820517253606471,0.012412979922338755,-0.017436749770882384,-0.04387674671111954,-0.039589859264190286,-0.03926587450787023,-0.025454689575928616,-0.02325437231925308,-0.018638035506670928,-0.007557129827312455,-0.007607849514776396,-0.0029504110663128515,0.01339479182926902,-0.023089274291618018,-0.04428960546307589,-0.029243087253511824,-0.041887854040070595,-0.030625200712886512,-0.03569033961991806,-0.019282617639314447,-0.004809139499241651,-0.001101222755973724,-0.004503654487282594,0.007328874354634077,-0.004965280967243268,-0.005947150124090076,0.003017118336510366,-0.000763678900700444,0.0030593126089273545,-0.0003836663676913857,0.016728517273399034,0.00802833520493136,-0.0029845652170372,0.004342278972516162,0.0007723252908593352,0.0050867895770599185,-0.004683150414773041,-0.007359011500191695,0.009359917697718354,0.000568069190142135,-0.006532492678673414,0.008470706140897191,0.0050401445799818706,-0.008295061954969887,-0.009052983140350775,0.0030269088532891243,0.001288044436480298,0.01194013617114655,-0.004686135187603519,-0.00047758913934557013,-0.0012084895488991706,-0.007945353281965,-0.0057085435539047545,0.0006235340424770296,0.0034706787500364297,0.008795222762428874,-0.007269956653469727,-0.005055221448854023,0.007115128558781533,-0.004795385299612468,-0.0016180530224906876,-0.0035487342106266585,0.0008571568192281341,-0.002055815393677163,0.004173765601781437,-0.0003568141676025256,-0.00035811702474286344,-0.01303430367149892,0.0008128586880284971,0.006305009984484042,-0.001385939487598663,-0.011180857321639372,0.0159645362446388,-0.0006915754313830908
39,-0.013858313440674374,-0.002791035564980742,0.0027599665434658405,-0.005070854939985629,0.0006268895665557101,0.004522209053448402,7.87638331093011e-05,0.007684316135542859,-0.001896516062010109,0.002828246756612964,0.001478899154516796,0.011353057899814188,6.747532596088483e-05,-0.004418956815532502,0.0010804315989876774,-0.002958796462196443,-0.0029303135991109075,-0.00023671914374232862,-0.000756101494200883,0.0024373516544187695,0.0020645207085050604,0.005838555517881712,-0.0020255147572207696,-0.029599426267177476,-0.022323749280930567,-0.024938257056723458,-0.020872040127581728,-0.021607098754689066,-0.01545969603734696,-0.00638292000930353,-0.004730211933910309,-0.0005245458964755655,0.010886692241065725,0.007350400900324102,-0.030372940091343045,-0.012604041186235964,-0.025973408891266127,-0.022398736907580118,-0.025454827953355626,-0.020128643537337936,-0.009631079443525932,-0.001718834074006113,-0.010263457375293106,0.008510282758474246,-0.01308289123900515,-0.007261506292237052,0.006206610773689633,-0.0032959615800718755,-0.000165631472928169,-0.006292156821740606,0.004261512816787259,-0.0011199149567990643,-0.013776176708195623,-0.011879707517045084,-0.0047439708997436625,-0.009312169651150028,-0.010309583020254063,-0.01528778525088718,0.002591524109991457,-0.010944498599771204,-0.007767197447899766,-0.0022806680978647007,-0.004622642138578969,-0.014908642428976299,-0.015165846310965313,-0.006566646830189641,-0.005882723753435725,-0.0023319494966313977,-0.015061472229479051,-0.011800158323391083,-0.013299303141332429,-0.011992461496349117,-0.023437110087544247,-0.011456936528831823,-0.007762719487803574,-0.01130339847003898,-0.019701509077259673,-0.02191700021626325,-0.009763053874265739,-0.017155804451768585,-0.016462714031715363,-0.017275640666941372,-0.012667610556297228,-0.016645751117125643,-0.00888378004090698,-0.009161808003883618,-0.012851406197488107,-0.022968295093770616,-0.004736391917983505,-0.01171941833942918,-0.012301082074651384,-0.023883512518222787,-0.005973769273206235,-0.013976886818570506
40,-0.013856273385399942,0.004875635916494155,-0.008031167207191757,-0.002488375395903992,-0.008588112607754201,0.007725269089708129,0.011754669000744462,0.003375978633292536,-0.0021137863484819775,0.0029025032662815696,-0.0019934109266349577,0.008354099242560675,-0.0036618141953242635,-0.004011785791785681,0.0018400957243281668,-0.007562650396853009,-0.003733492960605568,0.007072421322355194,0.0019340386438501196,0.0062061583763243396,0.002785213753117312,0.005544774567490947,-0.0299376152625169,-0.07471051986377815,-0.06750008489909907,-0.0437320246794016,-0.022534174354367748,-0.017306042586950458,-0.009076575866273114,-0.0035787615551201575,-0.004955922299233946,-0.001837049805669789,-0.00301946136267403,-0.07948552512238723,-0.09129713941874275,-0.06824466750418877,-0.08172364965652253,-0.05901315510297462,-0.06127132907951234,-0.04755702105714673,-0.04202199282707111,-0.03707794266097432,-0.04127850882529662,-0.028620186792912106,-0.04474776366744519,-0.04104003785334621,-0.035977028839014394,-0.039348094563870985,-0.04060686077290664,-0.04303031401784613,-0.031014499915045762,-0.029709821360319175,-0.045575895474975016,-0.03946790356637305,-0.04064612813341261,-0.03850871437443186,-0.039521239130076234,-0.04098536899264487,-0.031124889282340723,-0.035903035856060736,-0.04102936872814791,-0.03089975606195449,-0.03673484964683561,-0.045916927876137256,-0.04295522143583182,-0.03705329107012439,-0.03239490076377038,-0.02901146063875495,-0.046578258355132955,-0.04057696185224006,-0.041954746100536754,-0.045335147354557154,-0.047976266296184976,-0.038556015230242706,-0.035494922770695096,-0.03528559367082057,-0.04414568492848548,-0.045824098804379515,-0.0430680819672924,-0.041106329329108515,-0.04139562766259891,-0.04820678520425178,-0.042309275048685466,-0.04095041404992326,-0.032856333087125496,-0.04475949659282982,-0.043213527051878746,-0.05488388673595176,-0.03510063527816607,-0.0376623034960496,-0.046877262726204454,-0.05389536208289898,-0.03678090743020574,-0.04341344241992963
41,-0.01974247351778364,-0.0004171833057347365,-0.0042274242373202256,0.012000429902681072,-0.008979275421252786,0.008892965954118379,0.005538201764350243,0.002871429120953664,-0.0050875391273659375,0.0027608053341010106,-0.006294163016093801,0.004468729303241644,-0.00322942687539252,0.002031774222627561,-0.0001453849368125822,-0.004501290003392287,-0.00350491462932776,0.005722990516308257,0.005531823571874551,0.006309925380222061,0.00035635866192248376,0.005039709899187628,-0.0039260766924994195,-0.058488012038704365,-0.06948282067339562,-0.07507232477192018,-0.06597030808698787,-0.06307458703229742,-0.05787314337250033,-0.04491097460879922,-0.03582482050758442,-0.02342283832420734,-0.0035497243168497073,0.0053350473092628374,-0.049414386202287545,-0.0551271016225095,-0.06439924187928535,-0.06057027794423636,-0.07004269631177369,-0.062379298211122085,-0.05354640439337557,-0.048377702598624485,-0.04466806270587994,-0.02680877215841825,-0.03021707701383943,-0.035879528693953444,-0.00942145779190467,-0.019246737934688816,-0.010849080960369906,-0.009934657388298553,-0.006029345507672266,-0.005617950705001539,-0.014070110946810597,-0.011143591957069078,-0.012865372333065648,-0.015562065815192127,-0.008128636580542779,-0.011167568911362035,-0.005912683941406129,-0.013815116252879622,-0.006934900622171394,-0.0012028381666495695,-0.003009568164047081,-0.006817674025319772,-0.012406554526169997,-0.004398798316374877,0.0026477610364771136,-9.082323874397062e-05,-0.00660743481000291,-0.008841467283438596,-0.0078098659991472285,-0.011434332300043253,-0.01699040264240208,-0.008743873789255065,0.004059963198108138,-0.007014703856611581,-0.009238832026463393,-0.014174241897551192,-0.011473190586653787,-0.010498725355697694,-0.010788095262055831,-0.003265402401621123,-0.006471507318486783,-0.011359810726250882,0.00032951295135990623,-0.009640990956943372,-0.009429741695219034,-0.025477407864197336,-0.003046142075629544,-0.005915428914462346,-0.010139991139067434,-0.019897954448787218,0.0010416360092811992,-0.012596214358357892
42,-0.014536199970556347,0.0032175207564330665,-0.0029436113769004887,0.003311469233956554,0.0037140795428088837,0.013088046708612463,0.011467048140565874,0.0074126707319397194,0.0005835726260261761,0.0012860906379461208,-0.003065044459966345,0.009469090178072669,-0.013834253615348341,-0.0027042656406738794,0.0009425408393009785,-0.018124533644047956,-0.006370463490205313,0.0009633503694143578,0.004990526367472625,0.0011323660651485154,-0.004063617367439378,0.006262204970022382,-0.06480464379031457,-0.08868036175106836,-0.07049005296955689,-0.06497366908274653,-0.040204536713265314,-0.027650773252304937,-0.015750440189688214,-0.005767447555269826,-0.008093269875384333,-0.00957235495763155,-0.0010455275463428328,-0.07039171980284854,-0.08103161547523544,-0.05997207289347263,-0.0645817840125636,-0.038535115170682414,-0.033262316949348454,-0.007750823399855203,0.002128178997329985,0.014731377140385422,0.013977771420322908,0.02137479510303418,0.008986039052068703,0.005270526322193511,0.002758582025084573,0.002471116000652215,-0.0050053220601649785,-0.00902265919812442,-0.0007839123858303809,0.00787599682422367,-0.017590301335736847,-0.013470500715877735,-0.014263403362816182,-0.014926422893740113,-0.014493611850048762,-0.015189837237847031,-0.009969304529492016,-0.019461206765862396,-0.026085758686002068,-0.013518539463952248,-0.021960061126236507,-0.016366200570233802,-0.026537650127773673,-0.010991336345150406,-0.012435616050475981,-0.012333611817033532,-0.025156716294252795,-0.02118659381663935,-0.022027727941842615,-0.01787267657345306,-0.030981344345240452,-0.014203134786570518,-0.023121568528155757,-0.0060254627756447885,-0.026269310209925362,-0.02965509751543076,-0.0182740145214095,-0.01569344190276744,-0.021664473244899948,-0.028443733748645096,-0.02097122462597616,-0.02873123636245839,-0.01855471250940044,-0.026985415088128333,-0.029895396056707466,-0.042522341409630224,-0.025117106201031063,-0.026343242206009195,-0.031997659128455126,-0.04558053161664394,-0.018938649450714398,-0.032868366468635474
43,-0.004133888839774695,0.007064505396128353,0.0034790571999159707,0.009902456141930947,-0.004483707995330778,0.002641012781132644,0.003950709667143804,0.00045279350335290466,-0.002394691314554997,0.004524872082212239,-0.0008440704426566554,0.0034103363453814083,-0.006100977848982469,-0.0001065863274912619,-0.0037258127679103098,-0.009170714702483403,-0.008250472949408665,0.004086700286900064,-0.0012020403203141911,0.0009005201048118639,0.0013350120702316115,0.004043560090976161,-0.03915791315097793,-0.04717466836587344,-0.02148944972423594,-0.03430166893013738,-0.03629984980377294,-0.03784195048011293,-0.030437078940849127,-0.027536700051480012,-0.026455051202425035,-0.022884814586863284,-0.010824856295442085,0.0033746244504456895,-0.015090916848887848,-0.005106417598297008,-0.01849180826694837,-0.018585967533391853,-0.02816239907749294,-0.027334230351931058,-0.020332322678172757,-0.022453724621361713,-0.027907374622962538,-0.011902636267510317,-0.030622024199629515,-0.03092089402925459,-0.020880721256679422,-0.025223432720332926,-0.024724670460298668,-0.02368847158474807,-0.007709893175892155,-0.011725963992691543,-0.026153310197879188,-0.02541480444413436,-0.024982357504991122,-0.024305893725594652,-0.025010293922017132,-0.028068329159967986,-0.015455039108582884,-0.027762555784996895,-0.028287903373764474,-0.017058096508973487,-0.02348635603540565,-0.03165673988757892,-0.035206645798966145,-0.02204736327409188,-0.019361134309601645,-0.01581901688521889,-0.024903041811879925,-0.02397340651795519,-0.018554222751412712,-0.028027936507610273,-0.0340286626210836,-0.025405888248521535,-0.023744414822769812,-0.02515258026531658,-0.030775775937016022,-0.03417603934357438,-0.02706274132788325,-0.02732508617447683,-0.02795892288118492,-0.028944831999348473,-0.027108077890353487,-0.029566374230204102,-0.020848716340533903,-0.02790653363703237,-0.028472533200918314,-0.03930220080577423,-0.020927516509855127,-0.027063366512496616,-0.03421890879234907,-0.04401822866725636,-0.019550351126881273,-0.02817039879056378
44,-0.010742720549050698,0.008844251697933623,-0.008081646721009165,0.0007429181987033768,-0.00481056331003886,0.003570408054519582,0.008334611508108235,0.0049561592002736726,-0.00032906435788249356,0.0022442871088889423,-0.0015684146779580445,0.010144930935686533,-0.003517511970645803,-0.003908019620482106,-0.005212489997990499,-0.004564197874163273,-0.007368693552661761,0.004746587571915737,0.005013416826852024,0.0015057515289967946,-0.0047449232717858714,0.003814820874695358,-0.00888223496924207,-0.04407078022058164,-0.03932394879036593,-0.04141871154862657,-0.02203665507332693,-0.01568392098994985,-0.011326354265687434,-0.005745951834855846,-0.011751771329564762,-0.00936953977223721,0.009895577192454156,-0.04638861745455761,-0.05677834856307401,-0.0336229985611172,-0.04473406987986235,-0.026848695379376862,-0.020711912593125503,-0.00447243207288039,0.0047481741365622485,0.012574279084848681,0.0053399850977488075,0.029469473984077125,0.0016316965187349107,0.004160073345307812,0.024494109901368865,0.009100892895073159,0.010616169317337491,0.008062873888447274,0.01991484446019202,0.023962515838630946,0.006154079580121273,0.006470992375167197,0.005756263035539678,0.00487911226455455,0.0012892641186740303,0.001903016763113687,0.003850158652378447,0.0020438284869635586,-0.008293748051896083,0.006518314601045591,-0.0007420439157198655,-0.01860545775089311,-0.015803975168827214,-0.001650540077692654,-0.00036276554001910325,-0.005656114650582808,-0.018022221038382247,-0.017091808908686827,-0.016451881534395606,-0.020145996994582065,-0.0284900041896931,-0.012672307618947666,-0.017994910891583386,-0.01451383110203293,-0.02283591159734526,-0.03215340480064387,-0.01955546568568374,-0.01991225482441792,-0.01907525875185659,-0.0245414173780193,-0.019918785616402885,-0.015325156335002999,-0.021118749111810588,-0.024349212856918212,-0.020376329218051405,-0.03493257855858249,-0.019806048592101666,-0.02305985810063095,-0.024260546612514713,-0.033524797143188054,-0.011955044820007883,-0.022247947115398767
45,-0.0031216717494211704,2.312678915177733e-05,0.004094518898246349,0.007872119249754572,-0.0032288377507933394,0.009573224112361587,-0.0008620125327628258,0.0017057988616820067,-0.003331218734558011,-0.00334972630368068,-0.0008997892423502167,0.006670526047735987,-0.003040146781294568,-0.002787393962580968,-0.006187275448587416,-0.008743080117853215,-0.0031583446752383336,0.0030596666250760707,0.0009194578106439323,0.004791058904469564,-0.005855573112299989,0.009044059373744182,-0.06516047695584676,-0.1599260136439171,-0.14694517853183095,-0.1320262291260476,-0.09648052412470157,-0.06943283646856077,-0.0547860292650363,-0.03585394466666481,-0.026938792640506786,-0.017258294729340592,-0.004564564455212195,-0.0015653933171384628,-0.11611375526250171,-0.11081591323856352,-0.09626847440507343,-0.07943487278878776,-0.07206506636693771,-0.05392241958482033,-0.03937333399517253,-0.03556302303440727,-0.03088683774416257,-0.010247321981197014,-0.02272265519957767,-0.025850159379202372,-0.009008465565851595,-0.01076626302613512,-0.017737406843304885,-0.014489160504602106,0.00020019038944443237,-0.0030942525780042643,-0.013353857938652736,-0.014965479652986701,-0.011945329945400183,-0.015008751947003593,-0.009876227084422635,-0.009306155200384907,-0.012991658108401886,-0.010625934581344348,-0.016515202454821017,0.0026448062952312947,-0.00547908286915162,-0.020401136884425696,-0.006816192720153252,-0.0014520632918003202,-0.002251572730801195,-0.0026980176708088287,-0.010652262515983377,-0.012594860231721839,-0.011416408142602733,-0.012386163364183286,-0.012832478954089751,-0.002609106951247085,-0.0036347985371687685,3.417453253343276e-05,-0.010704462527624487,-0.007723001635046105,0.001042791275548696,0.0026403333092652305,-0.003342383080033765,-0.0035626925422925183,-0.004493492286963119,-0.003710188396017183,0.008008739638528514,0.0030478044424882603,-0.0005873904324025529,-0.015910289805514434,-0.0038122827669646855,-0.004447355677244157,0.0002604837968898954,-0.008454517299657554,0.000495889393068974,0.0051380633972366386
46,-0.01901993771546531,0.004102781574545932,-0.006831029717300117,-0.0012775099444126913,-0.0038798639940003385,0.006699988760882848,0.00543806748318521,-0.0004863536263191857,0.0025459276210322026,0.002212334389492614,-0.0025260856877714994,0.00921889384995005,-0.001994860104619493,-0.0005550176504750339,-0.001464932075827852,-0.005956814110058052,-0.001639596761680472,0.004701949784050385,0.004967507269129642,0.0057445506556604835,-0.0014759745484726364,0.008588319534669906,-0.06368475383321998,-0.08289778720176905,-0.05594943390788668,-0.05571196965162565,-0.038790115027110064,-0.0335366830565168,-0.02683971063379392,-0.01592993396754973,-0.010671926837722398,-0.003640473255421753,0.0062607692398614165,-0.061502900280778885,-0.07265242871052556,-0.0498021582962641,-0.06334639684214675,-0.05091678556656676,-0.04894745376810134,-0.036936027797009496,-0.025097152646623253,-0.023541603987782947,-0.015674158103906936,0.0014036736771625674,-0.00964412142104238,-0.01635783237672572,-0.0010371425011837217,-0.005714988759110383,-0.009792058095339536,-0.004514687930757866,0.009965623013519142,0.003679060972951643,-0.010559947061025964,0.0009065178634019707,-0.0018560422285888048,-0.006610838911441297,-0.0034001808887300354,-0.0002508893153621756,0.0023193768646320822,-0.001573741795579881,-0.01157987768416925,0.004191905244405954,0.0005055363612857654,-0.008620906669369831,-0.01204226219588177,0.001302832310998359,0.0025308084914660257,0.0031214430517473198,-0.008669316819334187,-0.005165704256504432,-0.004830084466077887,-0.0053282165723379255,-0.015867730361739472,-0.002074904635877095,-0.0010370145922835134,-0.0002147661297807106,-0.011036473600154726,-0.012032490616815768,-0.004917393666773964,-0.0045959478404674296,-0.005218455625035599,-0.010967017743998672,-0.00320085992138472,-0.009935918967255382,-0.005904166630665337,-0.00940053549941801,-0.008482908597816394,-0.018469928282398934,0.0015800884287647953,-0.0005710867335716543,-0.006441435327751923,-0.02011174173991041,0.007904532732648425,-0.009700373463275192
47,-0.008200591056368754,0.0034163084283618415,0.0020948068501472367,0.004913354190662513,-0.0014319905008762866,0.002520882005009413,0.0037623664378737837,-0.0014480737512521048,0.002436277776116872,0.0017173166591908054,-0.0013121926844608986,0.010836746775534246,-0.006914978235666597,-0.00018263939683001805,-0.002943956251302986,-0.009143282201056192,0.0014008627310767182,0.0027185327558662156,-0.00046868154486321914,-0.0037710689871607098,0.003084448453706345,0.0034720599265535682,-0.030398359496291733,-0.03902403737473809,-0.011972707327011911,-0.02460353570014502,-0.025816337026308058,-0.0295229509670224,-0.027558400086844508,-0.02280056787892779,-0.021652488042786806,-0.01988741336790281,-0.005936854261125421,0.01107779275062252,-0.0074330774865668855,0.0031280831053069873,-0.006309569014269486,-0.007438685769531263,-0.017922492794125344,-0.019650620829070955,-0.018604748364874017,-0.013015758554593243,-0.019208448563101523,-0.009970621554479298,-0.023252864913187527,-0.020870335759976506,-0.013462895039484989,-0.019283417833958486,-0.017296700451234184,-0.014839546923898984,-0.0004889973040857047,-0.002048900455610036,-0.021686012261839967,-0.01789196571690502,-0.014181266980457885,-0.016202217423800375,-0.018518849124169696,-0.025261970502596116,-0.012777221374408109,-0.01700359984910135,-0.019509355057527662,-0.009931964586296757,-0.010600159859014907,-0.03246536580845596,-0.028640595351938122,-0.01876498144287047,-0.01608078116032048,-0.012804519216737071,-0.016438989592183803,-0.015092150719317422,-0.02088350906937192,-0.023739412340880398,-0.030992697459008664,-0.018430601196879302,-0.014738740391999485,-0.01708068563634252,-0.0239070011422284,-0.028871175670612658,-0.019259156795256097,-0.024700597258474448,-0.027675794719224395,-0.017742224836286617,-0.02667541376423312,-0.024059877430562437,-0.019688824232187832,-0.020367719120762465,-0.024731269325955953,-0.03318303183259843,-0.019925297363543364,-0.021376620328004935,-0.029055035365585204,-0.04264189524786869,-0.013934827123711625,-0.028884782427524743
48,-0.009434901199906375,0.004440141202711261,-0.014968394443363044,0.002110773102639722,-0.0065731746453288505,0.0006007144832548315,0.010661695448939303,0.009485263648295867,-0.0037811175362639166,0.002453769551096152,0.002483711992160078,-0.0008337899197396539,-0.011452743532939742,-0.0031241270820601334,0.002097180991563967,-0.0029235974483634427,-0.004484262282184534,0.006643501830240075,0.012881293039651775,0.0037180627995986,-0.00383637348349271,0.015382077997272663,0.009559161735968836,-0.023229665501133468,-0.025690311913576982,-0.03339438309338514,-0.014799836015515584,-0.015182542580127235,-0.015486099745230112,-0.012129260577132794,-0.005578393483306262,0.00587696322646923,0.013641769448223531,-0.02975648082188759,-0.035953324969835346,-0.033437157304164036,-0.04533037945540658,-0.03167153218235142,-0.029762534345195036,-0.016811330005016705,-0.012340985699563996,-0.009287672367792363,-0.016737837945538566,-0.00613097736997457,-0.023049191690830865,-0.02260977707125932,-0.01952201803850582,-0.019289614132603414,-0.02304468501847624,-0.02337670248340044,-0.008880728675101429,-0.012630115890771058,-0.0334318758242258,-0.022311215305094514,-0.02044461556813582,-0.018156043171493188,-0.03179559231356334,-0.01972303193785248,-0.02387386983771785,-0.027937190049486537,-0.025791763264412588,-0.021530918293447245,-0.017345479697586933,-0.018499534349606196,-0.02681812985316692,-0.021338440536858027,-0.018753516801696884,-0.012179466165454577,-0.029828740735573466,-0.028390278718214375,-0.028692148093273646,-0.026499711625198527,-0.026806384726079317,-0.017600993030210135,-0.01986968043450773,-0.006552219155571183,-0.02478332340050349,-0.02279714455309483,-0.017072546986864324,-0.020055516356288248,-0.013189871442930656,-0.026747232753301993,-0.015699056128799377,-0.022318768949388217,-0.010905780166831122,-0.014601284340782311,-0.016938967433470193,-0.03762877779730996,-0.02298235436109994,-0.023449013449119985,-0.016885700073395522,-0.04153716018661606,-0.02250912187150907,-0.02617261139224207
49,-0.01736524845012046,-0.0046879673857761995,-0.004200262020585516,0.005881340825111924,-0.0021035810338333027,0.003151879235965562,0.006676784091519001,0.0006051711176622894,-0.0037148324001591293,0.0032058241227796228,-0.0006847207617980729,0.0102297896056623,-0.003575304634427312,0.0009694611259626414,0.0014090970886780397,-0.0033405288919777206,-0.002783581210082642,0.008563903271706445,0.0002016136749833505,0.0015611626287239777,0.0012460115029864266,0.0047523860175013284,-0.011129383078721808,-0.10485531152515386,-0.10784938585089063,-0.10350415024692686,-0.08144273883470127,-0.06232651944270986,-0.04541758775676327,-0.030295197914865422,-0.023517716936166114,-0.013708689615786867,0.0021567065613551702,0.012756076027138023,-0.05157773153167965,-0.06122667412573684,-0.06864661927497309,-0.06043481734400712,-0.06225414859590949,-0.04945046444464486,-0.03551174807972435,-0.027206056831798213,-0.02360929305801308,-0.009647159886472339,-0.015145812436386389,-0.01955291561777437,-0.004434727428115666,-0.008128329626563043,-0.0051527100350379,-0.008247066721130214,0.003712757025121927,0.0005837660616389229,-0.011082417644113792,-0.006822513998247782,-0.006012901525756465,-0.006425662921683731,-0.006796209625961749,-0.01181275702881375,-0.0008644051641057525,-0.007875221408534644,-0.010409991492260571,0.003945880499646218,-0.000386468657718098,-0.013486190198744101,-0.012206516181728784,-0.0021477187521101795,0.0007972879826650862,0.00042460873754697416,-0.012860004937171125,-0.008899261686333997,-0.007064991284194717,-0.012776032369938755,-0.016054692371719338,-0.006219087105978168,-0.004205021723184128,-0.006223694519571821,-0.014382934227459652,-0.016025768675233597,-0.0065572692595049255,-0.010255559902769655,-0.006422175128558062,-0.011098120645370323,-0.008299046156005045,-0.0070675975302185255,-0.004165131345367849,-0.008588317512182001,-0.007557105447065994,-0.019574751227239222,-0.004472495610336093,-0.011557637922593946,-0.011605662853663982,-0.022923631940410947,-0.003859034700893953,-0.010973414384556648
50,-0.010804619832997908,0.0006070802905147876,-0.00015082908998681555,0.00029462706012063774,-0.004016960023757099,0.007401841773391455,0.005046226038947924,0.004669481165223717,-0.002259067107898733,0.002470776674843271,-0.0014727719267423303,0.013869259430567745,-0.002916458403115925,-0.0028129287456961946,0.00010638307820375315,-0.008305785120442548,-0.008925555630478789,9.11916954012965e-05,0.0026343097848347315,0.004473798889068225,0.001048168428914503,0.007198653722049006,-0.029984895126363858,-0.06245432544171149,-0.04762661181195454,-0.05059573610219069,-0.0361014709973886,-0.02657443876505716,-0.015836535941599086,-0.010644474501146495,-0.0054602493580538465,-0.0011709615878728325,0.015260136972283738,-0.013826808464607902,-0.05870790066056964,-0.03348155857901572,-0.04695686546785928,-0.040218694915694485,-0.03781191508521007,-0.026694024272980503,-0.014723126779437505,-0.005923355367133342,-0.007447170010121591,0.006599016490796499,-0.004035842126617326,-0.004170931918800814,0.0016944503591329208,-0.004608019356040947,0.0002635246233979576,0.0014055263841766903,0.013910234828561246,0.008981928595204065,-0.0032894531976702377,0.0026685076289379517,-0.0007362922913247903,0.0040174952869506605,0.0030777828571496653,0.0031621312712340937,0.007413586731912919,0.003292789544682809,-0.0017057946481691634,0.01134968536459588,0.002836066228715039,-0.007112075352279673,-0.004897606413173246,0.0057485853449345,0.008851580065590742,0.008067366213870292,-0.0006510445687939911,0.002196167862085607,0.0024880432376886957,-0.00363734876258999,-0.006356533920354915,0.0033561591957848367,0.0012764777669988655,0.0025779356389834464,-0.002306732537386511,-0.008335197328942761,0.0003652873804267062,-0.00726332243490078,0.002376522017426563,-0.003921140798432829,0.001934601808594122,0.0013108838862515304,0.002079499497813237,-0.0019580864312995876,-0.0019905446314688294,-0.009174828112084697,0.0016602768356068901,-0.0015797792409134215,-0.005463378562928076,-0.01662150898807573,0.004520371494418973,-0.008784923653751185
51,-0.010213881825332304,0.0014061292512002456,-0.001040021637446876,0.014378344519352397,0.0030596623471329664,0.008262110367625006,0.012778166030085055,-0.001461497070649478,-0.0024596922060934677,0.0026601594967976087,-0.0013039577413922416,0.009520493112688417,-0.011374903549814647,-0.004760307735726828,-0.006326182411396087,-0.007780740137449361,-0.0049438919888206865,0.0008400186139404789,0.0022060869002682505,-0.003446094334970184,-0.0008282849329854745,0.01010966206192081,-0.016504883624480472,-0.009018566799718606,0.0023989955325091185,-0.011184514498597503,-0.006048831947623175,-0.01873179112059478,-0.015996967370622762,-0.011366181554088048,-0.016468100024610098,-0.015708326913646944,0.0020864386541120995,0.010162082567074803,-0.00146405796171672,0.016455030098569783,-0.0019148201991898348,-0.004254426540610014,-0.011981933575529232,-0.01421080278156846,-0.003331014549330352,-0.009899213165390976,-0.02455105275094733,-0.005550218541873016,-0.019309128428161293,-0.022922940642843722,-0.00888195165744107,-0.014560677989742005,-0.010587951678280218,-0.013032426264795652,0.0021909592348817453,-0.002571325952292207,-0.016551492544966875,-0.015776873000499986,-0.012670337303118511,-0.018056627207072302,-0.01733227387134062,-0.01953773228859345,-0.0139439936744943,-0.013282410312550478,-0.021514582675406648,-0.009075769853634027,-0.0067786254188266625,-0.028380112964349696,-0.027413481587594036,-0.011582055670732429,-0.014754279570868348,-0.007394446406383475,-0.017243567351643133,-0.01600577986436269,-0.015972652225460363,-0.02240168246581098,-0.027502186585966485,-0.016150609628423396,-0.010613769534588138,-0.01598470691062961,-0.025892373138169635,-0.024039512038913063,-0.024613554015675394,-0.01986138923154399,-0.021985740006217763,-0.017689854155315723,-0.0233288424589686,-0.0184559155357983,-0.015935638963107197,-0.02061373701320478,-0.02390226002896095,-0.03882950060521645,-0.01530180130807284,-0.01931415441433256,-0.024481644681813873,-0.039918759713049784,-0.011628088991861851,-0.02382424123167621
52,-0.006609177887750538,0.0056170251261812056,-0.01325787197898783,-0.004755042478912957,-0.003471686058588048,-0.0017219341870432264,0.0037979112892504415,0.007989898199924728,-0.0005553588553102379,0.004792217134696636,0.0027570778805449795,0.009385703283708195,-0.0038340736526254657,-0.0029154529402160936,0.006277246865801214,0.0025636149142608195,-0.00979527174009456,-0.0052697558156332095,0.004864314839557474,0.004140616061236828,-0.0062405187160758015,0.007129899150836336,0.00860238360236261,-0.017701913899626415,-0.013210585446046575,-0.02994864146084294,-0.014696624851861262,-0.017964671806753964,-0.01249902867864604,-0.0010466765225788936,-0.0012781348633214534,0.005905834789374095,0.0023900887396563816,-0.03574673072411813,-0.039858083134378657,-0.020326246651914404,-0.03981264665227494,-0.01897891934012793,-0.021252914419904276,-0.0200301018602985,-0.020238181966974626,-0.008755326459842498,-0.01703298524762173,-0.0018535636528902554,-0.008666677669480061,-0.02832329541356345,-0.0036163307475752925,-0.009816844674078439,-0.0131266491883086,-0.0034273644229665078,0.002823908962912653,-0.004829592967467775,-0.007456445521154362,-0.004581085191100425,-0.006565300258080847,-0.009431468339431183,-0.00890102358484249,-0.010063591845469887,-0.006420743827052424,-0.017306878143239435,-0.010274916101424612,-0.004195258739935227,-0.013495397438111737,-0.010848018085115539,-0.020480444462616987,-0.0012061170636940208,-0.002206193247525876,-0.006462757721096747,-0.017018377892864023,-0.00903942320202963,-0.01613543583466921,-0.020438786832566492,-0.029413059448077195,-0.005898613033755836,-0.009655159074190435,-0.008420080176211611,-0.01783688488778696,-0.018565647570462127,-0.009378782675733253,-0.010076418365884372,-0.015525661525430504,-0.02278502328585843,-0.007542850481582086,-0.016460059722577504,-0.008020081866057897,-0.016238547889386272,-0.021696767224976876,-0.02803763119408262,-0.012742885554532832,-0.02729103186633668,-0.01765845487283736,-0.03716139048384812,-0.010499352214329686,-0.016401753177370283
53,-0.01563486296019234,-0.003728450333199286,-0.008097583616636114,0.003486366999549223,0.0018675964599549997,0.005861909583477671,0.004239562410656206,-0.0014734866982501658,0.002206365613968883,0.004656376800407929,-0.0039601867140037885,0.00995398627259164,-0.004832070105076601,0.0042463944569536925,-0.0009475520817846475,-0.002543626746145337,-0.005070767085574768,0.002836198310396476,0.006369452827643289,0.0005643766052661191,0.007531112515264744,0.005693158726482244,-0.00913833488962516,-0.12596912234959956,-0.13125956591301313,-0.13347459844861326,-0.11764997004482043,-0.09181205515286073,-0.06697564654232813,-0.05386225374278797,-0.03707970403352367,-0.02977846800232821,-0.00925533742183907,0.005522673028943642,-0.02602932288974666,-0.04888518993214846,-0.07012326590005503,-0.06691729370511314,-0.07079585112018605,-0.0600900003658695,-0.0454013884531997,-0.03284029843841203,-0.03418158320027534,-0.017912665138053438,-0.024026302674801308,-0.011801669487113343,-0.004594936083933245,-0.003195025471635445,-0.009469399148442,-0.00731738112004835,2.7778622072235663e-05,0.0011847831649099553,-0.005556957083688786,-0.0019913415892375214,0.0009954864449788696,0.002233694542622512,-0.0063995992886722326,-0.004068440804184039,0.00512809301175475,-0.0003829107117376317,0.00227094609193716,0.004048612842523848,0.004059703520174986,-0.0017153275744717818,-0.005032554692331835,0.0014649491438313003,0.0019461399630571008,0.01276461056982701,-0.0005978128865809392,-4.1842815550662393e-05,-0.001509569276200588,-0.0008795502186693499,-0.005448730976410331,-0.0014061100920043995,0.0016597250351287514,0.0010353916153524622,-0.0046324687940642465,0.0013252180738895804,0.0072956706075067565,-0.002809784019605348,0.0005719726321996628,-0.0031176746179395593,-0.001884281548337254,-0.001665908502371994,0.00865988609486057,0.0019479047950291199,0.002641505064036129,-0.01010923415362628,0.000832154422489654,0.006777356014443079,-0.005250169071347233,-0.011598060219159836,0.00480914789636056,-0.004681634830653048
54,-0.008929091922749379,0.0027085824493917944,-0.0037555492089511914,0.003540813231343667,0.007219592767344494,-0.004360675976463605,0.0067926069660879775,0.006322032070831271,-0.003494642802187028,-0.0058563068993752465,-0.003324778534228353,0.00699567024696297,-0.005300400267807504,0.002056159993568537,-0.001379824213534778,-0.005317482502214389,0.0010766184457970413,0.00741921113099826,-0.000995067558033685,-0.001417467416786318,0.0041546087018566585,-0.019699728443981265,-0.12054744420473812,-0.13203040739369754,-0.0961085666587908,-0.08643269147615901,-0.06694234503513773,-0.05701425670332882,-0.041231844562284424,-0.02605343840439273,-0.01634592687192691,-0.01083598471506567,-0.0507268970516258,-0.11717454007318316,-0.1206418048346563,-0.10305100281576898,-0.1154201777468718,-0.09853423013382864,-0.09715274649082561,-0.07477129383878532,-0.05936855823988253,-0.04978642018750653,-0.048335092932953974,-0.031845292274460965,-0.040010763644039715,-0.0406466645491216,-0.020496231230656133,-0.033958865161827174,-0.02389560218501853,-0.030551104030793655,-0.01649488965659012,-0.02477661831596508,-0.02524547527302848,-0.025180966403478944,-0.029324212952860838,-0.027285436950025166,-0.025514936890991706,-0.0238747600685886,-0.013447862521279774,-0.02841859802199855,-0.032726027376891745,-0.013739200665212982,-0.019542330623428795,-0.031524344038016586,-0.02202454942164558,-0.0241810462606804,-0.011712129246836952,-0.009796458596977097,-0.021729467653980296,-0.02122049801249447,-0.018444513559535303,-0.02708596506724147,-0.028525548719515976,-0.021971723211823724,-0.011861908831482382,-0.024962011945288402,-0.03807218759582131,-0.03057366262415616,-0.020061509176725178,-0.023240860162805528,-0.02383924058376007,-0.025986706861055645,-0.021466179485265757,-0.0254166551144272,-0.02191432256676862,-0.026023704101036434,-0.015390203846287372,-0.0405216251304727,-0.011112985864538615,-0.019457769107038024,-0.018894163372753733,-0.036496742029279085,-0.016314640723617168,-0.030868242472430252
55,-0.003414700028768491,0.007824934337610617,0.007776872918650457,0.006733598888506107,0.0020634848504832138,0.0061149291109925084,0.008805466354741593,0.0036058230644556697,-0.007815284301906401,0.002576918909198977,-0.004055015191028038,0.00615596905892177,-0.010600269420662655,0.004175817901607101,-0.006656864575525762,-0.00821095478925528,-0.005244256889439668,-0.0020492345569282293,-0.005809444978863463,-0.001977790662787951,0.00016499022780851693,-0.0008899211572538506,-0.010293863809759414,-0.00643525360963077,0.00607932745842071,-0.01188118832439583,-0.014464607684784152,-0.02126318170677016,-0.012616210961126192,-0.011856406332930051,-0.014400421641315232,-0.014925968598944692,0.0046811461868883335,0.013642326483573728,-0.0010873672420479699,0.01667425276720405,-0.00010341454259091759,-0.0039601426774034335,-0.018477446337158806,-0.012332902174609438,-0.007201227292200839,-0.011535854965120442,-0.014753981137760785,0.004232692628767783,-0.017915021338447266,-0.02207937819864715,-0.008443332185997084,-0.015782825695956685,-0.015735110073259756,-0.014315336435370099,0.00503213390503389,-0.0010362298868577186,-0.018477228677038555,-0.012733736726236428,-0.015169048757794045,-0.01568104864431256,-0.01614925029713505,-0.020931310051154877,-0.006901616091636403,-0.016532686991728798,-0.022884606263732937,-0.00662506602890693,-0.01621139051676101,-0.028943926720236685,-0.025982877980792067,-0.013082957970799303,-0.011719689499999002,-0.009378927443613213,-0.01910886615610165,-0.01174616625852708,-0.0237111266329681,-0.02675388470791187,-0.03106646333476214,-0.01767521073969844,-0.016736912235525963,-0.01726017771237646,-0.02565249281109149,-0.02901873968626177,-0.018143296468858167,-0.020041870628436965,-0.021573216881855758,-0.024639393808661692,-0.018556909497812545,-0.021977920212365287,-0.013837695304187441,-0.022866535886656575,-0.023584126520275833,-0.03741849394426017,-0.01649434648513817,-0.022229226899034882,-0.02742103196956623,-0.037887930729525676,-0.012359836035888328,-0.026102089066999706
56,-0.017262182154782015,0.00447621090446625,-0.005188603381676979,-0.0019673709027154753,0.003147472601208711,0.009841156353836466,0.005410971423449187,0.0035741434617263955,-0.002025712725934671,0.00499594658505261,-0.0031686930962988224,0.01005512450236679,-0.001758576555760355,0.00047061451066079154,0.00010009599250167951,-0.0068300926331037745,-0.003650439413473659,0.0015289225016657732,-0.0015661445965400647,-0.00018284337664630965,0.0015875247018648769,0.002080457156611196,-0.003366023141015404,-0.052692573096433715,-0.07728909893177804,-0.06741774623966452,-0.03684635961683411,-0.02360037313447093,-0.01944134529441344,-0.012881083403136569,-0.0036375764878608784,-0.0059207245801413035,-0.02389284159083533,-0.1846598074550225,-0.19349258036976605,-0.13484273596354412,-0.1147666836434288,-0.04767321095654536,0.010020323143493935,0.0322289819618593,0.04543163788387751,0.032721813467496155,0.0230131677698339,0.03198589496393404,0.006241502213258327,0.008823195031921012,0.018087791910750578,0.017042758671004153,0.016525702530442485,0.01761483120688211,0.01807864836791047,0.018815068149346165,0.005690757001244985,0.009992262424647827,0.01083539362891252,0.007772318474662269,0.010746111344203975,0.008052855339937997,0.018766520167203395,0.006950693374224259,0.004121896266426813,0.012916061064291565,0.006290334737786804,-0.000781706800400363,-0.0014621378581096342,0.003058292328749371,0.004687889438554465,0.00926106597509567,-0.007338054976969081,-0.0009223367979474647,-0.001573814242236468,-0.0054542590112920935,-0.01179997667667799,-0.008896710712838025,-0.0034236853408734,-0.0018453464040519543,-0.01269973788902231,-0.015960784116273507,-0.009502126372371454,-0.009171662800235654,-0.007172558515658511,-0.012639357876043153,-0.008358064164891309,-0.006807559384098513,0.0011911797738394692,-0.010950336923334865,-0.008261023851610554,-0.022957095252427097,-0.0033903247797460122,-0.007561212824474342,-0.014264237732634794,-0.024269558201575604,-0.002836643517445739,-0.018942138616710517
57,-0.02462367782380184,-0.011260463754884415,-0.010783941839856889,0.004982592664569417,-0.00024243124526096945,0.00011738278045649101,0.0015884977275998494,0.004576072573794164,-0.004554567710641955,-0.003434168918217925,0.0018943957574829406,0.014635856839428531,-0.005268899705973483,0.007062908864313443,0.003880464314242916,-0.00365595958498677,0.003232516815186821,0.009661444085542347,0.005360187795000415,0.006831790366006582,0.007938018821730543,0.009349048581394109,-0.0026567287764798692,-0.11327665421236593,-0.1251572755760809,-0.1244153666008475,-0.10452585230880163,-0.08020302827801999,-0.05859285819571653,-0.04115911351885883,-0.0345141844210478,-0.022364408075283313,-0.006687910295637029,0.00859004323928931,-0.015197666814788699,-0.035592399357761074,-0.06057219543054693,-0.059469751136690535,-0.0689171337221781,-0.05298450793848524,-0.043730059172852186,-0.025620398587180373,-0.0244271859284642,-0.013625674037208444,-0.020591346756518802,-0.018735821917670387,0.0010365998865179324,-0.003946827769718802,-0.004001888535720759,0.005628811669339657,0.007700531861392387,-0.0015913117580671579,-0.0035526348654966954,-0.0008048493621647261,0.004982420873573063,-0.0009159462440878753,-0.0003610792868578533,0.0005196209801542713,0.010128903323627963,0.005810934603852007,0.0006976419227083168,0.011125645683749335,0.0009315277399409403,-0.001323706032892254,-0.0012188816066341548,0.004434527330107993,0.011423117327072711,0.009883868648932091,-0.0038818467061588814,-2.4504700683381024e-06,0.0017284698843824256,0.00043835827298108784,-0.01627694221599334,0.001981091820914266,-0.001967932789399241,-0.0010344770850097217,-0.0014437255641323,-0.008685214434880392,-0.006720026796166346,-0.00793935772959647,-0.0020039931188779395,-0.007704873784548001,0.0008245573186792384,-0.009678773516543188,0.0021182998098026357,-0.00456548479493456,-0.00046356688319058984,-0.012336510573615627,-0.0064810959462113914,-0.004923951053210315,-0.009139334464584347,-0.010503962792187942,0.007024701862417547,-0.007644399717335707
58,-0.006152388497803233,0.005488798425681219,-0.008168280627623184,0.0013479072379166954,-0.0020415699469396704,0.002429336643107726,0.005110513844999853,0.010287321251714839,-0.0041532149087769405,0.0036644012406209666,-0.0038050658097178265,0.010986683078830958,-0.0026815882046276624,0.0014787758369213294,-0.0006371189617639949,-0.009935213150014475,-0.005673603683314067,0.005534141044011983,-0.0006272382104879019,-0.0024525966027369272,-0.0024418498973524435,-0.004207953778911736,-0.1331128590937143,-0.1334030073892884,-0.08965820020261626,-0.030912138020720983,-0.013264054340082843,-0.004028999189544213,-0.006525832507996973,-0.004896327644777053,-0.004903357058908566,0.0017564790664018608,-0.09234126463609986,-0.12749324354164948,-0.13189186341491463,-0.12676319855999496,-0.13709393270105288,-0.12751283269497435,-0.13979229919698155,-0.13535632627385613,-0.13141549507326564,-0.12802207508064728,-0.13600608425973604,-0.1215313298886896,-0.13748205422283638,-0.1378162011285036,-0.12522369828421392,-0.13050420101104354,-0.13525978315258638,-0.13195458599659762,-0.12681723886188412,-0.1214868261111527,-0.13941105202269444,-0.13421869122825397,-0.13123043652376606,-0.1312880279107435,-0.13792902253288,-0.1396836981691446,-0.12307617309332472,-0.13969479825673195,-0.1423845818152678,-0.12951844661420492,-0.12751402955673435,-0.14291099793833612,-0.14292085194466836,-0.1299765345692516,-0.1261131319614856,-0.12516454545657518,-0.1384131078931302,-0.1371922789973532,-0.13947067888816403,-0.1380996592221298,-0.1473693877532183,-0.1311491297507878,-0.13578967056267924,-0.1363892675969882,-0.13808541726587414,-0.13973062952608883,-0.13330058657821506,-0.1405334148177748,-0.13577004789038574,-0.13333654396816408,-0.133815786244279,-0.13397407011624987,-0.13014758365416548,-0.13345836528160304,-0.1351295264445417,-0.14950022173945926,-0.13381399881844064,-0.135867064690125,-0.1362484267227361,-0.1539716437427342,-0.12963390994195062,-0.13751856534380014
59,-0.0017344376887816497,0.009776173682071393,0.007885873260240431,0.007183801464546477,-0.00016274734330828393,0.003485849474434491,0.008815040172708155,0.0011186775935964487,-0.004330005726696996,0.002661730958577746,-0.0028248676737049026,0.007092682766761452,-0.008583855005405283,-0.0033100894657184213,-0.006129105203115521,-0.01252750832723913,-0.006514031185794878,0.000985498170769812,-0.0012485782248484695,-0.0016401016990917562,-0.00679835390507343,-0.010605184368453488,-0.011437179366149021,-0.005527713687384657,0.004277056372963858,-0.01129796560390041,-0.016774112032646702,-0.017415926909675895,-0.014990796336661144,-0.012556170160983949,-0.017617115159593168,-0.014342086885373903,0.0008681258980705063,0.015289072359076748,-0.000795227186539174,0.019738589358733034,-0.004725405687382257,-0.003644857591769338,-0.018600276182475273,-0.01217942180923607,-0.010220021941832415,-0.013155006079494014,-0.016018404971706066,-0.0017171433205124308,-0.020497147110515736,-0.020798306922617648,-0.009834142324105274,-0.016004804080532887,-0.017152869718069536,-0.016767766520284416,0.0006491530594920845,-0.0024407648662429907,-0.025124152168973766,-0.019689007250127868,-0.015567595691312214,-0.01793819499500301,-0.016755701628102408,-0.021472562553000188,-0.009529286907148288,-0.016604399291848294,-0.020410378243867745,-0.010003892203009578,-0.01684540186840082,-0.025951082590714235,-0.028008596448777203,-0.01766530868294436,-0.012373942308516732,-0.007742739275119812,-0.01732838219850312,-0.01649684230286793,-0.024880457009581178,-0.024808294040574674,-0.03146055449189556,-0.017212015881929953,-0.016106875626004376,-0.01881393824171454,-0.027445645251096343,-0.030222451654433848,-0.019920064775139145,-0.02623089264099839,-0.02368412087859553,-0.025257058084025733,-0.02093759234704303,-0.02392332263599531,-0.019432090705913275,-0.021238215018352626,-0.022134281637668098,-0.03854824109760297,-0.017466186492628964,-0.02244549051317787,-0.02752765858738527,-0.04513273299294057,-0.016077985960494923,-0.026730019581775847
60,-0.008871386279732815,-0.0003131114573338651,-0.006016016505207956,0.0022832205920821596,-0.0009124533062419867,0.009221784205866657,0.01190434657538088,0.0035216536233047984,-0.0013755507975936917,0.002715550025627632,-0.002516657895708464,0.007216720956645071,-0.007052796927868256,-0.002704731211910767,-0.00028014721619901395,-0.005825972198449957,-0.0012500979617621377,0.0012536795281336832,0.0007991635782458915,-0.0017971973272818595,-0.004578900770848113,0.0007107595942416894,-1.2482703789564315e-05,-0.013064078546041247,-0.026670200813546523,-0.03805292729291865,-0.03511082915873037,-0.02635801048902785,-0.023494705778378044,-0.018725610376742585,-0.013258885081040301,-0.009771021351857626,-0.045494255267019786,-0.09880449392290414,-0.10017092728834795,-0.0748365136095908,-0.08926339402353366,-0.054557984871041555,-0.03872796363002688,-0.017364139836944213,-0.0021454257208760375,0.007691202399797256,0.007683017816043338,0.026827070230199132,0.014673114054082134,0.01409673273027957,0.02766772004828733,0.02657956137437203,0.021526367628560396,0.026907612329810565,0.03970401112345872,0.03650666534017689,0.02228916816090382,0.03234716125149393,0.030198583433246905,0.026041450144777083,0.025648660605805312,0.02515781731572335,0.03296309024606962,0.027535664122033038,0.021501553367984948,0.03225409456523333,0.025609160365132517,0.016956723176895797,0.016764356116694672,0.027364052090695555,0.02372095663786044,0.029838856567153505,0.01395605904062473,0.020670282138945877,0.01444947986570658,0.011036769993167606,0.00482931098026531,0.01239582720986636,0.01656612052566835,0.017850255976133145,0.005066757734087356,0.004322860187717997,0.007030014552074484,0.007770263956016561,0.010424423684451758,0.003399372162988362,0.004095455727175418,0.003909416054728343,0.009156112628757932,0.002654597469836695,-0.0018999944892324344,-0.014407412690209148,0.0009259229232515796,-0.0029075981180579297,-0.007250005725934174,-0.016828514788985425,0.007500391197085709,-0.007027119422280821
61,-0.014119758427225683,-0.005140157631551192,-0.006539089577252824,0.0005020116300593738,-0.0070848453008122165,0.0030045301856653638,0.0014652841201684666,0.003778734772604736,-0.0013252114867546906,0.009381627717317891,0.000991843434929073,0.009042836603147995,-0.005907634293249805,0.0028984628177079665,0.0049853274812923795,-0.0036381494891963295,-0.003474783939876552,0.0031103768658311288,0.0016657463482022317,0.0064028481689950645,-0.0005659323073044088,0.011416409662624557,-0.021300758035087325,-0.0967380876836918,-0.08478097623874943,-0.07777709856855025,-0.06897671018364229,-0.058131285540603976,-0.04348601986205643,-0.03086254436215755,-0.027238353456805933,-0.013030312062824475,-0.0008046659263239861,0.01583873045375931,-0.029790586897958504,-0.0380114457267828,-0.043882863852371716,-0.035664967256877,-0.047703669222093445,-0.039317158779233904,-0.030346813180761517,-0.01930738548935435,-0.022760975650416838,-0.005090438942237556,-0.013382624507434278,-0.017636721984421923,0.003218378347706154,-0.011394286984632082,-0.0006727342143674334,-0.0016428956737810552,0.0007948179705867253,0.002878484498750296,-0.010313437798026792,-0.00513368993072756,-0.006224047677936777,-0.003868992849603983,-0.008950714660026395,-0.009292849599401656,0.002249934482807123,-0.010322290866171577,-0.012055513867755262,0.00042046012120954955,-0.0023261514836476305,-0.015827152014278034,-0.0074063569243691734,-0.0005287470212600867,-0.0031543774681439874,0.0052268484257885295,-0.006345310958571591,-0.005407551734906093,-0.005047942360893544,-0.010564360987327912,-0.02057879247223824,-0.005986706902713042,0.0029968132569062698,-0.005559727235259072,-0.012376429468401217,-0.008941298829553983,-0.011821939843878299,-0.013584687859083242,-0.009642972669877625,-0.006859990043325536,-0.0067266079482639395,-0.006616756638108323,-0.002300509790544051,-0.009092757775015151,-0.011016979347103665,-0.017542106552926144,-4.914091210917317e-05,-0.011036790498128148,-0.015429369078648158,-0.019742595400869912,-0.0008488124431154307,-0.009606850826474323
62,-0.014109191677780387,0.0007234510509418801,0.0028015420627238376,0.0019286052417666515,-0.0038419591887079176,0.006737868636211267,0.00606436100083071,0.006053735234772161,-0.004575340347058108,-0.005441251582830373,-0.0007568155625196035,0.01023030040165066,-0.0035553033627034997,-0.00040917671187324224,-0.0008286453112791408,-0.008195742004933344,-0.004300050200039948,0.005735654378804289,0.002637237664356522,0.0031007202776721942,0.0031043650475232895,0.002210667937239401,0.00832108452639691,-0.003974385459031427,-0.00039504192702884616,-0.019729725105595827,-0.020053965680452167,-0.012702337961679038,-0.00795384072718117,-0.004585696650470521,-0.004018627543105937,-0.0016940111673121167,0.013775209421365897,0.0011166616467977403,-0.041264927793172326,-0.02500615132338472,-0.041258931203955566,-0.028504788220262377,-0.028227958477887227,-0.009805370483090645,-0.004493975428329015,-0.0011299416722634367,-0.0009576225335355756,0.011682461692218881,-0.004773488083519314,-0.008434662452428547,0.002726684808901215,-0.004162616386060973,0.0006356903849050807,0.0018448852912556532,0.006263885728803064,0.004457192839885264,-0.00937849265982955,-0.0005077645779979422,-0.005620113133074766,-0.009660859888427591,-0.008669639382531388,-0.011962707722266841,-0.0038622113182143376,-0.011141764402342219,-0.014099394266556313,-0.0017939899835543297,-0.006413605339920163,-0.018525030163638587,-0.01672998075817905,-0.008726902076597152,-0.00677695690099457,-0.0019957175011414887,-0.01495766315043672,-0.010187345587450295,-0.016215253279324198,-0.02221058011990828,-0.02338838242808026,-0.013362627805989475,-0.012687350272439734,-0.010043181307863074,-0.01928823798743945,-0.022851524576434742,-0.010159000516210026,-0.0187777787009979,-0.012077313154963456,-0.01674144581410431,-0.010226414598508109,-0.007662720565634321,-0.011451076734601577,-0.012865340013720706,-0.017954883506962508,-0.024906419707989874,-0.009336810874730745,-0.009851874962291679,-0.01979332738261782,-0.026890963679403072,-0.00297903223683996,-0.021101086103281076
63,-0.007388348584860677,-0.0014686126139070305,-0.009804792582121084,-0.0008924581073702959,-0.0049606107337769965,0.006160241029572902,0.008485481877135256,0.0041280187626946485,-0.00425839325169168,0.003995955319897287,0.0016306112179450515,0.011402863985374146,-0.007010027645652765,-0.003696506907335319,-0.000974425981561253,-0.004008354034732398,-0.0018267332138878277,0.0037129205851421042,0.002263022424278324,0.004510148454862412,-0.002715270376097846,0.002212956645342581,5.485577365011916e-05,-0.017878605309031143,-0.014896467510332344,-0.02471875237768022,-0.019234206166558306,-0.016491808823357764,-0.018162202026872364,-0.008588353819721967,-0.008931888136338646,-0.011923103727661838,-0.029489916787898432,-0.036883298814322084,-0.038252991899045956,-0.019110418330306047,-0.04391102159069819,-0.02315094377589962,-0.028794269975598443,-0.019640541721853724,-0.014110524978996382,-0.008432878809053928,-0.016563610722723106,0.0030530323351532418,-0.014516958840372959,-0.0147342833068648,-0.0055753413323537246,-0.007251161337801895,-0.00829883821427256,-0.007139126027326832,0.0038143191445549453,0.0029951811635976575,-0.015078356335637727,-0.010903536233768281,-0.006074254186768297,-0.009156978269404056,-0.009372666953871317,-0.013770437529667568,0.0009259220539261729,-0.010376406633162139,-0.01186848878918921,0.00024567311438603777,-0.008941530892608466,-0.016490311619512192,-0.015487335443640315,-0.007056943439668079,-0.002440804619232863,0.0026241077792513215,-0.013165616307581412,-0.0141626804189195,-0.014362633498784253,-0.0183600113856465,-0.0190003160733863,-0.010697354924742872,-0.008656093877824567,-0.007197090972035698,-0.013936602275304468,-0.01738007175570524,-0.015962020531543927,-0.020635673549979857,-0.015293427940403195,-0.01641965304015536,-0.009760949522498202,-0.011742630155175888,-0.010122931495582565,-0.016216492377466005,-0.012781077661702715,-0.023288919145082687,-0.011329078324592791,-0.011359053849701439,-0.012060260658140845,-0.033522180783165975,-0.00980981278825532,-0.01814440752838335
64,-0.009020390644041993,0.006029578612317201,-0.008533588522893624,0.00018703268312049792,-0.004309923411141789,0.00549882040667817,0.012504053664146917,0.0056091233973726085,-0.007849441951281863,0.0009696325302919592,-0.002975074891779726,0.013167334981161863,-0.010300570541334863,-0.0012328834991935699,-0.0015645853626830855,-0.0043748327293751,0.0008847703329127688,0.005191009457451789,-0.001493171033897864,0.001613106522171529,0.0047998818288171275,0.004761733534689663,0.007305703358725467,-0.0009752393168695991,-0.003474790984348699,-0.010324087614098944,-0.008302873397389285,-0.005878269976602213,-0.00340736322721526,-0.0015799293595591575,-0.004125823869336979,-0.004589096959306402,0.003998371876643257,-0.015099194149401196,-0.03056660869728619,-0.01135585730989577,-0.02134963965724116,-0.008609318521682506,-0.013452377401965424,-0.0034016804820235797,0.00028131535547717317,0.0012546200658129934,-0.0024496437101317802,0.013811912329647721,-0.008656526062669066,-0.009065283338009779,0.0027117730146157216,-0.007385280030319682,-0.004389304544211582,0.003582593766025408,0.009389939325427029,9.863166056230096e-05,-0.010154913611709096,-0.007302280270811163,-1.4887469183282749e-05,0.0008473264034421059,-0.00819837677805924,-0.007035145139543998,0.0022955599002950607,0.0006863385816569842,-0.013406828168182821,0.002160643854138972,-0.007173588442533877,-0.012963801394437379,-0.011354537814245206,-0.004840078336768141,0.002763225507743347,0.004105762459363019,-0.01485199489629992,-0.009066472126624052,-0.008767807154231574,-0.008624795054043942,-0.01907036174195745,-0.009951146191828155,-0.0059113622976881075,-0.0034045343512350158,-0.016167449016694653,-0.012948816954904173,-0.014726066441650924,-0.01145200007659499,-0.012059836318620485,-0.016837158209529243,-0.010971726753379454,-0.014423469244477276,-0.0008318773799091924,-0.012434064287001395,-0.015307863815354386,-0.026915338513435905,-0.008120217014588689,-0.013916752386307551,-0.01603775787955092,-0.025703249808818805,-0.005311961396387147,-0.019494482517782713
65,-0.009684445742631371,0.0033685841680709118,0.00014252251489678814,0.0038845932868997964,-0.0034053028879104507,0.0018719969130110928,0.004324286295009714,0.0020381867997642323,-0.0036896224194114106,0.002928158396137287,0.000578686352819825,0.01137528819362111,-0.003539371905605331,-0.0008390877298047333,-0.001196683928715893,-0.003989374963301016,-0.006259824742146755,0.0014865249191303392,0.0012437369023626048,-0.0006388504221992491,0.00037707799533680383,-0.0016749043748452734,-0.1606030826161476,-0.17013765332643677,-0.13634499095501387,-0.12515567860799992,-0.11009328357938115,-0.09702908967292341,-0.0765298918680697,-0.06445458028410328,-0.05091017388675954,-0.04431104825680092,-0.031311117653818436,-0.0197630382012189,-0.0883703391101354,-0.09423140787418267,-0.07227566964398809,-0.0652638590238575,-0.07461206736698991,-0.06567527784292587,-0.055721112944795106,-0.04692258249644906,-0.044442859768684964,-0.03191695377910813,-0.043483955284657906,-0.03743279268447993,-0.025893979919480614,-0.0329237909234852,-0.03005181300292923,-0.027528565283897497,-0.017739527048640378,-0.014345542605316706,-0.032671651489375654,-0.028366064761149962,-0.02485101547567022,-0.025152314066435075,-0.028070817494522775,-0.02896122108042201,-0.015804654996522068,-0.02841482210050464,-0.029010902194601517,-0.013640655458060607,-0.023131873529887624,-0.03119275630510624,-0.030792819033339417,-0.026856142632553603,-0.02099960236839622,-0.018620849097630236,-0.03193539716077116,-0.023330648986859992,-0.026118929095445845,-0.02561897109716728,-0.03729914567427981,-0.024478138864967424,-0.022988889425003704,-0.022212787677213932,-0.03065286856175437,-0.030261868223462798,-0.021570769770982663,-0.03162983189133087,-0.02741104443640063,-0.027624109371032476,-0.02748413351579783,-0.028004047319948374,-0.023691046257001448,-0.02943034957097494,-0.02872201081582678,-0.0375203984733467,-0.024244865699719984,-0.024497603121756605,-0.028139897964382397,-0.03902271852285402,-0.019371579266091916,-0.03191733120651167
66,-0.015119003145510684,0.002948669500991175,-0.001369968071867144,-0.003560658583440534,-0.007344673874644741,0.007458402236915339,0.013947958624313915,0.004985441204411229,-0.0019353089156871285,0.007044591137584266,-0.002505843976318903,0.009204375133720659,-0.006240017932036784,-0.0015288590546773308,0.00011651521141943616,-0.008085965279692155,-0.0013936412316381463,0.0018270624481024655,0.0011537912449183455,0.0003971333231341516,-0.002682875435540811,0.00947724959524002,0.008796748519805667,-0.004955309577201318,0.005046749841010357,-0.005475490654534878,-0.010415286973908087,-0.003983898519284817,-0.00840950993403615,-0.001977366809572851,0.000609708328161044,-0.0006513865124193618,0.011322190794539016,0.004294906145198485,-0.013839206054437876,0.0038972615983723456,-0.01757183012101451,-0.008983768893166858,-0.007282377443010557,-0.0044596030387325375,0.0051189012804572385,0.00490454267265792,-0.005542476612720374,0.010693361518272873,-0.007797835770806153,-0.008930755496651142,0.008013074640457625,-0.0020179779971211654,-0.002692641827218566,-0.0037387705714504033,0.012365926881021092,0.0073526964212707446,-0.004900427148352533,-0.0021386830821050903,-0.002872364967134792,-0.003971610398004156,-0.0020956325958664235,-0.007824841260018504,0.0018104405298597626,-0.008983987810441029,-0.00683643031515298,0.003214818042529984,0.0004994235470339493,-0.010945428878356865,-0.019847928211761824,-0.006793513395698658,-0.0010514266281321104,0.002754914215861917,-0.008968172075096838,-0.00566322035162921,-0.0071614935938891094,-0.013918443079687178,-0.017054156164156432,-0.011765964704463708,-0.008978904052662665,-0.0031858734815211572,-0.015227935405454106,-0.018877533440337355,-0.006374782511021455,-0.014947770480915735,-0.007034748101076678,-0.012092270367018241,-0.00582421014729142,-0.008297003267197817,-0.008918431772001092,-0.010760728932541978,-0.012723368024773413,-0.02302185656069527,-0.007770135410237117,-0.010350165134904622,-0.01503032977392018,-0.026845108527854385,-0.0008212385641627466,-0.012221937772017027
67,-0.022245258245317576,0.0008739644141508773,-0.012928334811733366,-0.0074875818892878206,-0.0063008906046389,0.01046068649786203,0.016239012184856193,0.0051850488875627345,-0.003017547373566739,0.000967555259849623,-0.0032786963975191237,0.011079010877676303,-0.0026005233931189007,0.0050430833333811355,0.0028923734564537287,-0.003982360355474406,0.00036812956619798723,0.005161098166692191,-0.0014719952939149712,0.005043225719887355,0.0013423151589922048,0.011033254832081958,0.011198963476662695,-0.007537575778948894,0.003287157223927702,-0.008410172966242179,-0.013365920171433694,0.002954162091020344,0.003485557357241212,-0.0019964819787400435,-0.0015164142947268432,0.008018930512115953,0.01642776208326781,0.004666007241003414,-0.014428841479454344,-0.005142903754704506,-0.02330656341440233,0.0027367702513294272,-0.005857632280560784,-0.002857229106536864,0.006833192818369718,0.0007073811014823209,0.012005143206832014,0.012961106761560658,-0.00288898095770973,0.0012203473033882124,0.003095716328097652,0.001865985306381144,0.011406280750846225,0.0021895299313222853,0.015738293108874476,0.017193878838738446,-0.00409844899675729,0.004930971572631692,0.003488792791759165,0.01105069792851907,0.009120421965469453,-0.003014890122434831,0.011140325729235028,0.000669185273395866,-0.001494342921091405,0.009836286886667924,0.0022512996263354566,-0.012719150831123857,-0.004702907791669731,0.005166352267252379,0.00836721545302448,0.008325746517022989,-0.005892269374307714,0.0016621008764792352,-0.0032063014809590117,-0.002246204235399379,-0.010320505219049968,-0.0016935971669378984,0.006750325139147306,-0.001830068446324745,-0.006886691535228825,-0.007241493230091839,-0.0052145253901752335,-0.006984200838789714,0.0074946084940851,-0.008321563667131595,-0.002411873573130433,-0.0004724821710310383,-0.0004248070778157649,-0.01068999931707057,-0.008208890237400637,-0.019511806849301785,-0.0025066078306060853,-7.107930162277327e-05,-0.01201616315716108,-0.01687152799981682,0.006287182759547556,-0.007803474307929837
68,-0.003409964572496991,0.009783130333458864,-0.00040132762203933675,0.004318190727174791,-0.0059831514568622415,0.0039738240177228,0.00023354539216754482,0.0010685081831372776,-0.0027891965334623185,0.0017112296144681687,0.001337257332449177,0.009623172407500626,-0.002825325878031182,-0.003259939400407466,-0.0028813015634954974,-0.008056910438836714,-0.006753493222033068,0.0019669366449965903,0.0028864165949004108,-0.0005416005603077355,-0.0008511235988865705,0.0004639050139231264,-0.10293127122067187,-0.11467171995540162,-0.07631771480789365,-0.0756692725225904,-0.0689352193543224,-0.053094184601290687,-0.04795270426492029,-0.038259293062751915,-0.03372623276017147,-0.02732697756175681,-0.013678104127926813,-0.005641954815472344,-0.06509467099108603,-0.05328141279430593,-0.03937491279772286,-0.03962995612332382,-0.04944071553780679,-0.046695187551212956,-0.028712682165637923,-0.02614478798769555,-0.027431923931157034,-0.01607938507505193,-0.029484052197723244,-0.027733954258966173,-0.01614951834501405,-0.025044812781878752,-0.020449259613059007,-0.021664302989662855,-0.011625010966180125,-0.008734233868718497,-0.025377201904612765,-0.018328503790321422,-0.02044258191189453,-0.015892170675618603,-0.01817159671752863,-0.027235734049403177,-0.010017788687295246,-0.021941250031326753,-0.025002069149680013,-0.012088183240926486,-0.014124744077983286,-0.02395608895393271,-0.030558683612472468,-0.015395293645071782,-0.013403136599072331,-0.008768144951586598,-0.01704076800626274,-0.01352781905802628,-0.015018963129378698,-0.0222585783931508,-0.03355337661162481,-0.014763300335119753,-0.020567902195455585,-0.01810050986987966,-0.025782066460660405,-0.029661929317135242,-0.018743336517885463,-0.024826266098749283,-0.02246445781647547,-0.025480890653243504,-0.019615307561512012,-0.022252052780304114,-0.014463535578618063,-0.02154819069329881,-0.02318545275709487,-0.03154225421899604,-0.019220489192534176,-0.016887555175216607,-0.024508931956829703,-0.031232096059287968,-0.014336211830810864,-0.026002923096552222
69,-0.021274013876045286,-0.004047492971588597,0.0036569040691813,-0.004079175760330741,-0.006765271083048946,0.005767932902018887,0.010629458128538723,0.005159240745417877,-0.0020663214828351016,0.0017131766418766925,0.0028426637737298316,0.012758585743513821,-0.004557506191348802,-0.004809883897619703,-0.0005684672406937174,-0.006984031785463769,-0.0031772700979653843,0.005590653080500585,0.007778376953652618,0.002432442348510608,-0.001300007145247635,0.0032257839554460286,0.00889573734119175,-0.007171178489663826,-0.01089281786283836,-0.030885429413407474,-0.020439333363175223,-0.012862698776621932,-0.01204114256788001,-0.006194754355083148,-0.002415236113204074,-0.003128475323053803,0.01538531561342518,0.02030485739314658,-0.03605740106225244,-0.01687583707725074,-0.03335523519894345,-0.022836115848720397,-0.02270849086212845,-0.00927948482239341,-0.001256290980988933,0.002539324442852112,-0.002622492229051906,0.013121451685758461,0.0003591073867944123,-0.005583061906662364,0.004740576299029705,-0.001657278832510922,0.0028644078433305367,-0.00231989590358326,0.010535429708699336,0.008691393543755576,-0.003677134820044624,-0.0016515493876055264,-0.004541329331126975,-0.005150418744031138,-0.003895701534375042,-0.0036550904997783053,0.0038958295419549,-0.004447566758218913,-0.009325860160295749,0.002233207820731648,0.0001758430222233523,-0.011919559989353748,-0.00996546610543156,-0.006056209420989382,0.00016702997491929638,0.002621157658767982,-0.010669767896896786,-0.01310423096109569,-0.011293727946887959,-0.014367955085927484,-0.017165523067144757,-0.009503888220371567,-0.006480378622746221,-0.012042485220291147,-0.015894921273549422,-0.020163206206219808,-0.006320509389465002,-0.01942555058452894,-0.014048204869917496,-0.015190178892049168,-0.008225545678676132,-0.00754649896450324,-0.0036884477679838823,-0.015930424223209387,-0.01498812629510271,-0.02738654021452395,-0.01064284217540961,-0.012245901332014504,-0.010327246390813482,-0.02758478359337036,-0.003382916634580654,-0.012717850938052888
70,-0.017289653393452366,0.010441126791219226,-0.00040769689904543953,-0.0058535204683400725,-0.004379562408177143,0.007216601458644275,0.008947397918312264,0.004931977597105485,-0.007245204168447383,0.01026223484151603,-0.0025212092846640826,0.01030405684027977,-0.01018559499723767,0.0018484152344581401,0.0003856420455601321,-0.0050943492625137995,-0.006797763010794565,-0.004909554760219294,0.00816345120517131,0.0021832047206215453,-0.00529152086361615,-0.005806926692692906,0.010240221759096039,-0.009315581921963075,0.0047328056191679995,-0.01065777960385656,-0.008858667794111008,-0.008175354968370662,-0.011194812877810142,-0.0022280324103424783,-0.004021696948629834,-0.0034359948964837812,0.0075693144903348315,0.013937059845713555,-0.017779241123823536,-0.0015981612885253755,-0.02009770366144774,-0.006483710310886355,-0.022198466058826295,-0.00819551130534069,0.0073842689637377956,0.0041501246901559635,-0.004862463059248412,0.005638923227360162,-0.016857112316723044,-0.011414933227511564,-0.0022592807798132203,-0.009206813903523584,-0.008915589713411647,-0.012788773146095602,0.003578898719204442,0.011399320849601286,-0.01548113040272796,-0.009983266440710568,-0.011515536409670358,-0.010144458308281316,-0.011223744381541553,-0.013643502967140952,-0.010379672563843784,-0.008215374125683527,-0.019262217740915685,-0.0015811901620958917,-0.0005482630393447247,-0.022391161371253052,-0.022496529709282752,-0.01140988182178912,-0.010189511196070433,-0.002171892223875612,-0.019893009797199174,-0.019310655491681254,-0.01847410491703613,-0.02560116160778697,-0.02728034273075854,-0.013792078766513295,-0.01771805732054318,-0.013304819573665621,-0.030748208363918863,-0.02970792790348718,-0.0167174769975006,-0.01995288793259108,-0.020604458502283696,-0.02016868490003168,-0.01381540356381678,-0.01991267889796048,-0.015371604607041543,-0.021729781515518826,-0.020691266789103494,-0.031899275682744234,-0.023951211213481784,-0.022800952668293878,-0.02473113353726483,-0.037363426803280926,-0.017437759276059134,-0.029705854134962326
71,0.002847050488520135,0.010516997929676215,-0.0001710852394275635,0.0007634146265761719,-0.002795518765009639,-0.0012409680856966274,0.01608765400757447,-0.0022066492607273978,-0.005315007408652219,0.0034671690154812543,-0.003483738734333975,-0.0037974771095981488,-0.003236127007595441,0.003654529124576981,-0.0015076519330678446,-0.007197553056864098,-0.003527407708970575,0.005215740067368681,-0.007140541943728295,-0.0009328290061075318,0.005678538252282445,-0.002532712571590799,-0.14156669169769673,-0.14816651949486778,-0.10643693126030901,-0.1092271675323237,-0.1035398407267181,-0.09966556349255844,-0.08127594812635383,-0.07522658887843375,-0.06261149724107151,-0.058596509929932934,-0.04409942543800876,-0.03394287380124096,-0.1010815566567703,-0.07934576256446282,-0.07638873501201207,-0.06613457215423445,-0.07709010775891408,-0.0760717376082168,-0.05946134603312294,-0.06077191282014648,-0.05548754287805776,-0.050076551133587305,-0.06331208007757057,-0.05866219317772003,-0.053403259476872966,-0.05824938648314342,-0.0420445256651554,-0.04661577998457282,-0.03921861902356206,-0.03555270237454387,-0.04393916946661157,-0.051432484795751875,-0.048690280015849546,-0.05363580803168808,-0.05076566211278586,-0.046126432703843374,-0.03564740252968105,-0.040542514824462264,-0.047659593969967086,-0.040719181314492765,-0.042982907900257376,-0.060275602334106386,-0.05042903460114996,-0.04488424634675479,-0.045272261890957906,-0.03906578118266761,-0.0416781058563038,-0.04738926945306952,-0.03871333855451806,-0.046618655062607095,-0.059104500226721486,-0.043511327293642245,-0.0430160146013163,-0.044980569715716595,-0.047440651196147425,-0.047999976742752616,-0.04760844725608005,-0.05769159826118045,-0.04112936317983988,-0.048687015751703804,-0.04420391017450849,-0.049470321867594425,-0.041136715065559465,-0.048952433465951725,-0.05333854804968878,-0.05461345098224569,-0.04963253491801825,-0.042441893489392916,-0.04076965308850009,-0.06043842659181748,-0.04237933614391433,-0.04927925045176661
72,-0.021700247728857026,-0.0016194849461788835,0.0013178008908975966,0.0011022431309192886,-0.007523930790050818,0.008732800734203794,0.009311299207436815,0.005964404128700805,-0.005451393428167041,-0.0019218832242117244,-0.0017660331752357731,0.012905707198854982,-0.006714366608854543,-0.0010908991912563929,-0.0006285280491161332,-0.005453005939588776,-0.003420464994743714,0.010098760125984886,0.002997287920856612,0.004859934738403233,0.0005159660072471061,0.0060897549375234115,0.005134265399347062,-0.0241473225735217,-0.028604207489853352,-0.03749994873468494,-0.032111831775949305,-0.019465467981003466,-0.01215409322544204,-0.0032032369342962883,-0.0014383469432163486,-0.0010493155648751778,0.014935504788632713,0.009766920678913237,-0.049253423318765546,-0.02730563236063287,-0.043503439733160676,-0.03657823342304232,-0.03200142260064087,-0.0137363826869098,-0.0025481712039519453,0.008531562800563953,-0.00014554453569417408,0.013239100588742446,-0.006149951439992613,-0.00403063552534493,0.004351973749967654,-0.00022576801341679648,0.0017087311119088292,0.003953102425034796,0.014649273858699272,0.006609305243852686,-0.0021112350978802342,-0.002457402858989616,0.0015767485102398495,-0.006109024382648984,-0.001979876926714957,-0.0034623237155754884,0.0034889344455063765,-0.0038084324607995583,-0.011394588138876782,0.00753477490499636,-0.0022777646388948687,-0.009897531523449438,-0.008570726811070052,0.0005857757717748522,0.00318876441436284,0.0031974066266644064,-0.009156494010091236,-0.006694193177067738,-0.008160714487639258,-0.00410750169029247,-0.010218552206606696,-0.004812479127256031,0.0032381894952500548,1.5284412915808668e-06,-0.012149782855024382,-0.011925535395342222,-0.0020471998994444985,-0.008218599503192427,-0.003531380274730828,-0.009735236075686554,-0.00010293186440756128,-0.0017939272788990808,0.0019301934004541557,-0.00831688226758628,-0.005797240607129715,-0.01565209405176506,-0.001801374440933292,-0.0011626616131027304,-0.004805404706343286,-0.02052873417316411,0.0022186916265662824,-0.004685542687720152
73,-0.023673319004661585,-0.003283441851336983,-0.0038490690033221547,-0.0018970002805459225,-0.007502922294394645,0.00667114847878435,0.01448998582894681,0.0016011319915728707,-0.0019489306925010023,0.004583609293066371,0.003297929875965909,0.009230755317556249,-0.004136827848204063,0.001871634123872934,-0.001844998954626062,-0.004427980946535099,-0.006085289355886405,0.002490187610734679,0.005787527550729279,0.008625870160780834,0.0023258731743312625,0.010488994904784417,0.0037773079819162204,-0.03538046917438529,-0.03362774066772808,-0.038299615466315606,-0.03434715733948495,-0.021318223717247255,-0.014887551893376939,-0.006575706571508342,-0.00034978614265099257,0.00481576770476684,0.01611676324987601,-0.014611702448524673,-0.05688339441251836,-0.03944136106420735,-0.05062631789810304,-0.034891051821843246,-0.028460156308212768,-0.01189735269376206,-0.0016494981640738534,0.012308860192132445,0.00045893826601659194,0.01597278539528038,-0.006000479681165536,-0.0016740272769258692,0.00907715585924749,0.0021281469583184914,0.0013130116636071278,0.007392406151827144,0.010176718763952717,0.0075579241297577164,-0.005893974663527106,-0.0011735510671092872,-0.002658275524441383,-0.00018832713798733693,-0.003200066039639751,-0.004811420887902891,-0.00016208288333745472,-0.004825709262697292,-0.00563416600566031,0.006698218384236736,-0.0018784744530434636,-0.012440287104812662,-0.012105523072784247,-0.0020734882526369834,-0.005279460284593862,0.006839639274207588,-0.012300498970586115,-0.0020296002776775466,-0.009140434268418063,-0.013666178857031124,-0.014034911693574636,-0.004040794321007665,-0.0026831805399978297,-0.005110955074069816,-0.01292226108017958,-0.017245003863172733,-0.007287378835531903,-0.012743789167847486,-0.012944091605508077,-0.012075046337457034,-0.008470084671444188,-0.00814503485711137,-0.003972772116625039,-0.014548964552851382,-0.009631239682386659,-0.024068403201049728,-0.005725024064660335,-0.0119368009153857,-0.01550840619392567,-0.025354137305701834,-0.007267653670905011,-0.01436507687822188
74,-0.01619316195897883,-0.005582444628776032,-0.0022722890835909903,0.00391479737699652,-0.0014243843613546087,-0.002656613200151178,0.0029841044839803038,0.004311101238831831,-0.0032765606283336798,0.0020890600080535593,0.0025901405367036003,0.013178033872101428,-0.0024561926553974055,0.001502147317250414,0.0019156968635695706,-0.004723556343964795,-0.00031899934032810737,0.0032161914820376626,0.0011578543277554966,0.0020450746935965058,-0.0006347739430984873,0.006479193328355116,-0.13144849357260918,-0.17641308870300645,-0.15285865007428806,-0.13940683319894026,-0.12047798299337244,-0.09975563407265695,-0.07775867841089149,-0.055395719978158266,-0.04808123448437886,-0.035317108138108615,-0.02475234305540709,-0.008723084044697385,-0.08348537703143837,-0.09288841353881469,-0.07833651541440659,-0.07621171975319323,-0.07787402355294425,-0.0648200941328671,-0.05705019134892681,-0.040624119422402516,-0.040639881459620344,-0.026243822785553098,-0.032269925918993136,-0.023705254198406755,-0.013671996549615399,-0.02676575996765496,-0.019605717914532875,-0.018636806719572612,-0.010905992448648419,-0.005630053716184398,-0.01830720956959885,-0.014010466583406241,-0.012829538473425248,-0.01585977446199241,-0.017494077102893187,-0.015582020416777503,-0.0074245317149233435,-0.01579001159987348,-0.017780040827699965,-0.003238091994186233,-0.012083705336640025,-0.02298883005915849,-0.017633557062975005,-0.016293331485537518,-0.012056786208223747,-0.00491162881107842,-0.017214975971634884,-0.005923102879558392,-0.013294770720683096,-0.01798203034814799,-0.017671526010267977,-0.014051720913941827,-0.011687054103249961,-0.010281377964395048,-0.019571418093104413,-0.020386222610469882,-0.01083432653855165,-0.018805172339732147,-0.011196381633298612,-0.018464905725507727,-0.009817379593028674,-0.018015133948042144,-0.009911712511767293,-0.017556107937860062,-0.017823264995915796,-0.02628111285852406,-0.01750977785253809,-0.016292295292074745,-0.020481423477191868,-0.028353254037472117,-0.010713337386659081,-0.014179963820644853
75,-0.02063321496016636,-0.0037888646205926028,0.004379246247187406,-0.0006416899739199972,-0.006958089616739566,0.0055264270576837774,0.007961748388800241,0.005051997089398167,-0.002601341414178588,0.0048981746852185416,0.0005879611645765446,0.012123788316294952,-0.004753929505164245,-0.0011765539825128507,-0.0017990420170346318,-0.005963755409810211,-0.0025775805962583455,0.0036651892951573115,0.003130028964620788,0.0035695008874420775,-0.0019301854165643582,0.0026475427390613812,-0.0035180690277875925,-0.04199276082181049,-0.04671118015343454,-0.05096693764448218,-0.04317408012135108,-0.031533194095853416,-0.018745297282992866,-0.010097342691559312,-0.006014552522635641,-0.0008985254915555618,0.011104381844474459,0.009605856573803017,-0.054071276173474625,-0.038825502160532814,-0.047842268999850675,-0.041418729885843324,-0.04188819808075282,-0.022945444969194862,-0.015200428457502652,-0.0065367274242217515,-0.008683526806617523,0.006088156032188616,-0.0076597184897733775,-0.006496086806634175,0.002196082824733579,-0.004609966266950048,-0.005550174473891705,0.0012857237979842016,0.0069910943199236,0.0040612008696140215,-0.011041769149415069,-0.005042181869496681,-0.00813074601254977,-0.008439219507250108,-0.004781953205893716,-0.006781974355651982,-0.001305622355545683,-0.004015639352135804,-0.013500437330339513,0.0011235616186253251,-0.0018372066201677968,-0.012035649528243807,-0.012780670559560265,-0.007816498580242814,-0.0033612607853247003,0.0012467402983873746,-0.013159361516485122,-0.010952585561949026,-0.013500996683420634,-0.011991707453424927,-0.019227141182937356,-0.008302908444493298,-0.00784177106939282,-0.0057746682432000965,-0.016202767560616203,-0.018645657528282008,-0.008298634994538192,-0.01295591628445701,-0.010116081463569848,-0.01373350474472176,-0.008887724263142726,-0.011096120231835137,-0.00657178001698554,-0.010980369438965621,-0.014774641325641826,-0.02256482477831998,-0.009949638855405488,-0.01413743212059226,-0.016286634068904356,-0.024068366715729806,-0.00943053534401934,-0.01412298350701851
