cell_id,f0,f1,f2,f3,f4,f5,f6,f7,f8,f9,f10,f11,f12,f13,f14,f15,f16,f17,f18,f19,f20,f21,f22,f23,f24,f25,f26,f27,f28,f29,f30,f31,f32,f33,f34,f35,f36,f37,f38,f39,f40,f41,f42,f43,f44,f45,f46,f47,f48,f49,f50,f51,f52,f53,f54,f55,f56,f57,f58,f59,f60,f61,f62,f63,f64,f65,f66,f67,f68,f69,f70,f71,f72,f73,f74,f75,f76,f77,f78,f79,f80,f81,f82,f83,f84,f85,f86,f87,f88,f89,f90,f91,f92,f93
0,46.8500949155528,47.061135124600945,46.591454661306116,47.05392675208753,46.54882701041565,47.08238961474809,47.34753371467138,47.07052595599241,46.7373967506144,46.9106279066864,46.83534815251968,47.257596941759445,46.75536907905751,46.74865492958102,46.96070818385658,46.583239428864815,46.91274538961235,47.215133765553105,46.99267307930895,47.013770785741954,47.08050133389034,46.99987253495103,43.20462835652256,42.38036048499395,43.89149404592825,46.76253302675319,46.78458687990196,46.69030276950555,46.66494599577225,46.96711581674337,47.018367428108185,46.950470713160655,38.327977570505325,38.98025701089961,39.03998171878868,39.451327563764586,38.4711532989084,38.96920252362741,38.25797799939376,38.534337666030964,38.89196236690575,38.77322758334182,38.43928078782479,39.1430048898813,38.402586294081786,38.24219205484974,38.87727801816325,38.552550569237575,38.5883382252475,38.66394649543863,38.93793634496941,38.95543046862553,38.26993475059446,38.64735716065235,38.702481199054894,38.50839783723349,38.52029883657314,38.471518239440385,38.87382934197976,38.457912745673035,38.38174620718439,38.92365711890465,38.529309945177125,38.281065251869045,38.31663580983097,38.624505475051464,38.79036141537833,39.00579723080829,38.362781790197964,38.61506684748645,38.474905236401824,38.558872879308595,38.200919897242464,38.57324611605568,38.71654471084105,38.87994183975574,38.23064728604644,38.147097863171595,38.416730982801504,38.452678636856376,38.68155104219556,38.491700331923965,38.596205543718014,38.38046942012651,38.58235268668043,38.35515187346604,38.34277545759514,38.003785401258625,38.804823749384816,38.625210085610846,38.37211128616362,37.90209415345596,38.79529841215573,38.54609731616804
1,40.20684742179441,40.850032688228474,40.813413801463376,40.89152328358839,40.790467327934074,41.25769228994263,41.44354082951878,41.22885673450011,40.82170657578779,41.165539683381304,40.97593027244432,41.536802104446046,40.95470210279775,40.96471794820458,41.06626992362988,40.87026350674335,41.04674532440734,41.28575995956293,41.149009270445674,41.239344905501326,41.13095104022703,41.37801935202791,40.897433480699185,39.12394476422092,39.15304611631609,39.19939465245619,39.61638984290872,40.03367927050371,40.4109648970732,40.71687145465108,40.99050367912363,41.11007011915336,41.70447238311217,40.22354969900039,38.60157316059122,39.41669544610018,38.96925160692464,39.54631320625494,39.695755873495585,40.42918566796543,40.94051600276816,41.18340939854248,41.029230265897624,41.46893632560385,40.77582346419709,40.750557030717516,41.34887889578146,41.165916373420785,41.09573099193077,41.22307657175076,41.59106803299988,41.442749704644605,40.866316515034015,41.11720825352731,41.02580156930113,41.07974789190859,41.11206727218433,40.787064124809106,41.37654147228995,40.92325639501742,40.78276550451179,41.41421339837941,41.10862011707435,40.54675165818715,40.66488553955454,41.06821109834941,41.15478013374816,41.287601037406,40.84115358339047,40.879832686704624,40.8625436688371,40.86983745190591,40.625085793948216,41.007398087642024,41.08328534177387,40.98700519036392,40.686251419222494,40.591322252358786,40.92376699697096,40.705249812283355,40.93287613638235,40.66391012426626,40.92781015215319,40.83708714389252,41.16219717350265,40.7776484906431,40.84474181228901,40.37715771554632,40.920363726741,41.02408041544354,40.962825288833336,40.32061468431256,41.18905692707484,40.83198787864249
2,43.50922971934862,44.143840623071284,43.72457354429571,44.20304265506126,43.82033465054589,44.17836606196619,44.03888868588458,44.0267704317625,43.46044068584062,44.074412600663756,43.75695588141675,44.334272194361965,43.40248658333247,43.773493678993106,43.847668368344195,43.61933733592932,43.57074546007851,43.9696214884183,43.867803423552246,43.725814626774486,43.77579082956747,43.676302866790294,38.667457535207966,38.61129796251667,40.23723467581727,40.140322434444435,40.62699582829781,41.16421419640354,41.694776307411146,42.18030122220905,41.915514402722046,42.38343007618659,43.07017993009424,43.04992073936379,39.841975008015005,40.6946387477313,41.72239956812184,41.52238822089677,41.18639782234627,41.79756302602486,42.071256948004994,42.34133249225197,42.32357464848597,42.7822243932017,42.35751141407852,42.28476339370396,42.845603769119265,42.46743053486641,42.7484040424582,42.63910358722482,42.96889957945324,43.09395509430211,42.384739837455506,42.769871478621575,42.69552172796725,42.68057666175791,42.621215771097376,42.40669768966847,42.81007169996042,42.715766089496974,42.512401534476496,42.93549348284312,42.80306295749589,42.32614386351309,42.346154184626485,42.6602899956809,42.829993428754285,43.039560611423866,42.48533958561509,42.580030344028536,42.77378626519399,42.36978854089654,42.307930013987075,42.596785812954145,42.657222228430896,42.66655990634896,42.50309861765882,42.28035834618369,42.46886334037994,42.51387461428862,42.41212518398348,42.40194192683824,42.57416569184219,42.30297072111541,42.67740088830914,42.45433507610972,42.36291647363682,42.07545352832891,42.678714622970915,42.474551896182085,42.354906635245385,41.78746440434751,42.805890367664674,42.29127091102972
3,38.55602602131376,39.2448552242842,39.39514033512479,39.532437708907366,39.066628946591116,39.41949593700873,39.72438383684291,39.62868044505376,39.452871128358666,39.422284034598526,39.30378269411149,39.926972382954354,39.17247869812988,39.35799371809945,39.57467811153181,38.941365623940605,39.14024142569971,39.831007699547236,39.60500437817901,39.57535641701245,39.46482363968246,39.436923840847435,39.93879393267314,39.59403351719092,39.73732576308441,39.27830358101688,38.934655650010555,38.96031232881609,39.087830136396384,39.38822082222621,39.35036200318926,39.47579137459954,40.020428183589885,40.736314851648984,39.16329190028807,39.71030189679434,39.193093270150655,39.235402913995024,39.09337081777894,39.15470883806064,39.632781798441876,39.63461954191118,39.265762091993864,39.76582196676638,39.42288331887583,39.07822147631578,39.25810986667276,39.53581353935322,39.31161312260644,39.259073590936175,39.560096336277475,39.47924381946968,39.07516438887797,39.18137967673175,39.21764254140188,39.232701232636636,39.26095330615935,38.97816105380023,39.50339804993577,39.23619423631927,38.96723471293392,39.3311621994678,39.339974839003894,38.784973084488286,38.80569203826177,39.21489669605829,39.34330166017453,39.5818818480096,38.915927130613085,39.13278065228453,39.1003473515224,39.15076239860475,38.710420816841484,39.08518304299209,39.400471484137526,39.2323361837633,38.87660534686145,38.95041159233966,39.209250843016214,38.73173817076392,38.975272873557195,39.00333023035634,39.26349783767987,39.1117438085113,39.38383078177069,39.070499007196595,38.93053365368397,38.39451351723572,39.002156502153454,38.95162758695308,38.82313708157866,38.432624947361404,39.34597837510059,38.6787455244679
4,43.7060703945494,43.728858727341525,43.50807204435712,43.97987175884983,43.385334800469195,43.84255895294273,43.945646748193006,43.75676628717998,43.45038704565033,43.74246688504501,43.630855229591624,44.105336547959475,43.40283524782115,43.54354846093621,43.82747518462076,43.510497790849456,43.5682839462035,43.89744468091601,43.7486938642913,43.71105583878367,43.87707672017584,43.654834999021425,39.80368870819111,40.14109580729693,41.48259529818593,43.76988499222841,43.73069770799257,43.593721728456636,43.67634779313281,43.85332147360986,43.66566699037456,44.04593590676457,38.850122988647556,39.463226329787815,39.40751072844691,39.54649526938906,38.83325749381825,39.43337398677359,39.00454709543339,38.69867295474402,39.215256261999066,39.02618887053235,38.88125248333388,39.17682288705777,38.57957153555852,38.43791360514838,39.18048883630938,39.01084976241542,38.866619356850386,38.97871083858101,38.99769732021593,39.27339066253222,38.64578137971263,38.924188889170715,38.83050505496085,38.836800850925,38.7562144020267,38.70260805988191,39.30350495667559,38.66813599047336,38.48643093290235,39.23622161064651,38.72104759108697,38.551404317486835,38.4225732249587,38.88220690520937,39.078741569765555,39.18281486393199,38.42776391339679,38.805125355699175,38.761790169745694,38.55834940476282,38.19856869183238,38.7544179739128,38.813106395225375,38.729333079150564,38.49494123288516,38.468766476704694,38.64767590633995,38.5406376686147,38.732960305518155,38.65302393172937,38.58097215787362,38.4818252269907,38.89941405075773,38.55151943778322,38.47341334308232,38.25958328950172,38.830350823035104,38.7988522583155,38.2634871063136,37.870621005132094,38.918399188229614,38.57545120826356
5,39.363913071411524,40.134981267917766,40.30711967727551,40.39353724378128,40.087782133474356,40.68523741241052,40.722027598406434,40.25618847529147,40.3112181001268,40.663355256688,40.497779488003644,40.71623218663191,40.13829788245087,40.24851367738077,40.42564844377569,39.966652495269265,40.25965641575115,40.61809279177822,40.436073486242,40.806526313274915,40.22492822037499,40.63255266408195,40.816805013272706,40.11628390662426,39.76117964408165,39.09284020894324,39.62228525377684,39.590975729036174,39.85437534215267,39.92745673997794,40.16647835575398,40.122387277670825,41.01931970204969,40.61569290047615,38.522820867016435,39.39577724222128,38.62211101239316,38.91964763597769,39.063739321053056,39.64963887992592,40.32296084970382,40.663827375013106,40.34264474685865,41.135743121773494,40.31423626670589,40.107771725073775,40.47288576926739,40.509790875551936,40.42898740847557,40.33366262915889,40.62607613241578,40.546945189106346,40.03599543016383,40.13414692422222,40.207231641430404,39.8668293973341,40.16052303708653,39.83663950502949,40.14355290097359,40.091947995534795,39.72619764157211,40.406853348201494,40.01763527815546,39.79241747926834,39.625560143970276,39.958391146287006,40.20628795077505,40.30903736296037,39.84186438916803,39.60237790632991,39.73511457780707,39.66935905405539,39.497317208709774,39.86858209316314,39.61794806624012,40.00111218012246,39.47310383743317,39.38140300862216,39.969878247238185,39.49728836704623,39.713981751247196,39.61490059589558,39.80300135489521,39.774911149434026,40.090237772531275,39.5359300354931,39.90780238692783,39.03228190798894,39.82428620040595,39.800846898002,39.65900165817772,39.14953202558851,39.883146460914475,39.67154069288763
6,38.51274708530288,38.99538822215547,38.66384749400743,38.70541492692645,38.355569982616856,38.59783066250881,38.65385986682659,38.56474615476423,38.30655802144022,38.519433393953456,38.1660143842013,38.83604936822112,37.99234243475295,38.330198643587266,38.36635987774321,38.072878701962466,38.4102805733502,38.66355774906662,38.39599459998277,38.37337334738144,38.328276749672135,38.6672266289792,37.80454468106261,38.05705542413647,38.72306054987833,38.14797867126897,37.89697879377929,37.815416366065364,37.92432192522122,37.925416783570896,37.76527320777767,38.07394237317337,38.39310413208525,39.2058424639058,38.6800674527094,39.14086622598445,38.46506802831839,38.47472219337768,37.853165093424984,38.05148146856829,38.17402555421592,38.345711701382236,37.97594356990182,38.42459989230612,37.796453652252985,37.86987644739388,38.227512428289465,37.90090672016602,37.8084674435099,38.00053197564379,38.63962255379034,38.3381021858836,37.52287053685783,38.04264151525165,37.945012029244864,37.8049026533941,37.63186604980376,37.60259826259235,38.08126193212256,37.78099223797563,37.59619211396274,38.06085365096948,37.85324588017078,37.48795725914796,37.54543275632589,37.90400818554569,38.06359488254345,38.20893000516031,37.87534542711842,37.938529390861426,37.71767838633597,37.631344370185836,37.49573928029915,37.73238133244287,37.982444239925094,37.72888894825666,37.5620754820035,37.33399905232933,37.497707876288175,37.51270745743376,37.79404866595574,37.57750894240103,37.574783107019115,37.6573351071273,37.878627547875155,37.411180044139975,37.600517877667464,37.06981536419461,37.89812482355966,37.795646447077935,37.50390367756421,37.03230220266794,38.095338914926465,37.50987691724713
7,39.91305367265331,40.545600794360254,40.77527129842041,40.489754130918335,40.23069597858094,40.83760876279348,40.95361512332654,40.819361088358015,40.48238776864965,40.72825003965658,40.672857550747175,41.00458301942399,40.28563661097003,40.582699957658576,40.45905917098654,40.271754635027484,40.48618749337432,40.707182568608594,40.70838549647632,40.64155407809207,40.75315446598046,40.9495426337441,40.53861644802461,39.0977600205348,39.35445365992354,39.406417965572686,39.38672052599225,39.69724410294343,40.03204091467385,40.25251033187224,40.25625658834104,40.501656156234475,40.90407235350037,41.101829971969515,39.17678527468553,39.853267515365516,39.17970389939658,39.461329609371276,39.4207806140386,39.79392339094773,40.19382076066962,40.36154246831936,40.144231359708755,40.71402864761572,39.98867534635243,40.19674700919827,40.61963127747038,40.316558184342526,40.39683035318191,40.430868175478736,40.8570124053151,40.887197283511625,40.07843769509123,40.34749108375156,40.304313416382264,40.31467119311355,40.258308031139364,40.276510993487825,40.6643188477055,40.28783433624629,40.15357088400586,40.79700769644999,40.588814728199104,40.00940803070924,40.04846015982899,40.417722915089215,40.52590583874765,40.67135921697374,40.10904673416774,40.38065204313391,40.165369454937064,40.03405465606951,40.03534546251028,40.30054293821449,40.370253930287944,40.25059952031457,40.1473250927642,39.789586139704085,40.22083198886598,40.137840454158905,40.32356222627187,40.026061831614754,40.13162028636399,40.30015052619344,40.35729127114934,40.08798066294224,40.17173626311684,39.7566601332785,40.454159312161345,40.2833607855243,40.11839645219503,39.62855918916386,40.510429217218125,40.12041699692767
8,48.66912483157011,48.62198971919719,48.694123052959625,48.688368320137876,48.76384668041797,48.87339404143572,48.96846462754154,48.67601575427353,48.53660140198356,48.65388143109018,48.60171761010999,48.66504239471653,48.343385543148614,48.41231077385893,48.717106337335466,48.47927472541482,48.33901061672274,48.70228121080185,48.87712379662394,48.77113693763714,48.81394129458941,48.31993167344201,40.70037058263068,40.394208715958875,42.94835392400164,47.12600915186201,48.15977683273422,48.30935947954969,48.25116469593317,48.50624239184226,48.75436250899208,48.623191320940485,38.91465491873215,39.40240302761633,38.955882239311165,39.58727698653508,38.844182330913156,39.23954765324524,38.43124972835912,38.667992150683084,39.138557075950075,38.848190255630946,38.82267643861036,39.354773984568816,38.585509821558595,38.627930890166304,38.855431466258125,38.79882043998658,38.91274006463294,38.91606980225135,39.10729838666855,39.05507722303655,38.65643727251109,38.75367745110786,38.96777184092038,38.88318229264989,38.745356225205555,38.656428982122854,39.14314311231448,38.76616671946448,38.31119449400043,38.92959887973867,39.02815093243105,38.67305034299499,38.61871146788266,38.801404754696485,39.11602558171769,39.23034528430402,38.739219781721694,38.78871961407255,38.64395428101191,38.589982050204895,38.547751279210445,38.68662559888045,38.85773875354131,38.86152558422134,38.405524393835265,38.68173376778035,38.731506073579425,38.771169230418636,38.78046103341887,38.8310927542607,38.69634534717334,38.80056780657025,38.98839463294254,38.66296364181993,39.0387525443601,38.1255721909356,39.087863275251436,38.79007124938159,38.90730313288475,38.04165898876689,38.9821530279195,38.35657203258596
9,38.73399607809839,39.358881925597316,39.58913830582921,39.38947131239703,39.34521403056304,39.74101905778403,39.68844991854391,39.64710860774533,39.06541539701949,39.35474273328094,39.02445655232771,39.70832468411421,38.84930269817195,39.70650246682399,39.23715747694861,39.405597592368366,39.12740130376905,39.470226344881524,39.14455699811122,39.32831415706057,38.99941109293314,39.40100284895112,39.565182509057244,39.30656719404885,39.2984868050533,38.678920609038336,38.77462839918652,38.91176636004619,39.10805388854146,39.25710545449066,39.16450575905143,38.947660555885946,39.69329029331143,40.157874306316316,38.39605390469346,38.89531584921178,38.363749842872444,38.34950169363293,38.496398175337895,38.503543409785,38.917270207227176,39.46204703562194,39.15987537259229,39.570867487820664,38.91310677775777,38.8118851112961,39.74374991066411,39.09523641729558,39.10960909962904,39.287534532836894,39.60422200483816,39.25137566645981,38.883875597082685,39.06137265890149,39.34386828934351,39.015066408877026,38.941320715388564,39.02208857870094,39.4333344810251,38.7379550140315,38.73159378478836,39.33469080394132,39.15997064907705,38.52149107971407,38.67124663213038,38.837555686940426,39.28558017111211,39.175046792353626,38.86295958306142,38.885906644143674,39.00851033300385,38.80868991246685,38.44345314539713,39.05988005809847,38.82547662183607,39.05482108480884,38.62744538851416,38.58266787789227,38.95154179451573,38.7480383607885,38.90080180415936,38.6209620056148,39.158623284109574,38.79822990294695,38.97268969857198,38.63465817744961,38.77367533378041,38.18568542855086,38.79755624246673,38.962153314271696,38.871329674218416,38.101284652288456,39.067944863570105,38.98839109164954
10,39.28791276990123,39.78877815168835,39.40034042734781,39.56442791071549,39.20512677537345,39.54092567166582,39.40701820510396,39.55494076354422,39.24245568701081,39.50000742290231,39.20358935634882,39.66049431986559,39.08639534323629,39.123037639273605,39.088610679381794,39.03696114333574,39.11395376362815,39.41086119264909,39.208149093163044,39.442054356229555,39.30178443456054,39.64937613596784,38.78813477864631,39.019171409116076,39.738502919097996,38.93772692575944,38.84059780585172,38.709686754254214,38.67523466966069,38.987905137591454,38.78267825262134,38.79909827324389,39.63632022170362,40.408901891405996,39.30927557616676,40.37211903020098,39.45609463230438,39.36807923654376,38.951126600277654,38.6869775506009,39.14965091928903,39.061237734877025,38.62114048834689,39.436215774252744,38.579414938867785,38.57799411942647,39.00260627526566,38.66325937098264,38.73839119507523,38.781293526555785,39.44702698452606,39.3843547480149,38.53904909887267,38.828825058974495,38.75934986011364,38.72962311103128,38.63854594389813,38.66072949240502,39.127297977045785,38.64441698042756,38.51140433029409,38.900437531461996,38.75782496621975,38.103750132415215,38.23573759663619,38.71752562850877,38.718236709388364,38.936678555734844,38.75327632606848,38.724492919862016,38.4564916114537,38.32981704498941,38.205713418732635,38.50583028756058,38.817468720011526,38.680234422610596,38.30779635324058,38.20006653318587,38.48308529414126,38.37955723538277,38.37919513642685,38.42584255404156,38.32899070192531,38.384704292092536,38.7721321374005,38.50772732868206,38.45497354093176,37.95279780308847,38.50182394299529,38.271153436755526,38.32552513603647,37.746172543307935,38.6334360727971,38.240126140255256
11,40.81930953077552,41.30913483358269,41.07097196552871,41.17865892470415,41.015022506313244,41.384169103065396,41.40292432698906,41.311338120738675,41.0034106422202,41.234483846845656,40.99063016603784,41.40914942043988,40.86561065857078,41.06630841943446,41.0820392532826,40.70623333978227,40.9220367036091,41.216186217177174,40.98197143279299,41.120191259940945,41.029425690784485,41.040990464776705,38.67481234149688,38.69795504929453,40.068404657186086,39.6721861011373,39.93505317946088,40.09181612571864,40.234833424943375,40.40635676967631,40.19173085125531,40.47638591644193,41.13149724359865,40.4004270199475,39.23131758413608,40.40546705708779,40.284680365957186,40.38217355129802,39.99981319486794,40.18837673387009,40.50583848701945,40.58282677540461,40.37319055477455,40.893264034972326,40.20337891275326,40.15083333549651,40.61464630599599,40.30576346969952,40.26011915553885,40.373924934547446,40.73856381089165,40.89286490458288,40.02119378492357,40.31534286671922,40.26690883748066,40.251091794324275,40.16935083561163,40.19526799541886,40.504910498165955,40.15989565747775,40.01921955529331,40.630235622797194,40.33937638169582,39.86150908599153,39.9190261853163,40.29209198551383,40.34659828607004,40.56291523308359,40.14645130793521,40.421249894352144,40.20588415349443,40.060903172351324,39.799696848372065,40.378177907841035,40.40375072479198,40.31876771840048,39.89746267834815,39.83546778180745,40.22056225176846,40.086128768414845,40.11491159002512,39.938897669541376,40.08828350616949,40.270333012371246,40.38589549385593,39.89328737561422,40.02059216101261,39.50023714029767,40.244860520020374,40.173671870751114,39.970701516207924,39.56297689943758,40.512543187726074,39.95934646273211
12,51.55629842075761,52.39198141852151,51.71580942351302,52.52529308338717,52.10973033277926,52.87527218446871,52.76303836086827,52.570910610676,52.3437164962375,52.5678817521245,52.501458899352684,52.901725465192875,52.61515621445613,52.410460154622996,52.70373834718141,52.04839901428607,52.37372849966477,52.84738556624098,52.68382226690661,52.6166856180735,52.60728910277583,51.99265200664004,40.831633926631554,40.67675677832374,43.775635348266555,50.159942352361966,51.211614019379994,51.79121670409163,51.90623204711414,52.10317848007011,52.01849956508936,52.393511953867375,41.070187739686375,39.55429070462619,39.47231962279726,39.77273365553822,38.704878628032596,39.49271628311486,39.08127924428655,39.205664278610364,39.35223112449362,39.63268136204654,39.266647400895614,39.85081803112314,39.19774232130139,38.951360475838314,39.41717880766547,39.43219780738082,39.21294986558786,39.38933804086665,39.91576032240035,40.2108417712353,39.25970161671138,39.61443988814496,39.994210374619016,39.1185806265775,39.380878681418906,39.247299216779716,39.74559362543333,39.06669338430069,38.979988928786774,39.68228523520831,39.46877080420486,39.03165162187497,39.140158141697256,39.45958807677214,39.480467383719436,39.93679021066873,39.05779785551227,39.061701645033956,39.224465620979814,39.16486941089799,38.93853865174637,39.236900014247176,39.25394157838028,39.510258119663426,39.19750721698552,39.22416777852654,39.074072969322074,39.09193435711449,39.060196660734405,39.112407748221564,39.29053370554498,39.425129687987486,39.34707948646668,39.21969996739241,39.235636143723944,38.61554182781348,39.52587476861779,39.18418505771527,39.29422186162388,38.70591932994836,39.479053473545534,39.11532375470581
13,38.56131959134682,39.16905441431893,39.558641990870754,39.4727179801165,39.25713936419347,39.865337109122734,39.76266138494373,39.60280488053105,39.27079700390005,39.65490728488923,39.4832324108734,39.81056410110459,39.242063619130406,39.34612161730038,39.269499392942556,39.23614959190356,39.195943843016444,39.705911184807476,39.42710101210968,39.64552725724118,39.351290136490015,39.66027626607129,39.86656990359118,39.02108084000754,39.051027163502454,38.38432257457939,38.59475639976894,38.60941348747785,38.80688792577098,39.10821299846631,39.24984504842503,39.389986305761184,40.06335864713544,40.230965974808626,38.169696025290804,38.6073712950308,37.8497302480624,38.28218647295686,38.166643645756096,38.76485513390505,39.137794194871475,39.45921220828718,39.15130986113004,39.83872884408484,39.344079366637764,38.95656853420564,39.69485233114047,39.22354245026673,39.34456513621077,39.42623854484523,39.87209886542526,39.4366797384039,38.957362725682714,39.21957415930854,39.34099124657241,39.17811715334875,39.22144129269338,39.17124072407271,39.35108164966114,38.978206622017844,38.913000342768946,39.661533608725705,39.34605632145912,38.82167844995924,38.916401922620146,39.261628368046885,39.31737632283213,39.497711053166256,39.040728961103476,39.06344503403514,39.0655309447251,38.884035989407195,38.6592086282759,39.261598222209784,39.138055132458724,39.16775928039954,38.716595117455334,38.759433911863226,38.9744679194281,38.76571173366244,39.03958963191147,38.91683299203224,39.14275592165855,39.02357168851946,39.16590172291354,39.10410960166545,39.12392798219297,38.789386284320216,39.36641365097819,39.16969051176562,39.02487446291708,38.59528995588127,39.62191791725389,39.01058198381628
14,42.923936842314276,43.647135890392576,43.14599951216583,43.25442896681896,43.222913005241224,43.35989911414548,43.56285567811296,43.49602822383648,43.061258906256086,43.42452873402364,43.22733230726887,43.70914416437077,43.102444553161334,43.16465479411888,43.19154155628015,43.034378616913585,43.05490134877286,43.57691452675197,43.27378802899293,43.22088189766947,43.26596864010471,43.27799279709506,38.49215755551601,38.22452287681201,39.82745242616961,40.173187741846654,41.08175463052733,41.532238391742816,42.080041399414206,42.371495875384056,42.4306022288053,42.58910445384532,43.21723546213298,42.11513002764055,38.76871361666145,40.4250038105123,41.28651270765423,41.38658589743578,41.39794538851607,41.9114615127382,42.35935536704275,42.49747777893951,42.235628361029626,42.90613100318518,42.32691979661497,42.305609240191274,42.74651141756846,42.489421933846145,42.503653850041296,42.70416197188596,43.049363998169426,43.130108769225174,42.43370069471407,42.84837546022132,42.59597106453358,42.64459802425282,42.498762978128404,42.389129579758134,42.827983865748344,42.65690867846626,42.296823245687705,42.88807701252526,42.62228260167097,42.35625679870205,42.06576435886981,42.77379304221866,42.78142715533302,42.961998396757245,42.42510897263756,42.610733506029156,42.47519961681984,42.4435562724849,42.22889100975522,42.63592684439529,42.66921998993407,42.571884525530514,42.099759623042836,42.201947490872655,42.497992812850995,42.397418134606866,42.33424109522286,42.52324653552825,42.38191034177714,42.48260929876727,42.77614820208412,42.57352587802423,42.4378736495724,41.92551648279807,42.59559274378177,42.493726542944465,42.44665482290783,41.79078310998921,42.801634058237205,42.211544687107924
15,39.299141423636925,39.45646940941191,39.23355099107329,39.331154125834296,39.01871310321259,39.3299255952273,39.442132193744364,39.38313363931633,39.111808292026616,39.496555705485775,39.07773028329632,39.69628286768271,38.98595244171261,39.38199163891566,39.16515853545162,38.70307782415125,38.89174805192011,39.5468328326084,39.11319653184375,39.296571206477424,39.119656876871254,39.55561186976054,38.76519363123754,38.81575264007892,39.70962305799569,38.846759352774235,38.92703484900149,38.824336257331744,38.84701393760045,38.80716834796689,38.81572623472456,38.871622609393256,39.643393937840244,40.213482487522896,39.05904005807777,39.872653581245395,39.283444022258635,39.317347706208295,38.72200366379915,38.73608938801551,39.09404522623827,39.0968334345851,38.83208464299894,39.20051177181534,38.289460554068945,38.622086154123856,39.07496661854213,38.58966493275442,38.62410207575887,38.76071300493214,39.14762064382102,39.264907438146984,38.65097808767762,38.803466946726786,38.73073668389057,38.67280361463956,38.5681463050645,38.626081911441624,38.993990187217484,38.51542543361544,38.27309942164785,38.936114183517006,38.64624930797791,38.15633690605682,38.22488747258796,38.723913407982764,38.61708259884191,39.062296367328706,38.42059632191818,38.84012426287245,38.31205464226832,38.47212556144256,38.15879679038086,38.548924975909756,38.707722126748116,38.52334830782532,38.14354259491396,38.03594362684609,38.30311861542133,38.37065675303412,38.49890197295429,38.330949699841106,38.313881664870834,38.3512704306144,38.70967383954299,37.90273368450393,38.367024095602275,37.956318082999104,38.545027244176175,38.582165792687235,38.3115780167545,37.72170255005793,38.7676030126197,38.341151952212726
16,44.96982090081445,45.0534957260475,44.40630223744066,44.78378123641314,44.371608888208286,44.85726394489228,45.097332814614866,44.65763253826779,44.27627874895655,44.67233301531605,44.32073288917644,45.08414078250998,44.04198378779316,44.08602939793868,44.349562379718286,43.827971591300646,44.25133215475935,44.693942926719245,44.47137627248206,44.467477400168185,44.61979090127277,44.601689834224516,42.31452072810376,41.15092878163061,40.80620234978451,41.939904673155965,42.60548654442786,43.40557466593617,43.5855737909209,43.69973632851302,44.19538773545958,44.451314107904736,41.412748915881345,39.3578677980107,39.20179962699242,39.818127050895896,39.008634239627554,40.05641241308991,40.518373610180156,41.096912760388314,41.883096922742126,42.152838747378965,42.480470191224164,42.76867137567283,42.58915589406506,42.23308649717458,43.49054867621316,43.301452806475396,43.104123566926695,43.25427369949707,43.8526806887217,43.90158526098717,43.62605282986455,44.000240386425936,43.87722232777812,43.585290464852605,43.933223346925125,43.73483208188666,44.42486248479699,43.95253299799316,43.9940051641592,44.79078905966144,44.43145218294199,44.15050987625427,44.335015295071415,44.51239803694109,44.66238369729685,44.69847930343837,44.16383773722122,44.19596289382688,44.25457255778836,44.25231924328986,44.338970536516875,44.712398987736236,44.90183514408827,44.88652585877583,44.411822425436725,44.71561197845812,44.68765445408052,45.00726015114214,44.898983161603844,44.79757873680283,44.888390405270016,44.697188949148284,45.14078210131846,44.91173953289966,44.69485885870444,44.17897825724732,45.107566691402496,45.199693165986325,45.04568528188953,44.59626229605068,45.2161382788184,44.53843799288773
17,41.903548013613324,42.03619331418162,42.413717473586324,42.60938747526688,42.564525668528546,42.75767337805971,43.05567617341023,42.75335374177926,42.5267840583521,42.907416769041866,42.69814826939071,42.97514409200499,42.4631267667788,42.64532770400076,42.78672146885851,42.613316096966095,42.43766891439692,43.02271274845213,42.6457016927076,43.105218616754286,42.691186016985675,43.08202061253964,43.17325164914333,41.068860252017,40.230275027791926,40.2823175989792,40.19259260480692,41.05958148449542,41.568537883513926,42.10552762231164,42.66345904432961,43.11459306102325,43.58288035842016,43.40726356071471,40.041582104732434,40.228564342247424,39.81759047552239,40.03638111730955,40.97575647897656,41.590559905027675,42.24005892048563,42.45866195339683,42.64004923314839,43.04691163488981,42.53721948759864,42.3743120158045,42.94773162295587,42.77244686943161,42.96385597220263,42.793178733423495,43.244226814054215,42.745022646818995,42.160080567889054,42.53054744989609,42.57498887194988,42.42092346587103,42.23735870351007,42.423602947593075,42.70409412838133,42.2641509443185,42.07792130584367,42.85594645121551,42.48930630064259,42.00797598795319,42.1917319159662,42.18834455287014,42.47959691599436,42.56667912452374,42.25685241190974,41.941465358818064,42.00296394993679,41.745284962445865,41.51375250898871,42.31190241967487,42.40101673980857,42.31834126976564,41.775724631285705,41.78411073888983,42.114793435430286,41.725137738967355,42.09813244054762,41.68684555129016,42.16720071988738,42.149614288031536,42.38263616932812,41.72741388598897,42.12942647734157,41.33599564613185,42.65890689839151,41.95104234669641,41.813445924804135,41.283343407320444,42.406998101574025,41.82748740338565
18,39.81385492170651,40.14796337196166,39.81688348316158,40.11491767047088,39.43612769882984,39.51146557494269,39.572959412662776,39.32581848974364,39.01197047324206,39.43335190239993,39.25827877004942,39.56422841353021,38.887202267642394,39.197305968261226,39.02279834075588,38.905498606551966,39.03779753016951,39.335263954735325,39.55243775621117,39.09217995847919,39.16349086394777,38.52164494991329,38.63337910011787,38.88574421048536,39.3331804992265,38.67218859267782,39.112821508933855,38.51688208002915,38.59072558681442,38.636440271186636,38.565293563499125,38.732601262873885,39.430634219184164,39.92907260015607,39.15577901713401,40.00477319467549,39.04207301466697,38.94185309708199,38.649918997091504,38.535163448300395,38.91059059990634,38.941610023546296,38.513607490822736,39.01463298284478,38.43289800613272,38.52592993785595,38.79869853473368,38.65245026080001,38.77253514005608,38.653130185639064,39.20253651381475,39.09947337493582,38.3599651949734,38.57226167515373,38.51298804834354,38.469830217056405,38.508847139063185,38.58660955829979,38.79975818933122,38.53614779449756,38.38101782622262,39.056532246833086,38.621406093325106,38.303796247134436,38.40044693665426,38.76873041089569,38.675945843214826,38.835304238381696,38.63713186743095,38.717534742812575,38.322165980425275,38.34797595408721,38.00965646135872,38.31869236407972,38.471555669504305,38.405626751102844,38.29420580778646,37.948120325717206,38.605910124319195,38.35612077533742,38.39106753244266,38.46392632427238,38.4595842623589,38.46788838986076,38.588387316393174,38.416145019118055,38.390217523739764,37.90737138939679,38.63895718236799,38.48797232482367,38.15982089462527,37.78184497429371,38.739893484405236,38.20486115575741
19,40.01571839227352,39.7020090157538,39.701940672975454,40.17293305157272,39.7088534081842,40.20468205071248,40.27834454826126,40.19640688857802,39.79289627425264,39.99636966349009,39.86602394725792,40.4211331738475,39.828665160080256,39.91696691313451,39.95359550639739,39.69537542459963,39.728415677658894,40.08358207273794,40.11295370298627,40.14979902848775,40.108382807390676,40.11490961029682,40.19243420260677,39.31345383311737,39.49849232058462,39.47217719460718,39.61890392075711,39.64642627369232,39.74520153414047,39.88475601497553,40.05921320147238,40.08140420526978,38.4893013965985,38.74972465577837,38.99517610608823,39.3676066821969,38.51818315616547,39.36324952506583,38.99256915717904,39.43342779887873,39.66908426934244,39.77371810854939,39.71298921067265,40.25151233632284,39.437487060850344,39.521145848484366,40.05214669985513,39.649896887074384,39.7225790338338,39.7455222017823,40.11472036947699,40.06475354539109,39.56493055621944,39.7832914597687,39.99184563976753,39.877886378244135,39.52983391816891,39.600460965827814,39.96813202641942,39.79810739511764,39.41869110237619,40.079717595385944,39.69516790484056,39.3577710099052,39.38189016477133,39.75864429068647,39.88866674796514,39.991913474915584,39.393162875761554,39.451199992868546,39.3997136250541,39.30579255949797,39.300983019899746,39.62033631174208,39.69755481093808,39.61004613493778,39.190800996196955,39.148286703613195,39.57500902690181,39.33590751927364,39.39286294643614,39.349310651878916,39.4559262190825,39.29117238104805,39.668059878300426,39.25641804818708,39.41238044190243,38.905323376641185,39.58072043363601,39.44456110252023,39.375903369440024,38.711105639933834,39.6805775846321,39.24681876871394
20,42.33745286052052,42.328147628832646,42.170109792715664,42.87611898239405,42.11786677290969,42.47383968880177,42.46819467457792,42.519977432879,42.22784222152247,42.546236036503466,42.16033980544884,42.59109860756816,42.18820434435376,42.211968101517954,42.19731548237792,42.13346884316487,42.41969829393044,42.57779077292218,42.5338373138239,42.42776524153514,42.421042930826125,42.495240174358095,41.5031435089393,40.575916677214465,40.8265372256246,41.244652700845656,41.81900853396953,41.89598451733001,41.98841736136934,42.225595999683115,42.34085794975125,42.369920472308735,40.13060122490682,39.64847214338191,39.69881984603868,40.4642687656234,39.62459331064976,40.52129700837076,40.57367219183935,40.93719792688332,41.27356175675495,41.32835402944591,41.406630351503686,41.91514359612268,40.971730638627434,41.31364995910879,41.665979940515456,41.622748866419705,41.772915185433675,41.68585215621532,42.092654995108994,41.98790632689843,41.60386830508439,41.66850311212311,41.830692815566174,41.6014875832703,41.859896641491325,41.72903458120747,42.00200355667526,41.73071145230656,41.68840151897836,41.99612153837291,41.82360711469954,41.52001881812762,41.65532377871907,42.2219681721331,42.01261072573201,41.87855588310237,41.60277967400865,41.634941939828956,41.75954519941599,41.65642525129875,41.28870136852097,41.46732874011884,42.048827426515416,41.7648070128124,41.62473842455142,41.31560851218605,41.70524620034655,41.617274173859784,41.67688906125491,41.72778182796687,41.746798695136974,41.91381514153888,41.64679854688737,41.75780886942164,41.887403234892155,40.89113176879492,42.07912677164022,41.81895667581802,41.440381723761774,41.16257569974638,41.972253343353664,41.222400634606736
21,39.525428965620286,40.14388219870361,40.40848554075313,40.724346761642984,40.49219826845604,40.615770410524604,40.74466155896994,40.58797169372893,40.363398342426635,40.8317298533928,40.56955797675865,40.73959858473291,40.243439808694596,40.56863630198741,40.68061054012179,40.38786245442765,40.61226978616332,40.7646463574802,40.576697490422326,40.45980170485457,40.67528574704651,40.887097997727246,41.07713023930753,39.676538822507325,39.66718564165038,38.905135513205906,38.79516838413241,39.44954607377066,39.44727438403544,39.9819857792451,40.2643101981585,40.50004749325593,41.23825072838895,41.837512947974496,39.54614790500249,39.35426548053071,38.90271545664044,39.327609846739705,39.13690581388343,39.53417788573744,39.86468458514791,40.45320071614753,40.38850217776288,40.68119496439678,40.49246865796879,40.499102214894464,41.08651160572994,40.76498706092416,40.830742917916616,40.565312397261785,41.18750525236119,41.09084374424226,40.49669060012681,40.56619699686199,40.40037233705384,40.715979049959266,40.42261400410148,40.43385104876131,41.02368218602827,40.37380750650218,40.426161487962226,40.85597215840431,40.70448156585204,40.22364142746791,40.304359984637614,40.447121353534726,40.84321967458521,40.74014178724401,40.225694023116766,40.43392389307328,40.373886757658816,40.239622570497055,39.92311139235942,40.35321471617434,40.67633005480899,40.55154487757083,40.1515427025409,40.08379740998725,40.549086899579585,40.31789649683546,40.35895415012736,40.31594675215668,40.4513937410887,40.28283464182137,40.429254845554155,40.22767248875309,40.38114446160692,39.80722000198531,40.46358620747846,40.29925241621699,40.112078036042234,39.58312420577699,40.4138776293553,40.194879976981944
22,39.1247465608461,39.49495679809972,39.13777718550608,39.22511004352824,38.83811303175158,39.26036346497753,39.24768207349346,39.13208880019362,38.811935993305234,39.13614142277325,38.99238698518292,39.2655712470532,38.76650883091181,38.88203135041744,38.69316605150552,38.5380005617973,38.823439868098625,39.09623835343555,38.9097222873292,38.967780875018434,38.94252095309859,39.20137215716418,38.62529355249088,38.895068182607844,39.44273381688932,38.742265263348884,38.61715646977783,38.59836790254717,38.45529756330325,38.68027719498296,38.53629013347784,38.523860027716374,39.25962558642507,40.03573695693105,39.025691265361694,40.10350628736357,39.154226641027996,39.15981299028086,38.576569103678985,38.604970367502276,38.76202567384744,38.749921544653084,38.535325365596464,39.04513807583356,38.430305673367705,38.36370227778729,38.78779086744394,38.4893033004995,38.42256069744142,38.47972795364217,39.23764960612741,39.02508930696621,38.3019960610386,38.542885924562455,38.527915620016636,38.3975197931212,38.28460373238859,38.39331007771982,38.709613265179534,38.36020841046731,38.24623533914208,38.79230145276313,38.43790667476031,38.08291798093733,38.12489053761573,38.46750523454824,38.50384131944186,38.69496819453564,38.27899068825413,38.451288123672455,38.24421565418841,38.15990135817628,37.957749137768744,38.33477219301526,38.44274843710726,38.431712692773175,38.07954076330162,37.92719467243255,38.20556447597947,38.00692384585996,38.281146282378174,38.070048858497316,38.2332071239271,38.1868625926693,38.32546543451014,38.09043832233356,38.23303822911342,37.57669906911219,38.40248316971623,38.266897006679415,38.067959717214435,37.54689277138478,38.506024312251206,38.07451528948347
23,39.69089873068764,40.37698121162716,39.707193881812294,40.09304718420159,39.76108236886633,40.39475513214185,40.25965023695845,40.293782782945435,39.87183353345008,40.053693614049315,39.91519791608377,40.450494023809085,39.78241514633737,39.946454808193145,40.11155717730021,39.68194074922411,39.799733895951455,40.19490751299657,40.111671121790984,40.28580814706133,40.03606333862081,40.171873601896934,40.0423289846954,39.44905126021103,39.24759417683205,39.19767187329803,39.47071557032674,39.58817162725774,39.81549076103466,39.84295479896458,39.85799522477616,40.16705271985237,39.65733156205988,38.241164194462826,37.94754531632614,38.6925708798074,38.08858672083317,39.20613277500882,39.501002881016184,39.84157231297145,40.37891263874725,40.85936751817964,40.31832556560542,41.12041007457309,40.37517271733844,40.416764808886754,40.80684203967681,40.55436060376437,40.396104748141724,40.61893643724987,41.03999094605455,40.9506892845246,40.45804550637186,40.70046624309022,40.68050516981978,40.62935030567764,40.622844102630985,40.484704152847364,40.91228759670466,40.67479500517755,40.43635618469138,40.909520010755045,40.4924433932823,40.24788735299639,40.20480055535158,40.546127082840385,40.72002874610762,41.0301525395829,40.03591300290177,40.349490173907554,40.38602155859505,40.2069320564201,40.03270916531437,40.517201940766455,40.53820488833393,40.58662579128489,40.142591611843855,40.033033893436425,40.19272413386214,40.30575881171224,40.351624286581085,40.161261859824194,40.22988422768546,40.229345455722516,40.486682729352765,40.011379794886494,40.04998471964129,39.58031129463203,40.27241833306629,40.122663881751485,40.0904964573084,39.48000004161432,40.50211991808379,40.0909555306251
24,44.40739749102656,43.943264128597455,43.49290792195299,44.34709440442974,43.93485377450701,43.67185789139383,43.88732847231749,43.75314149189558,43.71164213995624,43.563112046989595,43.24115127144194,43.68652402960806,43.46701564013939,43.10702913949988,43.21159852158107,42.89051621146572,43.00912175238034,43.34130919107088,43.031393071787335,43.112787252208236,43.022546472402006,43.30064906618116,42.19017974928275,41.05497928864693,40.63497260589649,41.32656867713065,41.67817401373025,41.98575319066891,42.1562573401097,42.618601619395825,42.5756279363252,42.737835323075316,37.61099297915986,37.743083857540284,38.338926752152865,39.12045144476247,38.69786342012352,40.269176852679465,40.614954136906,41.1725531450005,42.19329803512543,41.79112574945453,41.783934504937264,42.367214705634446,41.580109748025606,41.25548319321684,42.05230477044763,41.93247498421487,41.71758901988413,41.85501637073518,42.12453987958075,41.79409240412949,41.07795508104826,41.34827223484898,41.70642270856625,41.24130111269711,41.47991374424716,41.37131561626447,42.04997593993325,41.23492946122187,41.3365865251919,41.87760280113701,41.14940530569749,41.06146094545012,41.10972675086315,41.52664061801104,41.61524676917363,41.99367062838045,41.39151785056836,41.4686335378107,41.645299406646615,41.75073969647745,40.882498102521005,41.41783973652709,41.5988270743404,41.473718590423935,40.870578498539274,41.03517930764553,41.369575834969865,41.4559317959804,41.50367793532417,41.41858587968004,41.32876671253437,41.23758009914994,41.59129739038689,40.768996280488025,41.051162836119964,40.60762008755834,41.66289312453472,41.15114924329085,41.090597163402364,40.23656362668698,41.30986307832165,41.190694707654416
25,39.88961959940697,40.22671979462122,40.576035405527556,40.97411494908674,40.58301088783181,40.65029379960474,40.96649510179879,40.665245921068895,40.44544505129806,40.67597753266409,40.399815605475005,41.00184259204535,40.27300774286803,40.50490767195825,40.490078798868375,40.34659043886311,40.58718617134057,40.701930595864084,40.66396182848021,40.75142090516974,40.6078445191259,40.8381587887098,40.87739593176552,39.77661040189753,39.636169724459045,39.177810537970196,39.34043298275089,39.366196233807564,39.48591147844405,39.98358342896737,40.052904153699465,40.2326368316509,40.944500462668515,41.62552838126694,40.128944470660386,40.05192854983691,39.557994024412984,39.6057105385075,39.179753129701105,39.37825933285302,39.8965116417781,40.0129531410541,40.08973987872906,40.610758103642894,40.166337770352875,40.03133921103405,40.42632965281542,40.31883601526917,40.37359639721864,40.3587043958505,40.95402539473224,40.631448107689835,40.242927522289584,40.2796808024714,40.37354853475316,40.287920558036205,40.26879387070036,40.08922350051878,40.46721664692452,40.161577188887044,40.05039691263576,40.8194734562078,40.43399073898669,39.93191936444595,40.119797441498754,40.41778965096791,40.70077196832203,40.635721201731144,40.12340373630921,40.13526330300273,40.05331350317442,40.09102307384843,39.809187719506646,40.21154343084715,40.47556583360681,40.44439728559734,40.028754658479684,39.8008376234046,40.243901672735426,40.00842666094248,40.15512771083444,40.08123459555089,40.38296050970607,40.23452285355795,40.47235710993376,40.15613204726642,40.19782738977134,39.66660848057171,40.32301813667773,40.349505990728595,40.21035469657455,39.48923626353039,40.49035270685781,40.026233337190185
26,40.24148592298521,40.8295633240686,40.37430467535847,40.39999307212815,39.982490682664455,40.17385027858205,40.25358024741816,39.993913692695024,39.69665796767325,39.83130233994903,39.82922655357329,40.27859829682325,39.535558446969766,39.56291931734659,39.75642735418735,39.421986739717376,39.743853240275094,39.91791680158166,39.73199173638213,39.68557094138596,39.92167614873571,38.741527555537445,39.08072090000769,39.44573958727913,39.901983605784075,39.217399183091686,39.19173137516047,39.036870723506006,39.13554651834429,39.34812025213242,39.07909652424356,39.38668822207034,40.03368148207661,40.404777235450595,39.70801332875422,40.585143783687165,39.68477169113079,39.515538177815074,39.111314799514595,39.25734775541242,39.381837134549436,39.325230866509926,39.20993781989568,39.62101659904486,39.05161059699921,38.90555127052739,39.409513349826646,39.03537758706633,39.18924841429274,39.17732576661795,39.750544079378216,39.62403349204896,38.811932721415715,39.01935278647191,39.14216937805784,39.104399577292575,38.9762048252109,38.947794429101414,39.405878882964004,38.937675036124006,38.9206894950567,39.51836996806682,39.001432896896304,38.62083574485994,38.73843056924764,39.19512375081045,39.16855088685731,39.46172219109152,38.975868060455674,39.13956197209239,38.86658046141671,38.861933281215116,38.60861961240828,38.92982391747756,39.06173179665068,38.91625549028287,38.65625273061929,38.439848206881294,38.91199643912439,38.73067591741427,38.86948369581544,38.733572937821066,39.03133353604669,38.7965640301337,39.00713257737575,38.70830841222978,38.77691334010682,38.299425591979364,39.005540956286254,38.88126550039965,38.64305092006711,38.09813456754324,39.23197395088243,38.66207154302283
27,40.465009154349374,41.25353032990853,40.70230687200927,41.096417507494955,40.77920709817588,41.25113990073847,41.11510924350469,41.23687907592713,40.658107736761316,41.027626011111536,40.90724937172044,41.59911472657582,40.83439398723273,40.831339163515196,40.794816084668504,40.85373375150312,40.658172798428794,41.12282526116952,41.15303177719277,41.21937247701389,41.005859936917545,40.98826127074951,39.87230939271818,39.05728408923206,39.58011665507469,39.81096903823485,40.17865288678623,40.128466048798046,40.39331005216594,40.708234105801324,40.548043805988236,40.9939771077255,40.79071918633679,39.21846302905318,38.87240589573648,39.284141676498464,38.892824398996986,39.39672079568599,39.41211632920279,39.84755888948281,40.32782217543537,40.37182306424325,40.363943331307624,40.79845494474246,40.335695043091526,40.22674935637125,40.63404214597609,40.66716432069887,40.746078867025076,40.26102933263491,40.95575923775166,41.01340778468763,40.2420805320002,40.929866576744615,40.75202442012511,40.89253636387493,40.7091604033263,40.90122845786888,41.00754919216274,40.68668896961748,40.4454351772024,40.94826372389831,40.721740546468524,40.30501632570822,40.32797710523485,40.895853710707684,40.826084661005495,40.95540819273054,40.42558907047294,40.57893044359361,40.56677026377655,40.644264799955856,40.24182902926553,40.88596686862664,40.992589231173596,40.89035829537779,40.5009767566499,40.39640990310291,40.55971503139042,40.56693508053186,40.72960666738641,40.70414296299595,40.69355994780569,40.58917008934748,40.70206413020309,40.26280698267084,40.443151823632135,39.75952307162809,40.73589481426319,40.76200692611506,40.67467434681529,39.841674475600165,41.22289703706433,40.55942195601691
28,42.09367340874681,43.005757518892906,42.482967021168974,42.61618780109414,42.62226667209562,42.9323920014461,43.01095656837477,42.88557998524226,42.60785305366517,42.874827747889704,42.759656677709984,43.34525808703877,42.694027644047935,42.7191889601892,42.783103285700996,42.70871168510169,42.71284438680136,42.975334863021864,43.01878554449387,43.10137716529037,43.025085764056406,43.147214293290475,41.7553881330656,40.23347251974917,40.36343385712697,40.88208850885839,41.464753707855124,41.93560970460072,42.144567325950675,42.44660619887772,42.71429196381434,42.61276155796822,41.4921498876559,39.18225296150365,39.08582945518388,39.918217721637454,39.06112083584391,39.98506124171975,39.954842637408525,40.62103434333141,41.12572561702615,41.4740597946763,41.44866013225272,42.15063274035487,41.50487708553041,41.73131713703115,42.22565498102338,42.060647428722625,41.96151386092493,41.92812960801359,42.346328767793835,42.197165967391435,41.74509201450108,41.94140276755417,42.17095901798092,42.022279664526984,41.94793979343807,41.9261545634398,42.299430504867814,42.008986158353466,41.885980978055336,42.26389881119906,42.112663275817845,41.64578792852169,41.734668860356905,42.1820934565101,42.241036470279624,42.45101107853964,41.8558382342453,41.95795596995296,41.80304138665237,41.96384063151136,41.63151916040222,42.002393849356146,42.15959890672857,41.955323688005684,41.74407785163926,41.58408956999989,41.87077333098707,41.622097522919525,41.76485699151775,41.870133837587595,41.90446989716831,41.85362505231006,41.94488229930272,41.75883395800996,41.80437100278483,41.31434784909304,42.12461125659888,41.86628786530549,41.6739501624028,41.20520604450032,42.127226840425806,41.80154853248875
29,44.59394552245715,45.20668682472235,45.08059972603356,45.24026759615207,45.06397676464871,45.624392457650565,45.70547983701897,45.4075284765371,45.2064282295151,45.41676878512032,45.26529928365877,45.72118242166686,45.09516704756517,45.31035189994783,45.2558153074611,45.08400409102874,45.31970393433219,45.46844348401482,45.532984997873086,45.60303865659363,45.459612745160555,45.70578750223169,43.38523281075714,39.082188516086404,39.04441375959122,40.13447390199686,41.595635483850536,42.71890148513219,43.65595503241558,44.305006222943945,44.45930848501829,45.00516333122482,45.61667712390848,44.766877878507906,39.11745461966527,39.98499587754579,40.242955780436105,41.336445527010326,41.89788969285359,42.83576586023139,43.70422235871567,44.056414648311716,44.228395409362456,45.174097752392036,44.621564580740284,44.65383364050913,45.19729928887522,44.94184312021577,44.84447830222454,44.84446143178036,45.63996000915258,45.43324522796524,44.849227604402735,45.09542642927683,45.14140412879095,45.1094633634127,45.144008259323996,45.18183496015427,45.487119603825626,45.04556972127182,44.82868784822457,45.563434555012044,45.30494074747609,44.963124282690735,44.741213501442026,45.17339835442177,45.38926968665053,45.379783627676076,44.94533457851903,45.114983963573344,44.99303042762829,45.098045837197134,44.697380569360185,45.09414865411058,45.15576393605033,45.18285847595979,44.81718377872555,44.784431613011584,45.04679306053286,44.81549162386935,44.94954667212612,44.96830013123769,44.97213854243797,45.048333383971475,45.02360387797682,44.98338268213434,44.95467784819538,44.41613839532152,45.030719853417175,45.035622300998845,44.72938046718362,44.517581312318015,45.00196988736768,44.841524613420404
30,40.847850940467694,41.236044741924594,40.816239409180426,40.768436126117884,40.34021860513521,40.66820659877383,40.71174523179078,40.685670577862155,40.3011752529865,40.358616785280944,40.22577329070728,40.53083343014921,39.94530048632753,39.95540372085516,40.01910698851258,39.74643699315971,40.21235864460967,40.24174943216408,39.99016068154795,39.94571077965983,40.26848467769782,39.16744138447737,39.64115575495769,39.979815968528776,40.56403318292196,39.72307314784283,39.78376592352213,39.51776344282002,39.55724920512592,39.804086959213,39.577573067964465,39.84157043262052,40.471507547042215,40.915855653027315,40.271357851952416,40.981479155812266,40.29827065875483,40.168220905552616,39.74665203926164,39.796796398202765,39.89699977306018,39.88626681912482,39.73937179957581,39.939021653958456,39.427862202943096,39.57125369781018,39.929150867513336,39.42750154621099,39.64395558824722,39.70900802274349,40.2520354476953,40.0571948615289,39.349878804870485,39.463763345443304,39.55558388999726,39.626811334142396,39.37948738313092,39.40804082273648,39.95316632457083,39.360869771512746,39.26463308593651,39.91222500198803,39.573836850624794,39.2161708968363,39.10305045685059,39.677667195045615,39.71293005751158,39.937466294377934,39.469821689205375,39.71950512945706,39.30579857920436,39.21595959057486,38.93257304943156,39.48523776366039,39.50583605667603,39.44162063525289,39.03818027591886,38.99440457120844,39.251214212048744,39.30925839252847,39.41705431435943,39.27779641662724,39.4423318807238,39.18632825118597,39.54709266200783,39.26018791359285,39.162480967035464,38.75478246157409,39.313402992258844,39.29934995836655,39.11416703683695,38.47068754223538,39.45928252726294,39.20207466907642
31,41.368319698490644,41.966353149938016,41.785867972031404,42.064063715125414,41.99223950391243,42.35110394200747,42.18657014177846,42.119478276879335,41.88415705845806,42.12910848096793,42.06993311749799,42.53307249690568,41.88441780469917,41.87600332863869,41.93690289266549,41.679884006169395,42.02262941833374,41.985555581716724,42.050596167144384,42.148190212186115,42.02836933386356,41.49275216887812,38.59529735878908,38.37426723340606,40.107207704416474,40.46784564157895,40.778983640189495,41.11415886425409,41.191537193395995,41.310161559057796,41.23228691393273,41.46998648418016,41.83164704242427,39.605147916918355,39.44389807017943,40.643042482750545,40.27723158105287,40.89731517614045,40.758955821537306,40.91026777899318,41.10134250144003,41.2719004182466,41.05009648213237,41.69531682848086,40.80127759371318,41.01218457121302,41.59449021767759,41.116168426442265,41.172585587779096,41.0670639516543,41.746377703154735,41.721538805163675,40.838810911800024,41.329107453476055,41.2763414988655,41.12006987463244,40.91922131422509,41.06773387432055,41.447869810767685,40.98659422600138,40.74954593603791,41.51265273102016,41.21338355773326,40.730730713523236,40.73768635139735,41.23861021690718,40.90637475369887,41.23357979191122,40.93069224675087,41.03901801163554,40.84788105956512,40.96365893416269,40.6759419054676,41.10719384332341,41.42123187698686,41.1354336228405,40.744080337340755,40.71000779538115,40.95739110263348,40.7046393680456,40.89002519811648,41.017346365389486,40.710525594955264,40.91465878984309,41.05913897887809,40.86508748459133,40.78990903618628,40.25998538123824,41.12914399305842,40.937126926338074,40.90694954928175,40.20336533023221,41.21358603289733,40.753520800700116
32,38.1383349830803,38.98066199152217,38.02193712856407,38.28226098122824,38.435863534572796,38.83598260892508,38.634229362129446,38.31588469363498,38.060941406888055,38.304853827529634,38.23419070411465,38.71987860112784,38.220461873711045,38.2443771265013,38.07664057205379,38.031774053492335,38.0690932544995,38.40515083638182,38.4537446595061,38.48814288007216,37.94997769704305,38.71062512620654,38.50176974702789,37.990719750224535,38.706700650342235,38.14396930048238,37.93467914034451,38.17964052901756,38.06601273958745,38.31618111795754,38.26218864231914,38.48180327187459,38.85330037878759,38.35057506522074,37.82211632016329,38.396842715006315,37.49558074350797,38.17045344727091,37.66928194721119,37.82204174241181,38.39323628177462,37.848421344983926,37.78295242107942,38.37192799943269,37.49808068498096,37.26292439879127,37.982149260539444,37.70877303037573,37.635790219041304,37.70019837365071,38.159598115949656,37.96081579419382,37.67316722367687,37.50755205663064,37.848547315045465,37.89707622487342,37.781637228996445,37.581316906875195,37.915318264990646,37.496077597106826,37.558305193060306,37.97824697868416,37.601942614664566,37.39393505148826,37.73178388377301,37.666480208677505,38.18076097320995,38.310070659380926,37.429933998850345,37.49826914152586,37.32814474022168,37.59101616893827,37.39162495809148,37.78303038431829,38.21296207200261,37.90282642633113,37.1573591445252,37.22752370842933,37.23487193129789,37.25222694803929,37.60283195729219,37.46632449870716,37.50658578798252,37.47914229639984,37.58744858551786,37.74387042792788,37.62049880100873,37.00920782104099,37.5766943929592,37.719500053998146,37.4718226123003,36.785898300876894,38.151523542650075,37.64118147429626
33,47.93236096099383,48.344501867073014,48.44006569171367,48.83739396398222,48.281009936741896,48.92656296935195,49.19863919991925,49.09880208685746,48.59550445961104,48.92459562989923,48.57971880579915,49.1940602292924,48.5522503952971,48.830630494036384,48.63714575598858,48.39861869469349,48.5140102671616,49.14394365823893,49.0267626864943,48.775757194242786,48.91353761229178,48.56270903878476,39.26644772742555,38.21199862125202,40.57506961971646,42.57956601030609,45.08863321265823,46.30989553703537,47.21798925053166,47.986673241075984,48.06496670949586,48.411050982445346,48.81156006749615,41.86613310620179,38.787813399448886,41.259090452805694,42.95087457365466,44.26364856176711,45.43032816622619,46.392325379084085,47.41550925488423,47.965059167612964,47.76985984573372,48.87519454816131,47.9368752118039,47.778815872962234,48.506750590508894,48.26726179957569,48.54804994814828,48.28332020260862,48.84208560578463,48.736828029304085,48.07091386290981,48.30295425871431,48.35673027577578,48.70001968922003,48.491577582921934,48.4879256109417,48.70022674445583,48.818757919314095,48.13621885572929,48.70463573328148,48.401258686640894,48.179425403207404,48.03722455080122,48.5356511661489,48.7941501399937,48.79740188477991,48.07805975054084,48.549277608709865,48.3966755030496,48.427731147319925,48.034817222036,48.28974924003084,48.6778040894168,48.56105579671556,48.16903211530425,48.16523479619536,48.36960137269159,48.42238643360456,48.37895746974498,48.496083601292554,48.47454360633686,48.53855613839846,48.801320316596616,48.47828729932167,48.48671456692512,47.80016338800995,48.41903770664384,48.25727250954624,48.110308444801376,47.85171181354934,48.41560662441026,47.81835716788882
34,39.11552530234018,39.43474617612258,39.104785594402195,39.22403194406479,38.949890492881636,39.43083190598105,39.37531467172301,39.30601432785406,38.8947006624821,39.12100938762908,39.00826138639907,39.45943540592904,38.901409885934534,38.99628802809111,38.9278688731345,38.675095844333526,38.79061614582767,39.28403078845469,39.14212672514846,39.07514717492634,39.07441901361123,38.964382122822215,38.78192287172381,38.99533376446807,39.667804143360705,38.91040473394775,38.848878372848176,38.691895653153715,38.63276977299844,38.76040719857541,38.83250868688118,38.80062424328521,39.43611894346739,40.15460694941496,39.27431593971009,40.223806962684044,39.26276908438082,39.23849632720443,38.679061612109756,38.74258774715912,39.04470135593601,38.97879081489794,38.69231201881744,39.27254253089093,38.431811347745885,38.513829006498604,38.98411646197764,38.62316547950829,38.76794389043902,38.636424886744635,39.23463503352349,39.186296326347374,38.489054218597005,38.694707390512875,38.672876962906976,38.60712464214319,38.57579595215505,38.504299930192204,38.990595053182254,38.42957305848213,38.32289196908764,38.89850687862847,38.61595213801073,38.32346370856773,38.15123763016054,38.699693216012115,38.70917910649903,38.8736370866666,38.542375952907534,38.68895211699473,38.387756049933266,38.373417013592984,38.18068098950057,38.48031172332372,38.536601084686865,38.44847372428596,38.219801092091984,38.12137750748187,38.447156824393296,38.22075576195744,38.37203974275783,38.30736487942201,38.48217360761643,38.372874285151084,38.634326805703225,38.33242644120843,38.440442598811636,37.800072111594716,38.5826272342818,38.336349868320376,38.29973058610078,37.72632864256788,38.55542665494357,38.1962988150854
35,40.12789133503792,40.780988929605634,40.426933594740824,40.71342069722325,40.511906786645724,40.887607953965905,40.94011308394035,40.99828482290515,40.33820523559729,40.74426498880078,40.582917363192394,40.98759678634078,40.393077807901356,40.54173400665407,40.583292302006065,40.14298028417606,40.46155882589273,40.83525789661149,40.745110748916,40.80344741583835,40.6359807183714,40.76720293719321,38.77816726868953,38.34771702762964,39.66867510268753,39.82209741961311,40.21887243677284,40.19717660378064,40.42134552945586,40.56849273684169,40.496880919458384,40.664946274379716,41.10187497163221,39.43733489575392,39.09954977714665,40.01079060584575,39.634077640052176,40.0217812475007,40.02720517339833,40.07160061205195,40.41776296253074,40.492124601765575,40.16057009972851,40.94225527644907,40.099084383155734,39.99962879414639,40.57720372159967,40.26439153604973,40.12313649677827,40.25372220453776,40.605017547718695,40.864248999763376,40.100508812586995,40.52182878861828,40.33737913210491,40.38625127322081,40.17088583517713,40.30259261664153,40.495331614799795,40.13111137126963,40.02924105132461,40.659519577682254,40.16435807813433,39.890802769455114,39.99426675645846,40.37755986630227,40.458550851798655,40.73233144872468,40.12806738322695,40.48120053141626,40.11458541982413,40.126024946304355,39.818139520838756,40.48175308816267,40.446364751485305,40.48458025707677,40.00315970431432,40.021823832354585,40.22692158945942,40.1872965840956,40.17710591798101,40.196650569242536,40.18448441283739,40.24960965330028,40.45548896170719,40.208614649463755,40.13646820525784,39.69743434065061,40.31201165396598,40.050596327331874,40.05313939853275,39.6403857979609,40.46495165522782,40.15104846912135
36,39.54008640360029,40.40317870627944,39.79895031023602,40.23611254014912,40.02701147207587,40.67550129267293,40.837365569931364,40.47590725341875,40.101961106788764,40.43293383508466,40.5354693547673,40.62936128721887,39.92440118445393,40.24157917633067,40.35423558280211,40.22308554169491,40.234385322146316,40.58090766445295,40.49568507082003,40.55763027642158,40.553670120755584,40.6890115809715,40.3851175249264,39.0417130746412,38.97765844040751,39.01733391677889,39.32249918662684,39.79846463951458,40.148539412595774,40.17837870903342,40.19985594831409,40.604181688599716,40.45320541779689,38.652036781099746,38.36847696210387,38.88806035289412,38.499183478655304,38.813101978679654,38.92335368057934,39.1634336893152,39.90608715729547,39.92835643482814,39.69925017881967,40.571203384725585,39.8250760138596,39.89825640265505,40.53973796938088,40.09188714670188,40.10435267628328,40.37822614559909,40.503962740621766,40.368098710123625,40.02297769093332,40.082795161465896,40.29354218670801,40.109214725933434,39.896993523180306,40.03643560507959,40.7339546867866,40.18984264400955,39.97175909396105,40.469157389897894,40.259608181792544,39.7356844626076,39.84163065282131,40.21693873462845,40.37857534881443,40.57460000206497,39.7276862406551,39.840634796417355,40.019963739455704,39.92412072859039,39.7682867504825,40.06850242038565,40.214134871145255,40.19271888789641,39.650986132034184,39.36872019401766,40.01570440186003,39.707132658570565,39.48794030650806,39.60472928558511,39.949415384883125,39.85696653113436,40.24295007842383,39.59843044009063,39.65275762055434,39.304366864421965,39.6839416718971,39.54632109651022,39.537599156150804,39.02042556442911,39.7385436386461,39.83094732374601
37,48.07714857412623,48.47225428461818,48.09719571780102,48.32653504272828,48.41476402131385,48.751595579249404,48.831249212556514,48.65656282880297,48.55584066687371,48.77475105771262,48.65208331037354,48.779120994573944,48.58051480219153,48.65032648397034,48.857324271008245,48.55954625422172,48.64195914037161,49.20664897230783,49.194566732173044,48.89601888702281,48.748297991356885,49.25866665972618,41.12444894180132,38.3364684277276,39.910316966875385,42.194698555544704,44.43374602868641,46.37828046238578,47.514802274300926,47.764829022758065,48.496177569091174,48.88756943160899,49.15658851241086,43.00044400728149,38.803813073958636,40.78383744935843,42.192953187428294,43.576717941088255,44.928287983585065,46.32423205784264,47.20384828740026,47.332453602549364,47.93706651285559,48.687740423660976,48.1357838195442,47.281487291556466,48.45030898170888,48.27606659545598,48.49648796493077,48.200822075602815,48.839396847502584,48.852964918962286,48.149985651325686,48.50451443131514,48.381791905505224,48.57715729909783,48.59310168572069,48.00354579856882,48.884477227600435,48.3258624257839,48.40679894418209,49.107982728162916,48.47321112292096,48.308369401024734,48.08894556703208,48.58686428635867,48.86544255815743,48.666484383967244,48.51969660785501,48.388839791338,48.50613177397611,48.39197725774868,48.15700046627471,48.61103653013302,48.587402781870956,48.93957308171798,48.34428449333831,48.34621920755258,48.48769896177634,48.66140908158116,48.8074827510382,48.539998346190956,48.41625518134582,48.268461964375646,48.71208364824559,48.46435190710294,48.62242040045111,48.05650479440379,48.46120863475207,48.65528709253752,48.61744046392681,48.096215547675655,48.51181736238642,48.348442338772294
38,39.816139987346894,40.67658172833454,40.19852435920011,40.48601976324709,40.20492910245482,40.71897567430039,40.81915196652302,40.79666663469026,40.59213291545068,40.52621407485867,40.37566365693174,40.84015437634203,40.04550452033254,40.369486100127354,40.31682088470165,40.18723220760378,40.30217436228574,40.47944563897801,40.4569635071432,40.52828438328021,40.50487017105495,40.938795140245354,39.731765999828546,38.662615722509784,38.835963961281465,38.84906488534169,39.40754574422615,39.49651965033065,39.683189784768444,40.13126674206944,40.12921579750844,40.31754795276644,40.978496524286435,39.50319569505296,38.64592101372652,39.25435486312518,38.743040283662936,39.19846654393526,38.99364826504698,39.65712491163596,40.242386823814044,40.392323309181286,40.2547396764256,40.73320990928199,40.23607295417963,40.196369255132076,40.55885606374533,40.40597252053666,40.56056226734883,40.421339031583145,41.113301890987216,40.7614939050691,40.31616686638428,40.612441389972105,40.468083696686975,40.64254705606253,40.24748142593912,40.13927802379772,40.8153389109764,40.459824222708235,40.172699844126704,40.77938199370749,40.64066087915887,40.10142708888375,40.07077914110345,40.55925196143597,40.48893775611843,40.91967482684826,40.247360731118064,40.41754109024497,40.387985777612634,40.115568207189064,40.20601775400522,40.462067046804975,40.57719661964624,40.79250442472325,40.14287912156958,40.23243604411971,40.72456670189327,40.2429430003666,40.37142431951717,40.29335364755849,40.47151401675418,40.35372258673665,40.60562723952193,40.42242485005871,40.422372166615666,39.90978706687616,40.46972273972174,40.691808055955114,40.38081026047473,39.98473460501041,41.08240890220921,40.4088881579473
39,39.90575483409791,40.35360942092629,40.57823934200397,40.261352989335414,40.491921069444345,40.64955122194989,40.46974031039593,40.7775107958094,40.389807541811344,40.58100240686879,40.52639896060023,40.9259721288917,40.46928350342301,40.287733059345435,40.51027435214182,40.34682071568618,40.34797331897509,40.456973801789545,40.43595618837248,40.56518422949467,40.550097046258244,40.70281922593184,40.384587409273436,39.26876625747463,39.56318782591909,39.457387708416036,39.62193349132755,39.592188202428574,39.84095240036106,40.20825823865586,40.2751376375981,40.44532644524249,40.907099918240114,40.763998397242716,39.2374648193054,39.956510908770575,39.41549868183056,39.56015333515021,39.43648386484427,39.652016188853786,40.07681642272737,40.39699771939775,40.05122626762943,40.810934817940385,39.937133497726556,40.17270488026405,40.71771315345144,40.333176805570695,40.45985047478887,40.21193111199669,40.63900174386965,40.421233911602656,39.9090786245368,39.9858221955915,40.27458085967785,40.08972160274582,40.04935972177252,39.84790903731425,40.571423057340716,40.02366687681739,40.152241302306955,40.3742622330887,40.279490616423104,39.86325164041531,39.85284348589053,40.20082344751919,40.22849945695912,40.3721870516471,39.85706714519182,39.98904127725337,39.92837605400913,39.981259430710956,39.51813395181948,40.00293028019694,40.15242250991656,40.00914343619207,39.669300848124756,39.57964755850604,40.07147587242993,39.772316739298894,39.8003637195224,39.76746738074514,39.953938475487206,39.79295683960293,40.10705705361747,40.09580622031553,39.94650089943003,39.5371052786167,40.274887554945,39.99230854609436,39.968770619719244,39.500069584194826,40.22481515860704,39.900956578215755
40,42.07440445112309,42.87361242338823,42.322936046161516,42.55942253201799,42.29917364174923,42.99519370553941,43.167110432256585,42.809628659796175,42.57540459493523,42.78942755365757,42.580540483394564,43.02202311535881,42.5093570726808,42.49442532784633,42.74409930848835,42.34292559255149,42.506298855831055,42.96733957001403,42.7481074386266,42.930379949860644,42.78442332731453,42.90216161908465,41.38828450329622,39.47802208839244,39.785659554194616,40.79973787940514,41.70415668165384,41.927218010919944,42.27833306836852,42.51290056262083,42.45414318620779,42.58721172295769,42.53676343561943,39.27429366921296,38.770344170054656,39.75389149764432,39.17880276426702,40.14775942579881,40.05141309955282,40.63654215014384,40.87269739822321,41.08363821820806,40.9044185822143,41.44449336694317,40.75640077564803,40.91459308705868,41.130609356553165,40.986780846660544,40.933074843003055,40.82967677916705,41.34233858365502,41.39800346465439,40.72106804303667,40.98166912481705,40.93139947787821,41.022593498128664,40.97939353149499,40.916925566284526,41.33762875611029,41.133766310866534,40.915048291585784,41.34723419790774,41.09827648426567,40.70651769424857,40.8328806485237,41.084689992889366,41.283442966265355,41.427799437248304,40.678301638821594,40.93435049810974,40.87556651952253,40.73133970376515,40.618654804440126,41.02057537918255,41.15117869665985,41.16010984632273,40.78208882059598,40.710478301414184,40.828065387300526,40.91176472209766,40.8994216378577,40.608819579097336,40.86044033258703,40.91841693955796,41.263755683696196,40.75590018345776,40.821859886875835,40.32393709916675,41.16800120537025,41.05870611809243,40.665544440756456,40.36611308725038,41.09631140173932,40.81333037964037
41,41.775518901326606,42.599102505345705,42.436721918861174,43.12830245666783,42.23421283977963,42.99587203362968,42.85290244550309,42.73925291162035,42.40006650446679,42.734538470798675,42.34864395711718,42.80732486429969,42.47925345422852,42.703469438269735,42.61068570424141,42.425050613946,42.46751302524869,42.86077756585833,42.85263062682981,42.88579089943534,42.632068451760624,42.83165827672839,42.44956441148626,40.12430487532324,39.65574041799811,39.41753318386963,39.80543275086008,39.928839352069566,40.15050866044389,40.70291587136675,41.09013942450572,41.61867323028516,42.46560337610297,42.84424463615288,40.510994512885205,40.26753639645348,39.87238669335174,40.03556519585727,39.63188026423077,39.958470393409414,40.33490078304476,40.555174735234466,40.713268019162214,41.47437528911318,41.32912396477998,41.08780793220704,42.21536840606302,41.796645605954886,42.15452755858469,42.19349743964847,42.35992965350777,42.3774620170863,42.01725730516141,42.141976418321164,42.06859950797037,41.95367484124739,42.270464414501845,42.14095459529997,42.36490140565957,42.028124383830296,42.32133771844994,42.565620345193516,42.488623146889175,42.32633355044328,42.088152892103025,42.429418490032184,42.72972087535616,42.613010953665544,42.33529329018105,42.24008579286643,42.284049422612995,42.12958597156083,41.892803579858864,42.24424492324877,42.78990452761275,42.317936753459946,42.223151346678065,42.01281956876729,42.127929952562845,42.16945862189179,42.157126578866404,42.47772028948829,42.341086095987315,42.13276184864457,42.63092437129327,42.20601258717076,42.215015371936644,41.53111388354905,42.487064480831194,42.36478442346796,42.18474675551232,41.768892788905674,42.66127283530662,42.08007018149858
42,42.044480243776945,42.80193674328219,42.539074121386285,42.80594502334996,42.82312225621836,43.22305939982188,43.153900043316455,42.98092140031333,42.6895602357649,42.71953292950787,42.533893219904414,43.06865784154361,42.074428547979345,42.54928572639695,42.704875493363126,41.89138519935351,42.39286863319698,42.705763324938175,42.877581428945156,42.71297432252121,42.49128944401841,42.931837167085654,39.899794063521426,38.8811446193948,39.65722800081339,39.89258265649852,40.94934932467348,41.484951403414094,41.99267509486842,42.41859610442659,42.31936568055342,42.2562610149964,42.62005522704692,39.661423352164555,39.20747579632318,40.10597406890859,39.90930230068093,41.02057463103538,41.245536786560194,42.33397604379,42.75546034499342,43.29317153775187,43.26101920419297,43.576610721690834,43.04804862837576,42.889527532459226,42.78235627728972,42.77009163643265,42.4511119313106,42.27971359894722,42.63121694952451,43.000689051578526,41.91417804038095,42.08994794259836,42.056119018924605,42.02783151453496,42.04629725155668,42.016593030496885,42.239325295560164,41.83435649199679,41.55172222139054,42.08789838563412,41.7277437145577,41.96640388617057,41.53244242562805,42.19572065327835,42.13410094737415,42.13845292354783,41.591359501303174,41.760743436126965,41.72485673272049,41.902130596220005,41.3428537124454,42.058690357377834,41.67818839348803,42.40758797217929,41.543891057606466,41.39943758557462,41.88500764819956,41.995106907531955,41.74035487169689,41.45112001161515,41.76993208991789,41.4388538096845,41.873031763331745,41.513338684801724,41.38918532945824,40.85046097001008,41.59304945255442,41.540736773959885,41.29949298542219,40.71998431755805,41.8566512233835,41.26234455078539
43,38.27173070379072,38.702091696808196,38.56430077664327,38.811155842557106,38.25828694426679,38.532094228037934,38.58242666325517,38.44799965148641,38.338569105640104,38.604492068517466,38.39816039383429,38.56165979307228,38.19613429581267,38.42650234978362,38.28741331147667,38.07816247121487,38.11352791257428,38.587652864166344,38.38440339718158,38.46520605275656,38.48190383904244,38.58599496061645,36.92573648671697,36.61764778557095,37.60474611124395,37.112364858713,37.03557357177569,36.976309719796376,37.26088336505949,37.37234666173054,37.413915074394836,37.55112140441083,38.014592819750476,38.5602873635754,37.85064555933278,38.23435584151682,37.71994726661429,37.716328669648085,37.34830067366364,37.380127693467614,37.649215196194945,37.56768844980367,37.358101416090044,37.9731730903444,37.25377580806999,37.24229006163609,37.62813991059205,37.4612469098175,37.480414641992866,37.52023638497239,38.134302716821644,37.979962711608664,37.42551116179941,37.45389237993083,37.4705115746329,37.496508482556365,37.469437961405916,37.351915836897426,37.83665212295601,37.363666890710924,37.34347746844032,37.775045667587236,37.52800380650506,37.2140110648777,37.077586055991596,37.58330515959714,37.68653854648076,37.822664239149674,37.47355972419168,37.509286164948236,37.717548640619626,37.35346815070359,37.12285665457135,37.454235034664805,37.518086452851726,37.46396981207082,37.24786703677779,37.11719287891721,37.39056117915505,37.38047910968021,37.35612038567358,37.31823130817017,37.3888188679242,37.29434506822911,37.6293698786753,37.35813373568269,37.33638203367702,36.920191425783216,37.62634154100432,37.39053715293617,37.11554538034231,36.73895165240049,37.67926683094149,37.34799323990229
44,40.33543332365083,41.13406177905014,40.44393448729135,40.80374245365461,40.577307846840974,40.919028973068315,41.11328198968416,40.975530829666994,40.76003402528774,40.864958445519335,40.70950143559803,41.18709496036669,40.63003001241664,40.614107667846085,40.560919908678045,40.58735301589702,40.473004048448104,40.96698587112309,40.977865420705236,40.834845801156064,40.579984217731855,40.92899452724358,40.411291741488945,38.97653331188261,39.1700780111527,39.08466730423166,39.87494063643153,40.133963529025415,40.3116365628366,40.539168828551006,40.294290840979194,40.39142264292602,41.176927947706716,38.882027088731036,38.45840189528205,39.40252542663286,38.94948870338498,39.67873714625037,39.92895495918772,40.59109462430964,40.96705056083915,41.28614786836738,40.99118073613429,41.975023271666046,40.839981013038305,40.94307166197636,41.77216050746142,41.144525926355755,41.206308975484355,41.10220230913286,41.585448051853916,41.75048558293146,41.02437417771413,41.03729580607059,41.008153824280974,40.972389360199905,40.8260188623143,40.85104367575894,40.93043537039445,40.85678505569772,40.43528638404505,41.039225296534084,40.743195423474845,40.01484239272301,40.12906850583183,40.706152899626666,40.75865991178538,40.54283180059225,40.03862296630893,40.07655907979568,40.10265112730836,39.95202929118003,39.611815321708654,40.25675739958464,40.03973649524437,40.181672131870315,39.84235218962129,39.462445835984134,39.976107290635156,39.96155976612869,39.995686984576544,39.77281283304697,39.96129348320095,40.14859160214561,39.9123668302814,39.78064967469213,39.94263785152624,39.349129330625296,39.96589016075012,39.83322111781724,39.78426490347385,39.4065294373462,40.28600267925368,39.86632553068317
45,45.04452845431041,45.186628009732,45.370596235853036,45.54128931012333,45.03968609605931,45.618154725105256,45.14663247342419,45.26266052834776,45.035059951618535,45.03422367631759,45.1449255107772,45.48699462074653,45.04821220752527,45.05963299099684,44.90600736387898,44.79052183983269,45.042871366776595,45.32383583255825,45.227129249510114,45.40206980212561,44.92099552733066,45.59424410788129,42.24126887167274,37.95923284695058,38.54577944947648,39.21990087630752,40.82605428037589,42.04821981625269,42.71004433901242,43.56550161922766,43.96833796117273,44.40575690313794,44.979330506175074,45.11484980260254,39.938915284999524,40.178301365558134,40.83563587058488,41.596271973813224,41.92928097367217,42.74906704590803,43.40647596057184,43.5786470827921,43.78994324140526,44.72255179424602,44.15884658950102,44.01752848977133,44.77853024364191,44.69910314058149,44.38410794294022,44.53088184752201,45.194628731741474,45.045767405556596,44.58218115585977,44.50935908910234,44.645826314424006,44.50740380526891,44.739319933509655,44.76507896394881,44.598547366356605,44.70544396317257,44.43933396079403,45.30509012668555,44.938007458465755,44.26374574804485,44.87758937029678,45.11997068587024,45.08384438574517,45.06367151084804,44.704254320096396,44.61647690975243,44.669725954451316,44.625906999384995,44.6057399692476,45.06768899354748,45.021342521246815,45.18712720845767,44.701895632137145,44.836614680796615,45.23270214402676,45.30488801220687,45.03455548415926,45.02460067266398,44.982541943533356,45.017935986521536,45.54746258204145,45.323299832922224,45.15904143313703,44.46666729152445,45.013322792848,44.98462665314172,45.197353124508695,44.80356071900853,45.2079900636164,45.41774940243917
46,41.14740428660551,42.11729135710931,41.6586704626425,41.89161395669934,41.78245769726844,42.226231730335044,42.17330019075781,41.92479916619145,42.051988807645415,42.037996173041336,41.83924219822059,42.331887706480025,41.861524561214225,41.92191904000896,41.88375249803153,41.69533961057714,41.87642615296124,42.14242358711075,42.153562448765534,42.18615568852961,41.88328931931495,42.305438141110514,39.27392966990012,38.46803515483053,39.59838920632809,39.608349691899264,40.318140257767205,40.53849650912951,40.81940235254929,41.277015109853544,41.49756326718205,41.792498989524496,42.20780857996036,39.3654479521447,38.89777875932198,39.85623790741541,39.28812212134757,39.809484644343776,39.89208865924823,40.395910316275746,40.892494294727996,40.95774209334658,41.287743679447054,42.00407673824319,41.54067477029416,41.25906682577226,41.901696217026675,41.7054830231344,41.53446953699722,41.75582988067883,42.363209410118344,42.09951831199995,41.502260281240545,41.98322343851903,41.8673473046999,41.66790640989281,41.80257810075151,41.93467576365812,42.04248609100169,41.87918845264357,41.4594790879133,42.12102966720982,41.96640418947069,41.58359371704731,41.440084277385765,41.999846927035094,42.05135463274152,42.076128917124976,41.581563143655714,41.728522871104865,41.742600510125484,41.7217062596178,41.27962425250054,41.858167077392466,41.901701582190995,41.93619095787907,41.482272280553595,41.44049414821781,41.7389383082958,41.7524214175656,41.726310204434995,41.4851856202872,41.810938658464636,41.52843526404374,41.69754791959639,41.55089203033945,41.58938207367074,41.17047454192866,42.01147649017025,41.92124501911484,41.675012076983975,41.101608349131546,42.27675656737588,41.53831526716796
47,37.49375346866349,37.93291602655879,37.882958289202605,37.98950999529567,37.749632064947185,37.89906553495358,37.945998322814965,37.749024057502204,37.89586717642271,37.86868773809224,37.75416087365009,38.21343654664524,37.542354475803535,37.796862242610636,37.69247406446003,37.4581161925598,37.856724587622594,37.906537477827,37.78604877198009,37.661206087559265,37.92037046949993,37.935023643189595,36.65459420930538,36.328511095161325,37.351153265203735,36.87366037616112,36.827811917773694,36.687687949112856,36.76195537225691,36.94181935104159,36.98522109331976,37.051947564536725,37.57933124634053,38.222548992451394,37.52276837259518,37.922020023689065,37.565241224767114,37.52255635837441,37.126228963491364,37.06089921443097,37.10043713306517,37.31172199994035,37.07761499161478,37.42683964866146,36.92472081947944,37.0147893957428,37.294818556582555,37.07478087078965,37.14988627122452,37.242775929917386,37.785280759758116,37.72631054494367,36.98395375156388,37.12738300199663,37.26766139132236,37.19126185225047,37.10368444792044,36.848769060502256,37.32073960384929,37.160966578007105,37.06623959270105,37.428301027667956,37.40304072946824,36.576453584913395,36.721044314931724,37.09437971916701,37.195852600423954,37.31970764258648,37.18231097243591,37.233226554967914,37.014291395027755,36.90632749403457,36.63212599562202,37.10702055197547,37.246586796531126,37.15805244489037,36.89999200608692,36.712327510358996,37.07569802943665,36.86999108365452,36.75751741296261,37.13304377131294,36.795335581195985,36.894212706548814,37.0594549818924,37.03379019791107,36.86883156397125,36.54932310596837,37.050515406803875,36.99564993204937,36.705376921344765,36.19174244017261,37.27697774617232,36.71181312369515
48,39.85884093852372,40.417151653095765,39.63618154209182,40.32342140487635,39.9739924855413,40.26265893061714,40.66749758330388,40.62015974748302,40.086340639475154,40.33722306303901,40.338427901567165,40.20493664371865,39.77764601585905,40.11277694138399,40.32287447889032,40.120845950460385,40.05804715869498,40.5058115512582,40.756810832299735,40.38809631059513,40.08411722375602,40.857438635528425,40.623133294729726,39.30376049329798,39.204747804401165,38.8947476357025,39.64296407821444,39.62756454505558,39.61534986398692,39.75042399351104,40.01402097448537,40.47496719754742,40.787411252447264,39.041131319283885,38.79177968604638,38.89302646617435,38.41446120019926,38.96407254984178,39.04088773466444,39.562024603289025,39.741904494905754,39.864765203983815,39.56498181257545,39.99178583489628,39.31102248638368,39.328703865879866,39.452950617852146,39.46230219941915,39.31120382806103,39.29784394758548,39.88114000250796,39.73027033343993,38.89323898493665,39.34071753965285,39.41582668906812,39.50791537990184,38.959080557853795,39.44486212265865,39.27783868541788,39.114336827539624,39.20066555553044,39.37211551088132,39.54053122778114,39.49409381456628,39.15936611680064,39.37986052460469,39.483873944947085,39.74840379659358,39.03822368968001,39.09610522499301,39.08395845804223,39.172178784555534,39.15983872294531,39.530249757845404,39.43896120901942,39.97483570274535,39.24124364997402,39.3211644818812,39.551513627137616,39.43148345268025,39.707746616881565,39.16221890883818,39.606780821296226,39.340413592434466,39.79965499420417,39.65095349721462,39.55688866627217,38.72436199908042,39.313711919413095,39.294934263725004,39.55903206425278,38.567094604770865,39.33275407883542,39.18534080305604
49,42.959715826476746,43.513952679099354,43.53527462386326,43.976031265782794,43.62693922174928,43.85670219254977,44.01080717476325,43.745362901035065,43.55649707555691,43.85906060395764,43.688970239874756,44.16614068701361,43.562597076759076,43.76128926147604,43.78050966457654,43.57286121525273,43.597210358316,44.0933099598354,43.72771981134197,43.7871578035489,43.77337974127019,43.92667459725526,43.23234103524828,39.134746028272765,39.00384837581937,39.1938173204867,40.15831808082043,40.99405826959478,41.73329825577667,42.394432587938695,42.69073663825346,43.119576576544866,43.81319433245007,44.276587164294924,41.463983512324695,41.0421423030525,40.71775042239037,41.076761414848335,40.99722224380571,41.55698530103804,42.16637072433838,42.52948645497031,42.68673303043801,43.297142210893675,43.05674713978485,42.8640734123477,43.52502405287262,43.363543807470066,43.49363463914276,43.35835275165546,43.88122315560093,43.74442709541394,43.23439431264484,43.420632637501484,43.456028008663495,43.437982532208274,43.421782635867224,43.202464674115255,43.68111463447365,43.3746094217308,43.26379204802143,43.891415058749324,43.70200949542288,43.12930400752839,43.185249954926235,43.62500956901574,43.75376204009765,43.73746891140517,43.15668014179341,43.32983950161579,43.410031795955604,43.16035133052333,43.01701190379741,43.44701380077,43.53506653487523,43.44681236969058,43.0900993400953,43.018276416150265,43.43222884716422,43.27054362808584,43.438135014706276,43.23370779461712,43.35608026765515,43.409917853732026,43.536810498532624,43.34343364057576,43.38851710338261,42.86311878340136,43.52337286928389,43.21361820220677,43.21151860478453,42.71670938403124,43.55019270880078,43.23915981584666
50,40.92112854329385,41.393208839072166,41.3618555717546,41.38028324412795,41.20192109967962,41.674295178168165,41.5768478424846,41.561262624726005,41.27464178097015,41.47030640830657,41.30716931478823,41.94183992675747,41.24744675536228,41.251729580074425,41.372495949185044,41.02450057528176,40.99886184989239,41.371867510616816,41.47707146155006,41.55316762171977,41.41145581512186,41.66588967554032,40.12767709122269,38.784478610617626,39.39787287793011,39.275045861975734,39.874645999002304,40.26876117425668,40.71296775925907,40.92775345060912,41.14221496926487,41.31965463358389,41.99937788115322,40.79610635661995,38.939461067188546,39.98302678503702,39.42557900837473,39.70432428846816,39.80388818534163,40.26381414959425,40.75902737534665,41.12305715584735,41.060019846805986,41.641083825542026,41.20113998305312,41.19555157568521,41.43819126746214,41.177470101021484,41.37899659556827,41.42623903299413,41.94353500091776,41.73966036005371,41.232016671235364,41.47848616121659,41.337636074373535,41.53429121092025,41.49541709777273,41.49890643098675,41.67478104472904,41.504311514866274,41.29752960869154,41.83760994722544,41.48541774130429,41.073882074473694,41.16549043610697,41.605903109037705,41.73426808968662,41.70182665650255,41.341162610264874,41.458946364829536,41.47102069312013,41.2176248944265,41.105137384269376,41.506932996618495,41.420900537528276,41.47473937052421,41.272669952950885,41.0232838482439,41.38320632697703,41.06762527077866,41.466407272676456,41.2058849585037,41.44812587545798,41.42232385314099,41.454120016843035,41.28709277821812,41.285750044307264,40.98854992217152,41.43677757389156,41.30274262604093,41.142085520020096,40.680494919634135,41.55509424168623,41.004679526877496
51,36.47365971050346,36.90185760301314,36.811716840807264,37.3798842763459,36.96279036652,37.15450079292095,37.32091763231856,36.79618545352602,36.75940192117864,36.94806866983326,36.801990784375626,37.20087224952781,36.430876011563164,36.674624143018555,36.61692159595214,36.563321083118936,36.66785905563998,36.88099640243378,36.93133607572473,36.72305296161482,36.81951934719217,37.22258314986447,36.24183603198648,36.517707119019846,36.938444766863526,36.43789185603622,36.62714197210256,36.15977439793383,36.26055276711185,36.431197417469235,36.2431915091749,36.27118917998237,36.92692703286676,37.22451484766436,36.79609108458345,37.45641022649942,36.77948047734412,36.693265886144495,36.40850692981366,36.32637300666851,36.727293656512344,36.48525526373816,35.945334364299804,36.6455158968874,36.13849949408572,36.00533036334557,36.5227413927071,36.313480090663994,36.45987522083054,36.369796230428086,36.93077862062469,36.75528821297816,36.24011849132383,36.268663253824734,36.3831392237583,36.184654216288976,36.21134666690282,36.130075432300245,36.3362049333852,36.36058430784861,36.057228413148096,36.515599184098754,36.600249052269824,35.804233335834965,35.839853742359054,36.42324244727293,36.306345864329884,36.577556023210015,36.21461550585109,36.26022802635021,36.26144878122457,36.02453874889605,35.83658495947167,36.254891043507854,36.458923831749466,36.26100456557363,35.89590665212242,35.96418466086005,35.94303119008943,36.11814866046201,36.03986624586916,36.198169818533856,35.990372864502774,36.16994042473249,36.262812721485055,36.09042461334883,35.96924240314765,35.41917296572291,36.28616966549237,36.13831428628582,35.947892054540404,35.3790337221973,36.42154611747058,35.972117399079536
52,39.85521258886739,40.34573244210984,39.588464486764764,39.92960119730112,39.98108993851032,40.05129064025418,40.27274891228412,40.44093300033461,40.09809408036276,40.31264083595254,40.230990285316594,40.49693322412219,39.96655081223853,40.00340621996594,40.37222078607541,40.22322847850532,39.72738530781475,39.90895070506716,40.31553342292882,40.28649835634854,39.870003333187626,40.40642951573953,40.46550614453765,39.41016785712178,39.59036164021234,38.91882455133968,39.53074118156119,39.39962591127844,39.618909564757786,40.078382231167275,40.069096035673596,40.35731959418338,40.216266543258236,38.68620303415503,38.521254032522144,39.304878642224494,38.52307696123582,39.35893391960652,39.26770038360725,39.316760082403135,39.30841183043373,39.769108302735425,39.4370055256798,40.046009616685694,39.77266492547342,38.98403404472624,39.97528673930502,39.726519793607295,39.5937291943729,39.98286813916475,40.23367157342196,39.92661020372254,39.8212198934475,39.9365804289719,39.8569729758364,39.74198123677971,39.763262879402326,39.7166202044903,39.86277263409927,39.426016839919434,39.70814179603435,39.952059930987936,39.57893487620472,39.685148729371484,39.29869216819082,40.071985416821924,40.03186198501194,39.861087020902986,39.43759157823462,39.75771023482133,39.473015544965236,39.30036348794197,38.940312302688305,39.88372071747474,39.73300668055315,39.78255850944795,39.40475277042405,39.375514538100646,39.744095005379464,39.716105599677654,39.49747991909169,39.206231600926074,39.81775329400856,39.459991512755536,39.79860659176511,39.46887865063347,39.24989284249597,38.99549500041761,39.60912593538112,39.0254488456351,39.41191144958612,38.62944635369258,39.69913733495685,39.46233079323088
53,43.1920294210109,43.71445967085729,43.522750592364304,44.0310318357761,43.960003330050796,44.13526602826737,44.06408058682607,43.81340309337317,43.974867862241666,44.08236959230568,43.70429152877159,44.31481840177051,43.66603497979206,44.064380363741755,43.83648008236144,43.76644742753936,43.65556142011746,44.002503697086674,44.15753603957675,43.9028205752094,44.2085074093632,44.12786156857461,43.47708444886589,38.350776517617994,38.1186421343054,38.021450810835894,38.715804755195,39.84952225310144,40.93929560147937,41.51468579592518,42.25107146576104,42.57143551524117,43.47195060510857,44.12038098744991,42.73594071754164,41.7330696846373,40.80118418043299,40.941856010586676,40.77167244792345,41.241424375696866,41.88593212390269,42.43708834537372,42.37823537637223,43.092083887611295,42.82382935235754,43.360222502049446,43.67643995984727,43.73786531724563,43.462557992504316,43.55698436184572,43.879275698409856,43.93004280948895,43.63422834775176,43.79068062703857,43.921736837254755,43.976067002526136,43.59725484519713,43.69954154965097,44.103067583033116,43.86125544848293,43.97770152812384,44.055702090824575,44.056188728208795,43.80279158566336,43.657238105679646,43.9423359482329,43.96344966634326,44.43814313440241,43.851825958643026,43.8762208450135,43.811819859967414,43.83946387197552,43.63897709903703,43.81635944793079,43.950882335859674,43.92348779858808,43.67479309745929,43.93620482040558,44.19817667595527,43.75476896356971,43.90315387411084,43.74125932239967,43.79537821359703,43.80495999851726,44.2580358006329,43.963527103740816,43.99396093575915,43.43448327578729,43.914570145490394,44.17543403878684,43.647689609590955,43.3691564810791,44.08907289113533,43.67263578731192
54,45.12387222400242,45.65374039697891,45.35942578375301,45.69163221194353,45.85912858013461,45.331874109383385,45.83968773833375,45.818262266884304,45.37130496138329,45.26377740902653,45.379038952423,45.84893329429237,45.289088070056835,45.6240353301742,45.467593534676624,45.28831030879233,45.57943639453851,45.86821728757387,45.485111665840265,45.46587962391627,45.719578575980016,44.63348064637238,40.04184204313714,39.519017934923944,41.154554341211586,41.59510097802442,42.48250458884419,42.93453459563987,43.65311440969241,44.34419357915515,44.78618063218433,45.03705059902678,43.22080070559986,40.19541177645861,40.03754576426072,40.83846232446725,40.27528862563448,41.044112870461134,41.10701239750644,42.12604928117158,42.82734226374272,43.26362100987908,43.329700545718445,44.08048805431022,43.70871073371017,43.67975790000858,44.59721554194942,43.98425619831653,44.44244076313543,44.13941298537731,44.77939829440558,44.40232773086285,44.380980477856596,44.383917593620104,44.19527384839146,44.28810017100424,44.368711777888564,44.44338971339822,44.918130712032045,44.23650687429438,44.0403878173833,44.90486596470299,44.640647034856855,44.09510096151374,44.52763057662981,44.42944437519559,44.997159372698576,45.084380657192995,44.541065772710375,44.56423937298572,44.69063110412246,44.29718220910833,44.23163736438372,44.53003577601832,44.990339845675614,44.393886681516584,43.79697491055502,44.13838588320314,44.61700861856448,44.4722514407663,44.4450069303721,44.34723189418419,44.553053392956656,44.373186588208895,44.532649251352865,44.34554739440125,44.82969510056295,43.685450996944525,45.0244386210413,44.64449715600317,44.67015836039459,43.868705604959565,44.78760510357907,44.12497353972201
55,37.53716137354316,37.96051095435934,37.95870068358834,37.91940495483588,37.743501472933055,37.896102275901995,37.99744345633387,37.80159484279526,37.371409940120024,37.7628403665704,37.51304340433735,37.897648077498935,37.26651130692858,37.823064142196785,37.41504272118623,37.356506703101786,37.468249689693245,37.588592693840525,37.44696144018794,37.591283683747335,37.67199319459481,37.63225913580725,37.27805231286411,37.42338987078716,37.894761311934545,37.21826449895615,37.12095799701474,36.8648844123646,37.190579298974825,37.219197931962675,37.12337561432426,37.1035804789169,37.84209772556568,38.17962755959374,37.6248221752704,38.29382742405552,37.66188351990846,37.51661685144112,36.969811304338734,37.20125034503413,37.39453887556242,37.23127174884752,37.11005852057061,37.825206373084164,36.990995479880716,36.83414173591835,37.34775402749909,37.071306289115455,37.07310353520093,37.126580414862815,37.85531795128699,37.62674830357477,36.96981950267666,37.186152599513555,37.09442467544509,37.075139801020356,37.05750462117387,36.87738461670486,37.40582396474167,37.04306217948632,36.803812193808405,37.41624043820645,37.0551640614125,36.5755831703657,36.68711337693273,37.172998909395304,37.22434747793768,37.31251410356436,36.94602838516584,37.22335021021002,36.77268066048216,36.65807280816574,36.49563617594084,37.00002813282531,37.03536987664663,37.01566067498942,36.69955759162347,36.57276528174282,36.98239731933385,36.91088604517618,36.853206696067765,36.737716754459484,36.96681826251402,36.83796322997792,37.144571140012346,36.804492828632554,36.77746421862287,36.256381996649516,37.04450630452316,36.82849756792969,36.63294418704183,36.238700294577754,37.20023586017542,36.68262319853995
56,46.985731876003996,48.02506738253469,47.56298241497356,47.71699293824682,47.961539002414824,48.2815710845762,48.06975926913523,47.981938586401064,47.71420355412711,48.04991649375335,47.659556456756604,48.29180112749741,47.72697561625627,47.8335555929757,47.81584071171928,47.48450108206425,47.63652365708206,47.88415441455827,47.736175991245524,47.80231308197455,47.88695624757609,47.91052386828949,47.65012189913221,45.29176750542897,44.115781655495276,44.58774144214731,46.04939168990872,46.682696278367644,46.88154378724468,47.19519682945258,47.63713864712621,47.52797892807488,46.66871305290975,38.98227480310678,38.55997061132983,41.36408154895747,42.32393879095295,45.53174850484799,48.29013723781368,49.351956646426,49.983189555080365,49.37551944065597,48.91133884706725,49.340334400594344,48.10946782241987,48.23290127980921,48.67585143089062,48.625887289170805,48.60116628958768,48.65323868065722,48.67541426846084,48.71062327514646,48.08313611278811,48.28879562524112,48.32910661763453,48.18265776291434,48.32483793740831,48.19607052641425,48.70830214490128,48.14337500003418,48.008127225882156,48.428585522858924,48.11180255693671,47.77368078987395,47.74114866313873,47.957275199501865,48.035187956573836,48.25383635156356,47.460214866495285,47.766957121324225,47.735809297393175,47.55028113905053,47.24688568263023,47.38569389135554,47.647365008522414,47.72282705826581,47.20386714980493,47.04795308922177,47.3567483299496,47.37254814197801,47.468127426912076,47.206753981927385,47.41144715109398,47.485578420472145,47.86800657841667,47.287507855621705,47.416086750851086,46.71345207257708,47.648960012145864,47.4495454543708,47.12906676170833,46.65070183430794,47.675432097439426,46.90541138517705
57,41.98218694434107,42.557366942525604,42.57787741798509,43.25650123115334,43.031605541578124,43.047092671365284,43.11041246017233,43.23900377703278,42.84600239015527,42.89422664010509,43.12357893549521,43.671997416572154,42.81525608364106,43.34604228481162,43.20906337830816,42.88468031729296,43.181174395956404,43.45788854246496,43.27275369596575,43.33609447309873,43.38370880284557,43.444442402593054,42.927689249998735,38.166381963948474,37.655015780695656,37.68694905668952,38.54303433193775,39.58993830352106,40.52008411459641,41.27046805515667,41.55647936102247,42.07943052385342,42.75417897268727,43.41177326408772,42.38790168984247,41.51007079028919,40.43488940161307,40.48234085331239,40.07570623155559,40.761478952255686,41.15980930876751,41.93928604909881,41.9906443564143,42.455563466290236,42.15574670054927,42.23561227539796,43.08665765106769,42.87216075717043,42.86979082946249,43.28431581558442,43.37348687953343,42.97354697221706,42.88912762403086,43.00739791833784,43.25649383691835,43.00261608187145,43.02649868779292,43.064405824157625,43.478008941818494,43.29215475826707,43.072068208737186,43.52091076662863,43.08213513150273,42.98506526861839,42.98957712579541,43.23291138095302,43.53371455308182,43.46746214948097,42.874957674725415,43.04193480376967,43.11643714738222,43.06090811144246,42.341447474553846,43.12731051094928,42.9573364346173,42.99751427264243,42.97989938312073,42.66821092748054,42.75279661297793,42.70031412183024,42.95578432446347,42.710406789237325,43.07753090632234,42.62544611747003,43.13321622273334,42.84553249657344,43.02208741254368,42.51105169201384,42.76308068424511,42.83010337744679,42.648664674871426,42.589928287431576,43.34439777749715,42.71300971647399
58,44.86516470037277,45.390681653460305,44.774161480788784,45.203749810997486,45.05073897675411,45.25256867197194,45.37360478994576,45.607300896105656,44.955413196518705,45.30832307127998,44.971129656958716,45.638872118087356,45.0218466956739,45.209657599254456,45.11413996905339,44.69439702020744,44.886778436029516,45.392728550807355,45.114586014833684,45.03218404097204,45.03266917843324,44.95294212510324,39.13380069868971,39.12070256280066,41.095470078969065,43.7474377697756,44.5441234706961,44.96102065448032,44.84830635425431,44.92186693157252,44.921549603423706,45.22219392875233,40.97434876588566,39.38748644927986,39.18891998618791,39.42044279788053,38.95408348549685,39.386602138063445,38.83227139291777,39.032524081055335,39.210424635249574,39.36361345927486,39.00319212038601,39.656624529277,38.936562553920375,38.92147819311558,39.48994030698536,39.25156309321726,39.03688231765653,39.18608850686948,39.41800326186248,39.65863355891683,38.84948199650325,39.08388022771117,39.218778715096846,39.216178872794906,38.916385107585675,38.83717395840582,39.5868858248619,38.836672868246694,38.71524823436378,39.29606290672633,39.38654810825106,38.69148428324184,38.69103944480591,39.27538348735401,39.44978869021935,39.492610637249065,38.89453208991445,38.94964384834311,38.8467902667965,38.908682072353194,38.49021963157073,39.222449138729914,39.01296166256682,38.98589411278677,38.90932499557972,38.835055340788244,39.12532613537292,38.79881528354638,39.013847486926736,39.12370291446502,39.10206852766323,39.09492313444278,39.26766183538474,39.11820354692799,39.042762483380244,38.39402760309933,39.10214921725155,39.009467867105116,38.99225207848164,38.192174640633006,39.29085055711034,38.93491433598789
59,38.14060950018066,38.58039401241767,38.50817153680691,38.4813475661005,38.20065887980978,38.340060369456424,38.54367210269528,38.249618124691594,38.04144095154709,38.308573374730905,38.0989475759268,38.47786620522661,37.878914655602145,38.08040876662708,37.9727029792352,37.728239978411125,37.957996159581064,38.244529754871714,38.15917267293295,38.144213783730464,37.9471330764322,37.801685973357735,37.76989804285982,37.99568027087402,38.37028991406857,37.77521696594346,37.5659905131937,37.54146877116395,37.634125436548814,37.727144899256146,37.53378199645607,37.658910598728845,38.24004532689164,38.79102465379421,38.176493800267664,38.96102680227602,38.02633395390413,38.0676183220291,37.49621848423521,37.74153927717156,37.81640182679646,37.70426524900587,37.594863719879434,38.141270263981006,37.42374497010222,37.4122385942197,37.83114508186752,37.595383367454865,37.551519364913815,37.56623295540369,38.23167905859322,38.1136229446267,37.24696155719812,37.45462147030445,37.612087734582246,37.521514538694234,37.566693917254675,37.3864773923185,37.84279265526998,37.57247470699781,37.427060137513116,37.824659469132364,37.56326675121143,37.21536712833051,37.136755949537665,37.531940672439724,37.73410725639177,37.91105106080779,37.544813581171134,37.57658412364063,37.25627238816574,37.25902950984274,37.00486741335621,37.54925957470928,37.59148353247719,37.4880551242295,37.15826455667492,37.052171456115495,37.445793483878546,37.204676460170624,37.30198065551019,37.24188363725613,37.406916933148096,37.292841503399586,37.464437449095044,37.39543107973773,37.36119517267676,36.734069043369296,37.53954850946263,37.34930485346518,37.155131083227275,36.48249617176213,37.59258731637237,37.18560637856314
60,42.29620757096259,42.66143017005476,42.418059882563036,42.77222810058069,42.63585338123395,43.068329860524216,43.182807652036196,42.82507797276298,42.61609079205162,42.790677669291696,42.56739428383419,42.982764203143326,42.373815493534906,42.55936829415885,42.66283691219312,42.42616998385064,42.62144446574366,42.72829264968079,42.70889627599664,42.59809711404214,42.47938849780281,42.70512365435523,42.67425943962249,42.11728530000594,41.536646860457545,41.050891374004706,41.17644480032612,41.54996951766338,41.67216045101357,41.87568060595708,42.10897197161804,42.25781583126104,40.73333424949107,38.45833089610869,38.40001863627012,39.48115947390895,38.86549535106707,40.3465414726588,41.02208433863409,41.93378107824282,42.58323653972951,43.00301260010243,43.00266332469201,43.81963178211468,43.30096422866383,43.276367275479245,43.85550633836111,43.80906939314034,43.59342540041281,43.82306889947383,44.3691525580874,44.232706491397614,43.62597775457211,44.05520051902251,43.963510407239916,43.78610560827111,43.76934339634213,43.74839676096633,44.08148516083682,43.84987087915783,43.592366457000736,44.05122891753152,43.76765773178208,43.39841677330072,43.39020754899274,43.84254737139239,43.687079030209546,43.9481591380035,43.27036405501416,43.556892130092514,43.29142068616031,43.145784001727826,42.88088197865692,43.203781485951936,43.381747886351654,43.43654809977524,42.891014969519745,42.859269296357645,42.97479654613774,43.00638653558007,43.11965225028788,42.81985963686184,42.8495648582731,42.84162565392229,43.06552733962183,42.788076531643135,42.593710266523686,42.05995879463383,42.71430570469611,42.550710991107664,42.36539964906997,41.95663876582752,42.994869771689416,42.37491127574843
61,41.250688050933405,41.62640783476167,41.56787445224397,41.862484545022106,41.54503922525063,41.96719362420427,41.902789291300564,41.9995874896625,41.786030826190185,42.23402082070931,41.88297983251044,42.21984529920504,41.59429547565039,41.96275560858788,42.05007311391155,41.68925407786256,41.696089534167584,41.971622405916925,41.91117692753255,42.10938427689914,41.81780019051491,42.3191591080368,40.95022440207762,37.793814909819524,38.29411814484399,38.58717074975205,38.955392021144775,39.40918063548618,40.02196022113346,40.550145114193306,40.7017866241552,41.296272098803605,41.80781122265636,42.50419555336127,40.59499740060185,40.25102450332824,40.005355681394164,40.34920463444224,39.84548753132526,40.196391537234135,40.571724069917146,41.033630058856126,40.88912673646223,41.6284881382881,41.28153082482709,41.10353309187574,41.976141347721416,41.364725808796166,41.813331440695485,41.77273844974816,41.87473599555646,41.961919686162055,41.409950138026694,41.62667845293397,41.58105627145857,41.67959525009904,41.466968490454335,41.45265305835583,41.935620223469996,41.4095797125562,41.33705909763144,41.85907230922531,41.744150015693705,41.179248176930756,41.53158670320096,41.81935607790368,41.709495815029705,42.060178707592264,41.57598243637134,41.61521966983146,41.63026625813099,41.399451140511445,40.9804325094732,41.5909869606718,41.96687073648675,41.6088524217324,41.32363151406226,41.4673624627333,41.3468321803949,41.27307619521396,41.438003391032545,41.554447501927726,41.560028406142,41.564624747498826,41.74522290207352,41.46102519635115,41.38051291862818,41.107491941525886,41.83942350715284,41.37968399075603,41.19589200353131,41.015420232206225,41.80596406707305,41.439514782407706
62,39.52645726425907,40.1211294267175,40.20444451077658,40.1694466188633,39.93809242991415,40.36226020676618,40.33525785463722,40.334831845098975,39.90868962103385,39.87397339975815,40.06178239300667,40.502279216741435,39.94958507104689,40.075719973170195,40.05890258575958,39.763540026168485,39.919726587946954,40.32207930774508,40.19785719834241,40.21643920108887,40.216585327656375,40.18075511163383,40.42573469572101,39.93278317936589,40.076286666727306,39.30111813698294,39.288118643411025,39.58286101893164,39.77323836237015,39.90827441482563,39.931009420212554,40.02420822991642,40.64440215134097,40.13689407497444,38.437726104597296,39.08957499889408,38.43796652060017,38.94930721201519,38.96040590457739,39.69900660044207,39.91195171350475,40.046822974472214,40.053731614876654,40.560499448341055,39.900745457267305,39.7539611977853,40.20144332441886,39.92523660156007,40.11761091514776,40.16609010816444,40.34325722491919,40.27082306825535,39.716121039379686,40.071767376143974,39.86680246017511,39.70480033722911,39.744540473393315,39.612514366749366,39.93728047901179,39.64542772873374,39.52685006329197,40.02019986674458,39.83498967164047,39.349416916865856,39.42138426153851,39.74224469032006,39.820422135530514,40.012112181946605,39.4924402401416,39.683692406911675,39.442020779826294,39.20165538829486,39.15443479124017,39.55638859613101,39.58346190723814,39.6894722591915,39.31881829359382,39.17595856319435,39.68482882104352,39.33928369097897,39.60791959144616,39.42092460308624,39.682126047246996,39.784909988200326,39.63302674012613,39.576325920328806,39.372275307743664,39.093573451258706,39.717792150707126,39.697142137061114,39.298568186559024,39.01400886681086,39.97268900490731,39.24613736080437
63,39.62438609645295,39.86069795453734,39.52792328565339,39.88369765294475,39.72129975026224,40.16523663470659,40.25805867742561,40.084111695641255,39.749331797432106,40.07883981228267,39.98441687475912,40.374518598969885,39.63948841259258,39.77176192045087,39.88042555081919,39.759313193940926,39.846402022283776,40.06754125700916,40.00966230259159,40.099366054624234,39.81093221943967,40.00766371054208,39.921513782669365,39.205622139676066,39.32466706460718,38.9325680927905,39.151507469860576,39.2609821178782,39.19430115041767,39.576482698708105,39.562769041025774,39.443361736749885,38.74210643495018,38.44696762254966,38.39229040055114,39.156448996600375,38.16642568021707,38.995153952299326,38.76987618542414,39.135286829185254,39.3560413591431,39.58268915602933,39.25811583459525,40.04119896416906,39.339816794155475,39.3311413483694,39.696760120338915,39.62986251861384,39.588039965958515,39.63433489246959,40.07158901895319,40.03888958450927,39.31740618566197,39.484062181855315,39.676843856467116,39.55378359507985,39.54517344860637,39.36961742021346,39.95628615971738,39.50510483915992,39.44554192817277,39.92913108191468,39.562384108714205,39.26104188524357,39.30108001614968,39.63761556581163,39.82188870690863,40.02407658586021,39.393761474526244,39.35395934923963,39.34597735746426,39.18640473453903,39.16084420426498,39.49229280032836,39.57377856138247,39.63202097106243,39.36298423589878,39.22552326210482,39.28213090833848,39.095561839338195,39.30882067259303,39.26386252796469,39.52967347095463,39.45056611975929,39.51522339529714,39.27197256427802,39.409111997312856,38.989646068836024,39.46707482926573,39.465878226567526,39.437886524806366,38.58114118216122,39.52772288241828,39.19501149476787
64,38.577127545354614,39.16299689935026,38.596077912586786,38.935556660043325,38.76049791294462,39.14233539753794,39.415037049829216,39.14662930278128,38.62271055901423,38.96602192273519,38.8124612642578,39.440857447871075,38.52729234923896,38.88028177128508,38.867369189659726,38.757971105102435,38.9627183837106,39.130352848012144,38.87014922634676,38.99107125576131,39.11512692381159,39.11364187649649,39.212674235433866,38.890311415072894,38.79300817838449,38.52637687014439,38.60505925462369,38.69944488529413,38.79563302471077,38.86677187431746,38.767664590682685,38.74963016806556,39.08392552333678,38.34049020596294,37.7383704265273,38.48621185486415,38.09717113935981,38.593129874307586,38.404597942499464,38.79585424418289,38.939226921916,38.97711599611756,38.832915394211,39.465949732667475,38.59129216613221,38.57537995018242,39.03384044799159,38.64077958228938,38.75740774230315,39.067739998374975,39.29380994797826,38.93211536065616,38.53296252236764,38.64401061981888,38.92769625666483,38.961260756097126,38.609127127841155,38.65440972988476,39.017637989085664,38.954993777770206,38.40637109563464,39.01238594003103,38.649020370803285,38.42361736406986,38.486263220554754,38.73985989578302,39.035843404834665,39.08810605355924,38.350113246665266,38.57533367269138,38.58696018510852,38.59252739958739,38.18589949867121,38.540894836687855,38.69815665829203,38.79574314797513,38.29890488586407,38.42420068246472,38.35501542427893,38.48246918272589,38.458807165854985,38.272834261699494,38.50116539511149,38.366795011426866,38.895892248094135,38.444239116289715,38.33236705565559,37.88050807926516,38.61216975267001,38.386520625034294,38.30395353821964,37.92769260265277,38.72149030189274,38.169389208137304
65,44.899560091342394,45.491366711293104,45.345101464390375,45.51476186280712,45.18424788677855,45.42351348097513,45.5346969456749,45.43104830437033,45.171357225983726,45.47139840591034,45.36487653948266,45.8543797801915,45.17816937989203,45.30059659119235,45.28438366597632,45.15776685340092,45.05482774894941,45.40603670513497,45.39502902672231,45.30967507833386,45.35573589080476,45.262701801478094,38.05711439201443,37.62482992600621,39.156943269343465,39.664251470194955,40.34715997122739,40.93947275155913,41.868878494714956,42.41635669573398,43.03044165716341,43.32963703635225,43.9190362059226,44.44261041930594,41.332048723468795,41.066315838592345,42.06175914328289,42.37966509854556,41.95583004875316,42.361011928947185,42.8123202246529,43.21123362642943,43.323660881708285,43.89156842012846,43.36713630660426,43.64148778742384,44.16464186179698,43.845919793615614,43.976131365745985,44.09053198492132,44.53435366235622,44.688232300136846,43.8573514525697,44.05256089788375,44.21192845092171,44.19826798267669,44.06594700732406,44.02557731996657,44.62207812916851,44.05035030644263,44.02332484583152,44.7201909245266,44.28987200817311,43.92440254846478,43.942535160327,44.121018713228274,44.38654628207989,44.49439571952847,43.89073222229262,44.280859799350736,44.154442972159906,44.17711038770271,43.64754716106461,44.22883416922224,44.296354712985476,44.33154211048931,43.94888032433228,43.96660774778775,44.36065032901281,43.90458613594477,44.09586022028174,44.08620014598044,44.09254646084587,44.06897427621096,44.264519877375456,44.00430767236628,44.03642278796259,43.63751586012788,44.23941045721014,44.22795168629689,44.06281499279166,43.56940271270805,44.460358634918094,43.8915513080834
66,38.10317423726858,38.802178158666514,38.635098277511545,38.5503446245027,38.40394826350301,38.9766511485498,39.22771975332679,38.88097698547383,38.613226314559356,38.96064158346581,38.591153397229085,39.044199522122845,38.44668530278781,38.62895108732097,38.69260749103557,38.375269107688936,38.63418240794519,38.758785313136485,38.73273772967636,38.70346407253013,38.58430438647778,39.05475651650631,39.028429223027466,38.496388227755105,38.88334890012143,38.47626341035293,38.28515207765909,38.533970275651264,38.36275177983168,38.611599174565896,38.71168819552661,38.662898832554006,39.12613378563722,38.85426149622979,38.15268715477358,38.838877384341544,38.00827902259799,38.34053479194487,38.40635839406345,38.51556617175662,38.88614030220706,38.877847175008625,38.47367185092154,39.10180557587829,38.38641629086644,38.34258577951677,38.998110369820466,38.61002800489151,38.583926543342464,38.54345381014588,39.166513951452146,38.97256159141116,38.49851152463632,38.60535815452466,38.576973396579994,38.534445679712974,38.60702369603007,38.3853714998063,38.75814224270566,38.34052632245153,38.42361124102429,38.812474939986934,38.70742148691468,38.264641894784,37.9202211126476,38.425271615084625,38.647422040657744,38.79468213487049,38.34113820319797,38.469000505107786,38.41103516047509,38.14962162483772,38.02830684427315,38.232896922904224,38.34072300337951,38.564844347906416,38.098959855131106,37.957763842350595,38.44147151731478,38.10979890367499,38.41593870274247,38.22027277688594,38.46277211583626,38.36710444897962,38.34306256100518,38.27178758470946,38.195856807757714,37.797427856119896,38.38748796517894,38.28767151786164,38.10660484151286,37.64951350268744,38.6563275794353,38.21525619138846
67,38.0104085461742,38.90917288965293,38.372605783354985,38.584116126950775,38.63024898483571,39.28185860260232,39.50649215404012,39.07676714935182,38.757889600913316,38.912811252249675,38.74773738106926,39.30589608489427,38.77410149045315,39.07124821041602,38.98763893950664,38.72038230583526,38.88950846011196,39.075836060351286,38.81797324302537,39.07125374571955,38.927380117287925,39.30411730959181,39.31055926585258,38.58217260462388,39.00298623637799,38.548250216760295,38.35559456613891,38.99004098486944,39.010699080714936,38.79758371964505,38.816246445602694,39.18693485677449,39.51382984359077,39.056589302908655,38.31427329052148,38.67526595215628,37.96915009827684,38.98158983419905,38.64748073966153,38.764122005183005,39.14083906992409,38.902696930497626,39.34189966196295,39.37906293381298,38.76288764570241,38.92263859283089,38.99554393377163,38.947737897614275,39.31861876580065,38.96031575876058,39.48702660114413,39.54361278365327,38.715869336995226,39.06688984359157,39.010824858870336,39.30479541340821,39.22975555440358,38.75799290207548,39.30827971184914,38.9012120601428,38.81710447460857,39.257584944491526,38.9627170678445,38.38073785188376,38.692370882052714,39.07604031454746,39.200474502586545,39.19886238951557,38.64613421580647,38.93981185016513,38.75055174773771,38.787875717634584,38.47398567342722,38.80935842647835,39.137617572540336,38.8040530785595,38.607475858050876,38.59368287214276,38.672481646942785,38.60368516463143,39.16655173484829,38.551694920750315,38.78143528943535,38.856829512931974,38.858682891589424,38.4596215174468,38.55607512256727,38.11667200864252,38.777752476480124,38.87243412869731,38.40806663644408,38.219313369976796,39.11961282113198,38.571835746834516
68,42.10136381696894,42.65871164181367,42.228464946161004,42.42784297724466,41.99265845835953,42.41329506124541,42.25528542278481,42.29055877590555,42.12758842300379,42.317710812200815,42.30191219637782,42.65195415217723,42.12606212369707,42.107701693254384,42.12369740739963,41.905051640846686,41.96011504756278,42.32851326289782,42.36735707882731,42.22253905708147,42.209463126564714,42.26501706157258,37.897044498305895,37.40106431991359,39.021345345360984,39.04873906153049,39.33322196053765,40.002433114237924,40.21963710635537,40.62913932606692,40.82064035880736,41.090979577230826,41.66758195704786,42.007072453504605,39.49546753609964,39.994523580737976,40.58200950269551,40.57123509049139,40.15677544635827,40.27276142707668,41.03243990535279,41.140921671360665,41.08654607386202,41.56613883682009,40.99985305498919,41.07378667605267,41.563176027430686,41.18739058503977,41.38153165511149,41.33020163832093,41.75431573832207,41.87643782861749,41.17334866721242,41.471123873863434,41.38181375739647,41.574047787604385,41.47775247892898,41.094834197659466,41.822213517240804,41.318501894449696,41.18919630770013,41.73474883141369,41.64871346512635,41.23338417954415,40.95445480038784,41.59503856605058,41.679198075570646,41.87500524070621,41.52552481187956,41.673930812825276,41.61093680644371,41.305096224780456,40.827942739263975,41.62173738836097,41.3765195494832,41.4807555726075,41.15624499432305,40.99233856151358,41.4535990913897,41.1966231812833,41.296398762237494,41.168968292560216,41.416762309121616,41.3053719020307,41.63440107616071,41.33510685095508,41.2659400287301,40.91290344780266,41.43344157662686,41.531997352153894,41.2100290951351,40.926006209277766,41.63977992126091,41.14691481315675
69,38.907071969008015,39.591873944338865,39.89814509110811,39.59061446562956,39.483834727972344,39.98206434112531,40.17532344995559,39.95786713998872,39.67063100483252,39.820876535889944,39.86577678146441,40.259962176750925,39.571599504579744,39.561566790908635,39.730174864527996,39.47513838342493,39.62646771670535,39.97501697662058,40.061985067166674,39.84946934226231,39.70109412475179,39.88100687108515,40.10640324102703,39.4676987829726,39.31975329773189,38.52499154881078,38.94025283397511,39.24144506890221,39.27410420638633,39.506514349959694,39.6567606807303,39.628407444316665,40.36438197303785,40.559947400738594,38.31939133382089,39.081911692964674,38.426809920030415,38.84497408386399,38.850047530986856,39.383887759884225,39.7028319635066,39.8537182018979,39.6485216754013,40.27438710418738,39.76704852814781,39.53083082101597,39.94122406728254,39.68689158446379,39.86664116852764,39.66055071844244,40.17158555952488,40.09828000843079,39.60659670787097,39.687119345786606,39.57224257963222,39.54802958645598,39.59790807488784,39.60747303073076,39.907643041194476,39.57596990191021,39.38204421160316,39.84154921730302,39.759763261461515,39.27893745103291,39.35661810164795,39.51202189527692,39.75941291839248,39.856971299155184,39.328620152398685,39.23184349479732,39.30381601016176,39.181606956510926,39.070395871563164,39.37496710254089,39.495159993280076,39.2740508322298,39.120905816254776,38.95122965416848,39.50151523862258,38.980553510659846,39.19431791426906,39.1489212801797,39.425784763434685,39.45277875332891,39.606146986819425,39.119494475555626,39.15695343120294,38.66408209693413,39.329690524493195,39.265964477713126,39.34223633208233,38.65620137289338,39.618292696614226,39.24720317215037
70,38.38547534068211,39.46866244930708,39.04489846261855,38.83218010969725,38.88975412524207,39.342709834616116,39.410316169536415,39.253470545335546,38.77781979840413,39.46167478244503,38.96234292848732,39.463308384154615,38.662965711398485,39.13302406032439,39.075886935061234,38.86183396212816,38.79529721846264,38.86905218755482,39.37969456538867,39.14610121333272,38.854132277030274,38.83400010094117,39.46081493331927,38.69694913852159,39.24569072387129,38.64452179184863,38.7147965805965,38.74148734223649,38.62354482995375,38.97379465861165,38.90373264477244,38.9266106492193,39.35648709607169,39.60521647310398,38.36635164078808,38.998397943290406,38.27579058495552,38.807564375524365,38.19373307586379,38.74070001911692,39.34925906542907,39.22293072698176,38.8708916281719,39.281084423780044,38.40237075131044,38.61494674783869,38.97257407156899,38.70119770688569,38.712573163556875,38.56128342934514,39.20061817018653,39.50609029824204,38.45611773790855,38.6708688314217,38.61101710470296,38.66457254434268,38.62241474159467,38.52789697871706,38.65538488183577,38.739924160998505,38.30842535298337,38.99906084946343,39.039407833430786,38.186206238287525,38.182090464239664,38.61514405990573,38.662812741447325,38.97598754052308,38.283786095846025,38.306533334552924,38.339209688847106,38.060820985808455,37.99523078844161,38.52209348565044,38.368741530525355,38.54112623095139,37.859773101233834,37.900407312626015,38.40782502186047,38.28144720657161,38.255996323590665,38.2730179993277,38.52118239986121,38.28301780457398,38.460395905675895,38.21204028005861,38.25260552042614,37.81481146392655,38.12526940684386,38.17019945278689,38.094804998658276,37.601377221762114,38.3796902029513,37.90048831573222
71,44.46925791790932,44.80936648263155,44.33542469174389,44.37686322969973,44.219049406718455,44.287982864787814,45.05638614707525,44.24516165369885,44.107327693760524,44.49675584065005,44.18853166096128,44.17461955669616,44.19951151051508,44.50506395205233,44.276157299976596,44.02384995113587,44.18659524713309,44.57429274625923,44.02637799555998,44.30164667942252,44.59481461132215,44.23070302467732,38.06551774133804,37.77286150389563,39.62327709928157,39.499549621226286,39.75174281704684,39.923539935548014,40.7389908543422,41.007237658780426,41.56662880761678,41.74466543462703,42.387509813553066,42.837881895788314,39.860750534912434,40.824581094189185,40.95570459984864,41.41040505754319,40.924603620328995,40.96976121925218,41.70631599768075,41.648201520061846,41.8825263952,42.12246606233002,41.535562855102924,41.74175284163959,41.97494979724935,41.76005793349026,42.47863025704438,42.27592707589676,42.603939466694776,42.766497249450715,42.39461604587581,42.06233988086197,42.1839374979281,41.96463789409575,42.09190880651208,42.29762620781083,42.76229795941779,42.54523394046524,42.22964122072851,42.53740001633215,42.43701956315242,41.67020942146648,42.10683588400601,42.352708491264295,42.33550271367047,42.610716756774096,42.49487841470523,42.24162822378904,42.626345124155556,42.2757995862795,41.72213961524442,42.41358785611214,42.435551512339,42.34843722304269,42.239349802584044,42.21454762364764,42.23190922003148,41.78479194282295,42.51921131731321,42.18408224522943,42.38287664571992,42.1493480934171,42.518885312562944,42.17231282457339,41.977819296784986,41.92128626186151,42.14215507831731,42.461009771192934,42.53516194589577,41.66298930359515,42.46378375225953,42.1578207753351
72,39.53075855115523,40.342174258091916,40.46086296975891,40.45215279504635,40.10358969084592,40.76048541960836,40.78386116248726,40.648621118782444,40.187335980110205,40.32995506526533,40.336252593851995,40.929102612373384,40.13630224761008,40.3635331471266,40.38221646166137,40.18727082237146,40.269400951863446,40.81568057915105,40.52872703301455,40.603992146227114,40.42846273546477,40.6536862458524,40.61507719362263,39.43187809594048,39.25178601157802,38.8923303350672,39.11005128413898,39.62106066809058,39.91649587541649,40.27817861943225,40.349493612556564,40.365213442241,41.01112188943335,40.8022717389367,38.41740047349686,39.30425833386429,38.649743589467164,38.92957465139546,39.11451265545265,39.85255933396883,40.30464826246473,40.75235387490789,40.40173267293399,40.94257424370887,40.15910891776521,40.24474541672278,40.58346665479094,40.39849103363006,40.476659527144584,40.56734921634501,40.999555980564615,40.67468003397,40.322303807885554,40.30831599469145,40.47132642515062,40.160762682491516,40.32761167813289,40.26770954083874,40.54859329589903,40.25372411233573,39.947185663618605,40.712076054602896,40.31557474650922,40.007678149142066,40.0612911615218,40.4312835814679,40.53646414121216,40.536813352389046,40.03762170677857,40.13711740785035,40.077858781132164,40.241639438416804,39.99470646936155,40.21315298242014,40.53846129079171,40.40767554098555,39.916670047199574,39.92573135194163,40.32489131745229,40.075519785780024,40.26491913006739,40.01423612091357,40.403454549297486,40.33512545968442,40.48560828976703,40.071548413795135,40.17336112087567,39.775150009023186,40.33482453763718,40.360633398900696,40.2134388428881,39.57809661845208,40.497265814664075,40.218282181043556
73,40.07813584288528,40.91513874598897,40.89191979450997,40.97205206680054,40.74192939539449,41.32377392033875,41.64473659764034,41.11565012995644,40.96992032734773,41.23808059586947,41.18530355378718,41.428845585986664,40.88010731585947,41.1267542218707,40.97418671726621,40.86815550336358,40.80012311947357,41.152145795362536,41.28750134858838,41.40401509640312,41.14540070027161,41.48049622514406,41.20498198850003,39.59755822069339,39.669507592305244,39.477727487896075,39.63997559276088,40.17481232493707,40.43879091318516,40.779991530150056,41.03556508923825,41.24761068097553,41.71151568678258,40.45011451187213,38.71486477854068,39.430858918122205,38.971717292566424,39.617648765713675,39.88163653640937,40.561538362427534,40.982212009818035,41.55520155648636,41.0687631645761,41.70560540682489,40.80360455015698,40.98120509160498,41.42254033992987,41.13728405417424,41.103822812452904,41.35338149284559,41.46767731336344,41.36017599322448,40.807976573013626,41.00174960187352,40.94080177606019,41.04219296907389,40.91856131670455,40.852415322994794,41.043270293727026,40.85182878629849,40.81864169861741,41.324885137894405,40.97281255060755,40.53925094623434,40.55299298423464,40.96480724899746,40.833202341432845,41.33069045464914,40.54498923849021,40.96660884702457,40.67470965366588,40.48892818323866,40.47379172840199,40.884049484831564,40.939779427069766,40.84011946748202,40.519465951279784,40.342017689501226,40.75077743795289,40.526792209678554,40.51856980987889,40.554244051897,40.702227453530114,40.71557072363439,40.88684179113707,40.45268989770787,40.654562128829824,40.06191766673539,40.81491198222032,40.55991901593648,40.41330489146683,40.00913837973327,40.75158715445745,40.46023847273618
74,44.19498871000844,44.671647861460535,44.820348075050354,45.098287001372505,44.85843801118153,44.803083303821296,45.056478019864265,45.116089931807934,44.77523376209227,45.01627045169234,45.03878020406466,45.51441404632625,44.81208668067349,44.98990491046938,45.00848255886934,44.710231205855635,44.90809458667531,45.066903930584004,44.97443843453599,45.01429452471088,44.893909225825276,45.213485885681905,39.01743974157945,36.997521097697096,38.05564359595055,38.65993182809873,39.51026167820862,40.441159839497566,41.429316426274355,42.4339147450104,42.762499169632605,43.335894675695364,43.81048954076421,44.53056272344174,41.172059238080124,40.7496520375866,41.40335858693119,41.49880956025984,41.42413484280323,42.010549005658945,42.35959187925583,43.0974908603079,43.09678279137612,43.74348865473026,43.47278148981764,43.85752731121278,44.30824557354554,43.72004197091145,44.04168842168325,44.085214261986955,44.43250118479692,44.66950914581113,44.100020565174425,44.293040678901946,44.34609083312924,44.20996528477459,44.13654844727103,44.222442669986584,44.58889684283859,44.2130992017027,44.12370226334485,44.776961866417324,44.379595466137694,43.889710820740625,44.13028266925168,44.1904888519833,44.38080473865994,44.70178253459279,44.149086346854524,44.65634466680367,44.32519147248235,44.11462840430001,44.12857701207177,44.29118743434035,44.39741400134567,44.460560382001376,44.04322925283238,44.00662625816573,44.43572059125472,44.077650870074656,44.41945619848367,44.092936471467695,44.4814043139513,44.1131413103228,44.477166650502106,44.1337618717513,44.12176052889818,43.74181349423104,44.13584313152564,44.19053540030622,44.00234960438851,43.64872788792289,44.44115571733351,44.2854264520065
75,40.45650172260383,41.152322225135364,41.489737375863925,41.28232834588538,41.02140523011932,41.537126079611006,41.63772636862673,41.517527929946965,41.20137742629166,41.511173705508554,41.33312380287116,41.80965539263318,41.112456518270996,41.260233736372854,41.23451948036007,41.06248001861528,41.202358958017875,41.46024051447234,41.43813366424529,41.45628773774895,41.229102099201114,41.41820271997227,41.16350847581707,39.57416374959355,39.37925134013293,39.203450952681,39.525364824607685,40.006236274137216,40.53448940395612,40.89172634028034,41.06038164902187,41.27171876965677,41.767544898063406,41.705642563697616,39.075214342083044,39.70499951760533,39.33252737668793,39.597876299278234,39.57848311469592,40.36098619280208,40.68092380824217,41.03881121174728,40.95012942853932,41.56033044958948,40.99242175820245,41.04049002834649,41.39955343649576,41.1184034720413,41.07956456559197,41.361947564930105,41.597629779065585,41.47659929158109,40.85271318279659,41.100549148680464,40.972964159601304,40.96022147865648,41.11129889181873,41.028680346523515,41.25490207214276,41.14295442498381,40.75114846259543,41.35524883408811,41.232942945035425,40.811657141411125,40.78088118995224,40.98594535518671,41.16998604175888,41.360337201945896,40.76523790738927,40.85639725296832,40.75112535637084,40.81347233736504,40.514584993406466,40.96585232996721,40.98490137808186,41.07029098933487,40.639518346804046,40.53860540622379,40.96602886120976,40.773641993075785,40.89095226342405,40.74152071904167,40.94169426933456,40.850468002856715,41.03736322994803,40.85524953335443,40.69851257896293,40.376709169773534,40.89782781379677,40.724834949392,40.63605391898307,40.314599602745126,40.91927137551788,40.72543180479782
