cell_id,frame,x,y
0,0,1401.0,966.0
0,1,1401.0,966.0
0,2,1401.0,966.0
0,3,1401.0,966.0
0,4,1401.0,966.0
0,5,1401.0,966.0
0,6,1401.0,966.0
0,7,1401.0,966.0
0,8,1401.0,966.0
0,9,1401.0,966.0
0,10,1401.0,966.0
0,11,1401.0,966.0
0,12,1401.0,966.0
0,13,1401.0,966.0
0,14,1401.0,966.0
0,15,1401.0,966.0
0,16,1401.0,966.0
0,17,1401.0,966.0
0,18,1401.0,966.0
0,19,1401.0,966.0
0,20,1401.0,966.0
0,21,1401.0,966.0
0,22,1401.0,966.0
0,23,1401.0,966.0
0,24,1401.0,966.0
0,25,1401.0,966.0
0,26,1401.0,966.0
0,27,1401.0,966.0
0,28,1401.0,966.0
0,29,1401.0,966.0
0,30,1401.0,966.0
0,31,1401.0,966.0
0,32,1401.0,966.0
0,33,1401.0,966.0
0,34,1401.0,966.0
0,35,1401.0,966.0
0,36,1401.0,966.0
0,37,1401.0,966.0
0,38,1401.0,966.0
0,39,1401.0,966.0
0,40,1401.0,966.0
0,41,1401.0,966.0
0,42,1401.0,966.0
0,43,1401.0,966.0
0,44,1401.0,966.0
0,45,1401.0,966.0
0,46,1401.0,966.0
0,47,1401.0,966.0
0,48,1401.0,966.0
0,49,1401.0,966.0
0,50,1401.0,966.0
0,51,1401.0,966.0
0,52,1401.0,966.0
0,53,1401.0,966.0
0,54,1401.0,966.0
0,55,1401.0,966.0
0,56,1401.0,966.0
0,57,1401.0,966.0
0,58,1401.0,966.0
0,59,1401.0,966.0
0,60,1401.0,966.0
0,61,1401.0,966.0
0,62,1401.0,966.0
0,63,1401.0,966.0
0,64,1401.0,966.0
0,65,1401.0,966.0
0,66,1401.0,966.0
0,67,1401.0,966.0
0,68,1401.0,966.0
0,69,1401.0,966.0
0,70,1401.0,966.0
0,71,1401.0,966.0
0,72,1401.0,966.0
0,73,1401.0,966.0
0,74,1401.0,966.0
0,75,1401.0,966.0
0,76,1401.0,966.0
0,77,1401.0,966.0
0,78,1401.0,966.0
0,79,1401.0,966.0
0,80,1401.0,966.0
0,81,1401.0,966.0
0,82,1401.0,966.0
0,83,1401.0,966.0
0,84,1401.0,966.0
0,85,1401.0,966.0
0,86,1401.0,966.0
0,87,1401.0,966.0
0,88,1401.0,966.0
0,89,1401.0,966.0
0,90,1401.0,966.0
0,91,1401.0,966.0
0,92,1401.0,966.0
0,93,1401.0,966.0
0,94,1401.0,966.0
0,95,1401.0,966.0
0,96,1401.0,966.0
0,97,1401.0,966.0
0,98,1401.0,966.0
0,99,1401.0,966.0
0,100,1401.0,966.0
0,101,1401.0,966.0
0,102,1401.0,966.0
0,103,1401.0,966.0
0,104,1401.0,966.0
0,105,1401.0,966.0
0,106,1401.0,966.0
0,107,1401.0,966.0
0,108,1401.0,966.0
0,109,1401.0,966.0
0,110,1401.0,966.0
0,111,1401.0,966.0
0,112,1401.0,966.0
0,113,1401.0,966.0
0,114,1401.0,966.0
0,115,1401.0,966.0
0,116,1401.0,966.0
0,117,1401.0,966.0
0,118,1401.0,966.0
0,119,1401.0,966.0
0,120,1401.0,966.0
0,121,1401.0,966.0
0,122,1401.0,966.0
0,123,1401.0,966.0
0,124,1401.0,966.0
0,125,1401.0,966.0
0,126,1401.0,966.0
0,127,1401.0,966.0
0,128,1401.0,966.0
0,129,1401.0,966.0
0,130,1401.0,966.0
0,131,1401.0,966.0
0,132,1401.0,966.0
0,133,1401.0,966.0
0,134,1401.0,966.0
0,135,1401.0,966.0
0,136,1401.0,966.0
0,137,1401.0,966.0
0,138,1401.0,966.0
0,139,1401.0,966.0
0,140,1401.0,966.0
0,141,1401.0,966.0
0,142,1401.0,966.0
0,143,1401.0,966.0
0,144,1401.0,966.0
0,145,1401.0,966.0
0,146,1401.0,966.0
0,147,1401.0,966.0
0,148,1401.0,966.0
0,149,1401.0,966.0
0,150,1401.0,966.0
0,151,1401.0,966.0
0,152,1401.0,966.0
0,153,1401.0,966.0
0,154,1401.0,966.0
0,155,1401.0,966.0
0,156,1401.0,966.0
0,157,1401.0,966.0
0,158,1401.0,966.0
0,159,1401.0,966.0
0,160,1401.0,966.0
0,161,1401.0,966.0
0,162,1401.0,966.0
0,163,1401.0,966.0
0,164,1401.0,966.0
0,165,1401.0,966.0
0,166,1401.0,966.0
0,167,1401.0,966.0
0,168,1401.0,966.0
0,169,1401.0,966.0
0,170,1401.0,966.0
0,171,1401.0,966.0
0,172,1401.0,966.0
0,173,1401.0,966.0
0,174,1401.0,966.0
0,175,1401.0,966.0
0,176,1401.0,966.0
0,177,1401.0,966.0
0,178,1401.0,966.0
0,179,1401.0,966.0
0,180,1401.0,966.0
0,181,1401.0,966.0
0,182,1401.0,966.0
0,183,1401.0,966.0
0,184,1401.0,966.0
0,185,1401.0,966.0
0,186,1401.0,966.0
0,187,1401.0,966.0
0,188,1401.0,966.0
0,189,1401.0,966.0
0,190,1401.0,966.0
0,191,1401.0,966.0
0,192,1401.0,966.0
0,193,1401.0,966.0
0,194,1401.0,966.0
0,195,1401.0,966.0
0,196,1401.0,966.0
0,197,1401.0,966.0
0,198,1401.0,966.0
0,199,1401.0,966.0
0,200,1401.0,966.0
0,201,1401.0,966.0
0,202,1401.0,966.0
0,203,1401.0,966.0
0,204,1401.0,966.0
0,205,1401.0,966.0
0,206,1401.0,966.0
0,207,1401.0,966.0
0,208,1401.0,966.0
0,209,1401.0,966.0
0,210,1401.0,966.0
0,211,1401.0,966.0
0,212,1401.0,966.0
0,213,1401.0,966.0
0,214,1401.0,966.0
0,215,1401.0,966.0
0,216,1401.0,966.0
0,217,1401.0,966.0
0,218,1401.0,966.0
0,219,1401.0,966.0
0,220,1401.0,966.0
0,221,1401.0,966.0
0,222,1401.0,966.0
0,223,1401.0,966.0
0,224,1401.0,966.0
0,225,1401.0,966.0
0,226,1401.0,966.0
0,227,1401.0,966.0
0,228,1401.0,966.0
0,229,1401.0,966.0
0,230,1401.0,966.0
0,231,1401.0,966.0
0,232,1401.0,966.0
0,233,1401.0,966.0
0,234,1401.0,966.0
0,235,1401.0,966.0
0,236,1401.0,966.0
0,237,1401.0,966.0
0,238,1401.0,966.0
0,239,1401.0,966.0
0,240,1401.0,966.0
0,241,1401.0,966.0
0,242,1401.0,966.0
0,243,1401.0,966.0
0,244,1401.0,966.0
0,245,1401.0,966.0
0,246,1401.0,966.0
0,247,1401.0,966.0
0,248,1401.0,966.0
0,249,1401.0,966.0
0,250,1401.0,966.0
0,251,1401.0,966.0
0,252,1401.0,966.0
0,253,1401.0,966.0
0,254,1401.0,966.0
0,255,1401.0,966.0
0,256,1401.0,966.0
0,257,1401.0,966.0
0,258,1401.0,966.0
0,259,1401.0,966.0
0,260,1401.0,966.0
0,261,1401.0,966.0
0,262,1401.0,966.0
0,263,1401.0,966.0
0,264,1401.0,966.0
0,265,1401.0,966.0
0,266,1401.0,966.0
0,267,1401.0,966.0
0,268,1401.0,966.0
0,269,1401.0,966.0
0,270,1401.0,966.0
0,271,1401.0,966.0
0,272,1401.0,966.0
0,273,1401.0,966.0
0,274,1401.0,966.0
0,275,1401.0,966.0
0,276,1401.0,966.0
0,277,1401.0,966.0
0,278,1401.0,966.0
0,279,1401.0,966.0
0,280,1401.0,966.0
0,281,1401.0,966.0
0,282,1401.0,966.0
0,283,1401.0,966.0
0,284,1401.0,966.0
0,285,1401.0,966.0
0,286,1401.0,966.0
0,287,1401.0,966.0
0,288,1401.0,966.0
0,289,1401.0,966.0
0,290,1401.0,966.0
0,291,1401.0,966.0
0,292,1401.0,966.0
0,293,1401.0,966.0
0,294,1401.0,966.0
0,295,1401.0,966.0
0,296,1401.0,966.0
0,297,1401.0,966.0
0,298,1401.0,966.0
0,299,1401.0,966.0
0,300,1401.0,966.0
0,301,1401.0,966.0
0,302,1401.0,966.0
0,303,1401.0,966.0
0,304,1401.0,966.0
0,305,1401.0,966.0
0,306,1401.0,966.0
0,307,1401.0,966.0
0,308,1401.0,966.0
0,309,1401.0,966.0
0,310,1401.0,966.0
0,311,1401.0,966.0
0,312,1401.0,966.0
0,313,1401.0,966.0
0,314,1401.0,966.0
0,315,1401.0,966.0
0,316,1401.0,966.0
0,317,1401.0,966.0
0,318,1401.0,966.0
0,319,1401.0,966.0
0,320,1401.0,966.0
0,321,1401.0,966.0
0,322,1401.0,966.0
0,323,1401.0,966.0
0,324,1401.0,966.0
0,325,1401.0,966.0
0,326,1401.0,966.0
0,327,1401.0,966.0
0,328,1401.0,966.0
0,329,1401.0,966.0
0,330,1401.0,966.0
0,331,1401.0,966.0
0,332,1401.0,966.0
0,333,1401.0,966.0
0,334,1401.0,966.0
0,335,1401.0,966.0
0,336,1401.0,966.0
0,337,1401.0,966.0
0,338,1401.0,966.0
0,339,1401.0,966.0
0,340,1401.0,966.0
0,341,1401.0,966.0
0,342,1401.0,966.0
0,343,1401.0,966.0
0,344,1401.0,966.0
0,345,1401.0,966.0
0,346,1401.0,966.0
0,347,1401.0,966.0
0,348,1401.0,966.0
0,349,1401.0,966.0
0,350,1401.0,966.0
0,351,1401.0,966.0
0,352,1401.0,966.0
0,353,1401.0,966.0
0,354,1401.0,966.0
0,355,1401.0,966.0
0,356,1401.0,966.0
0,357,1401.0,966.0
0,358,1401.0,966.0
0,359,1401.0,966.0
1,0,1675.0,1894.0
1,1,1675.0,1894.0
1,2,1675.0,1894.0
1,3,1675.0,1894.0
1,4,1675.0,1894.0
1,5,1675.0,1894.0
1,6,1675.0,1894.0
1,7,1675.0,1894.0
1,8,1675.0,1894.0
1,9,1675.0,1894.0
1,10,1675.0,1894.0
1,11,1675.0,1894.0
1,12,1675.0,1894.0
1,13,1675.0,1894.0
1,14,1675.0,1894.0
1,15,1675.0,1894.0
1,16,1675.0,1894.0
1,17,1675.0,1894.0
1,18,1675.0,1894.0
1,19,1675.0,1894.0
1,20,1675.0,1894.0
1,21,1675.0,1894.0
1,22,1675.0,1894.0
1,23,1675.0,1894.0
1,24,1675.0,1894.0
1,25,1675.0,1894.0
1,26,1675.0,1894.0
1,27,1675.0,1894.0
1,28,1675.0,1894.0
1,29,1675.0,1894.0
1,30,1675.0,1894.0
1,31,1675.0,1894.0
1,32,1675.0,1894.0
1,33,1675.0,1894.0
1,34,1675.0,1894.0
1,35,1675.0,1894.0
1,36,1675.0,1894.0
1,37,1675.0,1894.0
1,38,1675.0,1894.0
1,39,1675.0,1894.0
1,40,1675.0,1894.0
1,41,1675.0,1894.0
1,42,1675.0,1894.0
1,43,1675.0,1894.0
1,44,1675.0,1894.0
1,45,1675.0,1894.0
1,46,1675.0,1894.0
1,47,1675.0,1894.0
1,48,1675.0,1894.0
1,49,1675.0,1894.0
1,50,1675.0,1894.0
1,51,1675.0,1894.0
1,52,1675.0,1894.0
1,53,1675.0,1894.0
1,54,1675.0,1894.0
1,55,1675.0,1894.0
1,56,1675.0,1894.0
1,57,1675.0,1894.0
1,58,1675.0,1894.0
1,59,1675.0,1894.0
1,60,1675.0,1894.0
1,61,1675.0,1894.0
1,62,1675.0,1894.0
1,63,1675.0,1894.0
1,64,1675.0,1894.0
1,65,1675.0,1894.0
1,66,1675.0,1894.0
1,67,1675.0,1894.0
1,68,1675.0,1894.0
1,69,1675.0,1894.0
1,70,1675.0,1894.0
1,71,1675.0,1894.0
1,72,1675.0,1894.0
1,73,1675.0,1894.0
1,74,1675.0,1894.0
1,75,1675.0,1894.0
1,76,1675.0,1894.0
1,77,1675.0,1894.0
1,78,1675.0,1894.0
1,79,1675.0,1894.0
1,80,1675.0,1894.0
1,81,1675.0,1894.0
1,82,1675.0,1894.0
1,83,1675.0,1894.0
1,84,1675.0,1894.0
1,85,1675.0,1894.0
1,86,1675.0,1894.0
1,87,1675.0,1894.0
1,88,1675.0,1894.0
1,89,1675.0,1894.0
1,90,1675.0,1894.0
1,91,1675.0,1894.0
1,92,1675.0,1894.0
1,93,1675.0,1894.0
1,94,1675.0,1894.0
1,95,1675.0,1894.0
1,96,1675.0,1894.0
1,97,1675.0,1894.0
1,98,1675.0,1894.0
1,99,1675.0,1894.0
1,100,1675.0,1894.0
1,101,1675.0,1894.0
1,102,1675.0,1894.0
1,103,1675.0,1894.0
1,104,1675.0,1894.0
1,105,1675.0,1894.0
1,106,1675.0,1894.0
1,107,1675.0,1894.0
1,108,1675.0,1894.0
1,109,1675.0,1894.0
1,110,1675.0,1894.0
1,111,1675.0,1894.0
1,112,1675.0,1894.0
1,113,1675.0,1894.0
1,114,1675.0,1894.0
1,115,1675.0,1894.0
1,116,1675.0,1894.0
1,117,1675.0,1894.0
1,118,1675.0,1894.0
1,119,1675.0,1894.0
1,120,1675.0,1894.0
1,121,1675.0,1894.0
1,122,1675.0,1894.0
1,123,1675.0,1894.0
1,124,1675.0,1894.0
1,125,1675.0,1894.0
1,126,1675.0,1894.0
1,127,1675.0,1894.0
1,128,1675.0,1894.0
1,129,1675.0,1894.0
1,130,1675.0,1894.0
1,131,1675.0,1894.0
1,132,1675.0,1894.0
1,133,1675.0,1894.0
1,134,1675.0,1894.0
1,135,1675.0,1894.0
1,136,1675.0,1894.0
1,137,1675.0,1894.0
1,138,1675.0,1894.0
1,139,1675.0,1894.0
1,140,1675.0,1894.0
1,141,1675.0,1894.0
1,142,1675.0,1894.0
1,143,1675.0,1894.0
1,144,1675.0,1894.0
1,145,1675.0,1894.0
1,146,1675.0,1894.0
1,147,1675.0,1894.0
1,148,1675.0,1894.0
1,149,1675.0,1894.0
1,150,1675.0,1894.0
1,151,1675.0,1894.0
1,152,1675.0,1894.0
1,153,1675.0,1894.0
1,154,1675.0,1894.0
1,155,1675.0,1894.0
1,156,1675.0,1894.0
1,157,1675.0,1894.0
1,158,1675.0,1894.0
1,159,1675.0,1894.0
1,160,1675.0,1894.0
1,161,1675.0,1894.0
1,162,1675.0,1894.0
1,163,1675.0,1894.0
1,164,1675.0,1894.0
1,165,1675.0,1894.0
1,166,1675.0,1894.0
1,167,1675.0,1894.0
1,168,1675.0,1894.0
1,169,1675.0,1894.0
1,170,1675.0,1894.0
1,171,1675.0,1894.0
1,172,1675.0,1894.0
1,173,1675.0,1894.0
1,174,1675.0,1894.0
1,175,1675.0,1894.0
1,176,1675.0,1894.0
1,177,1675.0,1894.0
1,178,1675.0,1894.0
1,179,1675.0,1894.0
1,180,1675.0,1894.0
1,181,1675.0,1894.0
1,182,1675.0,1894.0
1,183,1675.0,1894.0
1,184,1675.0,1894.0
1,185,1675.0,1894.0
1,186,1675.0,1894.0
1,187,1675.0,1894.0
1,188,1675.0,1894.0
1,189,1675.0,1894.0
1,190,1675.0,1894.0
1,191,1675.0,1894.0
1,192,1675.0,1894.0
1,193,1675.0,1894.0
1,194,1675.0,1894.0
1,195,1675.0,1894.0
1,196,1675.0,1894.0
1,197,1675.0,1894.0
1,198,1675.0,1894.0
1,199,1675.0,1894.0
1,200,1675.0,1894.0
1,201,1675.0,1894.0
1,202,1675.0,1894.0
1,203,1675.0,1894.0
1,204,1675.0,1894.0
1,205,1675.0,1894.0
1,206,1675.0,1894.0
1,207,1675.0,1894.0
1,208,1675.0,1894.0
1,209,1675.0,1894.0
1,210,1675.0,1894.0
1,211,1675.0,1894.0
1,212,1675.0,1894.0
1,213,1675.0,1894.0
1,214,1675.0,1894.0
1,215,1675.0,1894.0
1,216,1675.0,1894.0
1,217,1675.0,1894.0
1,218,1675.0,1894.0
1,219,1675.0,1894.0
1,220,1675.0,1894.0
1,221,1675.0,1894.0
1,222,1675.0,1894.0
1,223,1675.0,1894.0
1,224,1675.0,1894.0
1,225,1675.0,1894.0
1,226,1675.0,1894.0
1,227,1675.0,1894.0
1,228,1675.0,1894.0
1,229,1675.0,1894.0
1,230,1675.0,1894.0
1,231,1675.0,1894.0
1,232,1675.0,1894.0
1,233,1675.0,1894.0
1,234,1675.0,1894.0
1,235,1675.0,1894.0
1,236,1675.0,1894.0
1,237,1675.0,1894.0
1,238,1675.0,1894.0
1,239,1675.0,1894.0
1,240,1675.0,1894.0
1,241,1675.0,1894.0
1,242,1675.0,1894.0
1,243,1675.0,1894.0
1,244,1675.0,1894.0
1,245,1675.0,1894.0
1,246,1675.0,1894.0
1,247,1675.0,1894.0
1,248,1675.0,1894.0
1,249,1675.0,1894.0
1,250,1675.0,1894.0
1,251,1675.0,1894.0
1,252,1675.0,1894.0
1,253,1675.0,1894.0
1,254,1675.0,1894.0
1,255,1675.0,1894.0
1,256,1675.0,1894.0
1,257,1675.0,1894.0
1,258,1675.0,1894.0
1,259,1675.0,1894.0
1,260,1675.0,1894.0
1,261,1675.0,1894.0
1,262,1675.0,1894.0
1,263,1675.0,1894.0
1,264,1675.0,1894.0
1,265,1675.0,1894.0
1,266,1675.0,1894.0
1,267,1675.0,1894.0
1,268,1675.0,1894.0
1,269,1675.0,1894.0
1,270,1675.0,1894.0
1,271,1675.0,1894.0
1,272,1675.0,1894.0
1,273,1675.0,1894.0
1,274,1675.0,1894.0
1,275,1675.0,1894.0
1,276,1675.0,1894.0
1,277,1675.0,1894.0
1,278,1675.0,1894.0
1,279,1675.0,1894.0
1,280,1675.0,1894.0
1,281,1675.0,1894.0
1,282,1675.0,1894.0
1,283,1675.0,1894.0
1,284,1675.0,1894.0
1,285,1675.0,1894.0
1,286,1675.0,1894.0
1,287,1675.0,1894.0
1,288,1675.0,1894.0
1,289,1675.0,1894.0
1,290,1675.0,1894.0
1,291,1675.0,1894.0
1,292,1675.0,1894.0
1,293,1675.0,1894.0
1,294,1675.0,1894.0
1,295,1675.0,1894.0
1,296,1675.0,1894.0
1,297,1675.0,1894.0
1,298,1675.0,1894.0
1,299,1675.0,1894.0
1,300,1675.0,1894.0
1,301,1675.0,1894.0
1,302,1675.0,1894.0
1,303,1675.0,1894.0
1,304,1675.0,1894.0
1,305,1675.0,1894.0
1,306,1675.0,1894.0
1,307,1675.0,1894.0
1,308,1675.0,1894.0
1,309,1675.0,1894.0
1,310,1675.0,1894.0
1,311,1675.0,1894.0
1,312,1675.0,1894.0
1,313,1675.0,1894.0
1,314,1675.0,1894.0
1,315,1675.0,1894.0
1,316,1675.0,1894.0
1,317,1675.0,1894.0
1,318,1675.0,1894.0
1,319,1675.0,1894.0
1,320,1675.0,1894.0
1,321,1675.0,1894.0
1,322,1675.0,1894.0
1,323,1675.0,1894.0
1,324,1675.0,1894.0
1,325,1675.0,1894.0
1,326,1675.0,1894.0
1,327,1675.0,1894.0
1,328,1675.0,1894.0
1,329,1675.0,1894.0
1,330,1675.0,1894.0
1,331,1675.0,1894.0
1,332,1675.0,1894.0
1,333,1675.0,1894.0
1,334,1675.0,1894.0
1,335,1675.0,1894.0
1,336,1675.0,1894.0
1,337,1675.0,1894.0
1,338,1675.0,1894.0
1,339,1675.0,1894.0
1,340,1675.0,1894.0
1,341,1675.0,1894.0
1,342,1675.0,1894.0
1,343,1675.0,1894.0
1,344,1675.0,1894.0
1,345,1675.0,1894.0
1,346,1675.0,1894.0
1,347,1675.0,1894.0
1,348,1675.0,1894.0
1,349,1675.0,1894.0
1,350,1675.0,1894.0
1,351,1675.0,1894.0
1,352,1675.0,1894.0
1,353,1675.0,1894.0
1,354,1675.0,1894.0
1,355,1675.0,1894.0
1,356,1675.0,1894.0
1,357,1675.0,1894.0
1,358,1675.0,1894.0
1,359,1675.0,1894.0
2,0,2714.0,1692.0
2,1,2714.0,1692.0
2,2,2714.0,1692.0
2,3,2714.0,1692.0
2,4,2714.0,1692.0
2,5,2714.0,1692.0
2,6,2714.0,1692.0
2,7,2714.0,1692.0
2,8,2714.0,1692.0
2,9,2714.0,1692.0
2,10,2714.0,1692.0
2,11,2714.0,1692.0
2,12,2714.0,1692.0
2,13,2714.0,1692.0
2,14,2714.0,1692.0
2,15,2714.0,1692.0
2,16,2714.0,1692.0
2,17,2714.0,1692.0
2,18,2714.0,1692.0
2,19,2714.0,1692.0
2,20,2714.0,1692.0
2,21,2714.0,1692.0
2,22,2714.0,1692.0
2,23,2714.0,1692.0
2,24,2714.0,1692.0
2,25,2714.0,1692.0
2,26,2714.0,1692.0
2,27,2714.0,1692.0
2,28,2714.0,1692.0
2,29,2714.0,1692.0
2,30,2714.0,1692.0
2,31,2714.0,1692.0
2,32,2714.0,1692.0
2,33,2714.0,1692.0
2,34,2714.0,1692.0
2,35,2714.0,1692.0
2,36,2714.0,1692.0
2,37,2714.0,1692.0
2,38,2714.0,1692.0
2,39,2714.0,1692.0
2,40,2714.0,1692.0
2,41,2714.0,1692.0
2,42,2714.0,1692.0
2,43,2714.0,1692.0
2,44,2714.0,1692.0
2,45,2714.0,1692.0
2,46,2714.0,1692.0
2,47,2714.0,1692.0
2,48,2714.0,1692.0
2,49,2714.0,1692.0
2,50,2714.0,1692.0
2,51,2714.0,1692.0
2,52,2714.0,1692.0
2,53,2714.0,1692.0
2,54,2714.0,1692.0
2,55,2714.0,1692.0
2,56,2714.0,1692.0
2,57,2714.0,1692.0
2,58,2714.0,1692.0
2,59,2714.0,1692.0
2,60,2714.0,1692.0
2,61,2714.0,1692.0
2,62,2714.0,1692.0
2,63,2714.0,1692.0
2,64,2714.0,1692.0
2,65,2714.0,1692.0
2,66,2714.0,1692.0
2,67,2714.0,1692.0
2,68,2714.0,1692.0
2,69,2714.0,1692.0
2,70,2714.0,1692.0
2,71,2714.0,1692.0
2,72,2714.0,1692.0
2,73,2714.0,1692.0
2,74,2714.0,1692.0
2,75,2714.0,1692.0
2,76,2714.0,1692.0
2,77,2714.0,1692.0
2,78,2714.0,1692.0
2,79,2714.0,1692.0
2,80,2714.0,1692.0
2,81,2714.0,1692.0
2,82,2714.0,1692.0
2,83,2714.0,1692.0
2,84,2714.0,1692.0
2,85,2714.0,1692.0
2,86,2714.0,1692.0
2,87,2714.0,1692.0
2,88,2714.0,1692.0
2,89,2714.0,1692.0
2,90,2714.0,1692.0
2,91,2714.0,1692.0
2,92,2714.0,1692.0
2,93,2714.0,1692.0
2,94,2714.0,1692.0
2,95,2714.0,1692.0
2,96,2714.0,1692.0
2,97,2714.0,1692.0
2,98,2714.0,1692.0
2,99,2714.0,1692.0
2,100,2714.0,1692.0
2,101,2714.0,1692.0
2,102,2714.0,1692.0
2,103,2714.0,1692.0
2,104,2714.0,1692.0
2,105,2714.0,1692.0
2,106,2714.0,1692.0
2,107,2714.0,1692.0
2,108,2714.0,1692.0
2,109,2714.0,1692.0
2,110,2714.0,1692.0
2,111,2714.0,1692.0
2,112,2714.0,1692.0
2,113,2714.0,1692.0
2,114,2714.0,1692.0
2,115,2714.0,1692.0
2,116,2714.0,1692.0
2,117,2714.0,1692.0
2,118,2714.0,1692.0
2,119,2714.0,1692.0
2,120,2714.0,1692.0
2,121,2714.0,1692.0
2,122,2714.0,1692.0
2,123,2714.0,1692.0
2,124,2714.0,1692.0
2,125,2714.0,1692.0
2,126,2714.0,1692.0
2,127,2714.0,1692.0
2,128,2714.0,1692.0
2,129,2714.0,1692.0
2,130,2714.0,1692.0
2,131,2714.0,1692.0
2,132,2714.0,1692.0
2,133,2714.0,1692.0
2,134,2714.0,1692.0
2,135,2714.0,1692.0
2,136,2714.0,1692.0
2,137,2714.0,1692.0
2,138,2714.0,1692.0
2,139,2714.0,1692.0
2,140,2714.0,1692.0
2,141,2714.0,1692.0
2,142,2714.0,1692.0
2,143,2714.0,1692.0
2,144,2714.0,1692.0
2,145,2714.0,1692.0
2,146,2714.0,1692.0
2,147,2714.0,1692.0
2,148,2714.0,1692.0
2,149,2714.0,1692.0
2,150,2714.0,1692.0
2,151,2714.0,1692.0
2,152,2714.0,1692.0
2,153,2714.0,1692.0
2,154,2714.0,1692.0
2,155,2714.0,1692.0
2,156,2714.0,1692.0
2,157,2714.0,1692.0
2,158,2714.0,1692.0
2,159,2714.0,1692.0
2,160,2714.0,1692.0
2,161,2714.0,1692.0
2,162,2714.0,1692.0
2,163,2714.0,1692.0
2,164,2714.0,1692.0
2,165,2714.0,1692.0
2,166,2714.0,1692.0
2,167,2714.0,1692.0
2,168,2714.0,1692.0
2,169,2714.0,1692.0
2,170,2714.0,1692.0
2,171,2714.0,1692.0
2,172,2714.0,1692.0
2,173,2714.0,1692.0
2,174,2714.0,1692.0
2,175,2714.0,1692.0
2,176,2714.0,1692.0
2,177,2714.0,1692.0
2,178,2714.0,1692.0
2,179,2714.0,1692.0
2,180,2714.0,1692.0
2,181,2714.0,1692.0
2,182,2714.0,1692.0
2,183,2714.0,1692.0
2,184,2714.0,1692.0
2,185,2714.0,1692.0
2,186,2714.0,1692.0
2,187,2714.0,1692.0
2,188,2714.0,1692.0
2,189,2714.0,1692.0
2,190,2714.0,1692.0
2,191,2714.0,1692.0
2,192,2714.0,1692.0
2,193,2714.0,1692.0
2,194,2714.0,1692.0
2,195,2714.0,1692.0
2,196,2714.0,1692.0
2,197,2714.0,1692.0
2,198,2714.0,1692.0
2,199,2714.0,1692.0
2,200,2714.0,1692.0
2,201,2714.0,1692.0
2,202,2714.0,1692.0
2,203,2714.0,1692.0
2,204,2714.0,1692.0
2,205,2714.0,1692.0
2,206,2714.0,1692.0
2,207,2714.0,1692.0
2,208,2714.0,1692.0
2,209,2714.0,1692.0
2,210,2714.0,1692.0
2,211,2714.0,1692.0
2,212,2714.0,1692.0
2,213,2714.0,1692.0
2,214,2714.0,1692.0
2,215,2714.0,1692.0
2,216,2714.0,1692.0
2,217,2714.0,1692.0
2,218,2714.0,1692.0
2,219,2714.0,1692.0
2,220,2714.0,1692.0
2,221,2714.0,1692.0
2,222,2714.0,1692.0
2,223,2714.0,1692.0
2,224,2714.0,1692.0
2,225,2714.0,1692.0
2,226,2714.0,1692.0
2,227,2714.0,1692.0
2,228,2714.0,1692.0
2,229,2714.0,1692.0
2,230,2714.0,1692.0
2,231,2714.0,1692.0
2,232,2714.0,1692.0
2,233,2714.0,1692.0
2,234,2714.0,1692.0
2,235,2714.0,1692.0
2,236,2714.0,1692.0
2,237,2714.0,1692.0
2,238,2714.0,1692.0
2,239,2714.0,1692.0
2,240,2714.0,1692.0
2,241,2714.0,1692.0
2,242,2714.0,1692.0
2,243,2714.0,1692.0
2,244,2714.0,1692.0
2,245,2714.0,1692.0
2,246,2714.0,1692.0
2,247,2714.0,1692.0
2,248,2714.0,1692.0
2,249,2714.0,1692.0
2,250,2714.0,1692.0
2,251,2714.0,1692.0
2,252,2714.0,1692.0
2,253,2714.0,1692.0
2,254,2714.0,1692.0
2,255,2714.0,1692.0
2,256,2714.0,1692.0
2,257,2714.0,1692.0
2,258,2714.0,1692.0
2,259,2714.0,1692.0
2,260,2714.0,1692.0
2,261,2714.0,1692.0
2,262,2714.0,1692.0
2,263,2714.0,1692.0
2,264,2714.0,1692.0
2,265,2714.0,1692.0
2,266,2714.0,1692.0
2,267,2714.0,1692.0
2,268,2714.0,1692.0
2,269,2714.0,1692.0
2,270,2714.0,1692.0
2,271,2714.0,1692.0
2,272,2714.0,1692.0
2,273,2714.0,1692.0
2,274,2714.0,1692.0
2,275,2714.0,1692.0
2,276,2714.0,1692.0
2,277,2714.0,1692.0
2,278,2714.0,1692.0
2,279,2714.0,1692.0
2,280,2714.0,1692.0
2,281,2714.0,1692.0
2,282,2714.0,1692.0
2,283,2714.0,1692.0
2,284,2714.0,1692.0
2,285,2714.0,1692.0
2,286,2714.0,1692.0
2,287,2714.0,1692.0
2,288,2714.0,1692.0
2,289,2714.0,1692.0
2,290,2714.0,1692.0
2,291,2714.0,1692.0
2,292,2714.0,1692.0
2,293,2714.0,1692.0
2,294,2714.0,1692.0
2,295,2714.0,1692.0
2,296,2714.0,1692.0
2,297,2714.0,1692.0
2,298,2714.0,1692.0
2,299,2714.0,1692.0
2,300,2714.0,1692.0
2,301,2714.0,1692.0
2,302,2714.0,1692.0
2,303,2714.0,1692.0
2,304,2714.0,1692.0
2,305,2714.0,1692.0
2,306,2714.0,1692.0
2,307,2714.0,1692.0
2,308,2714.0,1692.0
2,309,2714.0,1692.0
2,310,2714.0,1692.0
2,311,2714.0,1692.0
2,312,2714.0,1692.0
2,313,2714.0,1692.0
2,314,2714.0,1692.0
2,315,2714.0,1692.0
2,316,2714.0,1692.0
2,317,2714.0,1692.0
2,318,2714.0,1692.0
2,319,2714.0,1692.0
2,320,2714.0,1692.0
2,321,2714.0,1692.0
2,322,2714.0,1692.0
2,323,2714.0,1692.0
2,324,2714.0,1692.0
2,325,2714.0,1692.0
2,326,2714.0,1692.0
2,327,2714.0,1692.0
2,328,2714.0,1692.0
2,329,2714.0,1692.0
2,330,2714.0,1692.0
2,331,2714.0,1692.0
2,332,2714.0,1692.0
2,333,2714.0,1692.0
2,334,2714.0,1692.0
2,335,2714.0,1692.0
2,336,2714.0,1692.0
2,337,2714.0,1692.0
2,338,2714.0,1692.0
2,339,2714.0,1692.0
2,340,2714.0,1692.0
2,341,2714.0,1692.0
2,342,2714.0,1692.0
2,343,2714.0,1692.0
2,344,2714.0,1692.0
2,345,2714.0,1692.0
2,346,2714.0,1692.0
2,347,2714.0,1692.0
2,348,2714.0,1692.0
2,349,2714.0,1692.0
2,350,2714.0,1692.0
2,351,2714.0,1692.0
2,352,2714.0,1692.0
2,353,2714.0,1692.0
2,354,2714.0,1692.0
2,355,2714.0,1692.0
2,356,2714.0,1692.0
2,357,2714.0,1692.0
2,358,2714.0,1692.0
2,359,2714.0,1692.0
3,0,1843.0,2189.0
3,1,1843.0,2189.0
3,2,1843.0,2189.0
3,3,1843.0,2189.0
3,4,1843.0,2189.0
3,5,1843.0,2189.0
3,6,1843.0,2189.0
3,7,1843.0,2189.0
3,8,1843.0,2189.0
3,9,1843.0,2189.0
3,10,1843.0,2189.0
3,11,1843.0,2189.0
3,12,1843.0,2189.0
3,13,1843.0,2189.0
3,14,1843.0,2189.0
3,15,1843.0,2189.0
3,16,1843.0,2189.0
3,17,1843.0,2189.0
3,18,1843.0,2189.0
3,19,1843.0,2189.0
3,20,1843.0,2189.0
3,21,1843.0,2189.0
3,22,1843.0,2189.0
3,23,1843.0,2189.0
3,24,1843.0,2189.0
3,25,1843.0,2189.0
3,26,1843.0,2189.0
3,27,1843.0,2189.0
3,28,1843.0,2189.0
3,29,1843.0,2189.0
3,30,1843.0,2189.0
3,31,1843.0,2189.0
3,32,1843.0,2189.0
3,33,1843.0,2189.0
3,34,1843.0,2189.0
3,35,1843.0,2189.0
3,36,1843.0,2189.0
3,37,1843.0,2189.0
3,38,1843.0,2189.0
3,39,1843.0,2189.0
3,40,1843.0,2189.0
3,41,1843.0,2189.0
3,42,1843.0,2189.0
3,43,1843.0,2189.0
3,44,1843.0,2189.0
3,45,1843.0,2189.0
3,46,1843.0,2189.0
3,47,1843.0,2189.0
3,48,1843.0,2189.0
3,49,1843.0,2189.0
3,50,1843.0,2189.0
3,51,1843.0,2189.0
3,52,1843.0,2189.0
3,53,1843.0,2189.0
3,54,1843.0,2189.0
3,55,1843.0,2189.0
3,56,1843.0,2189.0
3,57,1843.0,2189.0
3,58,1843.0,2189.0
3,59,1843.0,2189.0
3,60,1843.0,2189.0
3,61,1843.0,2189.0
3,62,1843.0,2189.0
3,63,1843.0,2189.0
3,64,1843.0,2189.0
3,65,1843.0,2189.0
3,66,1843.0,2189.0
3,67,1843.0,2189.0
3,68,1843.0,2189.0
3,69,1843.0,2189.0
3,70,1843.0,2189.0
3,71,1843.0,2189.0
3,72,1843.0,2189.0
3,73,1843.0,2189.0
3,74,1843.0,2189.0
3,75,1843.0,2189.0
3,76,1843.0,2189.0
3,77,1843.0,2189.0
3,78,1843.0,2189.0
3,79,1843.0,2189.0
3,80,1843.0,2189.0
3,81,1843.0,2189.0
3,82,1843.0,2189.0
3,83,1843.0,2189.0
3,84,1843.0,2189.0
3,85,1843.0,2189.0
3,86,1843.0,2189.0
3,87,1843.0,2189.0
3,88,1843.0,2189.0
3,89,1843.0,2189.0
3,90,1843.0,2189.0
3,91,1843.0,2189.0
3,92,1843.0,2189.0
3,93,1843.0,2189.0
3,94,1843.0,2189.0
3,95,1843.0,2189.0
3,96,1843.0,2189.0
3,97,1843.0,2189.0
3,98,1843.0,2189.0
3,99,1843.0,2189.0
3,100,1843.0,2189.0
3,101,1843.0,2189.0
3,102,1843.0,2189.0
3,103,1843.0,2189.0
3,104,1843.0,2189.0
3,105,1843.0,2189.0
3,106,1843.0,2189.0
3,107,1843.0,2189.0
3,108,1843.0,2189.0
3,109,1843.0,2189.0
3,110,1843.0,2189.0
3,111,1843.0,2189.0
3,112,1843.0,2189.0
3,113,1843.0,2189.0
3,114,1843.0,2189.0
3,115,1843.0,2189.0
3,116,1843.0,2189.0
3,117,1843.0,2189.0
3,118,1843.0,2189.0
3,119,1843.0,2189.0
3,120,1843.0,2189.0
3,121,1843.0,2189.0
3,122,1843.0,2189.0
3,123,1843.0,2189.0
3,124,1843.0,2189.0
3,125,1843.0,2189.0
3,126,1843.0,2189.0
3,127,1843.0,2189.0
3,128,1843.0,2189.0
3,129,1843.0,2189.0
3,130,1843.0,2189.0
3,131,1843.0,2189.0
3,132,1843.0,2189.0
3,133,1843.0,2189.0
3,134,1843.0,2189.0
3,135,1843.0,2189.0
3,136,1843.0,2189.0
3,137,1843.0,2189.0
3,138,1843.0,2189.0
3,139,1843.0,2189.0
3,140,1843.0,2189.0
3,141,1843.0,2189.0
3,142,1843.0,2189.0
3,143,1843.0,2189.0
3,144,1843.0,2189.0
3,145,1843.0,2189.0
3,146,1843.0,2189.0
3,147,1843.0,2189.0
3,148,1843.0,2189.0
3,149,1843.0,2189.0
3,150,1843.0,2189.0
3,151,1843.0,2189.0
3,152,1843.0,2189.0
3,153,1843.0,2189.0
3,154,1843.0,2189.0
3,155,1843.0,2189.0
3,156,1843.0,2189.0
3,157,1843.0,2189.0
3,158,1843.0,2189.0
3,159,1843.0,2189.0
3,160,1843.0,2189.0
3,161,1843.0,2189.0
3,162,1843.0,2189.0
3,163,1843.0,2189.0
3,164,1843.0,2189.0
3,165,1843.0,2189.0
3,166,1843.0,2189.0
3,167,1843.0,2189.0
3,168,1843.0,2189.0
3,169,1843.0,2189.0
3,170,1843.0,2189.0
3,171,1843.0,2189.0
3,172,1843.0,2189.0
3,173,1843.0,2189.0
3,174,1843.0,2189.0
3,175,1843.0,2189.0
3,176,1843.0,2189.0
3,177,1843.0,2189.0
3,178,1843.0,2189.0
3,179,1843.0,2189.0
3,180,1843.0,2189.0
3,181,1843.0,2189.0
3,182,1843.0,2189.0
3,183,1843.0,2189.0
3,184,1843.0,2189.0
3,185,1843.0,2189.0
3,186,1843.0,2189.0
3,187,1843.0,2189.0
3,188,1843.0,2189.0
3,189,1843.0,2189.0
3,190,1843.0,2189.0
3,191,1843.0,2189.0
3,192,1843.0,2189.0
3,193,1843.0,2189.0
3,194,1843.0,2189.0
3,195,1843.0,2189.0
3,196,1843.0,2189.0
3,197,1843.0,2189.0
3,198,1843.0,2189.0
3,199,1843.0,2189.0
3,200,1843.0,2189.0
3,201,1843.0,2189.0
3,202,1843.0,2189.0
3,203,1843.0,2189.0
3,204,1843.0,2189.0
3,205,1843.0,2189.0
3,206,1843.0,2189.0
3,207,1843.0,2189.0
3,208,1843.0,2189.0
3,209,1843.0,2189.0
3,210,1843.0,2189.0
3,211,1843.0,2189.0
3,212,1843.0,2189.0
3,213,1843.0,2189.0
3,214,1843.0,2189.0
3,215,1843.0,2189.0
3,216,1843.0,2189.0
3,217,1843.0,2189.0
3,218,1843.0,2189.0
3,219,1843.0,2189.0
3,220,1843.0,2189.0
3,221,1843.0,2189.0
3,222,1843.0,2189.0
3,223,1843.0,2189.0
3,224,1843.0,2189.0
3,225,1843.0,2189.0
3,226,1843.0,2189.0
3,227,1843.0,2189.0
3,228,1843.0,2189.0
3,229,1843.0,2189.0
3,230,1843.0,2189.0
3,231,1843.0,2189.0
3,232,1843.0,2189.0
3,233,1843.0,2189.0
3,234,1843.0,2189.0
3,235,1843.0,2189.0
3,236,1843.0,2189.0
3,237,1843.0,2189.0
3,238,1843.0,2189.0
3,239,1843.0,2189.0
3,240,1843.0,2189.0
3,241,1843.0,2189.0
3,242,1843.0,2189.0
3,243,1843.0,2189.0
3,244,1843.0,2189.0
3,245,1843.0,2189.0
3,246,1843.0,2189.0
3,247,1843.0,2189.0
3,248,1843.0,2189.0
3,249,1843.0,2189.0
3,250,1843.0,2189.0
3,251,1843.0,2189.0
3,252,1843.0,2189.0
3,253,1843.0,2189.0
3,254,1843.0,2189.0
3,255,1843.0,2189.0
3,256,1843.0,2189.0
3,257,1843.0,2189.0
3,258,1843.0,2189.0
3,259,1843.0,2189.0
3,260,1843.0,2189.0
3,261,1843.0,2189.0
3,262,1843.0,2189.0
3,263,1843.0,2189.0
3,264,1843.0,2189.0
3,265,1843.0,2189.0
3,266,1843.0,2189.0
3,267,1843.0,2189.0
3,268,1843.0,2189.0
3,269,1843.0,2189.0
3,270,1843.0,2189.0
3,271,1843.0,2189.0
3,272,1843.0,2189.0
3,273,1843.0,2189.0
3,274,1843.0,2189.0
3,275,1843.0,2189.0
3,276,1843.0,2189.0
3,277,1843.0,2189.0
3,278,1843.0,2189.0
3,279,1843.0,2189.0
3,280,1843.0,2189.0
3,281,1843.0,2189.0
3,282,1843.0,2189.0
3,283,1843.0,2189.0
3,284,1843.0,2189.0
3,285,1843.0,2189.0
3,286,1843.0,2189.0
3,287,1843.0,2189.0
3,288,1843.0,2189.0
3,289,1843.0,2189.0
3,290,1843.0,2189.0
3,291,1843.0,2189.0
3,292,1843.0,2189.0
3,293,1843.0,2189.0
3,294,1843.0,2189.0
3,295,1843.0,2189.0
3,296,1843.0,2189.0
3,297,1843.0,2189.0
3,298,1843.0,2189.0
3,299,1843.0,2189.0
3,300,1843.0,2189.0
3,301,1843.0,2189.0
3,302,1843.0,2189.0
3,303,1843.0,2189.0
3,304,1843.0,2189.0
3,305,1843.0,2189.0
3,306,1843.0,2189.0
3,307,1843.0,2189.0
3,308,1843.0,2189.0
3,309,1843.0,2189.0
3,310,1843.0,2189.0
3,311,1843.0,2189.0
3,312,1843.0,2189.0
3,313,1843.0,2189.0
3,314,1843.0,2189.0
3,315,1843.0,2189.0
3,316,1843.0,2189.0
3,317,1843.0,2189.0
3,318,1843.0,2189.0
3,319,1843.0,2189.0
3,320,1843.0,2189.0
3,321,1843.0,2189.0
3,322,1843.0,2189.0
3,323,1843.0,2189.0
3,324,1843.0,2189.0
3,325,1843.0,2189.0
3,326,1843.0,2189.0
3,327,1843.0,2189.0
3,328,1843.0,2189.0
3,329,1843.0,2189.0
3,330,1843.0,2189.0
3,331,1843.0,2189.0
3,332,1843.0,2189.0
3,333,1843.0,2189.0
3,334,1843.0,2189.0
3,335,1843.0,2189.0
3,336,1843.0,2189.0
3,337,1843.0,2189.0
3,338,1843.0,2189.0
3,339,1843.0,2189.0
3,340,1843.0,2189.0
3,341,1843.0,2189.0
3,342,1843.0,2189.0
3,343,1843.0,2189.0
3,344,1843.0,2189.0
3,345,1843.0,2189.0
3,346,1843.0,2189.0
3,347,1843.0,2189.0
3,348,1843.0,2189.0
3,349,1843.0,2189.0
3,350,1843.0,2189.0
3,351,1843.0,2189.0
3,352,1843.0,2189.0
3,353,1843.0,2189.0
3,354,1843.0,2189.0
3,355,1843.0,2189.0
3,356,1843.0,2189.0
3,357,1843.0,2189.0
3,358,1843.0,2189.0
3,359,1843.0,2189.0
4,0,1553.0,1012.0
4,1,1553.0,1012.0
4,2,1553.0,1012.0
4,3,1553.0,1012.0
4,4,1553.0,1012.0
4,5,1553.0,1012.0
4,6,1553.0,1012.0
4,7,1553.0,1012.0
4,8,1553.0,1012.0
4,9,1553.0,1012.0
4,10,1553.0,1012.0
4,11,1553.0,1012.0
4,12,1553.0,1012.0
4,13,1553.0,1012.0
4,14,1553.0,1012.0
4,15,1553.0,1012.0
4,16,1553.0,1012.0
4,17,1553.0,1012.0
4,18,1553.0,1012.0
4,19,1553.0,1012.0
4,20,1553.0,1012.0
4,21,1553.0,1012.0
4,22,1553.0,1012.0
4,23,1553.0,1012.0
4,24,1553.0,1012.0
4,25,1553.0,1012.0
4,26,1553.0,1012.0
4,27,1553.0,1012.0
4,28,1553.0,1012.0
4,29,1553.0,1012.0
4,30,1553.0,1012.0
4,31,1553.0,1012.0
4,32,1553.0,1012.0
4,33,1553.0,1012.0
4,34,1553.0,1012.0
4,35,1553.0,1012.0
4,36,1553.0,1012.0
4,37,1553.0,1012.0
4,38,1553.0,1012.0
4,39,1553.0,1012.0
4,40,1553.0,1012.0
4,41,1553.0,1012.0
4,42,1553.0,1012.0
4,43,1553.0,1012.0
4,44,1553.0,1012.0
4,45,1553.0,1012.0
4,46,1553.0,1012.0
4,47,1553.0,1012.0
4,48,1553.0,1012.0
4,49,1553.0,1012.0
4,50,1553.0,1012.0
4,51,1553.0,1012.0
4,52,1553.0,1012.0
4,53,1553.0,1012.0
4,54,1553.0,1012.0
4,55,1553.0,1012.0
4,56,1553.0,1012.0
4,57,1553.0,1012.0
4,58,1553.0,1012.0
4,59,1553.0,1012.0
4,60,1553.0,1012.0
4,61,1553.0,1012.0
4,62,1553.0,1012.0
4,63,1553.0,1012.0
4,64,1553.0,1012.0
4,65,1553.0,1012.0
4,66,1553.0,1012.0
4,67,1553.0,1012.0
4,68,1553.0,1012.0
4,69,1553.0,1012.0
4,70,1553.0,1012.0
4,71,1553.0,1012.0
4,72,1553.0,1012.0
4,73,1553.0,1012.0
4,74,1553.0,1012.0
4,75,1553.0,1012.0
4,76,1553.0,1012.0
4,77,1553.0,1012.0
4,78,1553.0,1012.0
4,79,1553.0,1012.0
4,80,1553.0,1012.0
4,81,1553.0,1012.0
4,82,1553.0,1012.0
4,83,1553.0,1012.0
4,84,1553.0,1012.0
4,85,1553.0,1012.0
4,86,1553.0,1012.0
4,87,1553.0,1012.0
4,88,1553.0,1012.0
4,89,1553.0,1012.0
4,90,1553.0,1012.0
4,91,1553.0,1012.0
4,92,1553.0,1012.0
4,93,1553.0,1012.0
4,94,1553.0,1012.0
4,95,1553.0,1012.0
4,96,1553.0,1012.0
4,97,1553.0,1012.0
4,98,1553.0,1012.0
4,99,1553.0,1012.0
4,100,1553.0,1012.0
4,101,1553.0,1012.0
4,102,1553.0,1012.0
4,103,1553.0,1012.0
4,104,1553.0,1012.0
4,105,1553.0,1012.0
4,106,1553.0,1012.0
4,107,1553.0,1012.0
4,108,1553.0,1012.0
4,109,1553.0,1012.0
4,110,1553.0,1012.0
4,111,1553.0,1012.0
4,112,1553.0,1012.0
4,113,1553.0,1012.0
4,114,1553.0,1012.0
4,115,1553.0,1012.0
4,116,1553.0,1012.0
4,117,1553.0,1012.0
4,118,1553.0,1012.0
4,119,1553.0,1012.0
4,120,1553.0,1012.0
4,121,1553.0,1012.0
4,122,1553.0,1012.0
4,123,1553.0,1012.0
4,124,1553.0,1012.0
4,125,1553.0,1012.0
4,126,1553.0,1012.0
4,127,1553.0,1012.0
4,128,1553.0,1012.0
4,129,1553.0,1012.0
4,130,1553.0,1012.0
4,131,1553.0,1012.0
4,132,1553.0,1012.0
4,133,1553.0,1012.0
4,134,1553.0,1012.0
4,135,1553.0,1012.0
4,136,1553.0,1012.0
4,137,1553.0,1012.0
4,138,1553.0,1012.0
4,139,1553.0,1012.0
4,140,1553.0,1012.0
4,141,1553.0,1012.0
4,142,1553.0,1012.0
4,143,1553.0,1012.0
4,144,1553.0,1012.0
4,145,1553.0,1012.0
4,146,1553.0,1012.0
4,147,1553.0,1012.0
4,148,1553.0,1012.0
4,149,1553.0,1012.0
4,150,1553.0,1012.0
4,151,1553.0,1012.0
4,152,1553.0,1012.0
4,153,1553.0,1012.0
4,154,1553.0,1012.0
4,155,1553.0,1012.0
4,156,1553.0,1012.0
4,157,1553.0,1012.0
4,158,1553.0,1012.0
4,159,1553.0,1012.0
4,160,1553.0,1012.0
4,161,1553.0,1012.0
4,162,1553.0,1012.0
4,163,1553.0,1012.0
4,164,1553.0,1012.0
4,165,1553.0,1012.0
4,166,1553.0,1012.0
4,167,1553.0,1012.0
4,168,1553.0,1012.0
4,169,1553.0,1012.0
4,170,1553.0,1012.0
4,171,1553.0,1012.0
4,172,1553.0,1012.0
4,173,1553.0,1012.0
4,174,1553.0,1012.0
4,175,1553.0,1012.0
4,176,1553.0,1012.0
4,177,1553.0,1012.0
4,178,1553.0,1012.0
4,179,1553.0,1012.0
4,180,1553.0,1012.0
4,181,1553.0,1012.0
4,182,1553.0,1012.0
4,183,1553.0,1012.0
4,184,1553.0,1012.0
4,185,1553.0,1012.0
4,186,1553.0,1012.0
4,187,1553.0,1012.0
4,188,1553.0,1012.0
4,189,1553.0,1012.0
4,190,1553.0,1012.0
4,191,1553.0,1012.0
4,192,1553.0,1012.0
4,193,1553.0,1012.0
4,194,1553.0,1012.0
4,195,1553.0,1012.0
4,196,1553.0,1012.0
4,197,1553.0,1012.0
4,198,1553.0,1012.0
4,199,1553.0,1012.0
4,200,1553.0,1012.0
4,201,1553.0,1012.0
4,202,1553.0,1012.0
4,203,1553.0,1012.0
4,204,1553.0,1012.0
4,205,1553.0,1012.0
4,206,1553.0,1012.0
4,207,1553.0,1012.0
4,208,1553.0,1012.0
4,209,1553.0,1012.0
4,210,1553.0,1012.0
4,211,1553.0,1012.0
4,212,1553.0,1012.0
4,213,1553.0,1012.0
4,214,1553.0,1012.0
4,215,1553.0,1012.0
4,216,1553.0,1012.0
4,217,1553.0,1012.0
4,218,1553.0,1012.0
4,219,1553.0,1012.0
4,220,1553.0,1012.0
4,221,1553.0,1012.0
4,222,1553.0,1012.0
4,223,1553.0,1012.0
4,224,1553.0,1012.0
4,225,1553.0,1012.0
4,226,1553.0,1012.0
4,227,1553.0,1012.0
4,228,1553.0,1012.0
4,229,1553.0,1012.0
4,230,1553.0,1012.0
4,231,1553.0,1012.0
4,232,1553.0,1012.0
4,233,1553.0,1012.0
4,234,1553.0,1012.0
4,235,1553.0,1012.0
4,236,1553.0,1012.0
4,237,1553.0,1012.0
4,238,1553.0,1012.0
4,239,1553.0,1012.0
4,240,1553.0,1012.0
4,241,1553.0,1012.0
4,242,1553.0,1012.0
4,243,1553.0,1012.0
4,244,1553.0,1012.0
4,245,1553.0,1012.0
4,246,1553.0,1012.0
4,247,1553.0,1012.0
4,248,1553.0,1012.0
4,249,1553.0,1012.0
4,250,1553.0,1012.0
4,251,1553.0,1012.0
4,252,1553.0,1012.0
4,253,1553.0,1012.0
4,254,1553.0,1012.0
4,255,1553.0,1012.0
4,256,1553.0,1012.0
4,257,1553.0,1012.0
4,258,1553.0,1012.0
4,259,1553.0,1012.0
4,260,1553.0,1012.0
4,261,1553.0,1012.0
4,262,1553.0,1012.0
4,263,1553.0,1012.0
4,264,1553.0,1012.0
4,265,1553.0,1012.0
4,266,1553.0,1012.0
4,267,1553.0,1012.0
4,268,1553.0,1012.0
4,269,1553.0,1012.0
4,270,1553.0,1012.0
4,271,1553.0,1012.0
4,272,1553.0,1012.0
4,273,1553.0,1012.0
4,274,1553.0,1012.0
4,275,1553.0,1012.0
4,276,1553.0,1012.0
4,277,1553.0,1012.0
4,278,1553.0,1012.0
4,279,1553.0,1012.0
4,280,1553.0,1012.0
4,281,1553.0,1012.0
4,282,1553.0,1012.0
4,283,1553.0,1012.0
4,284,1553.0,1012.0
4,285,1553.0,1012.0
4,286,1553.0,1012.0
4,287,1553.0,1012.0
4,288,1553.0,1012.0
4,289,1553.0,1012.0
4,290,1553.0,1012.0
4,291,1553.0,1012.0
4,292,1553.0,1012.0
4,293,1553.0,1012.0
4,294,1553.0,1012.0
4,295,1553.0,1012.0
4,296,1553.0,1012.0
4,297,1553.0,1012.0
4,298,1553.0,1012.0
4,299,1553.0,1012.0
4,300,1553.0,1012.0
4,301,1553.0,1012.0
4,302,1553.0,1012.0
4,303,1553.0,1012.0
4,304,1553.0,1012.0
4,305,1553.0,1012.0
4,306,1553.0,1012.0
4,307,1553.0,1012.0
4,308,1553.0,1012.0
4,309,1553.0,1012.0
4,310,1553.0,1012.0
4,311,1553.0,1012.0
4,312,1553.0,1012.0
4,313,1553.0,1012.0
4,314,1553.0,1012.0
4,315,1553.0,1012.0
4,316,1553.0,1012.0
4,317,1553.0,1012.0
4,318,1553.0,1012.0
4,319,1553.0,1012.0
4,320,1553.0,1012.0
4,321,1553.0,1012.0
4,322,1553.0,1012.0
4,323,1553.0,1012.0
4,324,1553.0,1012.0
4,325,1553.0,1012.0
4,326,1553.0,1012.0
4,327,1553.0,1012.0
4,328,1553.0,1012.0
4,329,1553.0,1012.0
4,330,1553.0,1012.0
4,331,1553.0,1012.0
4,332,1553.0,1012.0
4,333,1553.0,1012.0
4,334,1553.0,1012.0
4,335,1553.0,1012.0
4,336,1553.0,1012.0
4,337,1553.0,1012.0
4,338,1553.0,1012.0
4,339,1553.0,1012.0
4,340,1553.0,1012.0
4,341,1553.0,1012.0
4,342,1553.0,1012.0
4,343,1553.0,1012.0
4,344,1553.0,1012.0
4,345,1553.0,1012.0
4,346,1553.0,1012.0
4,347,1553.0,1012.0
4,348,1553.0,1012.0
4,349,1553.0,1012.0
4,350,1553.0,1012.0
4,351,1553.0,1012.0
4,352,1553.0,1012.0
4,353,1553.0,1012.0
4,354,1553.0,1012.0
4,355,1553.0,1012.0
4,356,1553.0,1012.0
4,357,1553.0,1012.0
4,358,1553.0,1012.0
4,359,1553.0,1012.0
5,0,1252.0,2131.0
5,1,1252.0,2131.0
5,2,1252.0,2131.0
5,3,1252.0,2131.0
5,4,1252.0,2131.0
5,5,1252.0,2131.0
5,6,1252.0,2131.0
5,7,1252.0,2131.0
5,8,1252.0,2131.0
5,9,1252.0,2131.0
5,10,1252.0,2131.0
5,11,1252.0,2131.0
5,12,1252.0,2131.0
5,13,1252.0,2131.0
5,14,1252.0,2131.0
5,15,1252.0,2131.0
5,16,1252.0,2131.0
5,17,1252.0,2131.0
5,18,1252.0,2131.0
5,19,1252.0,2131.0
5,20,1252.0,2131.0
5,21,1252.0,2131.0
5,22,1252.0,2131.0
5,23,1252.0,2131.0
5,24,1252.0,2131.0
5,25,1252.0,2131.0
5,26,1252.0,2131.0
5,27,1252.0,2131.0
5,28,1252.0,2131.0
5,29,1252.0,2131.0
5,30,1252.0,2131.0
5,31,1252.0,2131.0
5,32,1252.0,2131.0
5,33,1252.0,2131.0
5,34,1252.0,2131.0
5,35,1252.0,2131.0
5,36,1252.0,2131.0
5,37,1252.0,2131.0
5,38,1252.0,2131.0
5,39,1252.0,2131.0
5,40,1252.0,2131.0
5,41,1252.0,2131.0
5,42,1252.0,2131.0
5,43,1252.0,2131.0
5,44,1252.0,2131.0
5,45,1252.0,2131.0
5,46,1252.0,2131.0
5,47,1252.0,2131.0
5,48,1252.0,2131.0
5,49,1252.0,2131.0
5,50,1252.0,2131.0
5,51,1252.0,2131.0
5,52,1252.0,2131.0
5,53,1252.0,2131.0
5,54,1252.0,2131.0
5,55,1252.0,2131.0
5,56,1252.0,2131.0
5,57,1252.0,2131.0
5,58,1252.0,2131.0
5,59,1252.0,2131.0
5,60,1252.0,2131.0
5,61,1252.0,2131.0
5,62,1252.0,2131.0
5,63,1252.0,2131.0
5,64,1252.0,2131.0
5,65,1252.0,2131.0
5,66,1252.0,2131.0
5,67,1252.0,2131.0
5,68,1252.0,2131.0
5,69,1252.0,2131.0
5,70,1252.0,2131.0
5,71,1252.0,2131.0
5,72,1252.0,2131.0
5,73,1252.0,2131.0
5,74,1252.0,2131.0
5,75,1252.0,2131.0
5,76,1252.0,2131.0
5,77,1252.0,2131.0
5,78,1252.0,2131.0
5,79,1252.0,2131.0
5,80,1252.0,2131.0
5,81,1252.0,2131.0
5,82,1252.0,2131.0
5,83,1252.0,2131.0
5,84,1252.0,2131.0
5,85,1252.0,2131.0
5,86,1252.0,2131.0
5,87,1252.0,2131.0
5,88,1252.0,2131.0
5,89,1252.0,2131.0
5,90,1252.0,2131.0
5,91,1252.0,2131.0
5,92,1252.0,2131.0
5,93,1252.0,2131.0
5,94,1252.0,2131.0
5,95,1252.0,2131.0
5,96,1252.0,2131.0
5,97,1252.0,2131.0
5,98,1252.0,2131.0
5,99,1252.0,2131.0
5,100,1252.0,2131.0
5,101,1252.0,2131.0
5,102,1252.0,2131.0
5,103,1252.0,2131.0
5,104,1252.0,2131.0
5,105,1252.0,2131.0
5,106,1252.0,2131.0
5,107,1252.0,2131.0
5,108,1252.0,2131.0
5,109,1252.0,2131.0
5,110,1252.0,2131.0
5,111,1252.0,2131.0
5,112,1252.0,2131.0
5,113,1252.0,2131.0
5,114,1252.0,2131.0
5,115,1252.0,2131.0
5,116,1252.0,2131.0
5,117,1252.0,2131.0
5,118,1252.0,2131.0
5,119,1252.0,2131.0
5,120,1252.0,2131.0
5,121,1252.0,2131.0
5,122,1252.0,2131.0
5,123,1252.0,2131.0
5,124,1252.0,2131.0
5,125,1252.0,2131.0
5,126,1252.0,2131.0
5,127,1252.0,2131.0
5,128,1252.0,2131.0
5,129,1252.0,2131.0
5,130,1252.0,2131.0
5,131,1252.0,2131.0
5,132,1252.0,2131.0
5,133,1252.0,2131.0
5,134,1252.0,2131.0
5,135,1252.0,2131.0
5,136,1252.0,2131.0
5,137,1252.0,2131.0
5,138,1252.0,2131.0
5,139,1252.0,2131.0
5,140,1252.0,2131.0
5,141,1252.0,2131.0
5,142,1252.0,2131.0
5,143,1252.0,2131.0
5,144,1252.0,2131.0
5,145,1252.0,2131.0
5,146,1252.0,2131.0
5,147,1252.0,2131.0
5,148,1252.0,2131.0
5,149,1252.0,2131.0
5,150,1252.0,2131.0
5,151,1252.0,2131.0
5,152,1252.0,2131.0
5,153,1252.0,2131.0
5,154,1252.0,2131.0
5,155,1252.0,2131.0
5,156,1252.0,2131.0
5,157,1252.0,2131.0
5,158,1252.0,2131.0
5,159,1252.0,2131.0
5,160,1252.0,2131.0
5,161,1252.0,2131.0
5,162,1252.0,2131.0
5,163,1252.0,2131.0
5,164,1252.0,2131.0
5,165,1252.0,2131.0
5,166,1252.0,2131.0
5,167,1252.0,2131.0
5,168,1252.0,2131.0
5,169,1252.0,2131.0
5,170,1252.0,2131.0
5,171,1252.0,2131.0
5,172,1252.0,2131.0
5,173,1252.0,2131.0
5,174,1252.0,2131.0
5,175,1252.0,2131.0
5,176,1252.0,2131.0
5,177,1252.0,2131.0
5,178,1252.0,2131.0
5,179,1252.0,2131.0
5,180,1252.0,2131.0
5,181,1252.0,2131.0
5,182,1252.0,2131.0
5,183,1252.0,2131.0
5,184,1252.0,2131.0
5,185,1252.0,2131.0
5,186,1252.0,2131.0
5,187,1252.0,2131.0
5,188,1252.0,2131.0
5,189,1252.0,2131.0
5,190,1252.0,2131.0
5,191,1252.0,2131.0
5,192,1252.0,2131.0
5,193,1252.0,2131.0
5,194,1252.0,2131.0
5,195,1252.0,2131.0
5,196,1252.0,2131.0
5,197,1252.0,2131.0
5,198,1252.0,2131.0
5,199,1252.0,2131.0
5,200,1252.0,2131.0
5,201,1252.0,2131.0
5,202,1252.0,2131.0
5,203,1252.0,2131.0
5,204,1252.0,2131.0
5,205,1252.0,2131.0
5,206,1252.0,2131.0
5,207,1252.0,2131.0
5,208,1252.0,2131.0
5,209,1252.0,2131.0
5,210,1252.0,2131.0
5,211,1252.0,2131.0
5,212,1252.0,2131.0
5,213,1252.0,2131.0
5,214,1252.0,2131.0
5,215,1252.0,2131.0
5,216,1252.0,2131.0
5,217,1252.0,2131.0
5,218,1252.0,2131.0
5,219,1252.0,2131.0
5,220,1252.0,2131.0
5,221,1252.0,2131.0
5,222,1252.0,2131.0
5,223,1252.0,2131.0
5,224,1252.0,2131.0
5,225,1252.0,2131.0
5,226,1252.0,2131.0
5,227,1252.0,2131.0
5,228,1252.0,2131.0
5,229,1252.0,2131.0
5,230,1252.0,2131.0
5,231,1252.0,2131.0
5,232,1252.0,2131.0
5,233,1252.0,2131.0
5,234,1252.0,2131.0
5,235,1252.0,2131.0
5,236,1252.0,2131.0
5,237,1252.0,2131.0
5,238,1252.0,2131.0
5,239,1252.0,2131.0
5,240,1252.0,2131.0
5,241,1252.0,2131.0
5,242,1252.0,2131.0
5,243,1252.0,2131.0
5,244,1252.0,2131.0
5,245,1252.0,2131.0
5,246,1252.0,2131.0
5,247,1252.0,2131.0
5,248,1252.0,2131.0
5,249,1252.0,2131.0
5,250,1252.0,2131.0
5,251,1252.0,2131.0
5,252,1252.0,2131.0
5,253,1252.0,2131.0
5,254,1252.0,2131.0
5,255,1252.0,2131.0
5,256,1252.0,2131.0
5,257,1252.0,2131.0
5,258,1252.0,2131.0
5,259,1252.0,2131.0
5,260,1252.0,2131.0
5,261,1252.0,2131.0
5,262,1252.0,2131.0
5,263,1252.0,2131.0
5,264,1252.0,2131.0
5,265,1252.0,2131.0
5,266,1252.0,2131.0
5,267,1252.0,2131.0
5,268,1252.0,2131.0
5,269,1252.0,2131.0
5,270,1252.0,2131.0
5,271,1252.0,2131.0
5,272,1252.0,2131.0
5,273,1252.0,2131.0
5,274,1252.0,2131.0
5,275,1252.0,2131.0
5,276,1252.0,2131.0
5,277,1252.0,2131.0
5,278,1252.0,2131.0
5,279,1252.0,2131.0
5,280,1252.0,2131.0
5,281,1252.0,2131.0
5,282,1252.0,2131.0
5,283,1252.0,2131.0
5,284,1252.0,2131.0
5,285,1252.0,2131.0
5,286,1252.0,2131.0
5,287,1252.0,2131.0
5,288,1252.0,2131.0
5,289,1252.0,2131.0
5,290,1252.0,2131.0
5,291,1252.0,2131.0
5,292,1252.0,2131.0
5,293,1252.0,2131.0
5,294,1252.0,2131.0
5,295,1252.0,2131.0
5,296,1252.0,2131.0
5,297,1252.0,2131.0
5,298,1252.0,2131.0
5,299,1252.0,2131.0
5,300,1252.0,2131.0
5,301,1252.0,2131.0
5,302,1252.0,2131.0
5,303,1252.0,2131.0
5,304,1252.0,2131.0
5,305,1252.0,2131.0
5,306,1252.0,2131.0
5,307,1252.0,2131.0
5,308,1252.0,2131.0
5,309,1252.0,2131.0
5,310,1252.0,2131.0
5,311,1252.0,2131.0
5,312,1252.0,2131.0
5,313,1252.0,2131.0
5,314,1252.0,2131.0
5,315,1252.0,2131.0
5,316,1252.0,2131.0
5,317,1252.0,2131.0
5,318,1252.0,2131.0
5,319,1252.0,2131.0
5,320,1252.0,2131.0
5,321,1252.0,2131.0
5,322,1252.0,2131.0
5,323,1252.0,2131.0
5,324,1252.0,2131.0
5,325,1252.0,2131.0
5,326,1252.0,2131.0
5,327,1252.0,2131.0
5,328,1252.0,2131.0
5,329,1252.0,2131.0
5,330,1252.0,2131.0
5,331,1252.0,2131.0
5,332,1252.0,2131.0
5,333,1252.0,2131.0
5,334,1252.0,2131.0
5,335,1252.0,2131.0
5,336,1252.0,2131.0
5,337,1252.0,2131.0
5,338,1252.0,2131.0
5,339,1252.0,2131.0
5,340,1252.0,2131.0
5,341,1252.0,2131.0
5,342,1252.0,2131.0
5,343,1252.0,2131.0
5,344,1252.0,2131.0
5,345,1252.0,2131.0
5,346,1252.0,2131.0
5,347,1252.0,2131.0
5,348,1252.0,2131.0
5,349,1252.0,2131.0
5,350,1252.0,2131.0
5,351,1252.0,2131.0
5,352,1252.0,2131.0
5,353,1252.0,2131.0
5,354,1252.0,2131.0
5,355,1252.0,2131.0
5,356,1252.0,2131.0
5,357,1252.0,2131.0
5,358,1252.0,2131.0
5,359,1252.0,2131.0
6,0,2944.0,1497.0
6,1,2944.0,1497.0
6,2,2944.0,1497.0
6,3,2944.0,1497.0
6,4,2944.0,1497.0
6,5,2944.0,1497.0
6,6,2944.0,1497.0
6,7,2944.0,1497.0
6,8,2944.0,1497.0
6,9,2944.0,1497.0
6,10,2944.0,1497.0
6,11,2944.0,1497.0
6,12,2944.0,1497.0
6,13,2944.0,1497.0
6,14,2944.0,1497.0
6,15,2944.0,1497.0
6,16,2944.0,1497.0
6,17,2944.0,1497.0
6,18,2944.0,1497.0
6,19,2944.0,1497.0
6,20,2944.0,1497.0
6,21,2944.0,1497.0
6,22,2944.0,1497.0
6,23,2944.0,1497.0
6,24,2944.0,1497.0
6,25,2944.0,1497.0
6,26,2944.0,1497.0
6,27,2944.0,1497.0
6,28,2944.0,1497.0
6,29,2944.0,1497.0
6,30,2944.0,1497.0
6,31,2944.0,1497.0
6,32,2944.0,1497.0
6,33,2944.0,1497.0
6,34,2944.0,1497.0
6,35,2944.0,1497.0
6,36,2944.0,1497.0
6,37,2944.0,1497.0
6,38,2944.0,1497.0
6,39,2944.0,1497.0
6,40,2944.0,1497.0
6,41,2944.0,1497.0
6,42,2944.0,1497.0
6,43,2944.0,1497.0
6,44,2944.0,1497.0
6,45,2944.0,1497.0
6,46,2944.0,1497.0
6,47,2944.0,1497.0
6,48,2944.0,1497.0
6,49,2944.0,1497.0
6,50,2944.0,1497.0
6,51,2944.0,1497.0
6,52,2944.0,1497.0
6,53,2944.0,1497.0
6,54,2944.0,1497.0
6,55,2944.0,1497.0
6,56,2944.0,1497.0
6,57,2944.0,1497.0
6,58,2944.0,1497.0
6,59,2944.0,1497.0
6,60,2944.0,1497.0
6,61,2944.0,1497.0
6,62,2944.0,1497.0
6,63,2944.0,1497.0
6,64,2944.0,1497.0
6,65,2944.0,1497.0
6,66,2944.0,1497.0
6,67,2944.0,1497.0
6,68,2944.0,1497.0
6,69,2944.0,1497.0
6,70,2944.0,1497.0
6,71,2944.0,1497.0
6,72,2944.0,1497.0
6,73,2944.0,1497.0
6,74,2944.0,1497.0
6,75,2944.0,1497.0
6,76,2944.0,1497.0
6,77,2944.0,1497.0
6,78,2944.0,1497.0
6,79,2944.0,1497.0
6,80,2944.0,1497.0
6,81,2944.0,1497.0
6,82,2944.0,1497.0
6,83,2944.0,1497.0
6,84,2944.0,1497.0
6,85,2944.0,1497.0
6,86,2944.0,1497.0
6,87,2944.0,1497.0
6,88,2944.0,1497.0
6,89,2944.0,1497.0
6,90,2944.0,1497.0
6,91,2944.0,1497.0
6,92,2944.0,1497.0
6,93,2944.0,1497.0
6,94,2944.0,1497.0
6,95,2944.0,1497.0
6,96,2944.0,1497.0
6,97,2944.0,1497.0
6,98,2944.0,1497.0
6,99,2944.0,1497.0
6,100,2944.0,1497.0
6,101,2944.0,1497.0
6,102,2944.0,1497.0
6,103,2944.0,1497.0
6,104,2944.0,1497.0
6,105,2944.0,1497.0
6,106,2944.0,1497.0
6,107,2944.0,1497.0
6,108,2944.0,1497.0
6,109,2944.0,1497.0
6,110,2944.0,1497.0
6,111,2944.0,1497.0
6,112,2944.0,1497.0
6,113,2944.0,1497.0
6,114,2944.0,1497.0
6,115,2944.0,1497.0
6,116,2944.0,1497.0
6,117,2944.0,1497.0
6,118,2944.0,1497.0
6,119,2944.0,1497.0
6,120,2944.0,1497.0
6,121,2944.0,1497.0
6,122,2944.0,1497.0
6,123,2944.0,1497.0
6,124,2944.0,1497.0
6,125,2944.0,1497.0
6,126,2944.0,1497.0
6,127,2944.0,1497.0
6,128,2944.0,1497.0
6,129,2944.0,1497.0
6,130,2944.0,1497.0
6,131,2944.0,1497.0
6,132,2944.0,1497.0
6,133,2944.0,1497.0
6,134,2944.0,1497.0
6,135,2944.0,1497.0
6,136,2944.0,1497.0
6,137,2944.0,1497.0
6,138,2944.0,1497.0
6,139,2944.0,1497.0
6,140,2944.0,1497.0
6,141,2944.0,1497.0
6,142,2944.0,1497.0
6,143,2944.0,1497.0
6,144,2944.0,1497.0
6,145,2944.0,1497.0
6,146,2944.0,1497.0
6,147,2944.0,1497.0
6,148,2944.0,1497.0
6,149,2944.0,1497.0
6,150,2944.0,1497.0
6,151,2944.0,1497.0
6,152,2944.0,1497.0
6,153,2944.0,1497.0
6,154,2944.0,1497.0
6,155,2944.0,1497.0
6,156,2944.0,1497.0
6,157,2944.0,1497.0
6,158,2944.0,1497.0
6,159,2944.0,1497.0
6,160,2944.0,1497.0
6,161,2944.0,1497.0
6,162,2944.0,1497.0
6,163,2944.0,1497.0
6,164,2944.0,1497.0
6,165,2944.0,1497.0
6,166,2944.0,1497.0
6,167,2944.0,1497.0
6,168,2944.0,1497.0
6,169,2944.0,1497.0
6,170,2944.0,1497.0
6,171,2944.0,1497.0
6,172,2944.0,1497.0
6,173,2944.0,1497.0
6,174,2944.0,1497.0
6,175,2944.0,1497.0
6,176,2944.0,1497.0
6,177,2944.0,1497.0
6,178,2944.0,1497.0
6,179,2944.0,1497.0
6,180,2944.0,1497.0
6,181,2944.0,1497.0
6,182,2944.0,1497.0
6,183,2944.0,1497.0
6,184,2944.0,1497.0
6,185,2944.0,1497.0
6,186,2944.0,1497.0
6,187,2944.0,1497.0
6,188,2944.0,1497.0
6,189,2944.0,1497.0
6,190,2944.0,1497.0
6,191,2944.0,1497.0
6,192,2944.0,1497.0
6,193,2944.0,1497.0
6,194,2944.0,1497.0
6,195,2944.0,1497.0
6,196,2944.0,1497.0
6,197,2944.0,1497.0
6,198,2944.0,1497.0
6,199,2944.0,1497.0
6,200,2944.0,1497.0
6,201,2944.0,1497.0
6,202,2944.0,1497.0
6,203,2944.0,1497.0
6,204,2944.0,1497.0
6,205,2944.0,1497.0
6,206,2944.0,1497.0
6,207,2944.0,1497.0
6,208,2944.0,1497.0
6,209,2944.0,1497.0
6,210,2944.0,1497.0
6,211,2944.0,1497.0
6,212,2944.0,1497.0
6,213,2944.0,1497.0
6,214,2944.0,1497.0
6,215,2944.0,1497.0
6,216,2944.0,1497.0
6,217,2944.0,1497.0
6,218,2944.0,1497.0
6,219,2944.0,1497.0
6,220,2944.0,1497.0
6,221,2944.0,1497.0
6,222,2944.0,1497.0
6,223,2944.0,1497.0
6,224,2944.0,1497.0
6,225,2944.0,1497.0
6,226,2944.0,1497.0
6,227,2944.0,1497.0
6,228,2944.0,1497.0
6,229,2944.0,1497.0
6,230,2944.0,1497.0
6,231,2944.0,1497.0
6,232,2944.0,1497.0
6,233,2944.0,1497.0
6,234,2944.0,1497.0
6,235,2944.0,1497.0
6,236,2944.0,1497.0
6,237,2944.0,1497.0
6,238,2944.0,1497.0
6,239,2944.0,1497.0
6,240,2944.0,1497.0
6,241,2944.0,1497.0
6,242,2944.0,1497.0
6,243,2944.0,1497.0
6,244,2944.0,1497.0
6,245,2944.0,1497.0
6,246,2944.0,1497.0
6,247,2944.0,1497.0
6,248,2944.0,1497.0
6,249,2944.0,1497.0
6,250,2944.0,1497.0
6,251,2944.0,1497.0
6,252,2944.0,1497.0
6,253,2944.0,1497.0
6,254,2944.0,1497.0
6,255,2944.0,1497.0
6,256,2944.0,1497.0
6,257,2944.0,1497.0
6,258,2944.0,1497.0
6,259,2944.0,1497.0
6,260,2944.0,1497.0
6,261,2944.0,1497.0
6,262,2944.0,1497.0
6,263,2944.0,1497.0
6,264,2944.0,1497.0
6,265,2944.0,1497.0
6,266,2944.0,1497.0
6,267,2944.0,1497.0
6,268,2944.0,1497.0
6,269,2944.0,1497.0
6,270,2944.0,1497.0
6,271,2944.0,1497.0
6,272,2944.0,1497.0
6,273,2944.0,1497.0
6,274,2944.0,1497.0
6,275,2944.0,1497.0
6,276,2944.0,1497.0
6,277,2944.0,1497.0
6,278,2944.0,1497.0
6,279,2944.0,1497.0
6,280,2944.0,1497.0
6,281,2944.0,1497.0
6,282,2944.0,1497.0
6,283,2944.0,1497.0
6,284,2944.0,1497.0
6,285,2944.0,1497.0
6,286,2944.0,1497.0
6,287,2944.0,1497.0
6,288,2944.0,1497.0
6,289,2944.0,1497.0
6,290,2944.0,1497.0
6,291,2944.0,1497.0
6,292,2944.0,1497.0
6,293,2944.0,1497.0
6,294,2944.0,1497.0
6,295,2944.0,1497.0
6,296,2944.0,1497.0
6,297,2944.0,1497.0
6,298,2944.0,1497.0
6,299,2944.0,1497.0
6,300,2944.0,1497.0
6,301,2944.0,1497.0
6,302,2944.0,1497.0
6,303,2944.0,1497.0
6,304,2944.0,1497.0
6,305,2944.0,1497.0
6,306,2944.0,1497.0
6,307,2944.0,1497.0
6,308,2944.0,1497.0
6,309,2944.0,1497.0
6,310,2944.0,1497.0
6,311,2944.0,1497.0
6,312,2944.0,1497.0
6,313,2944.0,1497.0
6,314,2944.0,1497.0
6,315,2944.0,1497.0
6,316,2944.0,1497.0
6,317,2944.0,1497.0
6,318,2944.0,1497.0
6,319,2944.0,1497.0
6,320,2944.0,1497.0
6,321,2944.0,1497.0
6,322,2944.0,1497.0
6,323,2944.0,1497.0
6,324,2944.0,1497.0
6,325,2944.0,1497.0
6,326,2944.0,1497.0
6,327,2944.0,1497.0
6,328,2944.0,1497.0
6,329,2944.0,1497.0
6,330,2944.0,1497.0
6,331,2944.0,1497.0
6,332,2944.0,1497.0
6,333,2944.0,1497.0
6,334,2944.0,1497.0
6,335,2944.0,1497.0
6,336,2944.0,1497.0
6,337,2944.0,1497.0
6,338,2944.0,1497.0
6,339,2944.0,1497.0
6,340,2944.0,1497.0
6,341,2944.0,1497.0
6,342,2944.0,1497.0
6,343,2944.0,1497.0
6,344,2944.0,1497.0
6,345,2944.0,1497.0
6,346,2944.0,1497.0
6,347,2944.0,1497.0
6,348,2944.0,1497.0
6,349,2944.0,1497.0
6,350,2944.0,1497.0
6,351,2944.0,1497.0
6,352,2944.0,1497.0
6,353,2944.0,1497.0
6,354,2944.0,1497.0
6,355,2944.0,1497.0
6,356,2944.0,1497.0
6,357,2944.0,1497.0
6,358,2944.0,1497.0
6,359,2944.0,1497.0
7,0,1971.0,1970.0
7,1,1971.0,1970.0
7,2,1971.0,1970.0
7,3,1971.0,1970.0
7,4,1971.0,1970.0
7,5,1971.0,1970.0
7,6,1971.0,1970.0
7,7,1971.0,1970.0
7,8,1971.0,1970.0
7,9,1971.0,1970.0
7,10,1971.0,1970.0
7,11,1971.0,1970.0
7,12,1971.0,1970.0
7,13,1971.0,1970.0
7,14,1971.0,1970.0
7,15,1971.0,1970.0
7,16,1971.0,1970.0
7,17,1971.0,1970.0
7,18,1971.0,1970.0
7,19,1971.0,1970.0
7,20,1971.0,1970.0
7,21,1971.0,1970.0
7,22,1971.0,1970.0
7,23,1971.0,1970.0
7,24,1971.0,1970.0
7,25,1971.0,1970.0
7,26,1971.0,1970.0
7,27,1971.0,1970.0
7,28,1971.0,1970.0
7,29,1971.0,1970.0
7,30,1971.0,1970.0
7,31,1971.0,1970.0
7,32,1971.0,1970.0
7,33,1971.0,1970.0
7,34,1971.0,1970.0
7,35,1971.0,1970.0
7,36,1971.0,1970.0
7,37,1971.0,1970.0
7,38,1971.0,1970.0
7,39,1971.0,1970.0
7,40,1971.0,1970.0
7,41,1971.0,1970.0
7,42,1971.0,1970.0
7,43,1971.0,1970.0
7,44,1971.0,1970.0
7,45,1971.0,1970.0
7,46,1971.0,1970.0
7,47,1971.0,1970.0
7,48,1971.0,1970.0
7,49,1971.0,1970.0
7,50,1971.0,1970.0
7,51,1971.0,1970.0
7,52,1971.0,1970.0
7,53,1971.0,1970.0
7,54,1971.0,1970.0
7,55,1971.0,1970.0
7,56,1971.0,1970.0
7,57,1971.0,1970.0
7,58,1971.0,1970.0
7,59,1971.0,1970.0
7,60,1971.0,1970.0
7,61,1971.0,1970.0
7,62,1971.0,1970.0
7,63,1971.0,1970.0
7,64,1971.0,1970.0
7,65,1971.0,1970.0
7,66,1971.0,1970.0
7,67,1971.0,1970.0
7,68,1971.0,1970.0
7,69,1971.0,1970.0
7,70,1971.0,1970.0
7,71,1971.0,1970.0
7,72,1971.0,1970.0
7,73,1971.0,1970.0
7,74,1971.0,1970.0
7,75,1971.0,1970.0
7,76,1971.0,1970.0
7,77,1971.0,1970.0
7,78,1971.0,1970.0
7,79,1971.0,1970.0
7,80,1971.0,1970.0
7,81,1971.0,1970.0
7,82,1971.0,1970.0
7,83,1971.0,1970.0
7,84,1971.0,1970.0
7,85,1971.0,1970.0
7,86,1971.0,1970.0
7,87,1971.0,1970.0
7,88,1971.0,1970.0
7,89,1971.0,1970.0
7,90,1971.0,1970.0
7,91,1971.0,1970.0
7,92,1971.0,1970.0
7,93,1971.0,1970.0
7,94,1971.0,1970.0
7,95,1971.0,1970.0
7,96,1971.0,1970.0
7,97,1971.0,1970.0
7,98,1971.0,1970.0
7,99,1971.0,1970.0
7,100,1971.0,1970.0
7,101,1971.0,1970.0
7,102,1971.0,1970.0
7,103,1971.0,1970.0
7,104,1971.0,1970.0
7,105,1971.0,1970.0
7,106,1971.0,1970.0
7,107,1971.0,1970.0
7,108,1971.0,1970.0
7,109,1971.0,1970.0
7,110,1971.0,1970.0
7,111,1971.0,1970.0
7,112,1971.0,1970.0
7,113,1971.0,1970.0
7,114,1971.0,1970.0
7,115,1971.0,1970.0
7,116,1971.0,1970.0
7,117,1971.0,1970.0
7,118,1971.0,1970.0
7,119,1971.0,1970.0
7,120,1971.0,1970.0
7,121,1971.0,1970.0
7,122,1971.0,1970.0
7,123,1971.0,1970.0
7,124,1971.0,1970.0
7,125,1971.0,1970.0
7,126,1971.0,1970.0
7,127,1971.0,1970.0
7,128,1971.0,1970.0
7,129,1971.0,1970.0
7,130,1971.0,1970.0
7,131,1971.0,1970.0
7,132,1971.0,1970.0
7,133,1971.0,1970.0
7,134,1971.0,1970.0
7,135,1971.0,1970.0
7,136,1971.0,1970.0
7,137,1971.0,1970.0
7,138,1971.0,1970.0
7,139,1971.0,1970.0
7,140,1971.0,1970.0
7,141,1971.0,1970.0
7,142,1971.0,1970.0
7,143,1971.0,1970.0
7,144,1971.0,1970.0
7,145,1971.0,1970.0
7,146,1971.0,1970.0
7,147,1971.0,1970.0
7,148,1971.0,1970.0
7,149,1971.0,1970.0
7,150,1971.0,1970.0
7,151,1971.0,1970.0
7,152,1971.0,1970.0
7,153,1971.0,1970.0
7,154,1971.0,1970.0
7,155,1971.0,1970.0
7,156,1971.0,1970.0
7,157,1971.0,1970.0
7,158,1971.0,1970.0
7,159,1971.0,1970.0
7,160,1971.0,1970.0
7,161,1971.0,1970.0
7,162,1971.0,1970.0
7,163,1971.0,1970.0
7,164,1971.0,1970.0
7,165,1971.0,1970.0
7,166,1971.0,1970.0
7,167,1971.0,1970.0
7,168,1971.0,1970.0
7,169,1971.0,1970.0
7,170,1971.0,1970.0
7,171,1971.0,1970.0
7,172,1971.0,1970.0
7,173,1971.0,1970.0
7,174,1971.0,1970.0
7,175,1971.0,1970.0
7,176,1971.0,1970.0
7,177,1971.0,1970.0
7,178,1971.0,1970.0
7,179,1971.0,1970.0
7,180,1971.0,1970.0
7,181,1971.0,1970.0
7,182,1971.0,1970.0
7,183,1971.0,1970.0
7,184,1971.0,1970.0
7,185,1971.0,1970.0
7,186,1971.0,1970.0
7,187,1971.0,1970.0
7,188,1971.0,1970.0
7,189,1971.0,1970.0
7,190,1971.0,1970.0
7,191,1971.0,1970.0
7,192,1971.0,1970.0
7,193,1971.0,1970.0
7,194,1971.0,1970.0
7,195,1971.0,1970.0
7,196,1971.0,1970.0
7,197,1971.0,1970.0
7,198,1971.0,1970.0
7,199,1971.0,1970.0
7,200,1971.0,1970.0
7,201,1971.0,1970.0
7,202,1971.0,1970.0
7,203,1971.0,1970.0
7,204,1971.0,1970.0
7,205,1971.0,1970.0
7,206,1971.0,1970.0
7,207,1971.0,1970.0
7,208,1971.0,1970.0
7,209,1971.0,1970.0
7,210,1971.0,1970.0
7,211,1971.0,1970.0
7,212,1971.0,1970.0
7,213,1971.0,1970.0
7,214,1971.0,1970.0
7,215,1971.0,1970.0
7,216,1971.0,1970.0
7,217,1971.0,1970.0
7,218,1971.0,1970.0
7,219,1971.0,1970.0
7,220,1971.0,1970.0
7,221,1971.0,1970.0
7,222,1971.0,1970.0
7,223,1971.0,1970.0
7,224,1971.0,1970.0
7,225,1971.0,1970.0
7,226,1971.0,1970.0
7,227,1971.0,1970.0
7,228,1971.0,1970.0
7,229,1971.0,1970.0
7,230,1971.0,1970.0
7,231,1971.0,1970.0
7,232,1971.0,1970.0
7,233,1971.0,1970.0
7,234,1971.0,1970.0
7,235,1971.0,1970.0
7,236,1971.0,1970.0
7,237,1971.0,1970.0
7,238,1971.0,1970.0
7,239,1971.0,1970.0
7,240,1971.0,1970.0
7,241,1971.0,1970.0
7,242,1971.0,1970.0
7,243,1971.0,1970.0
7,244,1971.0,1970.0
7,245,1971.0,1970.0
7,246,1971.0,1970.0
7,247,1971.0,1970.0
7,248,1971.0,1970.0
7,249,1971.0,1970.0
7,250,1971.0,1970.0
7,251,1971.0,1970.0
7,252,1971.0,1970.0
7,253,1971.0,1970.0
7,254,1971.0,1970.0
7,255,1971.0,1970.0
7,256,1971.0,1970.0
7,257,1971.0,1970.0
7,258,1971.0,1970.0
7,259,1971.0,1970.0
7,260,1971.0,1970.0
7,261,1971.0,1970.0
7,262,1971.0,1970.0
7,263,1971.0,1970.0
7,264,1971.0,1970.0
7,265,1971.0,1970.0
7,266,1971.0,1970.0
7,267,1971.0,1970.0
7,268,1971.0,1970.0
7,269,1971.0,1970.0
7,270,1971.0,1970.0
7,271,1971.0,1970.0
7,272,1971.0,1970.0
7,273,1971.0,1970.0
7,274,1971.0,1970.0
7,275,1971.0,1970.0
7,276,1971.0,1970.0
7,277,1971.0,1970.0
7,278,1971.0,1970.0
7,279,1971.0,1970.0
7,280,1971.0,1970.0
7,281,1971.0,1970.0
7,282,1971.0,1970.0
7,283,1971.0,1970.0
7,284,1971.0,1970.0
7,285,1971.0,1970.0
7,286,1971.0,1970.0
7,287,1971.0,1970.0
7,288,1971.0,1970.0
7,289,1971.0,1970.0
7,290,1971.0,1970.0
7,291,1971.0,1970.0
7,292,1971.0,1970.0
7,293,1971.0,1970.0
7,294,1971.0,1970.0
7,295,1971.0,1970.0
7,296,1971.0,1970.0
7,297,1971.0,1970.0
7,298,1971.0,1970.0
7,299,1971.0,1970.0
7,300,1971.0,1970.0
7,301,1971.0,1970.0
7,302,1971.0,1970.0
7,303,1971.0,1970.0
7,304,1971.0,1970.0
7,305,1971.0,1970.0
7,306,1971.0,1970.0
7,307,1971.0,1970.0
7,308,1971.0,1970.0
7,309,1971.0,1970.0
7,310,1971.0,1970.0
7,311,1971.0,1970.0
7,312,1971.0,1970.0
7,313,1971.0,1970.0
7,314,1971.0,1970.0
7,315,1971.0,1970.0
7,316,1971.0,1970.0
7,317,1971.0,1970.0
7,318,1971.0,1970.0
7,319,1971.0,1970.0
7,320,1971.0,1970.0
7,321,1971.0,1970.0
7,322,1971.0,1970.0
7,323,1971.0,1970.0
7,324,1971.0,1970.0
7,325,1971.0,1970.0
7,326,1971.0,1970.0
7,327,1971.0,1970.0
7,328,1971.0,1970.0
7,329,1971.0,1970.0
7,330,1971.0,1970.0
7,331,1971.0,1970.0
7,332,1971.0,1970.0
7,333,1971.0,1970.0
7,334,1971.0,1970.0
7,335,1971.0,1970.0
7,336,1971.0,1970.0
7,337,1971.0,1970.0
7,338,1971.0,1970.0
7,339,1971.0,1970.0
7,340,1971.0,1970.0
7,341,1971.0,1970.0
7,342,1971.0,1970.0
7,343,1971.0,1970.0
7,344,1971.0,1970.0
7,345,1971.0,1970.0
7,346,1971.0,1970.0
7,347,1971.0,1970.0
7,348,1971.0,1970.0
7,349,1971.0,1970.0
7,350,1971.0,1970.0
7,351,1971.0,1970.0
7,352,1971.0,1970.0
7,353,1971.0,1970.0
7,354,1971.0,1970.0
7,355,1971.0,1970.0
7,356,1971.0,1970.0
7,357,1971.0,1970.0
7,358,1971.0,1970.0
7,359,1971.0,1970.0
8,0,1563.0,1181.0
8,1,1563.0,1181.0
8,2,1563.0,1181.0
8,3,1563.0,1181.0
8,4,1563.0,1181.0
8,5,1563.0,1181.0
8,6,1563.0,1181.0
8,7,1563.0,1181.0
8,8,1563.0,1181.0
8,9,1563.0,1181.0
8,10,1563.0,1181.0
8,11,1563.0,1181.0
8,12,1563.0,1181.0
8,13,1563.0,1181.0
8,14,1563.0,1181.0
8,15,1563.0,1181.0
8,16,1563.0,1181.0
8,17,1563.0,1181.0
8,18,1563.0,1181.0
8,19,1563.0,1181.0
8,20,1563.0,1181.0
8,21,1563.0,1181.0
8,22,1563.0,1181.0
8,23,1563.0,1181.0
8,24,1563.0,1181.0
8,25,1563.0,1181.0
8,26,1563.0,1181.0
8,27,1563.0,1181.0
8,28,1563.0,1181.0
8,29,1563.0,1181.0
8,30,1563.0,1181.0
8,31,1563.0,1181.0
8,32,1563.0,1181.0
8,33,1563.0,1181.0
8,34,1563.0,1181.0
8,35,1563.0,1181.0
8,36,1563.0,1181.0
8,37,1563.0,1181.0
8,38,1563.0,1181.0
8,39,1563.0,1181.0
8,40,1563.0,1181.0
8,41,1563.0,1181.0
8,42,1563.0,1181.0
8,43,1563.0,1181.0
8,44,1563.0,1181.0
8,45,1563.0,1181.0
8,46,1563.0,1181.0
8,47,1563.0,1181.0
8,48,1563.0,1181.0
8,49,1563.0,1181.0
8,50,1563.0,1181.0
8,51,1563.0,1181.0
8,52,1563.0,1181.0
8,53,1563.0,1181.0
8,54,1563.0,1181.0
8,55,1563.0,1181.0
8,56,1563.0,1181.0
8,57,1563.0,1181.0
8,58,1563.0,1181.0
8,59,1563.0,1181.0
8,60,1563.0,1181.0
8,61,1563.0,1181.0
8,62,1563.0,1181.0
8,63,1563.0,1181.0
8,64,1563.0,1181.0
8,65,1563.0,1181.0
8,66,1563.0,1181.0
8,67,1563.0,1181.0
8,68,1563.0,1181.0
8,69,1563.0,1181.0
8,70,1563.0,1181.0
8,71,1563.0,1181.0
8,72,1563.0,1181.0
8,73,1563.0,1181.0
8,74,1563.0,1181.0
8,75,1563.0,1181.0
8,76,1563.0,1181.0
8,77,1563.0,1181.0
8,78,1563.0,1181.0
8,79,1563.0,1181.0
8,80,1563.0,1181.0
8,81,1563.0,1181.0
8,82,1563.0,1181.0
8,83,1563.0,1181.0
8,84,1563.0,1181.0
8,85,1563.0,1181.0
8,86,1563.0,1181.0
8,87,1563.0,1181.0
8,88,1563.0,1181.0
8,89,1563.0,1181.0
8,90,1563.0,1181.0
8,91,1563.0,1181.0
8,92,1563.0,1181.0
8,93,1563.0,1181.0
8,94,1563.0,1181.0
8,95,1563.0,1181.0
8,96,1563.0,1181.0
8,97,1563.0,1181.0
8,98,1563.0,1181.0
8,99,1563.0,1181.0
8,100,1563.0,1181.0
8,101,1563.0,1181.0
8,102,1563.0,1181.0
8,103,1563.0,1181.0
8,104,1563.0,1181.0
8,105,1563.0,1181.0
8,106,1563.0,1181.0
8,107,1563.0,1181.0
8,108,1563.0,1181.0
8,109,1563.0,1181.0
8,110,1563.0,1181.0
8,111,1563.0,1181.0
8,112,1563.0,1181.0
8,113,1563.0,1181.0
8,114,1563.0,1181.0
8,115,1563.0,1181.0
8,116,1563.0,1181.0
8,117,1563.0,1181.0
8,118,1563.0,1181.0
8,119,1563.0,1181.0
8,120,1563.0,1181.0
8,121,1563.0,1181.0
8,122,1563.0,1181.0
8,123,1563.0,1181.0
8,124,1563.0,1181.0
8,125,1563.0,1181.0
8,126,1563.0,1181.0
8,127,1563.0,1181.0
8,128,1563.0,1181.0
8,129,1563.0,1181.0
8,130,1563.0,1181.0
8,131,1563.0,1181.0
8,132,1563.0,1181.0
8,133,1563.0,1181.0
8,134,1563.0,1181.0
8,135,1563.0,1181.0
8,136,1563.0,1181.0
8,137,1563.0,1181.0
8,138,1563.0,1181.0
8,139,1563.0,1181.0
8,140,1563.0,1181.0
8,141,1563.0,1181.0
8,142,1563.0,1181.0
8,143,1563.0,1181.0
8,144,1563.0,1181.0
8,145,1563.0,1181.0
8,146,1563.0,1181.0
8,147,1563.0,1181.0
8,148,1563.0,1181.0
8,149,1563.0,1181.0
8,150,1563.0,1181.0
8,151,1563.0,1181.0
8,152,1563.0,1181.0
8,153,1563.0,1181.0
8,154,1563.0,1181.0
8,155,1563.0,1181.0
8,156,1563.0,1181.0
8,157,1563.0,1181.0
8,158,1563.0,1181.0
8,159,1563.0,1181.0
8,160,1563.0,1181.0
8,161,1563.0,1181.0
8,162,1563.0,1181.0
8,163,1563.0,1181.0
8,164,1563.0,1181.0
8,165,1563.0,1181.0
8,166,1563.0,1181.0
8,167,1563.0,1181.0
8,168,1563.0,1181.0
8,169,1563.0,1181.0
8,170,1563.0,1181.0
8,171,1563.0,1181.0
8,172,1563.0,1181.0
8,173,1563.0,1181.0
8,174,1563.0,1181.0
8,175,1563.0,1181.0
8,176,1563.0,1181.0
8,177,1563.0,1181.0
8,178,1563.0,1181.0
8,179,1563.0,1181.0
8,180,1563.0,1181.0
8,181,1563.0,1181.0
8,182,1563.0,1181.0
8,183,1563.0,1181.0
8,184,1563.0,1181.0
8,185,1563.0,1181.0
8,186,1563.0,1181.0
8,187,1563.0,1181.0
8,188,1563.0,1181.0
8,189,1563.0,1181.0
8,190,1563.0,1181.0
8,191,1563.0,1181.0
8,192,1563.0,1181.0
8,193,1563.0,1181.0
8,194,1563.0,1181.0
8,195,1563.0,1181.0
8,196,1563.0,1181.0
8,197,1563.0,1181.0
8,198,1563.0,1181.0
8,199,1563.0,1181.0
8,200,1563.0,1181.0
8,201,1563.0,1181.0
8,202,1563.0,1181.0
8,203,1563.0,1181.0
8,204,1563.0,1181.0
8,205,1563.0,1181.0
8,206,1563.0,1181.0
8,207,1563.0,1181.0
8,208,1563.0,1181.0
8,209,1563.0,1181.0
8,210,1563.0,1181.0
8,211,1563.0,1181.0
8,212,1563.0,1181.0
8,213,1563.0,1181.0
8,214,1563.0,1181.0
8,215,1563.0,1181.0
8,216,1563.0,1181.0
8,217,1563.0,1181.0
8,218,1563.0,1181.0
8,219,1563.0,1181.0
8,220,1563.0,1181.0
8,221,1563.0,1181.0
8,222,1563.0,1181.0
8,223,1563.0,1181.0
8,224,1563.0,1181.0
8,225,1563.0,1181.0
8,226,1563.0,1181.0
8,227,1563.0,1181.0
8,228,1563.0,1181.0
8,229,1563.0,1181.0
8,230,1563.0,1181.0
8,231,1563.0,1181.0
8,232,1563.0,1181.0
8,233,1563.0,1181.0
8,234,1563.0,1181.0
8,235,1563.0,1181.0
8,236,1563.0,1181.0
8,237,1563.0,1181.0
8,238,1563.0,1181.0
8,239,1563.0,1181.0
8,240,1563.0,1181.0
8,241,1563.0,1181.0
8,242,1563.0,1181.0
8,243,1563.0,1181.0
8,244,1563.0,1181.0
8,245,1563.0,1181.0
8,246,1563.0,1181.0
8,247,1563.0,1181.0
8,248,1563.0,1181.0
8,249,1563.0,1181.0
8,250,1563.0,1181.0
8,251,1563.0,1181.0
8,252,1563.0,1181.0
8,253,1563.0,1181.0
8,254,1563.0,1181.0
8,255,1563.0,1181.0
8,256,1563.0,1181.0
8,257,1563.0,1181.0
8,258,1563.0,1181.0
8,259,1563.0,1181.0
8,260,1563.0,1181.0
8,261,1563.0,1181.0
8,262,1563.0,1181.0
8,263,1563.0,1181.0
8,264,1563.0,1181.0
8,265,1563.0,1181.0
8,266,1563.0,1181.0
8,267,1563.0,1181.0
8,268,1563.0,1181.0
8,269,1563.0,1181.0
8,270,1563.0,1181.0
8,271,1563.0,1181.0
8,272,1563.0,1181.0
8,273,1563.0,1181.0
8,274,1563.0,1181.0
8,275,1563.0,1181.0
8,276,1563.0,1181.0
8,277,1563.0,1181.0
8,278,1563.0,1181.0
8,279,1563.0,1181.0
8,280,1563.0,1181.0
8,281,1563.0,1181.0
8,282,1563.0,1181.0
8,283,1563.0,1181.0
8,284,1563.0,1181.0
8,285,1563.0,1181.0
8,286,1563.0,1181.0
8,287,1563.0,1181.0
8,288,1563.0,1181.0
8,289,1563.0,1181.0
8,290,1563.0,1181.0
8,291,1563.0,1181.0
8,292,1563.0,1181.0
8,293,1563.0,1181.0
8,294,1563.0,1181.0
8,295,1563.0,1181.0
8,296,1563.0,1181.0
8,297,1563.0,1181.0
8,298,1563.0,1181.0
8,299,1563.0,1181.0
8,300,1563.0,1181.0
8,301,1563.0,1181.0
8,302,1563.0,1181.0
8,303,1563.0,1181.0
8,304,1563.0,1181.0
8,305,1563.0,1181.0
8,306,1563.0,1181.0
8,307,1563.0,1181.0
8,308,1563.0,1181.0
8,309,1563.0,1181.0
8,310,1563.0,1181.0
8,311,1563.0,1181.0
8,312,1563.0,1181.0
8,313,1563.0,1181.0
8,314,1563.0,1181.0
8,315,1563.0,1181.0
8,316,1563.0,1181.0
8,317,1563.0,1181.0
8,318,1563.0,1181.0
8,319,1563.0,1181.0
8,320,1563.0,1181.0
8,321,1563.0,1181.0
8,322,1563.0,1181.0
8,323,1563.0,1181.0
8,324,1563.0,1181.0
8,325,1563.0,1181.0
8,326,1563.0,1181.0
8,327,1563.0,1181.0
8,328,1563.0,1181.0
8,329,1563.0,1181.0
8,330,1563.0,1181.0
8,331,1563.0,1181.0
8,332,1563.0,1181.0
8,333,1563.0,1181.0
8,334,1563.0,1181.0
8,335,1563.0,1181.0
8,336,1563.0,1181.0
8,337,1563.0,1181.0
8,338,1563.0,1181.0
8,339,1563.0,1181.0
8,340,1563.0,1181.0
8,341,1563.0,1181.0
8,342,1563.0,1181.0
8,343,1563.0,1181.0
8,344,1563.0,1181.0
8,345,1563.0,1181.0
8,346,1563.0,1181.0
8,347,1563.0,1181.0
8,348,1563.0,1181.0
8,349,1563.0,1181.0
8,350,1563.0,1181.0
8,351,1563.0,1181.0
8,352,1563.0,1181.0
8,353,1563.0,1181.0
8,354,1563.0,1181.0
8,355,1563.0,1181.0
8,356,1563.0,1181.0
8,357,1563.0,1181.0
8,358,1563.0,1181.0
8,359,1563.0,1181.0
9,0,1223.0,2402.0
9,1,1223.0,2402.0
9,2,1223.0,2402.0
9,3,1223.0,2402.0
9,4,1223.0,2402.0
9,5,1223.0,2402.0
9,6,1223.0,2402.0
9,7,1223.0,2402.0
9,8,1223.0,2402.0
9,9,1223.0,2402.0
9,10,1223.0,2402.0
9,11,1223.0,2402.0
9,12,1223.0,2402.0
9,13,1223.0,2402.0
9,14,1223.0,2402.0
9,15,1223.0,2402.0
9,16,1223.0,2402.0
9,17,1223.0,2402.0
9,18,1223.0,2402.0
9,19,1223.0,2402.0
9,20,1223.0,2402.0
9,21,1223.0,2402.0
9,22,1223.0,2402.0
9,23,1223.0,2402.0
9,24,1223.0,2402.0
9,25,1223.0,2402.0
9,26,1223.0,2402.0
9,27,1223.0,2402.0
9,28,1223.0,2402.0
9,29,1223.0,2402.0
9,30,1223.0,2402.0
9,31,1223.0,2402.0
9,32,1223.0,2402.0
9,33,1223.0,2402.0
9,34,1223.0,2402.0
9,35,1223.0,2402.0
9,36,1223.0,2402.0
9,37,1223.0,2402.0
9,38,1223.0,2402.0
9,39,1223.0,2402.0
9,40,1223.0,2402.0
9,41,1223.0,2402.0
9,42,1223.0,2402.0
9,43,1223.0,2402.0
9,44,1223.0,2402.0
9,45,1223.0,2402.0
9,46,1223.0,2402.0
9,47,1223.0,2402.0
9,48,1223.0,2402.0
9,49,1223.0,2402.0
9,50,1223.0,2402.0
9,51,1223.0,2402.0
9,52,1223.0,2402.0
9,53,1223.0,2402.0
9,54,1223.0,2402.0
9,55,1223.0,2402.0
9,56,1223.0,2402.0
9,57,1223.0,2402.0
9,58,1223.0,2402.0
9,59,1223.0,2402.0
9,60,1223.0,2402.0
9,61,1223.0,2402.0
9,62,1223.0,2402.0
9,63,1223.0,2402.0
9,64,1223.0,2402.0
9,65,1223.0,2402.0
9,66,1223.0,2402.0
9,67,1223.0,2402.0
9,68,1223.0,2402.0
9,69,1223.0,2402.0
9,70,1223.0,2402.0
9,71,1223.0,2402.0
9,72,1223.0,2402.0
9,73,1223.0,2402.0
9,74,1223.0,2402.0
9,75,1223.0,2402.0
9,76,1223.0,2402.0
9,77,1223.0,2402.0
9,78,1223.0,2402.0
9,79,1223.0,2402.0
9,80,1223.0,2402.0
9,81,1223.0,2402.0
9,82,1223.0,2402.0
9,83,1223.0,2402.0
9,84,1223.0,2402.0
9,85,1223.0,2402.0
9,86,1223.0,2402.0
9,87,1223.0,2402.0
9,88,1223.0,2402.0
9,89,1223.0,2402.0
9,90,1223.0,2402.0
9,91,1223.0,2402.0
9,92,1223.0,2402.0
9,93,1223.0,2402.0
9,94,1223.0,2402.0
9,95,1223.0,2402.0
9,96,1223.0,2402.0
9,97,1223.0,2402.0
9,98,1223.0,2402.0
9,99,1223.0,2402.0
9,100,1223.0,2402.0
9,101,1223.0,2402.0
9,102,1223.0,2402.0
9,103,1223.0,2402.0
9,104,1223.0,2402.0
9,105,1223.0,2402.0
9,106,1223.0,2402.0
9,107,1223.0,2402.0
9,108,1223.0,2402.0
9,109,1223.0,2402.0
9,110,1223.0,2402.0
9,111,1223.0,2402.0
9,112,1223.0,2402.0
9,113,1223.0,2402.0
9,114,1223.0,2402.0
9,115,1223.0,2402.0
9,116,1223.0,2402.0
9,117,1223.0,2402.0
9,118,1223.0,2402.0
9,119,1223.0,2402.0
9,120,1223.0,2402.0
9,121,1223.0,2402.0
9,122,1223.0,2402.0
9,123,1223.0,2402.0
9,124,1223.0,2402.0
9,125,1223.0,2402.0
9,126,1223.0,2402.0
9,127,1223.0,2402.0
9,128,1223.0,2402.0
9,129,1223.0,2402.0
9,130,1223.0,2402.0
9,131,1223.0,2402.0
9,132,1223.0,2402.0
9,133,1223.0,2402.0
9,134,1223.0,2402.0
9,135,1223.0,2402.0
9,136,1223.0,2402.0
9,137,1223.0,2402.0
9,138,1223.0,2402.0
9,139,1223.0,2402.0
9,140,1223.0,2402.0
9,141,1223.0,2402.0
9,142,1223.0,2402.0
9,143,1223.0,2402.0
9,144,1223.0,2402.0
9,145,1223.0,2402.0
9,146,1223.0,2402.0
9,147,1223.0,2402.0
9,148,1223.0,2402.0
9,149,1223.0,2402.0
9,150,1223.0,2402.0
9,151,1223.0,2402.0
9,152,1223.0,2402.0
9,153,1223.0,2402.0
9,154,1223.0,2402.0
9,155,1223.0,2402.0
9,156,1223.0,2402.0
9,157,1223.0,2402.0
9,158,1223.0,2402.0
9,159,1223.0,2402.0
9,160,1223.0,2402.0
9,161,1223.0,2402.0
9,162,1223.0,2402.0
9,163,1223.0,2402.0
9,164,1223.0,2402.0
9,165,1223.0,2402.0
9,166,1223.0,2402.0
9,167,1223.0,2402.0
9,168,1223.0,2402.0
9,169,1223.0,2402.0
9,170,1223.0,2402.0
9,171,1223.0,2402.0
9,172,1223.0,2402.0
9,173,1223.0,2402.0
9,174,1223.0,2402.0
9,175,1223.0,2402.0
9,176,1223.0,2402.0
9,177,1223.0,2402.0
9,178,1223.0,2402.0
9,179,1223.0,2402.0
9,180,1223.0,2402.0
9,181,1223.0,2402.0
9,182,1223.0,2402.0
9,183,1223.0,2402.0
9,184,1223.0,2402.0
9,185,1223.0,2402.0
9,186,1223.0,2402.0
9,187,1223.0,2402.0
9,188,1223.0,2402.0
9,189,1223.0,2402.0
9,190,1223.0,2402.0
9,191,1223.0,2402.0
9,192,1223.0,2402.0
9,193,1223.0,2402.0
9,194,1223.0,2402.0
9,195,1223.0,2402.0
9,196,1223.0,2402.0
9,197,1223.0,2402.0
9,198,1223.0,2402.0
9,199,1223.0,2402.0
9,200,1223.0,2402.0
9,201,1223.0,2402.0
9,202,1223.0,2402.0
9,203,1223.0,2402.0
9,204,1223.0,2402.0
9,205,1223.0,2402.0
9,206,1223.0,2402.0
9,207,1223.0,2402.0
9,208,1223.0,2402.0
9,209,1223.0,2402.0
9,210,1223.0,2402.0
9,211,1223.0,2402.0
9,212,1223.0,2402.0
9,213,1223.0,2402.0
9,214,1223.0,2402.0
9,215,1223.0,2402.0
9,216,1223.0,2402.0
9,217,1223.0,2402.0
9,218,1223.0,2402.0
9,219,1223.0,2402.0
9,220,1223.0,2402.0
9,221,1223.0,2402.0
9,222,1223.0,2402.0
9,223,1223.0,2402.0
9,224,1223.0,2402.0
9,225,1223.0,2402.0
9,226,1223.0,2402.0
9,227,1223.0,2402.0
9,228,1223.0,2402.0
9,229,1223.0,2402.0
9,230,1223.0,2402.0
9,231,1223.0,2402.0
9,232,1223.0,2402.0
9,233,1223.0,2402.0
9,234,1223.0,2402.0
9,235,1223.0,2402.0
9,236,1223.0,2402.0
9,237,1223.0,2402.0
9,238,1223.0,2402.0
9,239,1223.0,2402.0
9,240,1223.0,2402.0
9,241,1223.0,2402.0
9,242,1223.0,2402.0
9,243,1223.0,2402.0
9,244,1223.0,2402.0
9,245,1223.0,2402.0
9,246,1223.0,2402.0
9,247,1223.0,2402.0
9,248,1223.0,2402.0
9,249,1223.0,2402.0
9,250,1223.0,2402.0
9,251,1223.0,2402.0
9,252,1223.0,2402.0
9,253,1223.0,2402.0
9,254,1223.0,2402.0
9,255,1223.0,2402.0
9,256,1223.0,2402.0
9,257,1223.0,2402.0
9,258,1223.0,2402.0
9,259,1223.0,2402.0
9,260,1223.0,2402.0
9,261,1223.0,2402.0
9,262,1223.0,2402.0
9,263,1223.0,2402.0
9,264,1223.0,2402.0
9,265,1223.0,2402.0
9,266,1223.0,2402.0
9,267,1223.0,2402.0
9,268,1223.0,2402.0
9,269,1223.0,2402.0
9,270,1223.0,2402.0
9,271,1223.0,2402.0
9,272,1223.0,2402.0
9,273,1223.0,2402.0
9,274,1223.0,2402.0
9,275,1223.0,2402.0
9,276,1223.0,2402.0
9,277,1223.0,2402.0
9,278,1223.0,2402.0
9,279,1223.0,2402.0
9,280,1223.0,2402.0
9,281,1223.0,2402.0
9,282,1223.0,2402.0
9,283,1223.0,2402.0
9,284,1223.0,2402.0
9,285,1223.0,2402.0
9,286,1223.0,2402.0
9,287,1223.0,2402.0
9,288,1223.0,2402.0
9,289,1223.0,2402.0
9,290,1223.0,2402.0
9,291,1223.0,2402.0
9,292,1223.0,2402.0
9,293,1223.0,2402.0
9,294,1223.0,2402.0
9,295,1223.0,2402.0
9,296,1223.0,2402.0
9,297,1223.0,2402.0
9,298,1223.0,2402.0
9,299,1223.0,2402.0
9,300,1223.0,2402.0
9,301,1223.0,2402.0
9,302,1223.0,2402.0
9,303,1223.0,2402.0
9,304,1223.0,2402.0
9,305,1223.0,2402.0
9,306,1223.0,2402.0
9,307,1223.0,2402.0
9,308,1223.0,2402.0
9,309,1223.0,2402.0
9,310,1223.0,2402.0
9,311,1223.0,2402.0
9,312,1223.0,2402.0
9,313,1223.0,2402.0
9,314,1223.0,2402.0
9,315,1223.0,2402.0
9,316,1223.0,2402.0
9,317,1223.0,2402.0
9,318,1223.0,2402.0
9,319,1223.0,2402.0
9,320,1223.0,2402.0
9,321,1223.0,2402.0
9,322,1223.0,2402.0
9,323,1223.0,2402.0
9,324,1223.0,2402.0
9,325,1223.0,2402.0
9,326,1223.0,2402.0
9,327,1223.0,2402.0
9,328,1223.0,2402.0
9,329,1223.0,2402.0
9,330,1223.0,2402.0
9,331,1223.0,2402.0
9,332,1223.0,2402.0
9,333,1223.0,2402.0
9,334,1223.0,2402.0
9,335,1223.0,2402.0
9,336,1223.0,2402.0
9,337,1223.0,2402.0
9,338,1223.0,2402.0
9,339,1223.0,2402.0
9,340,1223.0,2402.0
9,341,1223.0,2402.0
9,342,1223.0,2402.0
9,343,1223.0,2402.0
9,344,1223.0,2402.0
9,345,1223.0,2402.0
9,346,1223.0,2402.0
9,347,1223.0,2402.0
9,348,1223.0,2402.0
9,349,1223.0,2402.0
9,350,1223.0,2402.0
9,351,1223.0,2402.0
9,352,1223.0,2402.0
9,353,1223.0,2402.0
9,354,1223.0,2402.0
9,355,1223.0,2402.0
9,356,1223.0,2402.0
9,357,1223.0,2402.0
9,358,1223.0,2402.0
9,359,1223.0,2402.0
10,0,2629.0,1388.0
10,1,2629.0,1388.0
10,2,2629.0,1388.0
10,3,2629.0,1388.0
10,4,2629.0,1388.0
10,5,2629.0,1388.0
10,6,2629.0,1388.0
10,7,2629.0,1388.0
10,8,2629.0,1388.0
10,9,2629.0,1388.0
10,10,2629.0,1388.0
10,11,2629.0,1388.0
10,12,2629.0,1388.0
10,13,2629.0,1388.0
10,14,2629.0,1388.0
10,15,2629.0,1388.0
10,16,2629.0,1388.0
10,17,2629.0,1388.0
10,18,2629.0,1388.0
10,19,2629.0,1388.0
10,20,2629.0,1388.0
10,21,2629.0,1388.0
10,22,2629.0,1388.0
10,23,2629.0,1388.0
10,24,2629.0,1388.0
10,25,2629.0,1388.0
10,26,2629.0,1388.0
10,27,2629.0,1388.0
10,28,2629.0,1388.0
10,29,2629.0,1388.0
10,30,2629.0,1388.0
10,31,2629.0,1388.0
10,32,2629.0,1388.0
10,33,2629.0,1388.0
10,34,2629.0,1388.0
10,35,2629.0,1388.0
10,36,2629.0,1388.0
10,37,2629.0,1388.0
10,38,2629.0,1388.0
10,39,2629.0,1388.0
10,40,2629.0,1388.0
10,41,2629.0,1388.0
10,42,2629.0,1388.0
10,43,2629.0,1388.0
10,44,2629.0,1388.0
10,45,2629.0,1388.0
10,46,2629.0,1388.0
10,47,2629.0,1388.0
10,48,2629.0,1388.0
10,49,2629.0,1388.0
10,50,2629.0,1388.0
10,51,2629.0,1388.0
10,52,2629.0,1388.0
10,53,2629.0,1388.0
10,54,2629.0,1388.0
10,55,2629.0,1388.0
10,56,2629.0,1388.0
10,57,2629.0,1388.0
10,58,2629.0,1388.0
10,59,2629.0,1388.0
10,60,2629.0,1388.0
10,61,2629.0,1388.0
10,62,2629.0,1388.0
10,63,2629.0,1388.0
10,64,2629.0,1388.0
10,65,2629.0,1388.0
10,66,2629.0,1388.0
10,67,2629.0,1388.0
10,68,2629.0,1388.0
10,69,2629.0,1388.0
10,70,2629.0,1388.0
10,71,2629.0,1388.0
10,72,2629.0,1388.0
10,73,2629.0,1388.0
10,74,2629.0,1388.0
10,75,2629.0,1388.0
10,76,2629.0,1388.0
10,77,2629.0,1388.0
10,78,2629.0,1388.0
10,79,2629.0,1388.0
10,80,2629.0,1388.0
10,81,2629.0,1388.0
10,82,2629.0,1388.0
10,83,2629.0,1388.0
10,84,2629.0,1388.0
10,85,2629.0,1388.0
10,86,2629.0,1388.0
10,87,2629.0,1388.0
10,88,2629.0,1388.0
10,89,2629.0,1388.0
10,90,2629.0,1388.0
10,91,2629.0,1388.0
10,92,2629.0,1388.0
10,93,2629.0,1388.0
10,94,2629.0,1388.0
10,95,2629.0,1388.0
10,96,2629.0,1388.0
10,97,2629.0,1388.0
10,98,2629.0,1388.0
10,99,2629.0,1388.0
10,100,2629.0,1388.0
10,101,2629.0,1388.0
10,102,2629.0,1388.0
10,103,2629.0,1388.0
10,104,2629.0,1388.0
10,105,2629.0,1388.0
10,106,2629.0,1388.0
10,107,2629.0,1388.0
10,108,2629.0,1388.0
10,109,2629.0,1388.0
10,110,2629.0,1388.0
10,111,2629.0,1388.0
10,112,2629.0,1388.0
10,113,2629.0,1388.0
10,114,2629.0,1388.0
10,115,2629.0,1388.0
10,116,2629.0,1388.0
10,117,2629.0,1388.0
10,118,2629.0,1388.0
10,119,2629.0,1388.0
10,120,2629.0,1388.0
10,121,2629.0,1388.0
10,122,2629.0,1388.0
10,123,2629.0,1388.0
10,124,2629.0,1388.0
10,125,2629.0,1388.0
10,126,2629.0,1388.0
10,127,2629.0,1388.0
10,128,2629.0,1388.0
10,129,2629.0,1388.0
10,130,2629.0,1388.0
10,131,2629.0,1388.0
10,132,2629.0,1388.0
10,133,2629.0,1388.0
10,134,2629.0,1388.0
10,135,2629.0,1388.0
10,136,2629.0,1388.0
10,137,2629.0,1388.0
10,138,2629.0,1388.0
10,139,2629.0,1388.0
10,140,2629.0,1388.0
10,141,2629.0,1388.0
10,142,2629.0,1388.0
10,143,2629.0,1388.0
10,144,2629.0,1388.0
10,145,2629.0,1388.0
10,146,2629.0,1388.0
10,147,2629.0,1388.0
10,148,2629.0,1388.0
10,149,2629.0,1388.0
10,150,2629.0,1388.0
10,151,2629.0,1388.0
10,152,2629.0,1388.0
10,153,2629.0,1388.0
10,154,2629.0,1388.0
10,155,2629.0,1388.0
10,156,2629.0,1388.0
10,157,2629.0,1388.0
10,158,2629.0,1388.0
10,159,2629.0,1388.0
10,160,2629.0,1388.0
10,161,2629.0,1388.0
10,162,2629.0,1388.0
10,163,2629.0,1388.0
10,164,2629.0,1388.0
10,165,2629.0,1388.0
10,166,2629.0,1388.0
10,167,2629.0,1388.0
10,168,2629.0,1388.0
10,169,2629.0,1388.0
10,170,2629.0,1388.0
10,171,2629.0,1388.0
10,172,2629.0,1388.0
10,173,2629.0,1388.0
10,174,2629.0,1388.0
10,175,2629.0,1388.0
10,176,2629.0,1388.0
10,177,2629.0,1388.0
10,178,2629.0,1388.0
10,179,2629.0,1388.0
10,180,2629.0,1388.0
10,181,2629.0,1388.0
10,182,2629.0,1388.0
10,183,2629.0,1388.0
10,184,2629.0,1388.0
10,185,2629.0,1388.0
10,186,2629.0,1388.0
10,187,2629.0,1388.0
10,188,2629.0,1388.0
10,189,2629.0,1388.0
10,190,2629.0,1388.0
10,191,2629.0,1388.0
10,192,2629.0,1388.0
10,193,2629.0,1388.0
10,194,2629.0,1388.0
10,195,2629.0,1388.0
10,196,2629.0,1388.0
10,197,2629.0,1388.0
10,198,2629.0,1388.0
10,199,2629.0,1388.0
10,200,2629.0,1388.0
10,201,2629.0,1388.0
10,202,2629.0,1388.0
10,203,2629.0,1388.0
10,204,2629.0,1388.0
10,205,2629.0,1388.0
10,206,2629.0,1388.0
10,207,2629.0,1388.0
10,208,2629.0,1388.0
10,209,2629.0,1388.0
10,210,2629.0,1388.0
10,211,2629.0,1388.0
10,212,2629.0,1388.0
10,213,2629.0,1388.0
10,214,2629.0,1388.0
10,215,2629.0,1388.0
10,216,2629.0,1388.0
10,217,2629.0,1388.0
10,218,2629.0,1388.0
10,219,2629.0,1388.0
10,220,2629.0,1388.0
10,221,2629.0,1388.0
10,222,2629.0,1388.0
10,223,2629.0,1388.0
10,224,2629.0,1388.0
10,225,2629.0,1388.0
10,226,2629.0,1388.0
10,227,2629.0,1388.0
10,228,2629.0,1388.0
10,229,2629.0,1388.0
10,230,2629.0,1388.0
10,231,2629.0,1388.0
10,232,2629.0,1388.0
10,233,2629.0,1388.0
10,234,2629.0,1388.0
10,235,2629.0,1388.0
10,236,2629.0,1388.0
10,237,2629.0,1388.0
10,238,2629.0,1388.0
10,239,2629.0,1388.0
10,240,2629.0,1388.0
10,241,2629.0,1388.0
10,242,2629.0,1388.0
10,243,2629.0,1388.0
10,244,2629.0,1388.0
10,245,2629.0,1388.0
10,246,2629.0,1388.0
10,247,2629.0,1388.0
10,248,2629.0,1388.0
10,249,2629.0,1388.0
10,250,2629.0,1388.0
10,251,2629.0,1388.0
10,252,2629.0,1388.0
10,253,2629.0,1388.0
10,254,2629.0,1388.0
10,255,2629.0,1388.0
10,256,2629.0,1388.0
10,257,2629.0,1388.0
10,258,2629.0,1388.0
10,259,2629.0,1388.0
10,260,2629.0,1388.0
10,261,2629.0,1388.0
10,262,2629.0,1388.0
10,263,2629.0,1388.0
10,264,2629.0,1388.0
10,265,2629.0,1388.0
10,266,2629.0,1388.0
10,267,2629.0,1388.0
10,268,2629.0,1388.0
10,269,2629.0,1388.0
10,270,2629.0,1388.0
10,271,2629.0,1388.0
10,272,2629.0,1388.0
10,273,2629.0,1388.0
10,274,2629.0,1388.0
10,275,2629.0,1388.0
10,276,2629.0,1388.0
10,277,2629.0,1388.0
10,278,2629.0,1388.0
10,279,2629.0,1388.0
10,280,2629.0,1388.0
10,281,2629.0,1388.0
10,282,2629.0,1388.0
10,283,2629.0,1388.0
10,284,2629.0,1388.0
10,285,2629.0,1388.0
10,286,2629.0,1388.0
10,287,2629.0,1388.0
10,288,2629.0,1388.0
10,289,2629.0,1388.0
10,290,2629.0,1388.0
10,291,2629.0,1388.0
10,292,2629.0,1388.0
10,293,2629.0,1388.0
10,294,2629.0,1388.0
10,295,2629.0,1388.0
10,296,2629.0,1388.0
10,297,2629.0,1388.0
10,298,2629.0,1388.0
10,299,2629.0,1388.0
10,300,2629.0,1388.0
10,301,2629.0,1388.0
10,302,2629.0,1388.0
10,303,2629.0,1388.0
10,304,2629.0,1388.0
10,305,2629.0,1388.0
10,306,2629.0,1388.0
10,307,2629.0,1388.0
10,308,2629.0,1388.0
10,309,2629.0,1388.0
10,310,2629.0,1388.0
10,311,2629.0,1388.0
10,312,2629.0,1388.0
10,313,2629.0,1388.0
10,314,2629.0,1388.0
10,315,2629.0,1388.0
10,316,2629.0,1388.0
10,317,2629.0,1388.0
10,318,2629.0,1388.0
10,319,2629.0,1388.0
10,320,2629.0,1388.0
10,321,2629.0,1388.0
10,322,2629.0,1388.0
10,323,2629.0,1388.0
10,324,2629.0,1388.0
10,325,2629.0,1388.0
10,326,2629.0,1388.0
10,327,2629.0,1388.0
10,328,2629.0,1388.0
10,329,2629.0,1388.0
10,330,2629.0,1388.0
10,331,2629.0,1388.0
10,332,2629.0,1388.0
10,333,2629.0,1388.0
10,334,2629.0,1388.0
10,335,2629.0,1388.0
10,336,2629.0,1388.0
10,337,2629.0,1388.0
10,338,2629.0,1388.0
10,339,2629.0,1388.0
10,340,2629.0,1388.0
10,341,2629.0,1388.0
10,342,2629.0,1388.0
10,343,2629.0,1388.0
10,344,2629.0,1388.0
10,345,2629.0,1388.0
10,346,2629.0,1388.0
10,347,2629.0,1388.0
10,348,2629.0,1388.0
10,349,2629.0,1388.0
10,350,2629.0,1388.0
10,351,2629.0,1388.0
10,352,2629.0,1388.0
10,353,2629.0,1388.0
10,354,2629.0,1388.0
10,355,2629.0,1388.0
10,356,2629.0,1388.0
10,357,2629.0,1388.0
10,358,2629.0,1388.0
10,359,2629.0,1388.0
11,0,2361.0,1478.0
11,1,2361.0,1478.0
11,2,2361.0,1478.0
11,3,2361.0,1478.0
11,4,2361.0,1478.0
11,5,2361.0,1478.0
11,6,2361.0,1478.0
11,7,2361.0,1478.0
11,8,2361.0,1478.0
11,9,2361.0,1478.0
11,10,2361.0,1478.0
11,11,2361.0,1478.0
11,12,2361.0,1478.0
11,13,2361.0,1478.0
11,14,2361.0,1478.0
11,15,2361.0,1478.0
11,16,2361.0,1478.0
11,17,2361.0,1478.0
11,18,2361.0,1478.0
11,19,2361.0,1478.0
11,20,2361.0,1478.0
11,21,2361.0,1478.0
11,22,2361.0,1478.0
11,23,2361.0,1478.0
11,24,2361.0,1478.0
11,25,2361.0,1478.0
11,26,2361.0,1478.0
11,27,2361.0,1478.0
11,28,2361.0,1478.0
11,29,2361.0,1478.0
11,30,2361.0,1478.0
11,31,2361.0,1478.0
11,32,2361.0,1478.0
11,33,2361.0,1478.0
11,34,2361.0,1478.0
11,35,2361.0,1478.0
11,36,2361.0,1478.0
11,37,2361.0,1478.0
11,38,2361.0,1478.0
11,39,2361.0,1478.0
11,40,2361.0,1478.0
11,41,2361.0,1478.0
11,42,2361.0,1478.0
11,43,2361.0,1478.0
11,44,2361.0,1478.0
11,45,2361.0,1478.0
11,46,2361.0,1478.0
11,47,2361.0,1478.0
11,48,2361.0,1478.0
11,49,2361.0,1478.0
11,50,2361.0,1478.0
11,51,2361.0,1478.0
11,52,2361.0,1478.0
11,53,2361.0,1478.0
11,54,2361.0,1478.0
11,55,2361.0,1478.0
11,56,2361.0,1478.0
11,57,2361.0,1478.0
11,58,2361.0,1478.0
11,59,2361.0,1478.0
11,60,2361.0,1478.0
11,61,2361.0,1478.0
11,62,2361.0,1478.0
11,63,2361.0,1478.0
11,64,2361.0,1478.0
11,65,2361.0,1478.0
11,66,2361.0,1478.0
11,67,2361.0,1478.0
11,68,2361.0,1478.0
11,69,2361.0,1478.0
11,70,2361.0,1478.0
11,71,2361.0,1478.0
11,72,2361.0,1478.0
11,73,2361.0,1478.0
11,74,2361.0,1478.0
11,75,2361.0,1478.0
11,76,2361.0,1478.0
11,77,2361.0,1478.0
11,78,2361.0,1478.0
11,79,2361.0,1478.0
11,80,2361.0,1478.0
11,81,2361.0,1478.0
11,82,2361.0,1478.0
11,83,2361.0,1478.0
11,84,2361.0,1478.0
11,85,2361.0,1478.0
11,86,2361.0,1478.0
11,87,2361.0,1478.0
11,88,2361.0,1478.0
11,89,2361.0,1478.0
11,90,2361.0,1478.0
11,91,2361.0,1478.0
11,92,2361.0,1478.0
11,93,2361.0,1478.0
11,94,2361.0,1478.0
11,95,2361.0,1478.0
11,96,2361.0,1478.0
11,97,2361.0,1478.0
11,98,2361.0,1478.0
11,99,2361.0,1478.0
11,100,2361.0,1478.0
11,101,2361.0,1478.0
11,102,2361.0,1478.0
11,103,2361.0,1478.0
11,104,2361.0,1478.0
11,105,2361.0,1478.0
11,106,2361.0,1478.0
11,107,2361.0,1478.0
11,108,2361.0,1478.0
11,109,2361.0,1478.0
11,110,2361.0,1478.0
11,111,2361.0,1478.0
11,112,2361.0,1478.0
11,113,2361.0,1478.0
11,114,2361.0,1478.0
11,115,2361.0,1478.0
11,116,2361.0,1478.0
11,117,2361.0,1478.0
11,118,2361.0,1478.0
11,119,2361.0,1478.0
11,120,2361.0,1478.0
11,121,2361.0,1478.0
11,122,2361.0,1478.0
11,123,2361.0,1478.0
11,124,2361.0,1478.0
11,125,2361.0,1478.0
11,126,2361.0,1478.0
11,127,2361.0,1478.0
11,128,2361.0,1478.0
11,129,2361.0,1478.0
11,130,2361.0,1478.0
11,131,2361.0,1478.0
11,132,2361.0,1478.0
11,133,2361.0,1478.0
11,134,2361.0,1478.0
11,135,2361.0,1478.0
11,136,2361.0,1478.0
11,137,2361.0,1478.0
11,138,2361.0,1478.0
11,139,2361.0,1478.0
11,140,2361.0,1478.0
11,141,2361.0,1478.0
11,142,2361.0,1478.0
11,143,2361.0,1478.0
11,144,2361.0,1478.0
11,145,2361.0,1478.0
11,146,2361.0,1478.0
11,147,2361.0,1478.0
11,148,2361.0,1478.0
11,149,2361.0,1478.0
11,150,2361.0,1478.0
11,151,2361.0,1478.0
11,152,2361.0,1478.0
11,153,2361.0,1478.0
11,154,2361.0,1478.0
11,155,2361.0,1478.0
11,156,2361.0,1478.0
11,157,2361.0,1478.0
11,158,2361.0,1478.0
11,159,2361.0,1478.0
11,160,2361.0,1478.0
11,161,2361.0,1478.0
11,162,2361.0,1478.0
11,163,2361.0,1478.0
11,164,2361.0,1478.0
11,165,2361.0,1478.0
11,166,2361.0,1478.0
11,167,2361.0,1478.0
11,168,2361.0,1478.0
11,169,2361.0,1478.0
11,170,2361.0,1478.0
11,171,2361.0,1478.0
11,172,2361.0,1478.0
11,173,2361.0,1478.0
11,174,2361.0,1478.0
11,175,2361.0,1478.0
11,176,2361.0,1478.0
11,177,2361.0,1478.0
11,178,2361.0,1478.0
11,179,2361.0,1478.0
11,180,2361.0,1478.0
11,181,2361.0,1478.0
11,182,2361.0,1478.0
11,183,2361.0,1478.0
11,184,2361.0,1478.0
11,185,2361.0,1478.0
11,186,2361.0,1478.0
11,187,2361.0,1478.0
11,188,2361.0,1478.0
11,189,2361.0,1478.0
11,190,2361.0,1478.0
11,191,2361.0,1478.0
11,192,2361.0,1478.0
11,193,2361.0,1478.0
11,194,2361.0,1478.0
11,195,2361.0,1478.0
11,196,2361.0,1478.0
11,197,2361.0,1478.0
11,198,2361.0,1478.0
11,199,2361.0,1478.0
11,200,2361.0,1478.0
11,201,2361.0,1478.0
11,202,2361.0,1478.0
11,203,2361.0,1478.0
11,204,2361.0,1478.0
11,205,2361.0,1478.0
11,206,2361.0,1478.0
11,207,2361.0,1478.0
11,208,2361.0,1478.0
11,209,2361.0,1478.0
11,210,2361.0,1478.0
11,211,2361.0,1478.0
11,212,2361.0,1478.0
11,213,2361.0,1478.0
11,214,2361.0,1478.0
11,215,2361.0,1478.0
11,216,2361.0,1478.0
11,217,2361.0,1478.0
11,218,2361.0,1478.0
11,219,2361.0,1478.0
11,220,2361.0,1478.0
11,221,2361.0,1478.0
11,222,2361.0,1478.0
11,223,2361.0,1478.0
11,224,2361.0,1478.0
11,225,2361.0,1478.0
11,226,2361.0,1478.0
11,227,2361.0,1478.0
11,228,2361.0,1478.0
11,229,2361.0,1478.0
11,230,2361.0,1478.0
11,231,2361.0,1478.0
11,232,2361.0,1478.0
11,233,2361.0,1478.0
11,234,2361.0,1478.0
11,235,2361.0,1478.0
11,236,2361.0,1478.0
11,237,2361.0,1478.0
11,238,2361.0,1478.0
11,239,2361.0,1478.0
11,240,2361.0,1478.0
11,241,2361.0,1478.0
11,242,2361.0,1478.0
11,243,2361.0,1478.0
11,244,2361.0,1478.0
11,245,2361.0,1478.0
11,246,2361.0,1478.0
11,247,2361.0,1478.0
11,248,2361.0,1478.0
11,249,2361.0,1478.0
11,250,2361.0,1478.0
11,251,2361.0,1478.0
11,252,2361.0,1478.0
11,253,2361.0,1478.0
11,254,2361.0,1478.0
11,255,2361.0,1478.0
11,256,2361.0,1478.0
11,257,2361.0,1478.0
11,258,2361.0,1478.0
11,259,2361.0,1478.0
11,260,2361.0,1478.0
11,261,2361.0,1478.0
11,262,2361.0,1478.0
11,263,2361.0,1478.0
11,264,2361.0,1478.0
11,265,2361.0,1478.0
11,266,2361.0,1478.0
11,267,2361.0,1478.0
11,268,2361.0,1478.0
11,269,2361.0,1478.0
11,270,2361.0,1478.0
11,271,2361.0,1478.0
11,272,2361.0,1478.0
11,273,2361.0,1478.0
11,274,2361.0,1478.0
11,275,2361.0,1478.0
11,276,2361.0,1478.0
11,277,2361.0,1478.0
11,278,2361.0,1478.0
11,279,2361.0,1478.0
11,280,2361.0,1478.0
11,281,2361.0,1478.0
11,282,2361.0,1478.0
11,283,2361.0,1478.0
11,284,2361.0,1478.0
11,285,2361.0,1478.0
11,286,2361.0,1478.0
11,287,2361.0,1478.0
11,288,2361.0,1478.0
11,289,2361.0,1478.0
11,290,2361.0,1478.0
11,291,2361.0,1478.0
11,292,2361.0,1478.0
11,293,2361.0,1478.0
11,294,2361.0,1478.0
11,295,2361.0,1478.0
11,296,2361.0,1478.0
11,297,2361.0,1478.0
11,298,2361.0,1478.0
11,299,2361.0,1478.0
11,300,2361.0,1478.0
11,301,2361.0,1478.0
11,302,2361.0,1478.0
11,303,2361.0,1478.0
11,304,2361.0,1478.0
11,305,2361.0,1478.0
11,306,2361.0,1478.0
11,307,2361.0,1478.0
11,308,2361.0,1478.0
11,309,2361.0,1478.0
11,310,2361.0,1478.0
11,311,2361.0,1478.0
11,312,2361.0,1478.0
11,313,2361.0,1478.0
11,314,2361.0,1478.0
11,315,2361.0,1478.0
11,316,2361.0,1478.0
11,317,2361.0,1478.0
11,318,2361.0,1478.0
11,319,2361.0,1478.0
11,320,2361.0,1478.0
11,321,2361.0,1478.0
11,322,2361.0,1478.0
11,323,2361.0,1478.0
11,324,2361.0,1478.0
11,325,2361.0,1478.0
11,326,2361.0,1478.0
11,327,2361.0,1478.0
11,328,2361.0,1478.0
11,329,2361.0,1478.0
11,330,2361.0,1478.0
11,331,2361.0,1478.0
11,332,2361.0,1478.0
11,333,2361.0,1478.0
11,334,2361.0,1478.0
11,335,2361.0,1478.0
11,336,2361.0,1478.0
11,337,2361.0,1478.0
11,338,2361.0,1478.0
11,339,2361.0,1478.0
11,340,2361.0,1478.0
11,341,2361.0,1478.0
11,342,2361.0,1478.0
11,343,2361.0,1478.0
11,344,2361.0,1478.0
11,345,2361.0,1478.0
11,346,2361.0,1478.0
11,347,2361.0,1478.0
11,348,2361.0,1478.0
11,349,2361.0,1478.0
11,350,2361.0,1478.0
11,351,2361.0,1478.0
11,352,2361.0,1478.0
11,353,2361.0,1478.0
11,354,2361.0,1478.0
11,355,2361.0,1478.0
11,356,2361.0,1478.0
11,357,2361.0,1478.0
11,358,2361.0,1478.0
11,359,2361.0,1478.0
12,0,1622.0,1284.0
12,1,1622.0,1284.0
12,2,1622.0,1284.0
12,3,1622.0,1284.0
12,4,1622.0,1284.0
12,5,1622.0,1284.0
12,6,1622.0,1284.0
12,7,1622.0,1284.0
12,8,1622.0,1284.0
12,9,1622.0,1284.0
12,10,1622.0,1284.0
12,11,1622.0,1284.0
12,12,1622.0,1284.0
12,13,1622.0,1284.0
12,14,1622.0,1284.0
12,15,1622.0,1284.0
12,16,1622.0,1284.0
12,17,1622.0,1284.0
12,18,1622.0,1284.0
12,19,1622.0,1284.0
12,20,1622.0,1284.0
12,21,1622.0,1284.0
12,22,1622.0,1284.0
12,23,1622.0,1284.0
12,24,1622.0,1284.0
12,25,1622.0,1284.0
12,26,1622.0,1284.0
12,27,1622.0,1284.0
12,28,1622.0,1284.0
12,29,1622.0,1284.0
12,30,1622.0,1284.0
12,31,1622.0,1284.0
12,32,1622.0,1284.0
12,33,1622.0,1284.0
12,34,1622.0,1284.0
12,35,1622.0,1284.0
12,36,1622.0,1284.0
12,37,1622.0,1284.0
12,38,1622.0,1284.0
12,39,1622.0,1284.0
12,40,1622.0,1284.0
12,41,1622.0,1284.0
12,42,1622.0,1284.0
12,43,1622.0,1284.0
12,44,1622.0,1284.0
12,45,1622.0,1284.0
12,46,1622.0,1284.0
12,47,1622.0,1284.0
12,48,1622.0,1284.0
12,49,1622.0,1284.0
12,50,1622.0,1284.0
12,51,1622.0,1284.0
12,52,1622.0,1284.0
12,53,1622.0,1284.0
12,54,1622.0,1284.0
12,55,1622.0,1284.0
12,56,1622.0,1284.0
12,57,1622.0,1284.0
12,58,1622.0,1284.0
12,59,1622.0,1284.0
12,60,1622.0,1284.0
12,61,1622.0,1284.0
12,62,1622.0,1284.0
12,63,1622.0,1284.0
12,64,1622.0,1284.0
12,65,1622.0,1284.0
12,66,1622.0,1284.0
12,67,1622.0,1284.0
12,68,1622.0,1284.0
12,69,1622.0,1284.0
12,70,1622.0,1284.0
12,71,1622.0,1284.0
12,72,1622.0,1284.0
12,73,1622.0,1284.0
12,74,1622.0,1284.0
12,75,1622.0,1284.0
12,76,1622.0,1284.0
12,77,1622.0,1284.0
12,78,1622.0,1284.0
12,79,1622.0,1284.0
12,80,1622.0,1284.0
12,81,1622.0,1284.0
12,82,1622.0,1284.0
12,83,1622.0,1284.0
12,84,1622.0,1284.0
12,85,1622.0,1284.0
12,86,1622.0,1284.0
12,87,1622.0,1284.0
12,88,1622.0,1284.0
12,89,1622.0,1284.0
12,90,1622.0,1284.0
12,91,1622.0,1284.0
12,92,1622.0,1284.0
12,93,1622.0,1284.0
12,94,1622.0,1284.0
12,95,1622.0,1284.0
12,96,1622.0,1284.0
12,97,1622.0,1284.0
12,98,1622.0,1284.0
12,99,1622.0,1284.0
12,100,1622.0,1284.0
12,101,1622.0,1284.0
12,102,1622.0,1284.0
12,103,1622.0,1284.0
12,104,1622.0,1284.0
12,105,1622.0,1284.0
12,106,1622.0,1284.0
12,107,1622.0,1284.0
12,108,1622.0,1284.0
12,109,1622.0,1284.0
12,110,1622.0,1284.0
12,111,1622.0,1284.0
12,112,1622.0,1284.0
12,113,1622.0,1284.0
12,114,1622.0,1284.0
12,115,1622.0,1284.0
12,116,1622.0,1284.0
12,117,1622.0,1284.0
12,118,1622.0,1284.0
12,119,1622.0,1284.0
12,120,1622.0,1284.0
12,121,1622.0,1284.0
12,122,1622.0,1284.0
12,123,1622.0,1284.0
12,124,1622.0,1284.0
12,125,1622.0,1284.0
12,126,1622.0,1284.0
12,127,1622.0,1284.0
12,128,1622.0,1284.0
12,129,1622.0,1284.0
12,130,1622.0,1284.0
12,131,1622.0,1284.0
12,132,1622.0,1284.0
12,133,1622.0,1284.0
12,134,1622.0,1284.0
12,135,1622.0,1284.0
12,136,1622.0,1284.0
12,137,1622.0,1284.0
12,138,1622.0,1284.0
12,139,1622.0,1284.0
12,140,1622.0,1284.0
12,141,1622.0,1284.0
12,142,1622.0,1284.0
12,143,1622.0,1284.0
12,144,1622.0,1284.0
12,145,1622.0,1284.0
12,146,1622.0,1284.0
12,147,1622.0,1284.0
12,148,1622.0,1284.0
12,149,1622.0,1284.0
12,150,1622.0,1284.0
12,151,1622.0,1284.0
12,152,1622.0,1284.0
12,153,1622.0,1284.0
12,154,1622.0,1284.0
12,155,1622.0,1284.0
12,156,1622.0,1284.0
12,157,1622.0,1284.0
12,158,1622.0,1284.0
12,159,1622.0,1284.0
12,160,1622.0,1284.0
12,161,1622.0,1284.0
12,162,1622.0,1284.0
12,163,1622.0,1284.0
12,164,1622.0,1284.0
12,165,1622.0,1284.0
12,166,1622.0,1284.0
12,167,1622.0,1284.0
12,168,1622.0,1284.0
12,169,1622.0,1284.0
12,170,1622.0,1284.0
12,171,1622.0,1284.0
12,172,1622.0,1284.0
12,173,1622.0,1284.0
12,174,1622.0,1284.0
12,175,1622.0,1284.0
12,176,1622.0,1284.0
12,177,1622.0,1284.0
12,178,1622.0,1284.0
12,179,1622.0,1284.0
12,180,1622.0,1284.0
12,181,1622.0,1284.0
12,182,1622.0,1284.0
12,183,1622.0,1284.0
12,184,1622.0,1284.0
12,185,1622.0,1284.0
12,186,1622.0,1284.0
12,187,1622.0,1284.0
12,188,1622.0,1284.0
12,189,1622.0,1284.0
12,190,1622.0,1284.0
12,191,1622.0,1284.0
12,192,1622.0,1284.0
12,193,1622.0,1284.0
12,194,1622.0,1284.0
12,195,1622.0,1284.0
12,196,1622.0,1284.0
12,197,1622.0,1284.0
12,198,1622.0,1284.0
12,199,1622.0,1284.0
12,200,1622.0,1284.0
12,201,1622.0,1284.0
12,202,1622.0,1284.0
12,203,1622.0,1284.0
12,204,1622.0,1284.0
12,205,1622.0,1284.0
12,206,1622.0,1284.0
12,207,1622.0,1284.0
12,208,1622.0,1284.0
12,209,1622.0,1284.0
12,210,1622.0,1284.0
12,211,1622.0,1284.0
12,212,1622.0,1284.0
12,213,1622.0,1284.0
12,214,1622.0,1284.0
12,215,1622.0,1284.0
12,216,1622.0,1284.0
12,217,1622.0,1284.0
12,218,1622.0,1284.0
12,219,1622.0,1284.0
12,220,1622.0,1284.0
12,221,1622.0,1284.0
12,222,1622.0,1284.0
12,223,1622.0,1284.0
12,224,1622.0,1284.0
12,225,1622.0,1284.0
12,226,1622.0,1284.0
12,227,1622.0,1284.0
12,228,1622.0,1284.0
12,229,1622.0,1284.0
12,230,1622.0,1284.0
12,231,1622.0,1284.0
12,232,1622.0,1284.0
12,233,1622.0,1284.0
12,234,1622.0,1284.0
12,235,1622.0,1284.0
12,236,1622.0,1284.0
12,237,1622.0,1284.0
12,238,1622.0,1284.0
12,239,1622.0,1284.0
12,240,1622.0,1284.0
12,241,1622.0,1284.0
12,242,1622.0,1284.0
12,243,1622.0,1284.0
12,244,1622.0,1284.0
12,245,1622.0,1284.0
12,246,1622.0,1284.0
12,247,1622.0,1284.0
12,248,1622.0,1284.0
12,249,1622.0,1284.0
12,250,1622.0,1284.0
12,251,1622.0,1284.0
12,252,1622.0,1284.0
12,253,1622.0,1284.0
12,254,1622.0,1284.0
12,255,1622.0,1284.0
12,256,1622.0,1284.0
12,257,1622.0,1284.0
12,258,1622.0,1284.0
12,259,1622.0,1284.0
12,260,1622.0,1284.0
12,261,1622.0,1284.0
12,262,1622.0,1284.0
12,263,1622.0,1284.0
12,264,1622.0,1284.0
12,265,1622.0,1284.0
12,266,1622.0,1284.0
12,267,1622.0,1284.0
12,268,1622.0,1284.0
12,269,1622.0,1284.0
12,270,1622.0,1284.0
12,271,1622.0,1284.0
12,272,1622.0,1284.0
12,273,1622.0,1284.0
12,274,1622.0,1284.0
12,275,1622.0,1284.0
12,276,1622.0,1284.0
12,277,1622.0,1284.0
12,278,1622.0,1284.0
12,279,1622.0,1284.0
12,280,1622.0,1284.0
12,281,1622.0,1284.0
12,282,1622.0,1284.0
12,283,1622.0,1284.0
12,284,1622.0,1284.0
12,285,1622.0,1284.0
12,286,1622.0,1284.0
12,287,1622.0,1284.0
12,288,1622.0,1284.0
12,289,1622.0,1284.0
12,290,1622.0,1284.0
12,291,1622.0,1284.0
12,292,1622.0,1284.0
12,293,1622.0,1284.0
12,294,1622.0,1284.0
12,295,1622.0,1284.0
12,296,1622.0,1284.0
12,297,1622.0,1284.0
12,298,1622.0,1284.0
12,299,1622.0,1284.0
12,300,1622.0,1284.0
12,301,1622.0,1284.0
12,302,1622.0,1284.0
12,303,1622.0,1284.0
12,304,1622.0,1284.0
12,305,1622.0,1284.0
12,306,1622.0,1284.0
12,307,1622.0,1284.0
12,308,1622.0,1284.0
12,309,1622.0,1284.0
12,310,1622.0,1284.0
12,311,1622.0,1284.0
12,312,1622.0,1284.0
12,313,1622.0,1284.0
12,314,1622.0,1284.0
12,315,1622.0,1284.0
12,316,1622.0,1284.0
12,317,1622.0,1284.0
12,318,1622.0,1284.0
12,319,1622.0,1284.0
12,320,1622.0,1284.0
12,321,1622.0,1284.0
12,322,1622.0,1284.0
12,323,1622.0,1284.0
12,324,1622.0,1284.0
12,325,1622.0,1284.0
12,326,1622.0,1284.0
12,327,1622.0,1284.0
12,328,1622.0,1284.0
12,329,1622.0,1284.0
12,330,1622.0,1284.0
12,331,1622.0,1284.0
12,332,1622.0,1284.0
12,333,1622.0,1284.0
12,334,1622.0,1284.0
12,335,1622.0,1284.0
12,336,1622.0,1284.0
12,337,1622.0,1284.0
12,338,1622.0,1284.0
12,339,1622.0,1284.0
12,340,1622.0,1284.0
12,341,1622.0,1284.0
12,342,1622.0,1284.0
12,343,1622.0,1284.0
12,344,1622.0,1284.0
12,345,1622.0,1284.0
12,346,1622.0,1284.0
12,347,1622.0,1284.0
12,348,1622.0,1284.0
12,349,1622.0,1284.0
12,350,1622.0,1284.0
12,351,1622.0,1284.0
12,352,1622.0,1284.0
12,353,1622.0,1284.0
12,354,1622.0,1284.0
12,355,1622.0,1284.0
12,356,1622.0,1284.0
12,357,1622.0,1284.0
12,358,1622.0,1284.0
12,359,1622.0,1284.0
13,0,1550.0,2359.0
13,1,1550.0,2359.0
13,2,1550.0,2359.0
13,3,1550.0,2359.0
13,4,1550.0,2359.0
13,5,1550.0,2359.0
13,6,1550.0,2359.0
13,7,1550.0,2359.0
13,8,1550.0,2359.0
13,9,1550.0,2359.0
13,10,1550.0,2359.0
13,11,1550.0,2359.0
13,12,1550.0,2359.0
13,13,1550.0,2359.0
13,14,1550.0,2359.0
13,15,1550.0,2359.0
13,16,1550.0,2359.0
13,17,1550.0,2359.0
13,18,1550.0,2359.0
13,19,1550.0,2359.0
13,20,1550.0,2359.0
13,21,1550.0,2359.0
13,22,1550.0,2359.0
13,23,1550.0,2359.0
13,24,1550.0,2359.0
13,25,1550.0,2359.0
13,26,1550.0,2359.0
13,27,1550.0,2359.0
13,28,1550.0,2359.0
13,29,1550.0,2359.0
13,30,1550.0,2359.0
13,31,1550.0,2359.0
13,32,1550.0,2359.0
13,33,1550.0,2359.0
13,34,1550.0,2359.0
13,35,1550.0,2359.0
13,36,1550.0,2359.0
13,37,1550.0,2359.0
13,38,1550.0,2359.0
13,39,1550.0,2359.0
13,40,1550.0,2359.0
13,41,1550.0,2359.0
13,42,1550.0,2359.0
13,43,1550.0,2359.0
13,44,1550.0,2359.0
13,45,1550.0,2359.0
13,46,1550.0,2359.0
13,47,1550.0,2359.0
13,48,1550.0,2359.0
13,49,1550.0,2359.0
13,50,1550.0,2359.0
13,51,1550.0,2359.0
13,52,1550.0,2359.0
13,53,1550.0,2359.0
13,54,1550.0,2359.0
13,55,1550.0,2359.0
13,56,1550.0,2359.0
13,57,1550.0,2359.0
13,58,1550.0,2359.0
13,59,1550.0,2359.0
13,60,1550.0,2359.0
13,61,1550.0,2359.0
13,62,1550.0,2359.0
13,63,1550.0,2359.0
13,64,1550.0,2359.0
13,65,1550.0,2359.0
13,66,1550.0,2359.0
13,67,1550.0,2359.0
13,68,1550.0,2359.0
13,69,1550.0,2359.0
13,70,1550.0,2359.0
13,71,1550.0,2359.0
13,72,1550.0,2359.0
13,73,1550.0,2359.0
13,74,1550.0,2359.0
13,75,1550.0,2359.0
13,76,1550.0,2359.0
13,77,1550.0,2359.0
13,78,1550.0,2359.0
13,79,1550.0,2359.0
13,80,1550.0,2359.0
13,81,1550.0,2359.0
13,82,1550.0,2359.0
13,83,1550.0,2359.0
13,84,1550.0,2359.0
13,85,1550.0,2359.0
13,86,1550.0,2359.0
13,87,1550.0,2359.0
13,88,1550.0,2359.0
13,89,1550.0,2359.0
13,90,1550.0,2359.0
13,91,1550.0,2359.0
13,92,1550.0,2359.0
13,93,1550.0,2359.0
13,94,1550.0,2359.0
13,95,1550.0,2359.0
13,96,1550.0,2359.0
13,97,1550.0,2359.0
13,98,1550.0,2359.0
13,99,1550.0,2359.0
13,100,1550.0,2359.0
13,101,1550.0,2359.0
13,102,1550.0,2359.0
13,103,1550.0,2359.0
13,104,1550.0,2359.0
13,105,1550.0,2359.0
13,106,1550.0,2359.0
13,107,1550.0,2359.0
13,108,1550.0,2359.0
13,109,1550.0,2359.0
13,110,1550.0,2359.0
13,111,1550.0,2359.0
13,112,1550.0,2359.0
13,113,1550.0,2359.0
13,114,1550.0,2359.0
13,115,1550.0,2359.0
13,116,1550.0,2359.0
13,117,1550.0,2359.0
13,118,1550.0,2359.0
13,119,1550.0,2359.0
13,120,1550.0,2359.0
13,121,1550.0,2359.0
13,122,1550.0,2359.0
13,123,1550.0,2359.0
13,124,1550.0,2359.0
13,125,1550.0,2359.0
13,126,1550.0,2359.0
13,127,1550.0,2359.0
13,128,1550.0,2359.0
13,129,1550.0,2359.0
13,130,1550.0,2359.0
13,131,1550.0,2359.0
13,132,1550.0,2359.0
13,133,1550.0,2359.0
13,134,1550.0,2359.0
13,135,1550.0,2359.0
13,136,1550.0,2359.0
13,137,1550.0,2359.0
13,138,1550.0,2359.0
13,139,1550.0,2359.0
13,140,1550.0,2359.0
13,141,1550.0,2359.0
13,142,1550.0,2359.0
13,143,1550.0,2359.0
13,144,1550.0,2359.0
13,145,1550.0,2359.0
13,146,1550.0,2359.0
13,147,1550.0,2359.0
13,148,1550.0,2359.0
13,149,1550.0,2359.0
13,150,1550.0,2359.0
13,151,1550.0,2359.0
13,152,1550.0,2359.0
13,153,1550.0,2359.0
13,154,1550.0,2359.0
13,155,1550.0,2359.0
13,156,1550.0,2359.0
13,157,1550.0,2359.0
13,158,1550.0,2359.0
13,159,1550.0,2359.0
13,160,1550.0,2359.0
13,161,1550.0,2359.0
13,162,1550.0,2359.0
13,163,1550.0,2359.0
13,164,1550.0,2359.0
13,165,1550.0,2359.0
13,166,1550.0,2359.0
13,167,1550.0,2359.0
13,168,1550.0,2359.0
13,169,1550.0,2359.0
13,170,1550.0,2359.0
13,171,1550.0,2359.0
13,172,1550.0,2359.0
13,173,1550.0,2359.0
13,174,1550.0,2359.0
13,175,1550.0,2359.0
13,176,1550.0,2359.0
13,177,1550.0,2359.0
13,178,1550.0,2359.0
13,179,1550.0,2359.0
13,180,1550.0,2359.0
13,181,1550.0,2359.0
13,182,1550.0,2359.0
13,183,1550.0,2359.0
13,184,1550.0,2359.0
13,185,1550.0,2359.0
13,186,1550.0,2359.0
13,187,1550.0,2359.0
13,188,1550.0,2359.0
13,189,1550.0,2359.0
13,190,1550.0,2359.0
13,191,1550.0,2359.0
13,192,1550.0,2359.0
13,193,1550.0,2359.0
13,194,1550.0,2359.0
13,195,1550.0,2359.0
13,196,1550.0,2359.0
13,197,1550.0,2359.0
13,198,1550.0,2359.0
13,199,1550.0,2359.0
13,200,1550.0,2359.0
13,201,1550.0,2359.0
13,202,1550.0,2359.0
13,203,1550.0,2359.0
13,204,1550.0,2359.0
13,205,1550.0,2359.0
13,206,1550.0,2359.0
13,207,1550.0,2359.0
13,208,1550.0,2359.0
13,209,1550.0,2359.0
13,210,1550.0,2359.0
13,211,1550.0,2359.0
13,212,1550.0,2359.0
13,213,1550.0,2359.0
13,214,1550.0,2359.0
13,215,1550.0,2359.0
13,216,1550.0,2359.0
13,217,1550.0,2359.0
13,218,1550.0,2359.0
13,219,1550.0,2359.0
13,220,1550.0,2359.0
13,221,1550.0,2359.0
13,222,1550.0,2359.0
13,223,1550.0,2359.0
13,224,1550.0,2359.0
13,225,1550.0,2359.0
13,226,1550.0,2359.0
13,227,1550.0,2359.0
13,228,1550.0,2359.0
13,229,1550.0,2359.0
13,230,1550.0,2359.0
13,231,1550.0,2359.0
13,232,1550.0,2359.0
13,233,1550.0,2359.0
13,234,1550.0,2359.0
13,235,1550.0,2359.0
13,236,1550.0,2359.0
13,237,1550.0,2359.0
13,238,1550.0,2359.0
13,239,1550.0,2359.0
13,240,1550.0,2359.0
13,241,1550.0,2359.0
13,242,1550.0,2359.0
13,243,1550.0,2359.0
13,244,1550.0,2359.0
13,245,1550.0,2359.0
13,246,1550.0,2359.0
13,247,1550.0,2359.0
13,248,1550.0,2359.0
13,249,1550.0,2359.0
13,250,1550.0,2359.0
13,251,1550.0,2359.0
13,252,1550.0,2359.0
13,253,1550.0,2359.0
13,254,1550.0,2359.0
13,255,1550.0,2359.0
13,256,1550.0,2359.0
13,257,1550.0,2359.0
13,258,1550.0,2359.0
13,259,1550.0,2359.0
13,260,1550.0,2359.0
13,261,1550.0,2359.0
13,262,1550.0,2359.0
13,263,1550.0,2359.0
13,264,1550.0,2359.0
13,265,1550.0,2359.0
13,266,1550.0,2359.0
13,267,1550.0,2359.0
13,268,1550.0,2359.0
13,269,1550.0,2359.0
13,270,1550.0,2359.0
13,271,1550.0,2359.0
13,272,1550.0,2359.0
13,273,1550.0,2359.0
13,274,1550.0,2359.0
13,275,1550.0,2359.0
13,276,1550.0,2359.0
13,277,1550.0,2359.0
13,278,1550.0,2359.0
13,279,1550.0,2359.0
13,280,1550.0,2359.0
13,281,1550.0,2359.0
13,282,1550.0,2359.0
13,283,1550.0,2359.0
13,284,1550.0,2359.0
13,285,1550.0,2359.0
13,286,1550.0,2359.0
13,287,1550.0,2359.0
13,288,1550.0,2359.0
13,289,1550.0,2359.0
13,290,1550.0,2359.0
13,291,1550.0,2359.0
13,292,1550.0,2359.0
13,293,1550.0,2359.0
13,294,1550.0,2359.0
13,295,1550.0,2359.0
13,296,1550.0,2359.0
13,297,1550.0,2359.0
13,298,1550.0,2359.0
13,299,1550.0,2359.0
13,300,1550.0,2359.0
13,301,1550.0,2359.0
13,302,1550.0,2359.0
13,303,1550.0,2359.0
13,304,1550.0,2359.0
13,305,1550.0,2359.0
13,306,1550.0,2359.0
13,307,1550.0,2359.0
13,308,1550.0,2359.0
13,309,1550.0,2359.0
13,310,1550.0,2359.0
13,311,1550.0,2359.0
13,312,1550.0,2359.0
13,313,1550.0,2359.0
13,314,1550.0,2359.0
13,315,1550.0,2359.0
13,316,1550.0,2359.0
13,317,1550.0,2359.0
13,318,1550.0,2359.0
13,319,1550.0,2359.0
13,320,1550.0,2359.0
13,321,1550.0,2359.0
13,322,1550.0,2359.0
13,323,1550.0,2359.0
13,324,1550.0,2359.0
13,325,1550.0,2359.0
13,326,1550.0,2359.0
13,327,1550.0,2359.0
13,328,1550.0,2359.0
13,329,1550.0,2359.0
13,330,1550.0,2359.0
13,331,1550.0,2359.0
13,332,1550.0,2359.0
13,333,1550.0,2359.0
13,334,1550.0,2359.0
13,335,1550.0,2359.0
13,336,1550.0,2359.0
13,337,1550.0,2359.0
13,338,1550.0,2359.0
13,339,1550.0,2359.0
13,340,1550.0,2359.0
13,341,1550.0,2359.0
13,342,1550.0,2359.0
13,343,1550.0,2359.0
13,344,1550.0,2359.0
13,345,1550.0,2359.0
13,346,1550.0,2359.0
13,347,1550.0,2359.0
13,348,1550.0,2359.0
13,349,1550.0,2359.0
13,350,1550.0,2359.0
13,351,1550.0,2359.0
13,352,1550.0,2359.0
13,353,1550.0,2359.0
13,354,1550.0,2359.0
13,355,1550.0,2359.0
13,356,1550.0,2359.0
13,357,1550.0,2359.0
13,358,1550.0,2359.0
13,359,1550.0,2359.0
14,0,2469.0,1659.0
14,1,2469.0,1659.0
14,2,2469.0,1659.0
14,3,2469.0,1659.0
14,4,2469.0,1659.0
14,5,2469.0,1659.0
14,6,2469.0,1659.0
14,7,2469.0,1659.0
14,8,2469.0,1659.0
14,9,2469.0,1659.0
14,10,2469.0,1659.0
14,11,2469.0,1659.0
14,12,2469.0,1659.0
14,13,2469.0,1659.0
14,14,2469.0,1659.0
14,15,2469.0,1659.0
14,16,2469.0,1659.0
14,17,2469.0,1659.0
14,18,2469.0,1659.0
14,19,2469.0,1659.0
14,20,2469.0,1659.0
14,21,2469.0,1659.0
14,22,2469.0,1659.0
14,23,2469.0,1659.0
14,24,2469.0,1659.0
14,25,2469.0,1659.0
14,26,2469.0,1659.0
14,27,2469.0,1659.0
14,28,2469.0,1659.0
14,29,2469.0,1659.0
14,30,2469.0,1659.0
14,31,2469.0,1659.0
14,32,2469.0,1659.0
14,33,2469.0,1659.0
14,34,2469.0,1659.0
14,35,2469.0,1659.0
14,36,2469.0,1659.0
14,37,2469.0,1659.0
14,38,2469.0,1659.0
14,39,2469.0,1659.0
14,40,2469.0,1659.0
14,41,2469.0,1659.0
14,42,2469.0,1659.0
14,43,2469.0,1659.0
14,44,2469.0,1659.0
14,45,2469.0,1659.0
14,46,2469.0,1659.0
14,47,2469.0,1659.0
14,48,2469.0,1659.0
14,49,2469.0,1659.0
14,50,2469.0,1659.0
14,51,2469.0,1659.0
14,52,2469.0,1659.0
14,53,2469.0,1659.0
14,54,2469.0,1659.0
14,55,2469.0,1659.0
14,56,2469.0,1659.0
14,57,2469.0,1659.0
14,58,2469.0,1659.0
14,59,2469.0,1659.0
14,60,2469.0,1659.0
14,61,2469.0,1659.0
14,62,2469.0,1659.0
14,63,2469.0,1659.0
14,64,2469.0,1659.0
14,65,2469.0,1659.0
14,66,2469.0,1659.0
14,67,2469.0,1659.0
14,68,2469.0,1659.0
14,69,2469.0,1659.0
14,70,2469.0,1659.0
14,71,2469.0,1659.0
14,72,2469.0,1659.0
14,73,2469.0,1659.0
14,74,2469.0,1659.0
14,75,2469.0,1659.0
14,76,2469.0,1659.0
14,77,2469.0,1659.0
14,78,2469.0,1659.0
14,79,2469.0,1659.0
14,80,2469.0,1659.0
14,81,2469.0,1659.0
14,82,2469.0,1659.0
14,83,2469.0,1659.0
14,84,2469.0,1659.0
14,85,2469.0,1659.0
14,86,2469.0,1659.0
14,87,2469.0,1659.0
14,88,2469.0,1659.0
14,89,2469.0,1659.0
14,90,2469.0,1659.0
14,91,2469.0,1659.0
14,92,2469.0,1659.0
14,93,2469.0,1659.0
14,94,2469.0,1659.0
14,95,2469.0,1659.0
14,96,2469.0,1659.0
14,97,2469.0,1659.0
14,98,2469.0,1659.0
14,99,2469.0,1659.0
14,100,2469.0,1659.0
14,101,2469.0,1659.0
14,102,2469.0,1659.0
14,103,2469.0,1659.0
14,104,2469.0,1659.0
14,105,2469.0,1659.0
14,106,2469.0,1659.0
14,107,2469.0,1659.0
14,108,2469.0,1659.0
14,109,2469.0,1659.0
14,110,2469.0,1659.0
14,111,2469.0,1659.0
14,112,2469.0,1659.0
14,113,2469.0,1659.0
14,114,2469.0,1659.0
14,115,2469.0,1659.0
14,116,2469.0,1659.0
14,117,2469.0,1659.0
14,118,2469.0,1659.0
14,119,2469.0,1659.0
14,120,2469.0,1659.0
14,121,2469.0,1659.0
14,122,2469.0,1659.0
14,123,2469.0,1659.0
14,124,2469.0,1659.0
14,125,2469.0,1659.0
14,126,2469.0,1659.0
14,127,2469.0,1659.0
14,128,2469.0,1659.0
14,129,2469.0,1659.0
14,130,2469.0,1659.0
14,131,2469.0,1659.0
14,132,2469.0,1659.0
14,133,2469.0,1659.0
14,134,2469.0,1659.0
14,135,2469.0,1659.0
14,136,2469.0,1659.0
14,137,2469.0,1659.0
14,138,2469.0,1659.0
14,139,2469.0,1659.0
14,140,2469.0,1659.0
14,141,2469.0,1659.0
14,142,2469.0,1659.0
14,143,2469.0,1659.0
14,144,2469.0,1659.0
14,145,2469.0,1659.0
14,146,2469.0,1659.0
14,147,2469.0,1659.0
14,148,2469.0,1659.0
14,149,2469.0,1659.0
14,150,2469.0,1659.0
14,151,2469.0,1659.0
14,152,2469.0,1659.0
14,153,2469.0,1659.0
14,154,2469.0,1659.0
14,155,2469.0,1659.0
14,156,2469.0,1659.0
14,157,2469.0,1659.0
14,158,2469.0,1659.0
14,159,2469.0,1659.0
14,160,2469.0,1659.0
14,161,2469.0,1659.0
14,162,2469.0,1659.0
14,163,2469.0,1659.0
14,164,2469.0,1659.0
14,165,2469.0,1659.0
14,166,2469.0,1659.0
14,167,2469.0,1659.0
14,168,2469.0,1659.0
14,169,2469.0,1659.0
14,170,2469.0,1659.0
14,171,2469.0,1659.0
14,172,2469.0,1659.0
14,173,2469.0,1659.0
14,174,2469.0,1659.0
14,175,2469.0,1659.0
14,176,2469.0,1659.0
14,177,2469.0,1659.0
14,178,2469.0,1659.0
14,179,2469.0,1659.0
14,180,2469.0,1659.0
14,181,2469.0,1659.0
14,182,2469.0,1659.0
14,183,2469.0,1659.0
14,184,2469.0,1659.0
14,185,2469.0,1659.0
14,186,2469.0,1659.0
14,187,2469.0,1659.0
14,188,2469.0,1659.0
14,189,2469.0,1659.0
14,190,2469.0,1659.0
14,191,2469.0,1659.0
14,192,2469.0,1659.0
14,193,2469.0,1659.0
14,194,2469.0,1659.0
14,195,2469.0,1659.0
14,196,2469.0,1659.0
14,197,2469.0,1659.0
14,198,2469.0,1659.0
14,199,2469.0,1659.0
14,200,2469.0,1659.0
14,201,2469.0,1659.0
14,202,2469.0,1659.0
14,203,2469.0,1659.0
14,204,2469.0,1659.0
14,205,2469.0,1659.0
14,206,2469.0,1659.0
14,207,2469.0,1659.0
14,208,2469.0,1659.0
14,209,2469.0,1659.0
14,210,2469.0,1659.0
14,211,2469.0,1659.0
14,212,2469.0,1659.0
14,213,2469.0,1659.0
14,214,2469.0,1659.0
14,215,2469.0,1659.0
14,216,2469.0,1659.0
14,217,2469.0,1659.0
14,218,2469.0,1659.0
14,219,2469.0,1659.0
14,220,2469.0,1659.0
14,221,2469.0,1659.0
14,222,2469.0,1659.0
14,223,2469.0,1659.0
14,224,2469.0,1659.0
14,225,2469.0,1659.0
14,226,2469.0,1659.0
14,227,2469.0,1659.0
14,228,2469.0,1659.0
14,229,2469.0,1659.0
14,230,2469.0,1659.0
14,231,2469.0,1659.0
14,232,2469.0,1659.0
14,233,2469.0,1659.0
14,234,2469.0,1659.0
14,235,2469.0,1659.0
14,236,2469.0,1659.0
14,237,2469.0,1659.0
14,238,2469.0,1659.0
14,239,2469.0,1659.0
14,240,2469.0,1659.0
14,241,2469.0,1659.0
14,242,2469.0,1659.0
14,243,2469.0,1659.0
14,244,2469.0,1659.0
14,245,2469.0,1659.0
14,246,2469.0,1659.0
14,247,2469.0,1659.0
14,248,2469.0,1659.0
14,249,2469.0,1659.0
14,250,2469.0,1659.0
14,251,2469.0,1659.0
14,252,2469.0,1659.0
14,253,2469.0,1659.0
14,254,2469.0,1659.0
14,255,2469.0,1659.0
14,256,2469.0,1659.0
14,257,2469.0,1659.0
14,258,2469.0,1659.0
14,259,2469.0,1659.0
14,260,2469.0,1659.0
14,261,2469.0,1659.0
14,262,2469.0,1659.0
14,263,2469.0,1659.0
14,264,2469.0,1659.0
14,265,2469.0,1659.0
14,266,2469.0,1659.0
14,267,2469.0,1659.0
14,268,2469.0,1659.0
14,269,2469.0,1659.0
14,270,2469.0,1659.0
14,271,2469.0,1659.0
14,272,2469.0,1659.0
14,273,2469.0,1659.0
14,274,2469.0,1659.0
14,275,2469.0,1659.0
14,276,2469.0,1659.0
14,277,2469.0,1659.0
14,278,2469.0,1659.0
14,279,2469.0,1659.0
14,280,2469.0,1659.0
14,281,2469.0,1659.0
14,282,2469.0,1659.0
14,283,2469.0,1659.0
14,284,2469.0,1659.0
14,285,2469.0,1659.0
14,286,2469.0,1659.0
14,287,2469.0,1659.0
14,288,2469.0,1659.0
14,289,2469.0,1659.0
14,290,2469.0,1659.0
14,291,2469.0,1659.0
14,292,2469.0,1659.0
14,293,2469.0,1659.0
14,294,2469.0,1659.0
14,295,2469.0,1659.0
14,296,2469.0,1659.0
14,297,2469.0,1659.0
14,298,2469.0,1659.0
14,299,2469.0,1659.0
14,300,2469.0,1659.0
14,301,2469.0,1659.0
14,302,2469.0,1659.0
14,303,2469.0,1659.0
14,304,2469.0,1659.0
14,305,2469.0,1659.0
14,306,2469.0,1659.0
14,307,2469.0,1659.0
14,308,2469.0,1659.0
14,309,2469.0,1659.0
14,310,2469.0,1659.0
14,311,2469.0,1659.0
14,312,2469.0,1659.0
14,313,2469.0,1659.0
14,314,2469.0,1659.0
14,315,2469.0,1659.0
14,316,2469.0,1659.0
14,317,2469.0,1659.0
14,318,2469.0,1659.0
14,319,2469.0,1659.0
14,320,2469.0,1659.0
14,321,2469.0,1659.0
14,322,2469.0,1659.0
14,323,2469.0,1659.0
14,324,2469.0,1659.0
14,325,2469.0,1659.0
14,326,2469.0,1659.0
14,327,2469.0,1659.0
14,328,2469.0,1659.0
14,329,2469.0,1659.0
14,330,2469.0,1659.0
14,331,2469.0,1659.0
14,332,2469.0,1659.0
14,333,2469.0,1659.0
14,334,2469.0,1659.0
14,335,2469.0,1659.0
14,336,2469.0,1659.0
14,337,2469.0,1659.0
14,338,2469.0,1659.0
14,339,2469.0,1659.0
14,340,2469.0,1659.0
14,341,2469.0,1659.0
14,342,2469.0,1659.0
14,343,2469.0,1659.0
14,344,2469.0,1659.0
14,345,2469.0,1659.0
14,346,2469.0,1659.0
14,347,2469.0,1659.0
14,348,2469.0,1659.0
14,349,2469.0,1659.0
14,350,2469.0,1659.0
14,351,2469.0,1659.0
14,352,2469.0,1659.0
14,353,2469.0,1659.0
14,354,2469.0,1659.0
14,355,2469.0,1659.0
14,356,2469.0,1659.0
14,357,2469.0,1659.0
14,358,2469.0,1659.0
14,359,2469.0,1659.0
15,0,2565.0,1460.0
15,1,2565.0,1460.0
15,2,2565.0,1460.0
15,3,2565.0,1460.0
15,4,2565.0,1460.0
15,5,2565.0,1460.0
15,6,2565.0,1460.0
15,7,2565.0,1460.0
15,8,2565.0,1460.0
15,9,2565.0,1460.0
15,10,2565.0,1460.0
15,11,2565.0,1460.0
15,12,2565.0,1460.0
15,13,2565.0,1460.0
15,14,2565.0,1460.0
15,15,2565.0,1460.0
15,16,2565.0,1460.0
15,17,2565.0,1460.0
15,18,2565.0,1460.0
15,19,2565.0,1460.0
15,20,2565.0,1460.0
15,21,2565.0,1460.0
15,22,2565.0,1460.0
15,23,2565.0,1460.0
15,24,2565.0,1460.0
15,25,2565.0,1460.0
15,26,2565.0,1460.0
15,27,2565.0,1460.0
15,28,2565.0,1460.0
15,29,2565.0,1460.0
15,30,2565.0,1460.0
15,31,2565.0,1460.0
15,32,2565.0,1460.0
15,33,2565.0,1460.0
15,34,2565.0,1460.0
15,35,2565.0,1460.0
15,36,2565.0,1460.0
15,37,2565.0,1460.0
15,38,2565.0,1460.0
15,39,2565.0,1460.0
15,40,2565.0,1460.0
15,41,2565.0,1460.0
15,42,2565.0,1460.0
15,43,2565.0,1460.0
15,44,2565.0,1460.0
15,45,2565.0,1460.0
15,46,2565.0,1460.0
15,47,2565.0,1460.0
15,48,2565.0,1460.0
15,49,2565.0,1460.0
15,50,2565.0,1460.0
15,51,2565.0,1460.0
15,52,2565.0,1460.0
15,53,2565.0,1460.0
15,54,2565.0,1460.0
15,55,2565.0,1460.0
15,56,2565.0,1460.0
15,57,2565.0,1460.0
15,58,2565.0,1460.0
15,59,2565.0,1460.0
15,60,2565.0,1460.0
15,61,2565.0,1460.0
15,62,2565.0,1460.0
15,63,2565.0,1460.0
15,64,2565.0,1460.0
15,65,2565.0,1460.0
15,66,2565.0,1460.0
15,67,2565.0,1460.0
15,68,2565.0,1460.0
15,69,2565.0,1460.0
15,70,2565.0,1460.0
15,71,2565.0,1460.0
15,72,2565.0,1460.0
15,73,2565.0,1460.0
15,74,2565.0,1460.0
15,75,2565.0,1460.0
15,76,2565.0,1460.0
15,77,2565.0,1460.0
15,78,2565.0,1460.0
15,79,2565.0,1460.0
15,80,2565.0,1460.0
15,81,2565.0,1460.0
15,82,2565.0,1460.0
15,83,2565.0,1460.0
15,84,2565.0,1460.0
15,85,2565.0,1460.0
15,86,2565.0,1460.0
15,87,2565.0,1460.0
15,88,2565.0,1460.0
15,89,2565.0,1460.0
15,90,2565.0,1460.0
15,91,2565.0,1460.0
15,92,2565.0,1460.0
15,93,2565.0,1460.0
15,94,2565.0,1460.0
15,95,2565.0,1460.0
15,96,2565.0,1460.0
15,97,2565.0,1460.0
15,98,2565.0,1460.0
15,99,2565.0,1460.0
15,100,2565.0,1460.0
15,101,2565.0,1460.0
15,102,2565.0,1460.0
15,103,2565.0,1460.0
15,104,2565.0,1460.0
15,105,2565.0,1460.0
15,106,2565.0,1460.0
15,107,2565.0,1460.0
15,108,2565.0,1460.0
15,109,2565.0,1460.0
15,110,2565.0,1460.0
15,111,2565.0,1460.0
15,112,2565.0,1460.0
15,113,2565.0,1460.0
15,114,2565.0,1460.0
15,115,2565.0,1460.0
15,116,2565.0,1460.0
15,117,2565.0,1460.0
15,118,2565.0,1460.0
15,119,2565.0,1460.0
15,120,2565.0,1460.0
15,121,2565.0,1460.0
15,122,2565.0,1460.0
15,123,2565.0,1460.0
15,124,2565.0,1460.0
15,125,2565.0,1460.0
15,126,2565.0,1460.0
15,127,2565.0,1460.0
15,128,2565.0,1460.0
15,129,2565.0,1460.0
15,130,2565.0,1460.0
15,131,2565.0,1460.0
15,132,2565.0,1460.0
15,133,2565.0,1460.0
15,134,2565.0,1460.0
15,135,2565.0,1460.0
15,136,2565.0,1460.0
15,137,2565.0,1460.0
15,138,2565.0,1460.0
15,139,2565.0,1460.0
15,140,2565.0,1460.0
15,141,2565.0,1460.0
15,142,2565.0,1460.0
15,143,2565.0,1460.0
15,144,2565.0,1460.0
15,145,2565.0,1460.0
15,146,2565.0,1460.0
15,147,2565.0,1460.0
15,148,2565.0,1460.0
15,149,2565.0,1460.0
15,150,2565.0,1460.0
15,151,2565.0,1460.0
15,152,2565.0,1460.0
15,153,2565.0,1460.0
15,154,2565.0,1460.0
15,155,2565.0,1460.0
15,156,2565.0,1460.0
15,157,2565.0,1460.0
15,158,2565.0,1460.0
15,159,2565.0,1460.0
15,160,2565.0,1460.0
15,161,2565.0,1460.0
15,162,2565.0,1460.0
15,163,2565.0,1460.0
15,164,2565.0,1460.0
15,165,2565.0,1460.0
15,166,2565.0,1460.0
15,167,2565.0,1460.0
15,168,2565.0,1460.0
15,169,2565.0,1460.0
15,170,2565.0,1460.0
15,171,2565.0,1460.0
15,172,2565.0,1460.0
15,173,2565.0,1460.0
15,174,2565.0,1460.0
15,175,2565.0,1460.0
15,176,2565.0,1460.0
15,177,2565.0,1460.0
15,178,2565.0,1460.0
15,179,2565.0,1460.0
15,180,2565.0,1460.0
15,181,2565.0,1460.0
15,182,2565.0,1460.0
15,183,2565.0,1460.0
15,184,2565.0,1460.0
15,185,2565.0,1460.0
15,186,2565.0,1460.0
15,187,2565.0,1460.0
15,188,2565.0,1460.0
15,189,2565.0,1460.0
15,190,2565.0,1460.0
15,191,2565.0,1460.0
15,192,2565.0,1460.0
15,193,2565.0,1460.0
15,194,2565.0,1460.0
15,195,2565.0,1460.0
15,196,2565.0,1460.0
15,197,2565.0,1460.0
15,198,2565.0,1460.0
15,199,2565.0,1460.0
15,200,2565.0,1460.0
15,201,2565.0,1460.0
15,202,2565.0,1460.0
15,203,2565.0,1460.0
15,204,2565.0,1460.0
15,205,2565.0,1460.0
15,206,2565.0,1460.0
15,207,2565.0,1460.0
15,208,2565.0,1460.0
15,209,2565.0,1460.0
15,210,2565.0,1460.0
15,211,2565.0,1460.0
15,212,2565.0,1460.0
15,213,2565.0,1460.0
15,214,2565.0,1460.0
15,215,2565.0,1460.0
15,216,2565.0,1460.0
15,217,2565.0,1460.0
15,218,2565.0,1460.0
15,219,2565.0,1460.0
15,220,2565.0,1460.0
15,221,2565.0,1460.0
15,222,2565.0,1460.0
15,223,2565.0,1460.0
15,224,2565.0,1460.0
15,225,2565.0,1460.0
15,226,2565.0,1460.0
15,227,2565.0,1460.0
15,228,2565.0,1460.0
15,229,2565.0,1460.0
15,230,2565.0,1460.0
15,231,2565.0,1460.0
15,232,2565.0,1460.0
15,233,2565.0,1460.0
15,234,2565.0,1460.0
15,235,2565.0,1460.0
15,236,2565.0,1460.0
15,237,2565.0,1460.0
15,238,2565.0,1460.0
15,239,2565.0,1460.0
15,240,2565.0,1460.0
15,241,2565.0,1460.0
15,242,2565.0,1460.0
15,243,2565.0,1460.0
15,244,2565.0,1460.0
15,245,2565.0,1460.0
15,246,2565.0,1460.0
15,247,2565.0,1460.0
15,248,2565.0,1460.0
15,249,2565.0,1460.0
15,250,2565.0,1460.0
15,251,2565.0,1460.0
15,252,2565.0,1460.0
15,253,2565.0,1460.0
15,254,2565.0,1460.0
15,255,2565.0,1460.0
15,256,2565.0,1460.0
15,257,2565.0,1460.0
15,258,2565.0,1460.0
15,259,2565.0,1460.0
15,260,2565.0,1460.0
15,261,2565.0,1460.0
15,262,2565.0,1460.0
15,263,2565.0,1460.0
15,264,2565.0,1460.0
15,265,2565.0,1460.0
15,266,2565.0,1460.0
15,267,2565.0,1460.0
15,268,2565.0,1460.0
15,269,2565.0,1460.0
15,270,2565.0,1460.0
15,271,2565.0,1460.0
15,272,2565.0,1460.0
15,273,2565.0,1460.0
15,274,2565.0,1460.0
15,275,2565.0,1460.0
15,276,2565.0,1460.0
15,277,2565.0,1460.0
15,278,2565.0,1460.0
15,279,2565.0,1460.0
15,280,2565.0,1460.0
15,281,2565.0,1460.0
15,282,2565.0,1460.0
15,283,2565.0,1460.0
15,284,2565.0,1460.0
15,285,2565.0,1460.0
15,286,2565.0,1460.0
15,287,2565.0,1460.0
15,288,2565.0,1460.0
15,289,2565.0,1460.0
15,290,2565.0,1460.0
15,291,2565.0,1460.0
15,292,2565.0,1460.0
15,293,2565.0,1460.0
15,294,2565.0,1460.0
15,295,2565.0,1460.0
15,296,2565.0,1460.0
15,297,2565.0,1460.0
15,298,2565.0,1460.0
15,299,2565.0,1460.0
15,300,2565.0,1460.0
15,301,2565.0,1460.0
15,302,2565.0,1460.0
15,303,2565.0,1460.0
15,304,2565.0,1460.0
15,305,2565.0,1460.0
15,306,2565.0,1460.0
15,307,2565.0,1460.0
15,308,2565.0,1460.0
15,309,2565.0,1460.0
15,310,2565.0,1460.0
15,311,2565.0,1460.0
15,312,2565.0,1460.0
15,313,2565.0,1460.0
15,314,2565.0,1460.0
15,315,2565.0,1460.0
15,316,2565.0,1460.0
15,317,2565.0,1460.0
15,318,2565.0,1460.0
15,319,2565.0,1460.0
15,320,2565.0,1460.0
15,321,2565.0,1460.0
15,322,2565.0,1460.0
15,323,2565.0,1460.0
15,324,2565.0,1460.0
15,325,2565.0,1460.0
15,326,2565.0,1460.0
15,327,2565.0,1460.0
15,328,2565.0,1460.0
15,329,2565.0,1460.0
15,330,2565.0,1460.0
15,331,2565.0,1460.0
15,332,2565.0,1460.0
15,333,2565.0,1460.0
15,334,2565.0,1460.0
15,335,2565.0,1460.0
15,336,2565.0,1460.0
15,337,2565.0,1460.0
15,338,2565.0,1460.0
15,339,2565.0,1460.0
15,340,2565.0,1460.0
15,341,2565.0,1460.0
15,342,2565.0,1460.0
15,343,2565.0,1460.0
15,344,2565.0,1460.0
15,345,2565.0,1460.0
15,346,2565.0,1460.0
15,347,2565.0,1460.0
15,348,2565.0,1460.0
15,349,2565.0,1460.0
15,350,2565.0,1460.0
15,351,2565.0,1460.0
15,352,2565.0,1460.0
15,353,2565.0,1460.0
15,354,2565.0,1460.0
15,355,2565.0,1460.0
15,356,2565.0,1460.0
15,357,2565.0,1460.0
15,358,2565.0,1460.0
15,359,2565.0,1460.0
16,0,1418.0,1254.0
16,1,1418.0,1254.0
16,2,1418.0,1254.0
16,3,1418.0,1254.0
16,4,1418.0,1254.0
16,5,1418.0,1254.0
16,6,1418.0,1254.0
16,7,1418.0,1254.0
16,8,1418.0,1254.0
16,9,1418.0,1254.0
16,10,1418.0,1254.0
16,11,1418.0,1254.0
16,12,1418.0,1254.0
16,13,1418.0,1254.0
16,14,1418.0,1254.0
16,15,1418.0,1254.0
16,16,1418.0,1254.0
16,17,1418.0,1254.0
16,18,1418.0,1254.0
16,19,1418.0,1254.0
16,20,1418.0,1254.0
16,21,1418.0,1254.0
16,22,1418.0,1254.0
16,23,1418.0,1254.0
16,24,1418.0,1254.0
16,25,1418.0,1254.0
16,26,1418.0,1254.0
16,27,1418.0,1254.0
16,28,1418.0,1254.0
16,29,1418.0,1254.0
16,30,1418.0,1254.0
16,31,1418.0,1254.0
16,32,1418.0,1254.0
16,33,1418.0,1254.0
16,34,1418.0,1254.0
16,35,1418.0,1254.0
16,36,1418.0,1254.0
16,37,1418.0,1254.0
16,38,1418.0,1254.0
16,39,1418.0,1254.0
16,40,1418.0,1254.0
16,41,1418.0,1254.0
16,42,1418.0,1254.0
16,43,1418.0,1254.0
16,44,1418.0,1254.0
16,45,1418.0,1254.0
16,46,1418.0,1254.0
16,47,1418.0,1254.0
16,48,1418.0,1254.0
16,49,1418.0,1254.0
16,50,1418.0,1254.0
16,51,1418.0,1254.0
16,52,1418.0,1254.0
16,53,1418.0,1254.0
16,54,1418.0,1254.0
16,55,1418.0,1254.0
16,56,1418.0,1254.0
16,57,1418.0,1254.0
16,58,1418.0,1254.0
16,59,1418.0,1254.0
16,60,1418.0,1254.0
16,61,1418.0,1254.0
16,62,1418.0,1254.0
16,63,1418.0,1254.0
16,64,1418.0,1254.0
16,65,1418.0,1254.0
16,66,1418.0,1254.0
16,67,1418.0,1254.0
16,68,1418.0,1254.0
16,69,1418.0,1254.0
16,70,1418.0,1254.0
16,71,1418.0,1254.0
16,72,1418.0,1254.0
16,73,1418.0,1254.0
16,74,1418.0,1254.0
16,75,1418.0,1254.0
16,76,1418.0,1254.0
16,77,1418.0,1254.0
16,78,1418.0,1254.0
16,79,1418.0,1254.0
16,80,1418.0,1254.0
16,81,1418.0,1254.0
16,82,1418.0,1254.0
16,83,1418.0,1254.0
16,84,1418.0,1254.0
16,85,1418.0,1254.0
16,86,1418.0,1254.0
16,87,1418.0,1254.0
16,88,1418.0,1254.0
16,89,1418.0,1254.0
16,90,1418.0,1254.0
16,91,1418.0,1254.0
16,92,1418.0,1254.0
16,93,1418.0,1254.0
16,94,1418.0,1254.0
16,95,1418.0,1254.0
16,96,1418.0,1254.0
16,97,1418.0,1254.0
16,98,1418.0,1254.0
16,99,1418.0,1254.0
16,100,1418.0,1254.0
16,101,1418.0,1254.0
16,102,1418.0,1254.0
16,103,1418.0,1254.0
16,104,1418.0,1254.0
16,105,1418.0,1254.0
16,106,1418.0,1254.0
16,107,1418.0,1254.0
16,108,1418.0,1254.0
16,109,1418.0,1254.0
16,110,1418.0,1254.0
16,111,1418.0,1254.0
16,112,1418.0,1254.0
16,113,1418.0,1254.0
16,114,1418.0,1254.0
16,115,1418.0,1254.0
16,116,1418.0,1254.0
16,117,1418.0,1254.0
16,118,1418.0,1254.0
16,119,1418.0,1254.0
16,120,1418.0,1254.0
16,121,1418.0,1254.0
16,122,1418.0,1254.0
16,123,1418.0,1254.0
16,124,1418.0,1254.0
16,125,1418.0,1254.0
16,126,1418.0,1254.0
16,127,1418.0,1254.0
16,128,1418.0,1254.0
16,129,1418.0,1254.0
16,130,1418.0,1254.0
16,131,1418.0,1254.0
16,132,1418.0,1254.0
16,133,1418.0,1254.0
16,134,1418.0,1254.0
16,135,1418.0,1254.0
16,136,1418.0,1254.0
16,137,1418.0,1254.0
16,138,1418.0,1254.0
16,139,1418.0,1254.0
16,140,1418.0,1254.0
16,141,1418.0,1254.0
16,142,1418.0,1254.0
16,143,1418.0,1254.0
16,144,1418.0,1254.0
16,145,1418.0,1254.0
16,146,1418.0,1254.0
16,147,1418.0,1254.0
16,148,1418.0,1254.0
16,149,1418.0,1254.0
16,150,1418.0,1254.0
16,151,1418.0,1254.0
16,152,1418.0,1254.0
16,153,1418.0,1254.0
16,154,1418.0,1254.0
16,155,1418.0,1254.0
16,156,1418.0,1254.0
16,157,1418.0,1254.0
16,158,1418.0,1254.0
16,159,1418.0,1254.0
16,160,1418.0,1254.0
16,161,1418.0,1254.0
16,162,1418.0,1254.0
16,163,1418.0,1254.0
16,164,1418.0,1254.0
16,165,1418.0,1254.0
16,166,1418.0,1254.0
16,167,1418.0,1254.0
16,168,1418.0,1254.0
16,169,1418.0,1254.0
16,170,1418.0,1254.0
16,171,1418.0,1254.0
16,172,1418.0,1254.0
16,173,1418.0,1254.0
16,174,1418.0,1254.0
16,175,1418.0,1254.0
16,176,1418.0,1254.0
16,177,1418.0,1254.0
16,178,1418.0,1254.0
16,179,1418.0,1254.0
16,180,1418.0,1254.0
16,181,1418.0,1254.0
16,182,1418.0,1254.0
16,183,1418.0,1254.0
16,184,1418.0,1254.0
16,185,1418.0,1254.0
16,186,1418.0,1254.0
16,187,1418.0,1254.0
16,188,1418.0,1254.0
16,189,1418.0,1254.0
16,190,1418.0,1254.0
16,191,1418.0,1254.0
16,192,1418.0,1254.0
16,193,1418.0,1254.0
16,194,1418.0,1254.0
16,195,1418.0,1254.0
16,196,1418.0,1254.0
16,197,1418.0,1254.0
16,198,1418.0,1254.0
16,199,1418.0,1254.0
16,200,1418.0,1254.0
16,201,1418.0,1254.0
16,202,1418.0,1254.0
16,203,1418.0,1254.0
16,204,1418.0,1254.0
16,205,1418.0,1254.0
16,206,1418.0,1254.0
16,207,1418.0,1254.0
16,208,1418.0,1254.0
16,209,1418.0,1254.0
16,210,1418.0,1254.0
16,211,1418.0,1254.0
16,212,1418.0,1254.0
16,213,1418.0,1254.0
16,214,1418.0,1254.0
16,215,1418.0,1254.0
16,216,1418.0,1254.0
16,217,1418.0,1254.0
16,218,1418.0,1254.0
16,219,1418.0,1254.0
16,220,1418.0,1254.0
16,221,1418.0,1254.0
16,222,1418.0,1254.0
16,223,1418.0,1254.0
16,224,1418.0,1254.0
16,225,1418.0,1254.0
16,226,1418.0,1254.0
16,227,1418.0,1254.0
16,228,1418.0,1254.0
16,229,1418.0,1254.0
16,230,1418.0,1254.0
16,231,1418.0,1254.0
16,232,1418.0,1254.0
16,233,1418.0,1254.0
16,234,1418.0,1254.0
16,235,1418.0,1254.0
16,236,1418.0,1254.0
16,237,1418.0,1254.0
16,238,1418.0,1254.0
16,239,1418.0,1254.0
16,240,1418.0,1254.0
16,241,1418.0,1254.0
16,242,1418.0,1254.0
16,243,1418.0,1254.0
16,244,1418.0,1254.0
16,245,1418.0,1254.0
16,246,1418.0,1254.0
16,247,1418.0,1254.0
16,248,1418.0,1254.0
16,249,1418.0,1254.0
16,250,1418.0,1254.0
16,251,1418.0,1254.0
16,252,1418.0,1254.0
16,253,1418.0,1254.0
16,254,1418.0,1254.0
16,255,1418.0,1254.0
16,256,1418.0,1254.0
16,257,1418.0,1254.0
16,258,1418.0,1254.0
16,259,1418.0,1254.0
16,260,1418.0,1254.0
16,261,1418.0,1254.0
16,262,1418.0,1254.0
16,263,1418.0,1254.0
16,264,1418.0,1254.0
16,265,1418.0,1254.0
16,266,1418.0,1254.0
16,267,1418.0,1254.0
16,268,1418.0,1254.0
16,269,1418.0,1254.0
16,270,1418.0,1254.0
16,271,1418.0,1254.0
16,272,1418.0,1254.0
16,273,1418.0,1254.0
16,274,1418.0,1254.0
16,275,1418.0,1254.0
16,276,1418.0,1254.0
16,277,1418.0,1254.0
16,278,1418.0,1254.0
16,279,1418.0,1254.0
16,280,1418.0,1254.0
16,281,1418.0,1254.0
16,282,1418.0,1254.0
16,283,1418.0,1254.0
16,284,1418.0,1254.0
16,285,1418.0,1254.0
16,286,1418.0,1254.0
16,287,1418.0,1254.0
16,288,1418.0,1254.0
16,289,1418.0,1254.0
16,290,1418.0,1254.0
16,291,1418.0,1254.0
16,292,1418.0,1254.0
16,293,1418.0,1254.0
16,294,1418.0,1254.0
16,295,1418.0,1254.0
16,296,1418.0,1254.0
16,297,1418.0,1254.0
16,298,1418.0,1254.0
16,299,1418.0,1254.0
16,300,1418.0,1254.0
16,301,1418.0,1254.0
16,302,1418.0,1254.0
16,303,1418.0,1254.0
16,304,1418.0,1254.0
16,305,1418.0,1254.0
16,306,1418.0,1254.0
16,307,1418.0,1254.0
16,308,1418.0,1254.0
16,309,1418.0,1254.0
16,310,1418.0,1254.0
16,311,1418.0,1254.0
16,312,1418.0,1254.0
16,313,1418.0,1254.0
16,314,1418.0,1254.0
16,315,1418.0,1254.0
16,316,1418.0,1254.0
16,317,1418.0,1254.0
16,318,1418.0,1254.0
16,319,1418.0,1254.0
16,320,1418.0,1254.0
16,321,1418.0,1254.0
16,322,1418.0,1254.0
16,323,1418.0,1254.0
16,324,1418.0,1254.0
16,325,1418.0,1254.0
16,326,1418.0,1254.0
16,327,1418.0,1254.0
16,328,1418.0,1254.0
16,329,1418.0,1254.0
16,330,1418.0,1254.0
16,331,1418.0,1254.0
16,332,1418.0,1254.0
16,333,1418.0,1254.0
16,334,1418.0,1254.0
16,335,1418.0,1254.0
16,336,1418.0,1254.0
16,337,1418.0,1254.0
16,338,1418.0,1254.0
16,339,1418.0,1254.0
16,340,1418.0,1254.0
16,341,1418.0,1254.0
16,342,1418.0,1254.0
16,343,1418.0,1254.0
16,344,1418.0,1254.0
16,345,1418.0,1254.0
16,346,1418.0,1254.0
16,347,1418.0,1254.0
16,348,1418.0,1254.0
16,349,1418.0,1254.0
16,350,1418.0,1254.0
16,351,1418.0,1254.0
16,352,1418.0,1254.0
16,353,1418.0,1254.0
16,354,1418.0,1254.0
16,355,1418.0,1254.0
16,356,1418.0,1254.0
16,357,1418.0,1254.0
16,358,1418.0,1254.0
16,359,1418.0,1254.0
17,0,1816.0,2323.0
17,1,1816.0,2323.0
17,2,1816.0,2323.0
17,3,1816.0,2323.0
17,4,1816.0,2323.0
17,5,1816.0,2323.0
17,6,1816.0,2323.0
17,7,1816.0,2323.0
17,8,1816.0,2323.0
17,9,1816.0,2323.0
17,10,1816.0,2323.0
17,11,1816.0,2323.0
17,12,1816.0,2323.0
17,13,1816.0,2323.0
17,14,1816.0,2323.0
17,15,1816.0,2323.0
17,16,1816.0,2323.0
17,17,1816.0,2323.0
17,18,1816.0,2323.0
17,19,1816.0,2323.0
17,20,1816.0,2323.0
17,21,1816.0,2323.0
17,22,1816.0,2323.0
17,23,1816.0,2323.0
17,24,1816.0,2323.0
17,25,1816.0,2323.0
17,26,1816.0,2323.0
17,27,1816.0,2323.0
17,28,1816.0,2323.0
17,29,1816.0,2323.0
17,30,1816.0,2323.0
17,31,1816.0,2323.0
17,32,1816.0,2323.0
17,33,1816.0,2323.0
17,34,1816.0,2323.0
17,35,1816.0,2323.0
17,36,1816.0,2323.0
17,37,1816.0,2323.0
17,38,1816.0,2323.0
17,39,1816.0,2323.0
17,40,1816.0,2323.0
17,41,1816.0,2323.0
17,42,1816.0,2323.0
17,43,1816.0,2323.0
17,44,1816.0,2323.0
17,45,1816.0,2323.0
17,46,1816.0,2323.0
17,47,1816.0,2323.0
17,48,1816.0,2323.0
17,49,1816.0,2323.0
17,50,1816.0,2323.0
17,51,1816.0,2323.0
17,52,1816.0,2323.0
17,53,1816.0,2323.0
17,54,1816.0,2323.0
17,55,1816.0,2323.0
17,56,1816.0,2323.0
17,57,1816.0,2323.0
17,58,1816.0,2323.0
17,59,1816.0,2323.0
17,60,1816.0,2323.0
17,61,1816.0,2323.0
17,62,1816.0,2323.0
17,63,1816.0,2323.0
17,64,1816.0,2323.0
17,65,1816.0,2323.0
17,66,1816.0,2323.0
17,67,1816.0,2323.0
17,68,1816.0,2323.0
17,69,1816.0,2323.0
17,70,1816.0,2323.0
17,71,1816.0,2323.0
17,72,1816.0,2323.0
17,73,1816.0,2323.0
17,74,1816.0,2323.0
17,75,1816.0,2323.0
17,76,1816.0,2323.0
17,77,1816.0,2323.0
17,78,1816.0,2323.0
17,79,1816.0,2323.0
17,80,1816.0,2323.0
17,81,1816.0,2323.0
17,82,1816.0,2323.0
17,83,1816.0,2323.0
17,84,1816.0,2323.0
17,85,1816.0,2323.0
17,86,1816.0,2323.0
17,87,1816.0,2323.0
17,88,1816.0,2323.0
17,89,1816.0,2323.0
17,90,1816.0,2323.0
17,91,1816.0,2323.0
17,92,1816.0,2323.0
17,93,1816.0,2323.0
17,94,1816.0,2323.0
17,95,1816.0,2323.0
17,96,1816.0,2323.0
17,97,1816.0,2323.0
17,98,1816.0,2323.0
17,99,1816.0,2323.0
17,100,1816.0,2323.0
17,101,1816.0,2323.0
17,102,1816.0,2323.0
17,103,1816.0,2323.0
17,104,1816.0,2323.0
17,105,1816.0,2323.0
17,106,1816.0,2323.0
17,107,1816.0,2323.0
17,108,1816.0,2323.0
17,109,1816.0,2323.0
17,110,1816.0,2323.0
17,111,1816.0,2323.0
17,112,1816.0,2323.0
17,113,1816.0,2323.0
17,114,1816.0,2323.0
17,115,1816.0,2323.0
17,116,1816.0,2323.0
17,117,1816.0,2323.0
17,118,1816.0,2323.0
17,119,1816.0,2323.0
17,120,1816.0,2323.0
17,121,1816.0,2323.0
17,122,1816.0,2323.0
17,123,1816.0,2323.0
17,124,1816.0,2323.0
17,125,1816.0,2323.0
17,126,1816.0,2323.0
17,127,1816.0,2323.0
17,128,1816.0,2323.0
17,129,1816.0,2323.0
17,130,1816.0,2323.0
17,131,1816.0,2323.0
17,132,1816.0,2323.0
17,133,1816.0,2323.0
17,134,1816.0,2323.0
17,135,1816.0,2323.0
17,136,1816.0,2323.0
17,137,1816.0,2323.0
17,138,1816.0,2323.0
17,139,1816.0,2323.0
17,140,1816.0,2323.0
17,141,1816.0,2323.0
17,142,1816.0,2323.0
17,143,1816.0,2323.0
17,144,1816.0,2323.0
17,145,1816.0,2323.0
17,146,1816.0,2323.0
17,147,1816.0,2323.0
17,148,1816.0,2323.0
17,149,1816.0,2323.0
17,150,1816.0,2323.0
17,151,1816.0,2323.0
17,152,1816.0,2323.0
17,153,1816.0,2323.0
17,154,1816.0,2323.0
17,155,1816.0,2323.0
17,156,1816.0,2323.0
17,157,1816.0,2323.0
17,158,1816.0,2323.0
17,159,1816.0,2323.0
17,160,1816.0,2323.0
17,161,1816.0,2323.0
17,162,1816.0,2323.0
17,163,1816.0,2323.0
17,164,1816.0,2323.0
17,165,1816.0,2323.0
17,166,1816.0,2323.0
17,167,1816.0,2323.0
17,168,1816.0,2323.0
17,169,1816.0,2323.0
17,170,1816.0,2323.0
17,171,1816.0,2323.0
17,172,1816.0,2323.0
17,173,1816.0,2323.0
17,174,1816.0,2323.0
17,175,1816.0,2323.0
17,176,1816.0,2323.0
17,177,1816.0,2323.0
17,178,1816.0,2323.0
17,179,1816.0,2323.0
17,180,1816.0,2323.0
17,181,1816.0,2323.0
17,182,1816.0,2323.0
17,183,1816.0,2323.0
17,184,1816.0,2323.0
17,185,1816.0,2323.0
17,186,1816.0,2323.0
17,187,1816.0,2323.0
17,188,1816.0,2323.0
17,189,1816.0,2323.0
17,190,1816.0,2323.0
17,191,1816.0,2323.0
17,192,1816.0,2323.0
17,193,1816.0,2323.0
17,194,1816.0,2323.0
17,195,1816.0,2323.0
17,196,1816.0,2323.0
17,197,1816.0,2323.0
17,198,1816.0,2323.0
17,199,1816.0,2323.0
17,200,1816.0,2323.0
17,201,1816.0,2323.0
17,202,1816.0,2323.0
17,203,1816.0,2323.0
17,204,1816.0,2323.0
17,205,1816.0,2323.0
17,206,1816.0,2323.0
17,207,1816.0,2323.0
17,208,1816.0,2323.0
17,209,1816.0,2323.0
17,210,1816.0,2323.0
17,211,1816.0,2323.0
17,212,1816.0,2323.0
17,213,1816.0,2323.0
17,214,1816.0,2323.0
17,215,1816.0,2323.0
17,216,1816.0,2323.0
17,217,1816.0,2323.0
17,218,1816.0,2323.0
17,219,1816.0,2323.0
17,220,1816.0,2323.0
17,221,1816.0,2323.0
17,222,1816.0,2323.0
17,223,1816.0,2323.0
17,224,1816.0,2323.0
17,225,1816.0,2323.0
17,226,1816.0,2323.0
17,227,1816.0,2323.0
17,228,1816.0,2323.0
17,229,1816.0,2323.0
17,230,1816.0,2323.0
17,231,1816.0,2323.0
17,232,1816.0,2323.0
17,233,1816.0,2323.0
17,234,1816.0,2323.0
17,235,1816.0,2323.0
17,236,1816.0,2323.0
17,237,1816.0,2323.0
17,238,1816.0,2323.0
17,239,1816.0,2323.0
17,240,1816.0,2323.0
17,241,1816.0,2323.0
17,242,1816.0,2323.0
17,243,1816.0,2323.0
17,244,1816.0,2323.0
17,245,1816.0,2323.0
17,246,1816.0,2323.0
17,247,1816.0,2323.0
17,248,1816.0,2323.0
17,249,1816.0,2323.0
17,250,1816.0,2323.0
17,251,1816.0,2323.0
17,252,1816.0,2323.0
17,253,1816.0,2323.0
17,254,1816.0,2323.0
17,255,1816.0,2323.0
17,256,1816.0,2323.0
17,257,1816.0,2323.0
17,258,1816.0,2323.0
17,259,1816.0,2323.0
17,260,1816.0,2323.0
17,261,1816.0,2323.0
17,262,1816.0,2323.0
17,263,1816.0,2323.0
17,264,1816.0,2323.0
17,265,1816.0,2323.0
17,266,1816.0,2323.0
17,267,1816.0,2323.0
17,268,1816.0,2323.0
17,269,1816.0,2323.0
17,270,1816.0,2323.0
17,271,1816.0,2323.0
17,272,1816.0,2323.0
17,273,1816.0,2323.0
17,274,1816.0,2323.0
17,275,1816.0,2323.0
17,276,1816.0,2323.0
17,277,1816.0,2323.0
17,278,1816.0,2323.0
17,279,1816.0,2323.0
17,280,1816.0,2323.0
17,281,1816.0,2323.0
17,282,1816.0,2323.0
17,283,1816.0,2323.0
17,284,1816.0,2323.0
17,285,1816.0,2323.0
17,286,1816.0,2323.0
17,287,1816.0,2323.0
17,288,1816.0,2323.0
17,289,1816.0,2323.0
17,290,1816.0,2323.0
17,291,1816.0,2323.0
17,292,1816.0,2323.0
17,293,1816.0,2323.0
17,294,1816.0,2323.0
17,295,1816.0,2323.0
17,296,1816.0,2323.0
17,297,1816.0,2323.0
17,298,1816.0,2323.0
17,299,1816.0,2323.0
17,300,1816.0,2323.0
17,301,1816.0,2323.0
17,302,1816.0,2323.0
17,303,1816.0,2323.0
17,304,1816.0,2323.0
17,305,1816.0,2323.0
17,306,1816.0,2323.0
17,307,1816.0,2323.0
17,308,1816.0,2323.0
17,309,1816.0,2323.0
17,310,1816.0,2323.0
17,311,1816.0,2323.0
17,312,1816.0,2323.0
17,313,1816.0,2323.0
17,314,1816.0,2323.0
17,315,1816.0,2323.0
17,316,1816.0,2323.0
17,317,1816.0,2323.0
17,318,1816.0,2323.0
17,319,1816.0,2323.0
17,320,1816.0,2323.0
17,321,1816.0,2323.0
17,322,1816.0,2323.0
17,323,1816.0,2323.0
17,324,1816.0,2323.0
17,325,1816.0,2323.0
17,326,1816.0,2323.0
17,327,1816.0,2323.0
17,328,1816.0,2323.0
17,329,1816.0,2323.0
17,330,1816.0,2323.0
17,331,1816.0,2323.0
17,332,1816.0,2323.0
17,333,1816.0,2323.0
17,334,1816.0,2323.0
17,335,1816.0,2323.0
17,336,1816.0,2323.0
17,337,1816.0,2323.0
17,338,1816.0,2323.0
17,339,1816.0,2323.0
17,340,1816.0,2323.0
17,341,1816.0,2323.0
17,342,1816.0,2323.0
17,343,1816.0,2323.0
17,344,1816.0,2323.0
17,345,1816.0,2323.0
17,346,1816.0,2323.0
17,347,1816.0,2323.0
17,348,1816.0,2323.0
17,349,1816.0,2323.0
17,350,1816.0,2323.0
17,351,1816.0,2323.0
17,352,1816.0,2323.0
17,353,1816.0,2323.0
17,354,1816.0,2323.0
17,355,1816.0,2323.0
17,356,1816.0,2323.0
17,357,1816.0,2323.0
17,358,1816.0,2323.0
17,359,1816.0,2323.0
18,0,3095.0,1134.0
18,1,3095.0,1134.0
18,2,3095.0,1134.0
18,3,3095.0,1134.0
18,4,3095.0,1134.0
18,5,3095.0,1134.0
18,6,3095.0,1134.0
18,7,3095.0,1134.0
18,8,3095.0,1134.0
18,9,3095.0,1134.0
18,10,3095.0,1134.0
18,11,3095.0,1134.0
18,12,3095.0,1134.0
18,13,3095.0,1134.0
18,14,3095.0,1134.0
18,15,3095.0,1134.0
18,16,3095.0,1134.0
18,17,3095.0,1134.0
18,18,3095.0,1134.0
18,19,3095.0,1134.0
18,20,3095.0,1134.0
18,21,3095.0,1134.0
18,22,3095.0,1134.0
18,23,3095.0,1134.0
18,24,3095.0,1134.0
18,25,3095.0,1134.0
18,26,3095.0,1134.0
18,27,3095.0,1134.0
18,28,3095.0,1134.0
18,29,3095.0,1134.0
18,30,3095.0,1134.0
18,31,3095.0,1134.0
18,32,3095.0,1134.0
18,33,3095.0,1134.0
18,34,3095.0,1134.0
18,35,3095.0,1134.0
18,36,3095.0,1134.0
18,37,3095.0,1134.0
18,38,3095.0,1134.0
18,39,3095.0,1134.0
18,40,3095.0,1134.0
18,41,3095.0,1134.0
18,42,3095.0,1134.0
18,43,3095.0,1134.0
18,44,3095.0,1134.0
18,45,3095.0,1134.0
18,46,3095.0,1134.0
18,47,3095.0,1134.0
18,48,3095.0,1134.0
18,49,3095.0,1134.0
18,50,3095.0,1134.0
18,51,3095.0,1134.0
18,52,3095.0,1134.0
18,53,3095.0,1134.0
18,54,3095.0,1134.0
18,55,3095.0,1134.0
18,56,3095.0,1134.0
18,57,3095.0,1134.0
18,58,3095.0,1134.0
18,59,3095.0,1134.0
18,60,3095.0,1134.0
18,61,3095.0,1134.0
18,62,3095.0,1134.0
18,63,3095.0,1134.0
18,64,3095.0,1134.0
18,65,3095.0,1134.0
18,66,3095.0,1134.0
18,67,3095.0,1134.0
18,68,3095.0,1134.0
18,69,3095.0,1134.0
18,70,3095.0,1134.0
18,71,3095.0,1134.0
18,72,3095.0,1134.0
18,73,3095.0,1134.0
18,74,3095.0,1134.0
18,75,3095.0,1134.0
18,76,3095.0,1134.0
18,77,3095.0,1134.0
18,78,3095.0,1134.0
18,79,3095.0,1134.0
18,80,3095.0,1134.0
18,81,3095.0,1134.0
18,82,3095.0,1134.0
18,83,3095.0,1134.0
18,84,3095.0,1134.0
18,85,3095.0,1134.0
18,86,3095.0,1134.0
18,87,3095.0,1134.0
18,88,3095.0,1134.0
18,89,3095.0,1134.0
18,90,3095.0,1134.0
18,91,3095.0,1134.0
18,92,3095.0,1134.0
18,93,3095.0,1134.0
18,94,3095.0,1134.0
18,95,3095.0,1134.0
18,96,3095.0,1134.0
18,97,3095.0,1134.0
18,98,3095.0,1134.0
18,99,3095.0,1134.0
18,100,3095.0,1134.0
18,101,3095.0,1134.0
18,102,3095.0,1134.0
18,103,3095.0,1134.0
18,104,3095.0,1134.0
18,105,3095.0,1134.0
18,106,3095.0,1134.0
18,107,3095.0,1134.0
18,108,3095.0,1134.0
18,109,3095.0,1134.0
18,110,3095.0,1134.0
18,111,3095.0,1134.0
18,112,3095.0,1134.0
18,113,3095.0,1134.0
18,114,3095.0,1134.0
18,115,3095.0,1134.0
18,116,3095.0,1134.0
18,117,3095.0,1134.0
18,118,3095.0,1134.0
18,119,3095.0,1134.0
18,120,3095.0,1134.0
18,121,3095.0,1134.0
18,122,3095.0,1134.0
18,123,3095.0,1134.0
18,124,3095.0,1134.0
18,125,3095.0,1134.0
18,126,3095.0,1134.0
18,127,3095.0,1134.0
18,128,3095.0,1134.0
18,129,3095.0,1134.0
18,130,3095.0,1134.0
18,131,3095.0,1134.0
18,132,3095.0,1134.0
18,133,3095.0,1134.0
18,134,3095.0,1134.0
18,135,3095.0,1134.0
18,136,3095.0,1134.0
18,137,3095.0,1134.0
18,138,3095.0,1134.0
18,139,3095.0,1134.0
18,140,3095.0,1134.0
18,141,3095.0,1134.0
18,142,3095.0,1134.0
18,143,3095.0,1134.0
18,144,3095.0,1134.0
18,145,3095.0,1134.0
18,146,3095.0,1134.0
18,147,3095.0,1134.0
18,148,3095.0,1134.0
18,149,3095.0,1134.0
18,150,3095.0,1134.0
18,151,3095.0,1134.0
18,152,3095.0,1134.0
18,153,3095.0,1134.0
18,154,3095.0,1134.0
18,155,3095.0,1134.0
18,156,3095.0,1134.0
18,157,3095.0,1134.0
18,158,3095.0,1134.0
18,159,3095.0,1134.0
18,160,3095.0,1134.0
18,161,3095.0,1134.0
18,162,3095.0,1134.0
18,163,3095.0,1134.0
18,164,3095.0,1134.0
18,165,3095.0,1134.0
18,166,3095.0,1134.0
18,167,3095.0,1134.0
18,168,3095.0,1134.0
18,169,3095.0,1134.0
18,170,3095.0,1134.0
18,171,3095.0,1134.0
18,172,3095.0,1134.0
18,173,3095.0,1134.0
18,174,3095.0,1134.0
18,175,3095.0,1134.0
18,176,3095.0,1134.0
18,177,3095.0,1134.0
18,178,3095.0,1134.0
18,179,3095.0,1134.0
18,180,3095.0,1134.0
18,181,3095.0,1134.0
18,182,3095.0,1134.0
18,183,3095.0,1134.0
18,184,3095.0,1134.0
18,185,3095.0,1134.0
18,186,3095.0,1134.0
18,187,3095.0,1134.0
18,188,3095.0,1134.0
18,189,3095.0,1134.0
18,190,3095.0,1134.0
18,191,3095.0,1134.0
18,192,3095.0,1134.0
18,193,3095.0,1134.0
18,194,3095.0,1134.0
18,195,3095.0,1134.0
18,196,3095.0,1134.0
18,197,3095.0,1134.0
18,198,3095.0,1134.0
18,199,3095.0,1134.0
18,200,3095.0,1134.0
18,201,3095.0,1134.0
18,202,3095.0,1134.0
18,203,3095.0,1134.0
18,204,3095.0,1134.0
18,205,3095.0,1134.0
18,206,3095.0,1134.0
18,207,3095.0,1134.0
18,208,3095.0,1134.0
18,209,3095.0,1134.0
18,210,3095.0,1134.0
18,211,3095.0,1134.0
18,212,3095.0,1134.0
18,213,3095.0,1134.0
18,214,3095.0,1134.0
18,215,3095.0,1134.0
18,216,3095.0,1134.0
18,217,3095.0,1134.0
18,218,3095.0,1134.0
18,219,3095.0,1134.0
18,220,3095.0,1134.0
18,221,3095.0,1134.0
18,222,3095.0,1134.0
18,223,3095.0,1134.0
18,224,3095.0,1134.0
18,225,3095.0,1134.0
18,226,3095.0,1134.0
18,227,3095.0,1134.0
18,228,3095.0,1134.0
18,229,3095.0,1134.0
18,230,3095.0,1134.0
18,231,3095.0,1134.0
18,232,3095.0,1134.0
18,233,3095.0,1134.0
18,234,3095.0,1134.0
18,235,3095.0,1134.0
18,236,3095.0,1134.0
18,237,3095.0,1134.0
18,238,3095.0,1134.0
18,239,3095.0,1134.0
18,240,3095.0,1134.0
18,241,3095.0,1134.0
18,242,3095.0,1134.0
18,243,3095.0,1134.0
18,244,3095.0,1134.0
18,245,3095.0,1134.0
18,246,3095.0,1134.0
18,247,3095.0,1134.0
18,248,3095.0,1134.0
18,249,3095.0,1134.0
18,250,3095.0,1134.0
18,251,3095.0,1134.0
18,252,3095.0,1134.0
18,253,3095.0,1134.0
18,254,3095.0,1134.0
18,255,3095.0,1134.0
18,256,3095.0,1134.0
18,257,3095.0,1134.0
18,258,3095.0,1134.0
18,259,3095.0,1134.0
18,260,3095.0,1134.0
18,261,3095.0,1134.0
18,262,3095.0,1134.0
18,263,3095.0,1134.0
18,264,3095.0,1134.0
18,265,3095.0,1134.0
18,266,3095.0,1134.0
18,267,3095.0,1134.0
18,268,3095.0,1134.0
18,269,3095.0,1134.0
18,270,3095.0,1134.0
18,271,3095.0,1134.0
18,272,3095.0,1134.0
18,273,3095.0,1134.0
18,274,3095.0,1134.0
18,275,3095.0,1134.0
18,276,3095.0,1134.0
18,277,3095.0,1134.0
18,278,3095.0,1134.0
18,279,3095.0,1134.0
18,280,3095.0,1134.0
18,281,3095.0,1134.0
18,282,3095.0,1134.0
18,283,3095.0,1134.0
18,284,3095.0,1134.0
18,285,3095.0,1134.0
18,286,3095.0,1134.0
18,287,3095.0,1134.0
18,288,3095.0,1134.0
18,289,3095.0,1134.0
18,290,3095.0,1134.0
18,291,3095.0,1134.0
18,292,3095.0,1134.0
18,293,3095.0,1134.0
18,294,3095.0,1134.0
18,295,3095.0,1134.0
18,296,3095.0,1134.0
18,297,3095.0,1134.0
18,298,3095.0,1134.0
18,299,3095.0,1134.0
18,300,3095.0,1134.0
18,301,3095.0,1134.0
18,302,3095.0,1134.0
18,303,3095.0,1134.0
18,304,3095.0,1134.0
18,305,3095.0,1134.0
18,306,3095.0,1134.0
18,307,3095.0,1134.0
18,308,3095.0,1134.0
18,309,3095.0,1134.0
18,310,3095.0,1134.0
18,311,3095.0,1134.0
18,312,3095.0,1134.0
18,313,3095.0,1134.0
18,314,3095.0,1134.0
18,315,3095.0,1134.0
18,316,3095.0,1134.0
18,317,3095.0,1134.0
18,318,3095.0,1134.0
18,319,3095.0,1134.0
18,320,3095.0,1134.0
18,321,3095.0,1134.0
18,322,3095.0,1134.0
18,323,3095.0,1134.0
18,324,3095.0,1134.0
18,325,3095.0,1134.0
18,326,3095.0,1134.0
18,327,3095.0,1134.0
18,328,3095.0,1134.0
18,329,3095.0,1134.0
18,330,3095.0,1134.0
18,331,3095.0,1134.0
18,332,3095.0,1134.0
18,333,3095.0,1134.0
18,334,3095.0,1134.0
18,335,3095.0,1134.0
18,336,3095.0,1134.0
18,337,3095.0,1134.0
18,338,3095.0,1134.0
18,339,3095.0,1134.0
18,340,3095.0,1134.0
18,341,3095.0,1134.0
18,342,3095.0,1134.0
18,343,3095.0,1134.0
18,344,3095.0,1134.0
18,345,3095.0,1134.0
18,346,3095.0,1134.0
18,347,3095.0,1134.0
18,348,3095.0,1134.0
18,349,3095.0,1134.0
18,350,3095.0,1134.0
18,351,3095.0,1134.0
18,352,3095.0,1134.0
18,353,3095.0,1134.0
18,354,3095.0,1134.0
18,355,3095.0,1134.0
18,356,3095.0,1134.0
18,357,3095.0,1134.0
18,358,3095.0,1134.0
18,359,3095.0,1134.0
19,0,1127.0,1158.0
19,1,1127.0,1158.0
19,2,1127.0,1158.0
19,3,1127.0,1158.0
19,4,1127.0,1158.0
19,5,1127.0,1158.0
19,6,1127.0,1158.0
19,7,1127.0,1158.0
19,8,1127.0,1158.0
19,9,1127.0,1158.0
19,10,1127.0,1158.0
19,11,1127.0,1158.0
19,12,1127.0,1158.0
19,13,1127.0,1158.0
19,14,1127.0,1158.0
19,15,1127.0,1158.0
19,16,1127.0,1158.0
19,17,1127.0,1158.0
19,18,1127.0,1158.0
19,19,1127.0,1158.0
19,20,1127.0,1158.0
19,21,1127.0,1158.0
19,22,1127.0,1158.0
19,23,1127.0,1158.0
19,24,1127.0,1158.0
19,25,1127.0,1158.0
19,26,1127.0,1158.0
19,27,1127.0,1158.0
19,28,1127.0,1158.0
19,29,1127.0,1158.0
19,30,1127.0,1158.0
19,31,1127.0,1158.0
19,32,1127.0,1158.0
19,33,1127.0,1158.0
19,34,1127.0,1158.0
19,35,1127.0,1158.0
19,36,1127.0,1158.0
19,37,1127.0,1158.0
19,38,1127.0,1158.0
19,39,1127.0,1158.0
19,40,1127.0,1158.0
19,41,1127.0,1158.0
19,42,1127.0,1158.0
19,43,1127.0,1158.0
19,44,1127.0,1158.0
19,45,1127.0,1158.0
19,46,1127.0,1158.0
19,47,1127.0,1158.0
19,48,1127.0,1158.0
19,49,1127.0,1158.0
19,50,1127.0,1158.0
19,51,1127.0,1158.0
19,52,1127.0,1158.0
19,53,1127.0,1158.0
19,54,1127.0,1158.0
19,55,1127.0,1158.0
19,56,1127.0,1158.0
19,57,1127.0,1158.0
19,58,1127.0,1158.0
19,59,1127.0,1158.0
19,60,1127.0,1158.0
19,61,1127.0,1158.0
19,62,1127.0,1158.0
19,63,1127.0,1158.0
19,64,1127.0,1158.0
19,65,1127.0,1158.0
19,66,1127.0,1158.0
19,67,1127.0,1158.0
19,68,1127.0,1158.0
19,69,1127.0,1158.0
19,70,1127.0,1158.0
19,71,1127.0,1158.0
19,72,1127.0,1158.0
19,73,1127.0,1158.0
19,74,1127.0,1158.0
19,75,1127.0,1158.0
19,76,1127.0,1158.0
19,77,1127.0,1158.0
19,78,1127.0,1158.0
19,79,1127.0,1158.0
19,80,1127.0,1158.0
19,81,1127.0,1158.0
19,82,1127.0,1158.0
19,83,1127.0,1158.0
19,84,1127.0,1158.0
19,85,1127.0,1158.0
19,86,1127.0,1158.0
19,87,1127.0,1158.0
19,88,1127.0,1158.0
19,89,1127.0,1158.0
19,90,1127.0,1158.0
19,91,1127.0,1158.0
19,92,1127.0,1158.0
19,93,1127.0,1158.0
19,94,1127.0,1158.0
19,95,1127.0,1158.0
19,96,1127.0,1158.0
19,97,1127.0,1158.0
19,98,1127.0,1158.0
19,99,1127.0,1158.0
19,100,1127.0,1158.0
19,101,1127.0,1158.0
19,102,1127.0,1158.0
19,103,1127.0,1158.0
19,104,1127.0,1158.0
19,105,1127.0,1158.0
19,106,1127.0,1158.0
19,107,1127.0,1158.0
19,108,1127.0,1158.0
19,109,1127.0,1158.0
19,110,1127.0,1158.0
19,111,1127.0,1158.0
19,112,1127.0,1158.0
19,113,1127.0,1158.0
19,114,1127.0,1158.0
19,115,1127.0,1158.0
19,116,1127.0,1158.0
19,117,1127.0,1158.0
19,118,1127.0,1158.0
19,119,1127.0,1158.0
19,120,1127.0,1158.0
19,121,1127.0,1158.0
19,122,1127.0,1158.0
19,123,1127.0,1158.0
19,124,1127.0,1158.0
19,125,1127.0,1158.0
19,126,1127.0,1158.0
19,127,1127.0,1158.0
19,128,1127.0,1158.0
19,129,1127.0,1158.0
19,130,1127.0,1158.0
19,131,1127.0,1158.0
19,132,1127.0,1158.0
19,133,1127.0,1158.0
19,134,1127.0,1158.0
19,135,1127.0,1158.0
19,136,1127.0,1158.0
19,137,1127.0,1158.0
19,138,1127.0,1158.0
19,139,1127.0,1158.0
19,140,1127.0,1158.0
19,141,1127.0,1158.0
19,142,1127.0,1158.0
19,143,1127.0,1158.0
19,144,1127.0,1158.0
19,145,1127.0,1158.0
19,146,1127.0,1158.0
19,147,1127.0,1158.0
19,148,1127.0,1158.0
19,149,1127.0,1158.0
19,150,1127.0,1158.0
19,151,1127.0,1158.0
19,152,1127.0,1158.0
19,153,1127.0,1158.0
19,154,1127.0,1158.0
19,155,1127.0,1158.0
19,156,1127.0,1158.0
19,157,1127.0,1158.0
19,158,1127.0,1158.0
19,159,1127.0,1158.0
19,160,1127.0,1158.0
19,161,1127.0,1158.0
19,162,1127.0,1158.0
19,163,1127.0,1158.0
19,164,1127.0,1158.0
19,165,1127.0,1158.0
19,166,1127.0,1158.0
19,167,1127.0,1158.0
19,168,1127.0,1158.0
19,169,1127.0,1158.0
19,170,1127.0,1158.0
19,171,1127.0,1158.0
19,172,1127.0,1158.0
19,173,1127.0,1158.0
19,174,1127.0,1158.0
19,175,1127.0,1158.0
19,176,1127.0,1158.0
19,177,1127.0,1158.0
19,178,1127.0,1158.0
19,179,1127.0,1158.0
19,180,1127.0,1158.0
19,181,1127.0,1158.0
19,182,1127.0,1158.0
19,183,1127.0,1158.0
19,184,1127.0,1158.0
19,185,1127.0,1158.0
19,186,1127.0,1158.0
19,187,1127.0,1158.0
19,188,1127.0,1158.0
19,189,1127.0,1158.0
19,190,1127.0,1158.0
19,191,1127.0,1158.0
19,192,1127.0,1158.0
19,193,1127.0,1158.0
19,194,1127.0,1158.0
19,195,1127.0,1158.0
19,196,1127.0,1158.0
19,197,1127.0,1158.0
19,198,1127.0,1158.0
19,199,1127.0,1158.0
19,200,1127.0,1158.0
19,201,1127.0,1158.0
19,202,1127.0,1158.0
19,203,1127.0,1158.0
19,204,1127.0,1158.0
19,205,1127.0,1158.0
19,206,1127.0,1158.0
19,207,1127.0,1158.0
19,208,1127.0,1158.0
19,209,1127.0,1158.0
19,210,1127.0,1158.0
19,211,1127.0,1158.0
19,212,1127.0,1158.0
19,213,1127.0,1158.0
19,214,1127.0,1158.0
19,215,1127.0,1158.0
19,216,1127.0,1158.0
19,217,1127.0,1158.0
19,218,1127.0,1158.0
19,219,1127.0,1158.0
19,220,1127.0,1158.0
19,221,1127.0,1158.0
19,222,1127.0,1158.0
19,223,1127.0,1158.0
19,224,1127.0,1158.0
19,225,1127.0,1158.0
19,226,1127.0,1158.0
19,227,1127.0,1158.0
19,228,1127.0,1158.0
19,229,1127.0,1158.0
19,230,1127.0,1158.0
19,231,1127.0,1158.0
19,232,1127.0,1158.0
19,233,1127.0,1158.0
19,234,1127.0,1158.0
19,235,1127.0,1158.0
19,236,1127.0,1158.0
19,237,1127.0,1158.0
19,238,1127.0,1158.0
19,239,1127.0,1158.0
19,240,1127.0,1158.0
19,241,1127.0,1158.0
19,242,1127.0,1158.0
19,243,1127.0,1158.0
19,244,1127.0,1158.0
19,245,1127.0,1158.0
19,246,1127.0,1158.0
19,247,1127.0,1158.0
19,248,1127.0,1158.0
19,249,1127.0,1158.0
19,250,1127.0,1158.0
19,251,1127.0,1158.0
19,252,1127.0,1158.0
19,253,1127.0,1158.0
19,254,1127.0,1158.0
19,255,1127.0,1158.0
19,256,1127.0,1158.0
19,257,1127.0,1158.0
19,258,1127.0,1158.0
19,259,1127.0,1158.0
19,260,1127.0,1158.0
19,261,1127.0,1158.0
19,262,1127.0,1158.0
19,263,1127.0,1158.0
19,264,1127.0,1158.0
19,265,1127.0,1158.0
19,266,1127.0,1158.0
19,267,1127.0,1158.0
19,268,1127.0,1158.0
19,269,1127.0,1158.0
19,270,1127.0,1158.0
19,271,1127.0,1158.0
19,272,1127.0,1158.0
19,273,1127.0,1158.0
19,274,1127.0,1158.0
19,275,1127.0,1158.0
19,276,1127.0,1158.0
19,277,1127.0,1158.0
19,278,1127.0,1158.0
19,279,1127.0,1158.0
19,280,1127.0,1158.0
19,281,1127.0,1158.0
19,282,1127.0,1158.0
19,283,1127.0,1158.0
19,284,1127.0,1158.0
19,285,1127.0,1158.0
19,286,1127.0,1158.0
19,287,1127.0,1158.0
19,288,1127.0,1158.0
19,289,1127.0,1158.0
19,290,1127.0,1158.0
19,291,1127.0,1158.0
19,292,1127.0,1158.0
19,293,1127.0,1158.0
19,294,1127.0,1158.0
19,295,1127.0,1158.0
19,296,1127.0,1158.0
19,297,1127.0,1158.0
19,298,1127.0,1158.0
19,299,1127.0,1158.0
19,300,1127.0,1158.0
19,301,1127.0,1158.0
19,302,1127.0,1158.0
19,303,1127.0,1158.0
19,304,1127.0,1158.0
19,305,1127.0,1158.0
19,306,1127.0,1158.0
19,307,1127.0,1158.0
19,308,1127.0,1158.0
19,309,1127.0,1158.0
19,310,1127.0,1158.0
19,311,1127.0,1158.0
19,312,1127.0,1158.0
19,313,1127.0,1158.0
19,314,1127.0,1158.0
19,315,1127.0,1158.0
19,316,1127.0,1158.0
19,317,1127.0,1158.0
19,318,1127.0,1158.0
19,319,1127.0,1158.0
19,320,1127.0,1158.0
19,321,1127.0,1158.0
19,322,1127.0,1158.0
19,323,1127.0,1158.0
19,324,1127.0,1158.0
19,325,1127.0,1158.0
19,326,1127.0,1158.0
19,327,1127.0,1158.0
19,328,1127.0,1158.0
19,329,1127.0,1158.0
19,330,1127.0,1158.0
19,331,1127.0,1158.0
19,332,1127.0,1158.0
19,333,1127.0,1158.0
19,334,1127.0,1158.0
19,335,1127.0,1158.0
19,336,1127.0,1158.0
19,337,1127.0,1158.0
19,338,1127.0,1158.0
19,339,1127.0,1158.0
19,340,1127.0,1158.0
19,341,1127.0,1158.0
19,342,1127.0,1158.0
19,343,1127.0,1158.0
19,344,1127.0,1158.0
19,345,1127.0,1158.0
19,346,1127.0,1158.0
19,347,1127.0,1158.0
19,348,1127.0,1158.0
19,349,1127.0,1158.0
19,350,1127.0,1158.0
19,351,1127.0,1158.0
19,352,1127.0,1158.0
19,353,1127.0,1158.0
19,354,1127.0,1158.0
19,355,1127.0,1158.0
19,356,1127.0,1158.0
19,357,1127.0,1158.0
19,358,1127.0,1158.0
19,359,1127.0,1158.0
20,0,1375.0,1126.0
20,1,1375.0,1126.0
20,2,1375.0,1126.0
20,3,1375.0,1126.0
20,4,1375.0,1126.0
20,5,1375.0,1126.0
20,6,1375.0,1126.0
20,7,1375.0,1126.0
20,8,1375.0,1126.0
20,9,1375.0,1126.0
20,10,1375.0,1126.0
20,11,1375.0,1126.0
20,12,1375.0,1126.0
20,13,1375.0,1126.0
20,14,1375.0,1126.0
20,15,1375.0,1126.0
20,16,1375.0,1126.0
20,17,1375.0,1126.0
20,18,1375.0,1126.0
20,19,1375.0,1126.0
20,20,1375.0,1126.0
20,21,1375.0,1126.0
20,22,1375.0,1126.0
20,23,1375.0,1126.0
20,24,1375.0,1126.0
20,25,1375.0,1126.0
20,26,1375.0,1126.0
20,27,1375.0,1126.0
20,28,1375.0,1126.0
20,29,1375.0,1126.0
20,30,1375.0,1126.0
20,31,1375.0,1126.0
20,32,1375.0,1126.0
20,33,1375.0,1126.0
20,34,1375.0,1126.0
20,35,1375.0,1126.0
20,36,1375.0,1126.0
20,37,1375.0,1126.0
20,38,1375.0,1126.0
20,39,1375.0,1126.0
20,40,1375.0,1126.0
20,41,1375.0,1126.0
20,42,1375.0,1126.0
20,43,1375.0,1126.0
20,44,1375.0,1126.0
20,45,1375.0,1126.0
20,46,1375.0,1126.0
20,47,1375.0,1126.0
20,48,1375.0,1126.0
20,49,1375.0,1126.0
20,50,1375.0,1126.0
20,51,1375.0,1126.0
20,52,1375.0,1126.0
20,53,1375.0,1126.0
20,54,1375.0,1126.0
20,55,1375.0,1126.0
20,56,1375.0,1126.0
20,57,1375.0,1126.0
20,58,1375.0,1126.0
20,59,1375.0,1126.0
20,60,1375.0,1126.0
20,61,1375.0,1126.0
20,62,1375.0,1126.0
20,63,1375.0,1126.0
20,64,1375.0,1126.0
20,65,1375.0,1126.0
20,66,1375.0,1126.0
20,67,1375.0,1126.0
20,68,1375.0,1126.0
20,69,1375.0,1126.0
20,70,1375.0,1126.0
20,71,1375.0,1126.0
20,72,1375.0,1126.0
20,73,1375.0,1126.0
20,74,1375.0,1126.0
20,75,1375.0,1126.0
20,76,1375.0,1126.0
20,77,1375.0,1126.0
20,78,1375.0,1126.0
20,79,1375.0,1126.0
20,80,1375.0,1126.0
20,81,1375.0,1126.0
20,82,1375.0,1126.0
20,83,1375.0,1126.0
20,84,1375.0,1126.0
20,85,1375.0,1126.0
20,86,1375.0,1126.0
20,87,1375.0,1126.0
20,88,1375.0,1126.0
20,89,1375.0,1126.0
20,90,1375.0,1126.0
20,91,1375.0,1126.0
20,92,1375.0,1126.0
20,93,1375.0,1126.0
20,94,1375.0,1126.0
20,95,1375.0,1126.0
20,96,1375.0,1126.0
20,97,1375.0,1126.0
20,98,1375.0,1126.0
20,99,1375.0,1126.0
20,100,1375.0,1126.0
20,101,1375.0,1126.0
20,102,1375.0,1126.0
20,103,1375.0,1126.0
20,104,1375.0,1126.0
20,105,1375.0,1126.0
20,106,1375.0,1126.0
20,107,1375.0,1126.0
20,108,1375.0,1126.0
20,109,1375.0,1126.0
20,110,1375.0,1126.0
20,111,1375.0,1126.0
20,112,1375.0,1126.0
20,113,1375.0,1126.0
20,114,1375.0,1126.0
20,115,1375.0,1126.0
20,116,1375.0,1126.0
20,117,1375.0,1126.0
20,118,1375.0,1126.0
20,119,1375.0,1126.0
20,120,1375.0,1126.0
20,121,1375.0,1126.0
20,122,1375.0,1126.0
20,123,1375.0,1126.0
20,124,1375.0,1126.0
20,125,1375.0,1126.0
20,126,1375.0,1126.0
20,127,1375.0,1126.0
20,128,1375.0,1126.0
20,129,1375.0,1126.0
20,130,1375.0,1126.0
20,131,1375.0,1126.0
20,132,1375.0,1126.0
20,133,1375.0,1126.0
20,134,1375.0,1126.0
20,135,1375.0,1126.0
20,136,1375.0,1126.0
20,137,1375.0,1126.0
20,138,1375.0,1126.0
20,139,1375.0,1126.0
20,140,1375.0,1126.0
20,141,1375.0,1126.0
20,142,1375.0,1126.0
20,143,1375.0,1126.0
20,144,1375.0,1126.0
20,145,1375.0,1126.0
20,146,1375.0,1126.0
20,147,1375.0,1126.0
20,148,1375.0,1126.0
20,149,1375.0,1126.0
20,150,1375.0,1126.0
20,151,1375.0,1126.0
20,152,1375.0,1126.0
20,153,1375.0,1126.0
20,154,1375.0,1126.0
20,155,1375.0,1126.0
20,156,1375.0,1126.0
20,157,1375.0,1126.0
20,158,1375.0,1126.0
20,159,1375.0,1126.0
20,160,1375.0,1126.0
20,161,1375.0,1126.0
20,162,1375.0,1126.0
20,163,1375.0,1126.0
20,164,1375.0,1126.0
20,165,1375.0,1126.0
20,166,1375.0,1126.0
20,167,1375.0,1126.0
20,168,1375.0,1126.0
20,169,1375.0,1126.0
20,170,1375.0,1126.0
20,171,1375.0,1126.0
20,172,1375.0,1126.0
20,173,1375.0,1126.0
20,174,1375.0,1126.0
20,175,1375.0,1126.0
20,176,1375.0,1126.0
20,177,1375.0,1126.0
20,178,1375.0,1126.0
20,179,1375.0,1126.0
20,180,1375.0,1126.0
20,181,1375.0,1126.0
20,182,1375.0,1126.0
20,183,1375.0,1126.0
20,184,1375.0,1126.0
20,185,1375.0,1126.0
20,186,1375.0,1126.0
20,187,1375.0,1126.0
20,188,1375.0,1126.0
20,189,1375.0,1126.0
20,190,1375.0,1126.0
20,191,1375.0,1126.0
20,192,1375.0,1126.0
20,193,1375.0,1126.0
20,194,1375.0,1126.0
20,195,1375.0,1126.0
20,196,1375.0,1126.0
20,197,1375.0,1126.0
20,198,1375.0,1126.0
20,199,1375.0,1126.0
20,200,1375.0,1126.0
20,201,1375.0,1126.0
20,202,1375.0,1126.0
20,203,1375.0,1126.0
20,204,1375.0,1126.0
20,205,1375.0,1126.0
20,206,1375.0,1126.0
20,207,1375.0,1126.0
20,208,1375.0,1126.0
20,209,1375.0,1126.0
20,210,1375.0,1126.0
20,211,1375.0,1126.0
20,212,1375.0,1126.0
20,213,1375.0,1126.0
20,214,1375.0,1126.0
20,215,1375.0,1126.0
20,216,1375.0,1126.0
20,217,1375.0,1126.0
20,218,1375.0,1126.0
20,219,1375.0,1126.0
20,220,1375.0,1126.0
20,221,1375.0,1126.0
20,222,1375.0,1126.0
20,223,1375.0,1126.0
20,224,1375.0,1126.0
20,225,1375.0,1126.0
20,226,1375.0,1126.0
20,227,1375.0,1126.0
20,228,1375.0,1126.0
20,229,1375.0,1126.0
20,230,1375.0,1126.0
20,231,1375.0,1126.0
20,232,1375.0,1126.0
20,233,1375.0,1126.0
20,234,1375.0,1126.0
20,235,1375.0,1126.0
20,236,1375.0,1126.0
20,237,1375.0,1126.0
20,238,1375.0,1126.0
20,239,1375.0,1126.0
20,240,1375.0,1126.0
20,241,1375.0,1126.0
20,242,1375.0,1126.0
20,243,1375.0,1126.0
20,244,1375.0,1126.0
20,245,1375.0,1126.0
20,246,1375.0,1126.0
20,247,1375.0,1126.0
20,248,1375.0,1126.0
20,249,1375.0,1126.0
20,250,1375.0,1126.0
20,251,1375.0,1126.0
20,252,1375.0,1126.0
20,253,1375.0,1126.0
20,254,1375.0,1126.0
20,255,1375.0,1126.0
20,256,1375.0,1126.0
20,257,1375.0,1126.0
20,258,1375.0,1126.0
20,259,1375.0,1126.0
20,260,1375.0,1126.0
20,261,1375.0,1126.0
20,262,1375.0,1126.0
20,263,1375.0,1126.0
20,264,1375.0,1126.0
20,265,1375.0,1126.0
20,266,1375.0,1126.0
20,267,1375.0,1126.0
20,268,1375.0,1126.0
20,269,1375.0,1126.0
20,270,1375.0,1126.0
20,271,1375.0,1126.0
20,272,1375.0,1126.0
20,273,1375.0,1126.0
20,274,1375.0,1126.0
20,275,1375.0,1126.0
20,276,1375.0,1126.0
20,277,1375.0,1126.0
20,278,1375.0,1126.0
20,279,1375.0,1126.0
20,280,1375.0,1126.0
20,281,1375.0,1126.0
20,282,1375.0,1126.0
20,283,1375.0,1126.0
20,284,1375.0,1126.0
20,285,1375.0,1126.0
20,286,1375.0,1126.0
20,287,1375.0,1126.0
20,288,1375.0,1126.0
20,289,1375.0,1126.0
20,290,1375.0,1126.0
20,291,1375.0,1126.0
20,292,1375.0,1126.0
20,293,1375.0,1126.0
20,294,1375.0,1126.0
20,295,1375.0,1126.0
20,296,1375.0,1126.0
20,297,1375.0,1126.0
20,298,1375.0,1126.0
20,299,1375.0,1126.0
20,300,1375.0,1126.0
20,301,1375.0,1126.0
20,302,1375.0,1126.0
20,303,1375.0,1126.0
20,304,1375.0,1126.0
20,305,1375.0,1126.0
20,306,1375.0,1126.0
20,307,1375.0,1126.0
20,308,1375.0,1126.0
20,309,1375.0,1126.0
20,310,1375.0,1126.0
20,311,1375.0,1126.0
20,312,1375.0,1126.0
20,313,1375.0,1126.0
20,314,1375.0,1126.0
20,315,1375.0,1126.0
20,316,1375.0,1126.0
20,317,1375.0,1126.0
20,318,1375.0,1126.0
20,319,1375.0,1126.0
20,320,1375.0,1126.0
20,321,1375.0,1126.0
20,322,1375.0,1126.0
20,323,1375.0,1126.0
20,324,1375.0,1126.0
20,325,1375.0,1126.0
20,326,1375.0,1126.0
20,327,1375.0,1126.0
20,328,1375.0,1126.0
20,329,1375.0,1126.0
20,330,1375.0,1126.0
20,331,1375.0,1126.0
20,332,1375.0,1126.0
20,333,1375.0,1126.0
20,334,1375.0,1126.0
20,335,1375.0,1126.0
20,336,1375.0,1126.0
20,337,1375.0,1126.0
20,338,1375.0,1126.0
20,339,1375.0,1126.0
20,340,1375.0,1126.0
20,341,1375.0,1126.0
20,342,1375.0,1126.0
20,343,1375.0,1126.0
20,344,1375.0,1126.0
20,345,1375.0,1126.0
20,346,1375.0,1126.0
20,347,1375.0,1126.0
20,348,1375.0,1126.0
20,349,1375.0,1126.0
20,350,1375.0,1126.0
20,351,1375.0,1126.0
20,352,1375.0,1126.0
20,353,1375.0,1126.0
20,354,1375.0,1126.0
20,355,1375.0,1126.0
20,356,1375.0,1126.0
20,357,1375.0,1126.0
20,358,1375.0,1126.0
20,359,1375.0,1126.0
21,0,1874.0,2451.0
21,1,1874.0,2451.0
21,2,1874.0,2451.0
21,3,1874.0,2451.0
21,4,1874.0,2451.0
21,5,1874.0,2451.0
21,6,1874.0,2451.0
21,7,1874.0,2451.0
21,8,1874.0,2451.0
21,9,1874.0,2451.0
21,10,1874.0,2451.0
21,11,1874.0,2451.0
21,12,1874.0,2451.0
21,13,1874.0,2451.0
21,14,1874.0,2451.0
21,15,1874.0,2451.0
21,16,1874.0,2451.0
21,17,1874.0,2451.0
21,18,1874.0,2451.0
21,19,1874.0,2451.0
21,20,1874.0,2451.0
21,21,1874.0,2451.0
21,22,1874.0,2451.0
21,23,1874.0,2451.0
21,24,1874.0,2451.0
21,25,1874.0,2451.0
21,26,1874.0,2451.0
21,27,1874.0,2451.0
21,28,1874.0,2451.0
21,29,1874.0,2451.0
21,30,1874.0,2451.0
21,31,1874.0,2451.0
21,32,1874.0,2451.0
21,33,1874.0,2451.0
21,34,1874.0,2451.0
21,35,1874.0,2451.0
21,36,1874.0,2451.0
21,37,1874.0,2451.0
21,38,1874.0,2451.0
21,39,1874.0,2451.0
21,40,1874.0,2451.0
21,41,1874.0,2451.0
21,42,1874.0,2451.0
21,43,1874.0,2451.0
21,44,1874.0,2451.0
21,45,1874.0,2451.0
21,46,1874.0,2451.0
21,47,1874.0,2451.0
21,48,1874.0,2451.0
21,49,1874.0,2451.0
21,50,1874.0,2451.0
21,51,1874.0,2451.0
21,52,1874.0,2451.0
21,53,1874.0,2451.0
21,54,1874.0,2451.0
21,55,1874.0,2451.0
21,56,1874.0,2451.0
21,57,1874.0,2451.0
21,58,1874.0,2451.0
21,59,1874.0,2451.0
21,60,1874.0,2451.0
21,61,1874.0,2451.0
21,62,1874.0,2451.0
21,63,1874.0,2451.0
21,64,1874.0,2451.0
21,65,1874.0,2451.0
21,66,1874.0,2451.0
21,67,1874.0,2451.0
21,68,1874.0,2451.0
21,69,1874.0,2451.0
21,70,1874.0,2451.0
21,71,1874.0,2451.0
21,72,1874.0,2451.0
21,73,1874.0,2451.0
21,74,1874.0,2451.0
21,75,1874.0,2451.0
21,76,1874.0,2451.0
21,77,1874.0,2451.0
21,78,1874.0,2451.0
21,79,1874.0,2451.0
21,80,1874.0,2451.0
21,81,1874.0,2451.0
21,82,1874.0,2451.0
21,83,1874.0,2451.0
21,84,1874.0,2451.0
21,85,1874.0,2451.0
21,86,1874.0,2451.0
21,87,1874.0,2451.0
21,88,1874.0,2451.0
21,89,1874.0,2451.0
21,90,1874.0,2451.0
21,91,1874.0,2451.0
21,92,1874.0,2451.0
21,93,1874.0,2451.0
21,94,1874.0,2451.0
21,95,1874.0,2451.0
21,96,1874.0,2451.0
21,97,1874.0,2451.0
21,98,1874.0,2451.0
21,99,1874.0,2451.0
21,100,1874.0,2451.0
21,101,1874.0,2451.0
21,102,1874.0,2451.0
21,103,1874.0,2451.0
21,104,1874.0,2451.0
21,105,1874.0,2451.0
21,106,1874.0,2451.0
21,107,1874.0,2451.0
21,108,1874.0,2451.0
21,109,1874.0,2451.0
21,110,1874.0,2451.0
21,111,1874.0,2451.0
21,112,1874.0,2451.0
21,113,1874.0,2451.0
21,114,1874.0,2451.0
21,115,1874.0,2451.0
21,116,1874.0,2451.0
21,117,1874.0,2451.0
21,118,1874.0,2451.0
21,119,1874.0,2451.0
21,120,1874.0,2451.0
21,121,1874.0,2451.0
21,122,1874.0,2451.0
21,123,1874.0,2451.0
21,124,1874.0,2451.0
21,125,1874.0,2451.0
21,126,1874.0,2451.0
21,127,1874.0,2451.0
21,128,1874.0,2451.0
21,129,1874.0,2451.0
21,130,1874.0,2451.0
21,131,1874.0,2451.0
21,132,1874.0,2451.0
21,133,1874.0,2451.0
21,134,1874.0,2451.0
21,135,1874.0,2451.0
21,136,1874.0,2451.0
21,137,1874.0,2451.0
21,138,1874.0,2451.0
21,139,1874.0,2451.0
21,140,1874.0,2451.0
21,141,1874.0,2451.0
21,142,1874.0,2451.0
21,143,1874.0,2451.0
21,144,1874.0,2451.0
21,145,1874.0,2451.0
21,146,1874.0,2451.0
21,147,1874.0,2451.0
21,148,1874.0,2451.0
21,149,1874.0,2451.0
21,150,1874.0,2451.0
21,151,1874.0,2451.0
21,152,1874.0,2451.0
21,153,1874.0,2451.0
21,154,1874.0,2451.0
21,155,1874.0,2451.0
21,156,1874.0,2451.0
21,157,1874.0,2451.0
21,158,1874.0,2451.0
21,159,1874.0,2451.0
21,160,1874.0,2451.0
21,161,1874.0,2451.0
21,162,1874.0,2451.0
21,163,1874.0,2451.0
21,164,1874.0,2451.0
21,165,1874.0,2451.0
21,166,1874.0,2451.0
21,167,1874.0,2451.0
21,168,1874.0,2451.0
21,169,1874.0,2451.0
21,170,1874.0,2451.0
21,171,1874.0,2451.0
21,172,1874.0,2451.0
21,173,1874.0,2451.0
21,174,1874.0,2451.0
21,175,1874.0,2451.0
21,176,1874.0,2451.0
21,177,1874.0,2451.0
21,178,1874.0,2451.0
21,179,1874.0,2451.0
21,180,1874.0,2451.0
21,181,1874.0,2451.0
21,182,1874.0,2451.0
21,183,1874.0,2451.0
21,184,1874.0,2451.0
21,185,1874.0,2451.0
21,186,1874.0,2451.0
21,187,1874.0,2451.0
21,188,1874.0,2451.0
21,189,1874.0,2451.0
21,190,1874.0,2451.0
21,191,1874.0,2451.0
21,192,1874.0,2451.0
21,193,1874.0,2451.0
21,194,1874.0,2451.0
21,195,1874.0,2451.0
21,196,1874.0,2451.0
21,197,1874.0,2451.0
21,198,1874.0,2451.0
21,199,1874.0,2451.0
21,200,1874.0,2451.0
21,201,1874.0,2451.0
21,202,1874.0,2451.0
21,203,1874.0,2451.0
21,204,1874.0,2451.0
21,205,1874.0,2451.0
21,206,1874.0,2451.0
21,207,1874.0,2451.0
21,208,1874.0,2451.0
21,209,1874.0,2451.0
21,210,1874.0,2451.0
21,211,1874.0,2451.0
21,212,1874.0,2451.0
21,213,1874.0,2451.0
21,214,1874.0,2451.0
21,215,1874.0,2451.0
21,216,1874.0,2451.0
21,217,1874.0,2451.0
21,218,1874.0,2451.0
21,219,1874.0,2451.0
21,220,1874.0,2451.0
21,221,1874.0,2451.0
21,222,1874.0,2451.0
21,223,1874.0,2451.0
21,224,1874.0,2451.0
21,225,1874.0,2451.0
21,226,1874.0,2451.0
21,227,1874.0,2451.0
21,228,1874.0,2451.0
21,229,1874.0,2451.0
21,230,1874.0,2451.0
21,231,1874.0,2451.0
21,232,1874.0,2451.0
21,233,1874.0,2451.0
21,234,1874.0,2451.0
21,235,1874.0,2451.0
21,236,1874.0,2451.0
21,237,1874.0,2451.0
21,238,1874.0,2451.0
21,239,1874.0,2451.0
21,240,1874.0,2451.0
21,241,1874.0,2451.0
21,242,1874.0,2451.0
21,243,1874.0,2451.0
21,244,1874.0,2451.0
21,245,1874.0,2451.0
21,246,1874.0,2451.0
21,247,1874.0,2451.0
21,248,1874.0,2451.0
21,249,1874.0,2451.0
21,250,1874.0,2451.0
21,251,1874.0,2451.0
21,252,1874.0,2451.0
21,253,1874.0,2451.0
21,254,1874.0,2451.0
21,255,1874.0,2451.0
21,256,1874.0,2451.0
21,257,1874.0,2451.0
21,258,1874.0,2451.0
21,259,1874.0,2451.0
21,260,1874.0,2451.0
21,261,1874.0,2451.0
21,262,1874.0,2451.0
21,263,1874.0,2451.0
21,264,1874.0,2451.0
21,265,1874.0,2451.0
21,266,1874.0,2451.0
21,267,1874.0,2451.0
21,268,1874.0,2451.0
21,269,1874.0,2451.0
21,270,1874.0,2451.0
21,271,1874.0,2451.0
21,272,1874.0,2451.0
21,273,1874.0,2451.0
21,274,1874.0,2451.0
21,275,1874.0,2451.0
21,276,1874.0,2451.0
21,277,1874.0,2451.0
21,278,1874.0,2451.0
21,279,1874.0,2451.0
21,280,1874.0,2451.0
21,281,1874.0,2451.0
21,282,1874.0,2451.0
21,283,1874.0,2451.0
21,284,1874.0,2451.0
21,285,1874.0,2451.0
21,286,1874.0,2451.0
21,287,1874.0,2451.0
21,288,1874.0,2451.0
21,289,1874.0,2451.0
21,290,1874.0,2451.0
21,291,1874.0,2451.0
21,292,1874.0,2451.0
21,293,1874.0,2451.0
21,294,1874.0,2451.0
21,295,1874.0,2451.0
21,296,1874.0,2451.0
21,297,1874.0,2451.0
21,298,1874.0,2451.0
21,299,1874.0,2451.0
21,300,1874.0,2451.0
21,301,1874.0,2451.0
21,302,1874.0,2451.0
21,303,1874.0,2451.0
21,304,1874.0,2451.0
21,305,1874.0,2451.0
21,306,1874.0,2451.0
21,307,1874.0,2451.0
21,308,1874.0,2451.0
21,309,1874.0,2451.0
21,310,1874.0,2451.0
21,311,1874.0,2451.0
21,312,1874.0,2451.0
21,313,1874.0,2451.0
21,314,1874.0,2451.0
21,315,1874.0,2451.0
21,316,1874.0,2451.0
21,317,1874.0,2451.0
21,318,1874.0,2451.0
21,319,1874.0,2451.0
21,320,1874.0,2451.0
21,321,1874.0,2451.0
21,322,1874.0,2451.0
21,323,1874.0,2451.0
21,324,1874.0,2451.0
21,325,1874.0,2451.0
21,326,1874.0,2451.0
21,327,1874.0,2451.0
21,328,1874.0,2451.0
21,329,1874.0,2451.0
21,330,1874.0,2451.0
21,331,1874.0,2451.0
21,332,1874.0,2451.0
21,333,1874.0,2451.0
21,334,1874.0,2451.0
21,335,1874.0,2451.0
21,336,1874.0,2451.0
21,337,1874.0,2451.0
21,338,1874.0,2451.0
21,339,1874.0,2451.0
21,340,1874.0,2451.0
21,341,1874.0,2451.0
21,342,1874.0,2451.0
21,343,1874.0,2451.0
21,344,1874.0,2451.0
21,345,1874.0,2451.0
21,346,1874.0,2451.0
21,347,1874.0,2451.0
21,348,1874.0,2451.0
21,349,1874.0,2451.0
21,350,1874.0,2451.0
21,351,1874.0,2451.0
21,352,1874.0,2451.0
21,353,1874.0,2451.0
21,354,1874.0,2451.0
21,355,1874.0,2451.0
21,356,1874.0,2451.0
21,357,1874.0,2451.0
21,358,1874.0,2451.0
21,359,1874.0,2451.0
22,0,2771.0,1401.0
22,1,2771.0,1401.0
22,2,2771.0,1401.0
22,3,2771.0,1401.0
22,4,2771.0,1401.0
22,5,2771.0,1401.0
22,6,2771.0,1401.0
22,7,2771.0,1401.0
22,8,2771.0,1401.0
22,9,2771.0,1401.0
22,10,2771.0,1401.0
22,11,2771.0,1401.0
22,12,2771.0,1401.0
22,13,2771.0,1401.0
22,14,2771.0,1401.0
22,15,2771.0,1401.0
22,16,2771.0,1401.0
22,17,2771.0,1401.0
22,18,2771.0,1401.0
22,19,2771.0,1401.0
22,20,2771.0,1401.0
22,21,2771.0,1401.0
22,22,2771.0,1401.0
22,23,2771.0,1401.0
22,24,2771.0,1401.0
22,25,2771.0,1401.0
22,26,2771.0,1401.0
22,27,2771.0,1401.0
22,28,2771.0,1401.0
22,29,2771.0,1401.0
22,30,2771.0,1401.0
22,31,2771.0,1401.0
22,32,2771.0,1401.0
22,33,2771.0,1401.0
22,34,2771.0,1401.0
22,35,2771.0,1401.0
22,36,2771.0,1401.0
22,37,2771.0,1401.0
22,38,2771.0,1401.0
22,39,2771.0,1401.0
22,40,2771.0,1401.0
22,41,2771.0,1401.0
22,42,2771.0,1401.0
22,43,2771.0,1401.0
22,44,2771.0,1401.0
22,45,2771.0,1401.0
22,46,2771.0,1401.0
22,47,2771.0,1401.0
22,48,2771.0,1401.0
22,49,2771.0,1401.0
22,50,2771.0,1401.0
22,51,2771.0,1401.0
22,52,2771.0,1401.0
22,53,2771.0,1401.0
22,54,2771.0,1401.0
22,55,2771.0,1401.0
22,56,2771.0,1401.0
22,57,2771.0,1401.0
22,58,2771.0,1401.0
22,59,2771.0,1401.0
22,60,2771.0,1401.0
22,61,2771.0,1401.0
22,62,2771.0,1401.0
22,63,2771.0,1401.0
22,64,2771.0,1401.0
22,65,2771.0,1401.0
22,66,2771.0,1401.0
22,67,2771.0,1401.0
22,68,2771.0,1401.0
22,69,2771.0,1401.0
22,70,2771.0,1401.0
22,71,2771.0,1401.0
22,72,2771.0,1401.0
22,73,2771.0,1401.0
22,74,2771.0,1401.0
22,75,2771.0,1401.0
22,76,2771.0,1401.0
22,77,2771.0,1401.0
22,78,2771.0,1401.0
22,79,2771.0,1401.0
22,80,2771.0,1401.0
22,81,2771.0,1401.0
22,82,2771.0,1401.0
22,83,2771.0,1401.0
22,84,2771.0,1401.0
22,85,2771.0,1401.0
22,86,2771.0,1401.0
22,87,2771.0,1401.0
22,88,2771.0,1401.0
22,89,2771.0,1401.0
22,90,2771.0,1401.0
22,91,2771.0,1401.0
22,92,2771.0,1401.0
22,93,2771.0,1401.0
22,94,2771.0,1401.0
22,95,2771.0,1401.0
22,96,2771.0,1401.0
22,97,2771.0,1401.0
22,98,2771.0,1401.0
22,99,2771.0,1401.0
22,100,2771.0,1401.0
22,101,2771.0,1401.0
22,102,2771.0,1401.0
22,103,2771.0,1401.0
22,104,2771.0,1401.0
22,105,2771.0,1401.0
22,106,2771.0,1401.0
22,107,2771.0,1401.0
22,108,2771.0,1401.0
22,109,2771.0,1401.0
22,110,2771.0,1401.0
22,111,2771.0,1401.0
22,112,2771.0,1401.0
22,113,2771.0,1401.0
22,114,2771.0,1401.0
22,115,2771.0,1401.0
22,116,2771.0,1401.0
22,117,2771.0,1401.0
22,118,2771.0,1401.0
22,119,2771.0,1401.0
22,120,2771.0,1401.0
22,121,2771.0,1401.0
22,122,2771.0,1401.0
22,123,2771.0,1401.0
22,124,2771.0,1401.0
22,125,2771.0,1401.0
22,126,2771.0,1401.0
22,127,2771.0,1401.0
22,128,2771.0,1401.0
22,129,2771.0,1401.0
22,130,2771.0,1401.0
22,131,2771.0,1401.0
22,132,2771.0,1401.0
22,133,2771.0,1401.0
22,134,2771.0,1401.0
22,135,2771.0,1401.0
22,136,2771.0,1401.0
22,137,2771.0,1401.0
22,138,2771.0,1401.0
22,139,2771.0,1401.0
22,140,2771.0,1401.0
22,141,2771.0,1401.0
22,142,2771.0,1401.0
22,143,2771.0,1401.0
22,144,2771.0,1401.0
22,145,2771.0,1401.0
22,146,2771.0,1401.0
22,147,2771.0,1401.0
22,148,2771.0,1401.0
22,149,2771.0,1401.0
22,150,2771.0,1401.0
22,151,2771.0,1401.0
22,152,2771.0,1401.0
22,153,2771.0,1401.0
22,154,2771.0,1401.0
22,155,2771.0,1401.0
22,156,2771.0,1401.0
22,157,2771.0,1401.0
22,158,2771.0,1401.0
22,159,2771.0,1401.0
22,160,2771.0,1401.0
22,161,2771.0,1401.0
22,162,2771.0,1401.0
22,163,2771.0,1401.0
22,164,2771.0,1401.0
22,165,2771.0,1401.0
22,166,2771.0,1401.0
22,167,2771.0,1401.0
22,168,2771.0,1401.0
22,169,2771.0,1401.0
22,170,2771.0,1401.0
22,171,2771.0,1401.0
22,172,2771.0,1401.0
22,173,2771.0,1401.0
22,174,2771.0,1401.0
22,175,2771.0,1401.0
22,176,2771.0,1401.0
22,177,2771.0,1401.0
22,178,2771.0,1401.0
22,179,2771.0,1401.0
22,180,2771.0,1401.0
22,181,2771.0,1401.0
22,182,2771.0,1401.0
22,183,2771.0,1401.0
22,184,2771.0,1401.0
22,185,2771.0,1401.0
22,186,2771.0,1401.0
22,187,2771.0,1401.0
22,188,2771.0,1401.0
22,189,2771.0,1401.0
22,190,2771.0,1401.0
22,191,2771.0,1401.0
22,192,2771.0,1401.0
22,193,2771.0,1401.0
22,194,2771.0,1401.0
22,195,2771.0,1401.0
22,196,2771.0,1401.0
22,197,2771.0,1401.0
22,198,2771.0,1401.0
22,199,2771.0,1401.0
22,200,2771.0,1401.0
22,201,2771.0,1401.0
22,202,2771.0,1401.0
22,203,2771.0,1401.0
22,204,2771.0,1401.0
22,205,2771.0,1401.0
22,206,2771.0,1401.0
22,207,2771.0,1401.0
22,208,2771.0,1401.0
22,209,2771.0,1401.0
22,210,2771.0,1401.0
22,211,2771.0,1401.0
22,212,2771.0,1401.0
22,213,2771.0,1401.0
22,214,2771.0,1401.0
22,215,2771.0,1401.0
22,216,2771.0,1401.0
22,217,2771.0,1401.0
22,218,2771.0,1401.0
22,219,2771.0,1401.0
22,220,2771.0,1401.0
22,221,2771.0,1401.0
22,222,2771.0,1401.0
22,223,2771.0,1401.0
22,224,2771.0,1401.0
22,225,2771.0,1401.0
22,226,2771.0,1401.0
22,227,2771.0,1401.0
22,228,2771.0,1401.0
22,229,2771.0,1401.0
22,230,2771.0,1401.0
22,231,2771.0,1401.0
22,232,2771.0,1401.0
22,233,2771.0,1401.0
22,234,2771.0,1401.0
22,235,2771.0,1401.0
22,236,2771.0,1401.0
22,237,2771.0,1401.0
22,238,2771.0,1401.0
22,239,2771.0,1401.0
22,240,2771.0,1401.0
22,241,2771.0,1401.0
22,242,2771.0,1401.0
22,243,2771.0,1401.0
22,244,2771.0,1401.0
22,245,2771.0,1401.0
22,246,2771.0,1401.0
22,247,2771.0,1401.0
22,248,2771.0,1401.0
22,249,2771.0,1401.0
22,250,2771.0,1401.0
22,251,2771.0,1401.0
22,252,2771.0,1401.0
22,253,2771.0,1401.0
22,254,2771.0,1401.0
22,255,2771.0,1401.0
22,256,2771.0,1401.0
22,257,2771.0,1401.0
22,258,2771.0,1401.0
22,259,2771.0,1401.0
22,260,2771.0,1401.0
22,261,2771.0,1401.0
22,262,2771.0,1401.0
22,263,2771.0,1401.0
22,264,2771.0,1401.0
22,265,2771.0,1401.0
22,266,2771.0,1401.0
22,267,2771.0,1401.0
22,268,2771.0,1401.0
22,269,2771.0,1401.0
22,270,2771.0,1401.0
22,271,2771.0,1401.0
22,272,2771.0,1401.0
22,273,2771.0,1401.0
22,274,2771.0,1401.0
22,275,2771.0,1401.0
22,276,2771.0,1401.0
22,277,2771.0,1401.0
22,278,2771.0,1401.0
22,279,2771.0,1401.0
22,280,2771.0,1401.0
22,281,2771.0,1401.0
22,282,2771.0,1401.0
22,283,2771.0,1401.0
22,284,2771.0,1401.0
22,285,2771.0,1401.0
22,286,2771.0,1401.0
22,287,2771.0,1401.0
22,288,2771.0,1401.0
22,289,2771.0,1401.0
22,290,2771.0,1401.0
22,291,2771.0,1401.0
22,292,2771.0,1401.0
22,293,2771.0,1401.0
22,294,2771.0,1401.0
22,295,2771.0,1401.0
22,296,2771.0,1401.0
22,297,2771.0,1401.0
22,298,2771.0,1401.0
22,299,2771.0,1401.0
22,300,2771.0,1401.0
22,301,2771.0,1401.0
22,302,2771.0,1401.0
22,303,2771.0,1401.0
22,304,2771.0,1401.0
22,305,2771.0,1401.0
22,306,2771.0,1401.0
22,307,2771.0,1401.0
22,308,2771.0,1401.0
22,309,2771.0,1401.0
22,310,2771.0,1401.0
22,311,2771.0,1401.0
22,312,2771.0,1401.0
22,313,2771.0,1401.0
22,314,2771.0,1401.0
22,315,2771.0,1401.0
22,316,2771.0,1401.0
22,317,2771.0,1401.0
22,318,2771.0,1401.0
22,319,2771.0,1401.0
22,320,2771.0,1401.0
22,321,2771.0,1401.0
22,322,2771.0,1401.0
22,323,2771.0,1401.0
22,324,2771.0,1401.0
22,325,2771.0,1401.0
22,326,2771.0,1401.0
22,327,2771.0,1401.0
22,328,2771.0,1401.0
22,329,2771.0,1401.0
22,330,2771.0,1401.0
22,331,2771.0,1401.0
22,332,2771.0,1401.0
22,333,2771.0,1401.0
22,334,2771.0,1401.0
22,335,2771.0,1401.0
22,336,2771.0,1401.0
22,337,2771.0,1401.0
22,338,2771.0,1401.0
22,339,2771.0,1401.0
22,340,2771.0,1401.0
22,341,2771.0,1401.0
22,342,2771.0,1401.0
22,343,2771.0,1401.0
22,344,2771.0,1401.0
22,345,2771.0,1401.0
22,346,2771.0,1401.0
22,347,2771.0,1401.0
22,348,2771.0,1401.0
22,349,2771.0,1401.0
22,350,2771.0,1401.0
22,351,2771.0,1401.0
22,352,2771.0,1401.0
22,353,2771.0,1401.0
22,354,2771.0,1401.0
22,355,2771.0,1401.0
22,356,2771.0,1401.0
22,357,2771.0,1401.0
22,358,2771.0,1401.0
22,359,2771.0,1401.0
23,0,956.0,1466.0
23,1,956.0,1466.0
23,2,956.0,1466.0
23,3,956.0,1466.0
23,4,956.0,1466.0
23,5,956.0,1466.0
23,6,956.0,1466.0
23,7,956.0,1466.0
23,8,956.0,1466.0
23,9,956.0,1466.0
23,10,956.0,1466.0
23,11,956.0,1466.0
23,12,956.0,1466.0
23,13,956.0,1466.0
23,14,956.0,1466.0
23,15,956.0,1466.0
23,16,956.0,1466.0
23,17,956.0,1466.0
23,18,956.0,1466.0
23,19,956.0,1466.0
23,20,956.0,1466.0
23,21,956.0,1466.0
23,22,956.0,1466.0
23,23,956.0,1466.0
23,24,956.0,1466.0
23,25,956.0,1466.0
23,26,956.0,1466.0
23,27,956.0,1466.0
23,28,956.0,1466.0
23,29,956.0,1466.0
23,30,956.0,1466.0
23,31,956.0,1466.0
23,32,956.0,1466.0
23,33,956.0,1466.0
23,34,956.0,1466.0
23,35,956.0,1466.0
23,36,956.0,1466.0
23,37,956.0,1466.0
23,38,956.0,1466.0
23,39,956.0,1466.0
23,40,956.0,1466.0
23,41,956.0,1466.0
23,42,956.0,1466.0
23,43,956.0,1466.0
23,44,956.0,1466.0
23,45,956.0,1466.0
23,46,956.0,1466.0
23,47,956.0,1466.0
23,48,956.0,1466.0
23,49,956.0,1466.0
23,50,956.0,1466.0
23,51,956.0,1466.0
23,52,956.0,1466.0
23,53,956.0,1466.0
23,54,956.0,1466.0
23,55,956.0,1466.0
23,56,956.0,1466.0
23,57,956.0,1466.0
23,58,956.0,1466.0
23,59,956.0,1466.0
23,60,956.0,1466.0
23,61,956.0,1466.0
23,62,956.0,1466.0
23,63,956.0,1466.0
23,64,956.0,1466.0
23,65,956.0,1466.0
23,66,956.0,1466.0
23,67,956.0,1466.0
23,68,956.0,1466.0
23,69,956.0,1466.0
23,70,956.0,1466.0
23,71,956.0,1466.0
23,72,956.0,1466.0
23,73,956.0,1466.0
23,74,956.0,1466.0
23,75,956.0,1466.0
23,76,956.0,1466.0
23,77,956.0,1466.0
23,78,956.0,1466.0
23,79,956.0,1466.0
23,80,956.0,1466.0
23,81,956.0,1466.0
23,82,956.0,1466.0
23,83,956.0,1466.0
23,84,956.0,1466.0
23,85,956.0,1466.0
23,86,956.0,1466.0
23,87,956.0,1466.0
23,88,956.0,1466.0
23,89,956.0,1466.0
23,90,956.0,1466.0
23,91,956.0,1466.0
23,92,956.0,1466.0
23,93,956.0,1466.0
23,94,956.0,1466.0
23,95,956.0,1466.0
23,96,956.0,1466.0
23,97,956.0,1466.0
23,98,956.0,1466.0
23,99,956.0,1466.0
23,100,956.0,1466.0
23,101,956.0,1466.0
23,102,956.0,1466.0
23,103,956.0,1466.0
23,104,956.0,1466.0
23,105,956.0,1466.0
23,106,956.0,1466.0
23,107,956.0,1466.0
23,108,956.0,1466.0
23,109,956.0,1466.0
23,110,956.0,1466.0
23,111,956.0,1466.0
23,112,956.0,1466.0
23,113,956.0,1466.0
23,114,956.0,1466.0
23,115,956.0,1466.0
23,116,956.0,1466.0
23,117,956.0,1466.0
23,118,956.0,1466.0
23,119,956.0,1466.0
23,120,956.0,1466.0
23,121,956.0,1466.0
23,122,956.0,1466.0
23,123,956.0,1466.0
23,124,956.0,1466.0
23,125,956.0,1466.0
23,126,956.0,1466.0
23,127,956.0,1466.0
23,128,956.0,1466.0
23,129,956.0,1466.0
23,130,956.0,1466.0
23,131,956.0,1466.0
23,132,956.0,1466.0
23,133,956.0,1466.0
23,134,956.0,1466.0
23,135,956.0,1466.0
23,136,956.0,1466.0
23,137,956.0,1466.0
23,138,956.0,1466.0
23,139,956.0,1466.0
23,140,956.0,1466.0
23,141,956.0,1466.0
23,142,956.0,1466.0
23,143,956.0,1466.0
23,144,956.0,1466.0
23,145,956.0,1466.0
23,146,956.0,1466.0
23,147,956.0,1466.0
23,148,956.0,1466.0
23,149,956.0,1466.0
23,150,956.0,1466.0
23,151,956.0,1466.0
23,152,956.0,1466.0
23,153,956.0,1466.0
23,154,956.0,1466.0
23,155,956.0,1466.0
23,156,956.0,1466.0
23,157,956.0,1466.0
23,158,956.0,1466.0
23,159,956.0,1466.0
23,160,956.0,1466.0
23,161,956.0,1466.0
23,162,956.0,1466.0
23,163,956.0,1466.0
23,164,956.0,1466.0
23,165,956.0,1466.0
23,166,956.0,1466.0
23,167,956.0,1466.0
23,168,956.0,1466.0
23,169,956.0,1466.0
23,170,956.0,1466.0
23,171,956.0,1466.0
23,172,956.0,1466.0
23,173,956.0,1466.0
23,174,956.0,1466.0
23,175,956.0,1466.0
23,176,956.0,1466.0
23,177,956.0,1466.0
23,178,956.0,1466.0
23,179,956.0,1466.0
23,180,956.0,1466.0
23,181,956.0,1466.0
23,182,956.0,1466.0
23,183,956.0,1466.0
23,184,956.0,1466.0
23,185,956.0,1466.0
23,186,956.0,1466.0
23,187,956.0,1466.0
23,188,956.0,1466.0
23,189,956.0,1466.0
23,190,956.0,1466.0
23,191,956.0,1466.0
23,192,956.0,1466.0
23,193,956.0,1466.0
23,194,956.0,1466.0
23,195,956.0,1466.0
23,196,956.0,1466.0
23,197,956.0,1466.0
23,198,956.0,1466.0
23,199,956.0,1466.0
23,200,956.0,1466.0
23,201,956.0,1466.0
23,202,956.0,1466.0
23,203,956.0,1466.0
23,204,956.0,1466.0
23,205,956.0,1466.0
23,206,956.0,1466.0
23,207,956.0,1466.0
23,208,956.0,1466.0
23,209,956.0,1466.0
23,210,956.0,1466.0
23,211,956.0,1466.0
23,212,956.0,1466.0
23,213,956.0,1466.0
23,214,956.0,1466.0
23,215,956.0,1466.0
23,216,956.0,1466.0
23,217,956.0,1466.0
23,218,956.0,1466.0
23,219,956.0,1466.0
23,220,956.0,1466.0
23,221,956.0,1466.0
23,222,956.0,1466.0
23,223,956.0,1466.0
23,224,956.0,1466.0
23,225,956.0,1466.0
23,226,956.0,1466.0
23,227,956.0,1466.0
23,228,956.0,1466.0
23,229,956.0,1466.0
23,230,956.0,1466.0
23,231,956.0,1466.0
23,232,956.0,1466.0
23,233,956.0,1466.0
23,234,956.0,1466.0
23,235,956.0,1466.0
23,236,956.0,1466.0
23,237,956.0,1466.0
23,238,956.0,1466.0
23,239,956.0,1466.0
23,240,956.0,1466.0
23,241,956.0,1466.0
23,242,956.0,1466.0
23,243,956.0,1466.0
23,244,956.0,1466.0
23,245,956.0,1466.0
23,246,956.0,1466.0
23,247,956.0,1466.0
23,248,956.0,1466.0
23,249,956.0,1466.0
23,250,956.0,1466.0
23,251,956.0,1466.0
23,252,956.0,1466.0
23,253,956.0,1466.0
23,254,956.0,1466.0
23,255,956.0,1466.0
23,256,956.0,1466.0
23,257,956.0,1466.0
23,258,956.0,1466.0
23,259,956.0,1466.0
23,260,956.0,1466.0
23,261,956.0,1466.0
23,262,956.0,1466.0
23,263,956.0,1466.0
23,264,956.0,1466.0
23,265,956.0,1466.0
23,266,956.0,1466.0
23,267,956.0,1466.0
23,268,956.0,1466.0
23,269,956.0,1466.0
23,270,956.0,1466.0
23,271,956.0,1466.0
23,272,956.0,1466.0
23,273,956.0,1466.0
23,274,956.0,1466.0
23,275,956.0,1466.0
23,276,956.0,1466.0
23,277,956.0,1466.0
23,278,956.0,1466.0
23,279,956.0,1466.0
23,280,956.0,1466.0
23,281,956.0,1466.0
23,282,956.0,1466.0
23,283,956.0,1466.0
23,284,956.0,1466.0
23,285,956.0,1466.0
23,286,956.0,1466.0
23,287,956.0,1466.0
23,288,956.0,1466.0
23,289,956.0,1466.0
23,290,956.0,1466.0
23,291,956.0,1466.0
23,292,956.0,1466.0
23,293,956.0,1466.0
23,294,956.0,1466.0
23,295,956.0,1466.0
23,296,956.0,1466.0
23,297,956.0,1466.0
23,298,956.0,1466.0
23,299,956.0,1466.0
23,300,956.0,1466.0
23,301,956.0,1466.0
23,302,956.0,1466.0
23,303,956.0,1466.0
23,304,956.0,1466.0
23,305,956.0,1466.0
23,306,956.0,1466.0
23,307,956.0,1466.0
23,308,956.0,1466.0
23,309,956.0,1466.0
23,310,956.0,1466.0
23,311,956.0,1466.0
23,312,956.0,1466.0
23,313,956.0,1466.0
23,314,956.0,1466.0
23,315,956.0,1466.0
23,316,956.0,1466.0
23,317,956.0,1466.0
23,318,956.0,1466.0
23,319,956.0,1466.0
23,320,956.0,1466.0
23,321,956.0,1466.0
23,322,956.0,1466.0
23,323,956.0,1466.0
23,324,956.0,1466.0
23,325,956.0,1466.0
23,326,956.0,1466.0
23,327,956.0,1466.0
23,328,956.0,1466.0
23,329,956.0,1466.0
23,330,956.0,1466.0
23,331,956.0,1466.0
23,332,956.0,1466.0
23,333,956.0,1466.0
23,334,956.0,1466.0
23,335,956.0,1466.0
23,336,956.0,1466.0
23,337,956.0,1466.0
23,338,956.0,1466.0
23,339,956.0,1466.0
23,340,956.0,1466.0
23,341,956.0,1466.0
23,342,956.0,1466.0
23,343,956.0,1466.0
23,344,956.0,1466.0
23,345,956.0,1466.0
23,346,956.0,1466.0
23,347,956.0,1466.0
23,348,956.0,1466.0
23,349,956.0,1466.0
23,350,956.0,1466.0
23,351,956.0,1466.0
23,352,956.0,1466.0
23,353,956.0,1466.0
23,354,956.0,1466.0
23,355,956.0,1466.0
23,356,956.0,1466.0
23,357,956.0,1466.0
23,358,956.0,1466.0
23,359,956.0,1466.0
24,0,1239.0,970.0
24,1,1239.0,970.0
24,2,1239.0,970.0
24,3,1239.0,970.0
24,4,1239.0,970.0
24,5,1239.0,970.0
24,6,1239.0,970.0
24,7,1239.0,970.0
24,8,1239.0,970.0
24,9,1239.0,970.0
24,10,1239.0,970.0
24,11,1239.0,970.0
24,12,1239.0,970.0
24,13,1239.0,970.0
24,14,1239.0,970.0
24,15,1239.0,970.0
24,16,1239.0,970.0
24,17,1239.0,970.0
24,18,1239.0,970.0
24,19,1239.0,970.0
24,20,1239.0,970.0
24,21,1239.0,970.0
24,22,1239.0,970.0
24,23,1239.0,970.0
24,24,1239.0,970.0
24,25,1239.0,970.0
24,26,1239.0,970.0
24,27,1239.0,970.0
24,28,1239.0,970.0
24,29,1239.0,970.0
24,30,1239.0,970.0
24,31,1239.0,970.0
24,32,1239.0,970.0
24,33,1239.0,970.0
24,34,1239.0,970.0
24,35,1239.0,970.0
24,36,1239.0,970.0
24,37,1239.0,970.0
24,38,1239.0,970.0
24,39,1239.0,970.0
24,40,1239.0,970.0
24,41,1239.0,970.0
24,42,1239.0,970.0
24,43,1239.0,970.0
24,44,1239.0,970.0
24,45,1239.0,970.0
24,46,1239.0,970.0
24,47,1239.0,970.0
24,48,1239.0,970.0
24,49,1239.0,970.0
24,50,1239.0,970.0
24,51,1239.0,970.0
24,52,1239.0,970.0
24,53,1239.0,970.0
24,54,1239.0,970.0
24,55,1239.0,970.0
24,56,1239.0,970.0
24,57,1239.0,970.0
24,58,1239.0,970.0
24,59,1239.0,970.0
24,60,1239.0,970.0
24,61,1239.0,970.0
24,62,1239.0,970.0
24,63,1239.0,970.0
24,64,1239.0,970.0
24,65,1239.0,970.0
24,66,1239.0,970.0
24,67,1239.0,970.0
24,68,1239.0,970.0
24,69,1239.0,970.0
24,70,1239.0,970.0
24,71,1239.0,970.0
24,72,1239.0,970.0
24,73,1239.0,970.0
24,74,1239.0,970.0
24,75,1239.0,970.0
24,76,1239.0,970.0
24,77,1239.0,970.0
24,78,1239.0,970.0
24,79,1239.0,970.0
24,80,1239.0,970.0
24,81,1239.0,970.0
24,82,1239.0,970.0
24,83,1239.0,970.0
24,84,1239.0,970.0
24,85,1239.0,970.0
24,86,1239.0,970.0
24,87,1239.0,970.0
24,88,1239.0,970.0
24,89,1239.0,970.0
24,90,1239.0,970.0
24,91,1239.0,970.0
24,92,1239.0,970.0
24,93,1239.0,970.0
24,94,1239.0,970.0
24,95,1239.0,970.0
24,96,1239.0,970.0
24,97,1239.0,970.0
24,98,1239.0,970.0
24,99,1239.0,970.0
24,100,1239.0,970.0
24,101,1239.0,970.0
24,102,1239.0,970.0
24,103,1239.0,970.0
24,104,1239.0,970.0
24,105,1239.0,970.0
24,106,1239.0,970.0
24,107,1239.0,970.0
24,108,1239.0,970.0
24,109,1239.0,970.0
24,110,1239.0,970.0
24,111,1239.0,970.0
24,112,1239.0,970.0
24,113,1239.0,970.0
24,114,1239.0,970.0
24,115,1239.0,970.0
24,116,1239.0,970.0
24,117,1239.0,970.0
24,118,1239.0,970.0
24,119,1239.0,970.0
24,120,1239.0,970.0
24,121,1239.0,970.0
24,122,1239.0,970.0
24,123,1239.0,970.0
24,124,1239.0,970.0
24,125,1239.0,970.0
24,126,1239.0,970.0
24,127,1239.0,970.0
24,128,1239.0,970.0
24,129,1239.0,970.0
24,130,1239.0,970.0
24,131,1239.0,970.0
24,132,1239.0,970.0
24,133,1239.0,970.0
24,134,1239.0,970.0
24,135,1239.0,970.0
24,136,1239.0,970.0
24,137,1239.0,970.0
24,138,1239.0,970.0
24,139,1239.0,970.0
24,140,1239.0,970.0
24,141,1239.0,970.0
24,142,1239.0,970.0
24,143,1239.0,970.0
24,144,1239.0,970.0
24,145,1239.0,970.0
24,146,1239.0,970.0
24,147,1239.0,970.0
24,148,1239.0,970.0
24,149,1239.0,970.0
24,150,1239.0,970.0
24,151,1239.0,970.0
24,152,1239.0,970.0
24,153,1239.0,970.0
24,154,1239.0,970.0
24,155,1239.0,970.0
24,156,1239.0,970.0
24,157,1239.0,970.0
24,158,1239.0,970.0
24,159,1239.0,970.0
24,160,1239.0,970.0
24,161,1239.0,970.0
24,162,1239.0,970.0
24,163,1239.0,970.0
24,164,1239.0,970.0
24,165,1239.0,970.0
24,166,1239.0,970.0
24,167,1239.0,970.0
24,168,1239.0,970.0
24,169,1239.0,970.0
24,170,1239.0,970.0
24,171,1239.0,970.0
24,172,1239.0,970.0
24,173,1239.0,970.0
24,174,1239.0,970.0
24,175,1239.0,970.0
24,176,1239.0,970.0
24,177,1239.0,970.0
24,178,1239.0,970.0
24,179,1239.0,970.0
24,180,1239.0,970.0
24,181,1239.0,970.0
24,182,1239.0,970.0
24,183,1239.0,970.0
24,184,1239.0,970.0
24,185,1239.0,970.0
24,186,1239.0,970.0
24,187,1239.0,970.0
24,188,1239.0,970.0
24,189,1239.0,970.0
24,190,1239.0,970.0
24,191,1239.0,970.0
24,192,1239.0,970.0
24,193,1239.0,970.0
24,194,1239.0,970.0
24,195,1239.0,970.0
24,196,1239.0,970.0
24,197,1239.0,970.0
24,198,1239.0,970.0
24,199,1239.0,970.0
24,200,1239.0,970.0
24,201,1239.0,970.0
24,202,1239.0,970.0
24,203,1239.0,970.0
24,204,1239.0,970.0
24,205,1239.0,970.0
24,206,1239.0,970.0
24,207,1239.0,970.0
24,208,1239.0,970.0
24,209,1239.0,970.0
24,210,1239.0,970.0
24,211,1239.0,970.0
24,212,1239.0,970.0
24,213,1239.0,970.0
24,214,1239.0,970.0
24,215,1239.0,970.0
24,216,1239.0,970.0
24,217,1239.0,970.0
24,218,1239.0,970.0
24,219,1239.0,970.0
24,220,1239.0,970.0
24,221,1239.0,970.0
24,222,1239.0,970.0
24,223,1239.0,970.0
24,224,1239.0,970.0
24,225,1239.0,970.0
24,226,1239.0,970.0
24,227,1239.0,970.0
24,228,1239.0,970.0
24,229,1239.0,970.0
24,230,1239.0,970.0
24,231,1239.0,970.0
24,232,1239.0,970.0
24,233,1239.0,970.0
24,234,1239.0,970.0
24,235,1239.0,970.0
24,236,1239.0,970.0
24,237,1239.0,970.0
24,238,1239.0,970.0
24,239,1239.0,970.0
24,240,1239.0,970.0
24,241,1239.0,970.0
24,242,1239.0,970.0
24,243,1239.0,970.0
24,244,1239.0,970.0
24,245,1239.0,970.0
24,246,1239.0,970.0
24,247,1239.0,970.0
24,248,1239.0,970.0
24,249,1239.0,970.0
24,250,1239.0,970.0
24,251,1239.0,970.0
24,252,1239.0,970.0
24,253,1239.0,970.0
24,254,1239.0,970.0
24,255,1239.0,970.0
24,256,1239.0,970.0
24,257,1239.0,970.0
24,258,1239.0,970.0
24,259,1239.0,970.0
24,260,1239.0,970.0
24,261,1239.0,970.0
24,262,1239.0,970.0
24,263,1239.0,970.0
24,264,1239.0,970.0
24,265,1239.0,970.0
24,266,1239.0,970.0
24,267,1239.0,970.0
24,268,1239.0,970.0
24,269,1239.0,970.0
24,270,1239.0,970.0
24,271,1239.0,970.0
24,272,1239.0,970.0
24,273,1239.0,970.0
24,274,1239.0,970.0
24,275,1239.0,970.0
24,276,1239.0,970.0
24,277,1239.0,970.0
24,278,1239.0,970.0
24,279,1239.0,970.0
24,280,1239.0,970.0
24,281,1239.0,970.0
24,282,1239.0,970.0
24,283,1239.0,970.0
24,284,1239.0,970.0
24,285,1239.0,970.0
24,286,1239.0,970.0
24,287,1239.0,970.0
24,288,1239.0,970.0
24,289,1239.0,970.0
24,290,1239.0,970.0
24,291,1239.0,970.0
24,292,1239.0,970.0
24,293,1239.0,970.0
24,294,1239.0,970.0
24,295,1239.0,970.0
24,296,1239.0,970.0
24,297,1239.0,970.0
24,298,1239.0,970.0
24,299,1239.0,970.0
24,300,1239.0,970.0
24,301,1239.0,970.0
24,302,1239.0,970.0
24,303,1239.0,970.0
24,304,1239.0,970.0
24,305,1239.0,970.0
24,306,1239.0,970.0
24,307,1239.0,970.0
24,308,1239.0,970.0
24,309,1239.0,970.0
24,310,1239.0,970.0
24,311,1239.0,970.0
24,312,1239.0,970.0
24,313,1239.0,970.0
24,314,1239.0,970.0
24,315,1239.0,970.0
24,316,1239.0,970.0
24,317,1239.0,970.0
24,318,1239.0,970.0
24,319,1239.0,970.0
24,320,1239.0,970.0
24,321,1239.0,970.0
24,322,1239.0,970.0
24,323,1239.0,970.0
24,324,1239.0,970.0
24,325,1239.0,970.0
24,326,1239.0,970.0
24,327,1239.0,970.0
24,328,1239.0,970.0
24,329,1239.0,970.0
24,330,1239.0,970.0
24,331,1239.0,970.0
24,332,1239.0,970.0
24,333,1239.0,970.0
24,334,1239.0,970.0
24,335,1239.0,970.0
24,336,1239.0,970.0
24,337,1239.0,970.0
24,338,1239.0,970.0
24,339,1239.0,970.0
24,340,1239.0,970.0
24,341,1239.0,970.0
24,342,1239.0,970.0
24,343,1239.0,970.0
24,344,1239.0,970.0
24,345,1239.0,970.0
24,346,1239.0,970.0
24,347,1239.0,970.0
24,348,1239.0,970.0
24,349,1239.0,970.0
24,350,1239.0,970.0
24,351,1239.0,970.0
24,352,1239.0,970.0
24,353,1239.0,970.0
24,354,1239.0,970.0
24,355,1239.0,970.0
24,356,1239.0,970.0
24,357,1239.0,970.0
24,358,1239.0,970.0
24,359,1239.0,970.0
25,0,2166.0,2331.0
25,1,2166.0,2331.0
25,2,2166.0,2331.0
25,3,2166.0,2331.0
25,4,2166.0,2331.0
25,5,2166.0,2331.0
25,6,2166.0,2331.0
25,7,2166.0,2331.0
25,8,2166.0,2331.0
25,9,2166.0,2331.0
25,10,2166.0,2331.0
25,11,2166.0,2331.0
25,12,2166.0,2331.0
25,13,2166.0,2331.0
25,14,2166.0,2331.0
25,15,2166.0,2331.0
25,16,2166.0,2331.0
25,17,2166.0,2331.0
25,18,2166.0,2331.0
25,19,2166.0,2331.0
25,20,2166.0,2331.0
25,21,2166.0,2331.0
25,22,2166.0,2331.0
25,23,2166.0,2331.0
25,24,2166.0,2331.0
25,25,2166.0,2331.0
25,26,2166.0,2331.0
25,27,2166.0,2331.0
25,28,2166.0,2331.0
25,29,2166.0,2331.0
25,30,2166.0,2331.0
25,31,2166.0,2331.0
25,32,2166.0,2331.0
25,33,2166.0,2331.0
25,34,2166.0,2331.0
25,35,2166.0,2331.0
25,36,2166.0,2331.0
25,37,2166.0,2331.0
25,38,2166.0,2331.0
25,39,2166.0,2331.0
25,40,2166.0,2331.0
25,41,2166.0,2331.0
25,42,2166.0,2331.0
25,43,2166.0,2331.0
25,44,2166.0,2331.0
25,45,2166.0,2331.0
25,46,2166.0,2331.0
25,47,2166.0,2331.0
25,48,2166.0,2331.0
25,49,2166.0,2331.0
25,50,2166.0,2331.0
25,51,2166.0,2331.0
25,52,2166.0,2331.0
25,53,2166.0,2331.0
25,54,2166.0,2331.0
25,55,2166.0,2331.0
25,56,2166.0,2331.0
25,57,2166.0,2331.0
25,58,2166.0,2331.0
25,59,2166.0,2331.0
25,60,2166.0,2331.0
25,61,2166.0,2331.0
25,62,2166.0,2331.0
25,63,2166.0,2331.0
25,64,2166.0,2331.0
25,65,2166.0,2331.0
25,66,2166.0,2331.0
25,67,2166.0,2331.0
25,68,2166.0,2331.0
25,69,2166.0,2331.0
25,70,2166.0,2331.0
25,71,2166.0,2331.0
25,72,2166.0,2331.0
25,73,2166.0,2331.0
25,74,2166.0,2331.0
25,75,2166.0,2331.0
25,76,2166.0,2331.0
25,77,2166.0,2331.0
25,78,2166.0,2331.0
25,79,2166.0,2331.0
25,80,2166.0,2331.0
25,81,2166.0,2331.0
25,82,2166.0,2331.0
25,83,2166.0,2331.0
25,84,2166.0,2331.0
25,85,2166.0,2331.0
25,86,2166.0,2331.0
25,87,2166.0,2331.0
25,88,2166.0,2331.0
25,89,2166.0,2331.0
25,90,2166.0,2331.0
25,91,2166.0,2331.0
25,92,2166.0,2331.0
25,93,2166.0,2331.0
25,94,2166.0,2331.0
25,95,2166.0,2331.0
25,96,2166.0,2331.0
25,97,2166.0,2331.0
25,98,2166.0,2331.0
25,99,2166.0,2331.0
25,100,2166.0,2331.0
25,101,2166.0,2331.0
25,102,2166.0,2331.0
25,103,2166.0,2331.0
25,104,2166.0,2331.0
25,105,2166.0,2331.0
25,106,2166.0,2331.0
25,107,2166.0,2331.0
25,108,2166.0,2331.0
25,109,2166.0,2331.0
25,110,2166.0,2331.0
25,111,2166.0,2331.0
25,112,2166.0,2331.0
25,113,2166.0,2331.0
25,114,2166.0,2331.0
25,115,2166.0,2331.0
25,116,2166.0,2331.0
25,117,2166.0,2331.0
25,118,2166.0,2331.0
25,119,2166.0,2331.0
25,120,2166.0,2331.0
25,121,2166.0,2331.0
25,122,2166.0,2331.0
25,123,2166.0,2331.0
25,124,2166.0,2331.0
25,125,2166.0,2331.0
25,126,2166.0,2331.0
25,127,2166.0,2331.0
25,128,2166.0,2331.0
25,129,2166.0,2331.0
25,130,2166.0,2331.0
25,131,2166.0,2331.0
25,132,2166.0,2331.0
25,133,2166.0,2331.0
25,134,2166.0,2331.0
25,135,2166.0,2331.0
25,136,2166.0,2331.0
25,137,2166.0,2331.0
25,138,2166.0,2331.0
25,139,2166.0,2331.0
25,140,2166.0,2331.0
25,141,2166.0,2331.0
25,142,2166.0,2331.0
25,143,2166.0,2331.0
25,144,2166.0,2331.0
25,145,2166.0,2331.0
25,146,2166.0,2331.0
25,147,2166.0,2331.0
25,148,2166.0,2331.0
25,149,2166.0,2331.0
25,150,2166.0,2331.0
25,151,2166.0,2331.0
25,152,2166.0,2331.0
25,153,2166.0,2331.0
25,154,2166.0,2331.0
25,155,2166.0,2331.0
25,156,2166.0,2331.0
25,157,2166.0,2331.0
25,158,2166.0,2331.0
25,159,2166.0,2331.0
25,160,2166.0,2331.0
25,161,2166.0,2331.0
25,162,2166.0,2331.0
25,163,2166.0,2331.0
25,164,2166.0,2331.0
25,165,2166.0,2331.0
25,166,2166.0,2331.0
25,167,2166.0,2331.0
25,168,2166.0,2331.0
25,169,2166.0,2331.0
25,170,2166.0,2331.0
25,171,2166.0,2331.0
25,172,2166.0,2331.0
25,173,2166.0,2331.0
25,174,2166.0,2331.0
25,175,2166.0,2331.0
25,176,2166.0,2331.0
25,177,2166.0,2331.0
25,178,2166.0,2331.0
25,179,2166.0,2331.0
25,180,2166.0,2331.0
25,181,2166.0,2331.0
25,182,2166.0,2331.0
25,183,2166.0,2331.0
25,184,2166.0,2331.0
25,185,2166.0,2331.0
25,186,2166.0,2331.0
25,187,2166.0,2331.0
25,188,2166.0,2331.0
25,189,2166.0,2331.0
25,190,2166.0,2331.0
25,191,2166.0,2331.0
25,192,2166.0,2331.0
25,193,2166.0,2331.0
25,194,2166.0,2331.0
25,195,2166.0,2331.0
25,196,2166.0,2331.0
25,197,2166.0,2331.0
25,198,2166.0,2331.0
25,199,2166.0,2331.0
25,200,2166.0,2331.0
25,201,2166.0,2331.0
25,202,2166.0,2331.0
25,203,2166.0,2331.0
25,204,2166.0,2331.0
25,205,2166.0,2331.0
25,206,2166.0,2331.0
25,207,2166.0,2331.0
25,208,2166.0,2331.0
25,209,2166.0,2331.0
25,210,2166.0,2331.0
25,211,2166.0,2331.0
25,212,2166.0,2331.0
25,213,2166.0,2331.0
25,214,2166.0,2331.0
25,215,2166.0,2331.0
25,216,2166.0,2331.0
25,217,2166.0,2331.0
25,218,2166.0,2331.0
25,219,2166.0,2331.0
25,220,2166.0,2331.0
25,221,2166.0,2331.0
25,222,2166.0,2331.0
25,223,2166.0,2331.0
25,224,2166.0,2331.0
25,225,2166.0,2331.0
25,226,2166.0,2331.0
25,227,2166.0,2331.0
25,228,2166.0,2331.0
25,229,2166.0,2331.0
25,230,2166.0,2331.0
25,231,2166.0,2331.0
25,232,2166.0,2331.0
25,233,2166.0,2331.0
25,234,2166.0,2331.0
25,235,2166.0,2331.0
25,236,2166.0,2331.0
25,237,2166.0,2331.0
25,238,2166.0,2331.0
25,239,2166.0,2331.0
25,240,2166.0,2331.0
25,241,2166.0,2331.0
25,242,2166.0,2331.0
25,243,2166.0,2331.0
25,244,2166.0,2331.0
25,245,2166.0,2331.0
25,246,2166.0,2331.0
25,247,2166.0,2331.0
25,248,2166.0,2331.0
25,249,2166.0,2331.0
25,250,2166.0,2331.0
25,251,2166.0,2331.0
25,252,2166.0,2331.0
25,253,2166.0,2331.0
25,254,2166.0,2331.0
25,255,2166.0,2331.0
25,256,2166.0,2331.0
25,257,2166.0,2331.0
25,258,2166.0,2331.0
25,259,2166.0,2331.0
25,260,2166.0,2331.0
25,261,2166.0,2331.0
25,262,2166.0,2331.0
25,263,2166.0,2331.0
25,264,2166.0,2331.0
25,265,2166.0,2331.0
25,266,2166.0,2331.0
25,267,2166.0,2331.0
25,268,2166.0,2331.0
25,269,2166.0,2331.0
25,270,2166.0,2331.0
25,271,2166.0,2331.0
25,272,2166.0,2331.0
25,273,2166.0,2331.0
25,274,2166.0,2331.0
25,275,2166.0,2331.0
25,276,2166.0,2331.0
25,277,2166.0,2331.0
25,278,2166.0,2331.0
25,279,2166.0,2331.0
25,280,2166.0,2331.0
25,281,2166.0,2331.0
25,282,2166.0,2331.0
25,283,2166.0,2331.0
25,284,2166.0,2331.0
25,285,2166.0,2331.0
25,286,2166.0,2331.0
25,287,2166.0,2331.0
25,288,2166.0,2331.0
25,289,2166.0,2331.0
25,290,2166.0,2331.0
25,291,2166.0,2331.0
25,292,2166.0,2331.0
25,293,2166.0,2331.0
25,294,2166.0,2331.0
25,295,2166.0,2331.0
25,296,2166.0,2331.0
25,297,2166.0,2331.0
25,298,2166.0,2331.0
25,299,2166.0,2331.0
25,300,2166.0,2331.0
25,301,2166.0,2331.0
25,302,2166.0,2331.0
25,303,2166.0,2331.0
25,304,2166.0,2331.0
25,305,2166.0,2331.0
25,306,2166.0,2331.0
25,307,2166.0,2331.0
25,308,2166.0,2331.0
25,309,2166.0,2331.0
25,310,2166.0,2331.0
25,311,2166.0,2331.0
25,312,2166.0,2331.0
25,313,2166.0,2331.0
25,314,2166.0,2331.0
25,315,2166.0,2331.0
25,316,2166.0,2331.0
25,317,2166.0,2331.0
25,318,2166.0,2331.0
25,319,2166.0,2331.0
25,320,2166.0,2331.0
25,321,2166.0,2331.0
25,322,2166.0,2331.0
25,323,2166.0,2331.0
25,324,2166.0,2331.0
25,325,2166.0,2331.0
25,326,2166.0,2331.0
25,327,2166.0,2331.0
25,328,2166.0,2331.0
25,329,2166.0,2331.0
25,330,2166.0,2331.0
25,331,2166.0,2331.0
25,332,2166.0,2331.0
25,333,2166.0,2331.0
25,334,2166.0,2331.0
25,335,2166.0,2331.0
25,336,2166.0,2331.0
25,337,2166.0,2331.0
25,338,2166.0,2331.0
25,339,2166.0,2331.0
25,340,2166.0,2331.0
25,341,2166.0,2331.0
25,342,2166.0,2331.0
25,343,2166.0,2331.0
25,344,2166.0,2331.0
25,345,2166.0,2331.0
25,346,2166.0,2331.0
25,347,2166.0,2331.0
25,348,2166.0,2331.0
25,349,2166.0,2331.0
25,350,2166.0,2331.0
25,351,2166.0,2331.0
25,352,2166.0,2331.0
25,353,2166.0,2331.0
25,354,2166.0,2331.0
25,355,2166.0,2331.0
25,356,2166.0,2331.0
25,357,2166.0,2331.0
25,358,2166.0,2331.0
25,359,2166.0,2331.0
26,0,2873.0,1033.0
26,1,2873.0,1033.0
26,2,2873.0,1033.0
26,3,2873.0,1033.0
26,4,2873.0,1033.0
26,5,2873.0,1033.0
26,6,2873.0,1033.0
26,7,2873.0,1033.0
26,8,2873.0,1033.0
26,9,2873.0,1033.0
26,10,2873.0,1033.0
26,11,2873.0,1033.0
26,12,2873.0,1033.0
26,13,2873.0,1033.0
26,14,2873.0,1033.0
26,15,2873.0,1033.0
26,16,2873.0,1033.0
26,17,2873.0,1033.0
26,18,2873.0,1033.0
26,19,2873.0,1033.0
26,20,2873.0,1033.0
26,21,2873.0,1033.0
26,22,2873.0,1033.0
26,23,2873.0,1033.0
26,24,2873.0,1033.0
26,25,2873.0,1033.0
26,26,2873.0,1033.0
26,27,2873.0,1033.0
26,28,2873.0,1033.0
26,29,2873.0,1033.0
26,30,2873.0,1033.0
26,31,2873.0,1033.0
26,32,2873.0,1033.0
26,33,2873.0,1033.0
26,34,2873.0,1033.0
26,35,2873.0,1033.0
26,36,2873.0,1033.0
26,37,2873.0,1033.0
26,38,2873.0,1033.0
26,39,2873.0,1033.0
26,40,2873.0,1033.0
26,41,2873.0,1033.0
26,42,2873.0,1033.0
26,43,2873.0,1033.0
26,44,2873.0,1033.0
26,45,2873.0,1033.0
26,46,2873.0,1033.0
26,47,2873.0,1033.0
26,48,2873.0,1033.0
26,49,2873.0,1033.0
26,50,2873.0,1033.0
26,51,2873.0,1033.0
26,52,2873.0,1033.0
26,53,2873.0,1033.0
26,54,2873.0,1033.0
26,55,2873.0,1033.0
26,56,2873.0,1033.0
26,57,2873.0,1033.0
26,58,2873.0,1033.0
26,59,2873.0,1033.0
26,60,2873.0,1033.0
26,61,2873.0,1033.0
26,62,2873.0,1033.0
26,63,2873.0,1033.0
26,64,2873.0,1033.0
26,65,2873.0,1033.0
26,66,2873.0,1033.0
26,67,2873.0,1033.0
26,68,2873.0,1033.0
26,69,2873.0,1033.0
26,70,2873.0,1033.0
26,71,2873.0,1033.0
26,72,2873.0,1033.0
26,73,2873.0,1033.0
26,74,2873.0,1033.0
26,75,2873.0,1033.0
26,76,2873.0,1033.0
26,77,2873.0,1033.0
26,78,2873.0,1033.0
26,79,2873.0,1033.0
26,80,2873.0,1033.0
26,81,2873.0,1033.0
26,82,2873.0,1033.0
26,83,2873.0,1033.0
26,84,2873.0,1033.0
26,85,2873.0,1033.0
26,86,2873.0,1033.0
26,87,2873.0,1033.0
26,88,2873.0,1033.0
26,89,2873.0,1033.0
26,90,2873.0,1033.0
26,91,2873.0,1033.0
26,92,2873.0,1033.0
26,93,2873.0,1033.0
26,94,2873.0,1033.0
26,95,2873.0,1033.0
26,96,2873.0,1033.0
26,97,2873.0,1033.0
26,98,2873.0,1033.0
26,99,2873.0,1033.0
26,100,2873.0,1033.0
26,101,2873.0,1033.0
26,102,2873.0,1033.0
26,103,2873.0,1033.0
26,104,2873.0,1033.0
26,105,2873.0,1033.0
26,106,2873.0,1033.0
26,107,2873.0,1033.0
26,108,2873.0,1033.0
26,109,2873.0,1033.0
26,110,2873.0,1033.0
26,111,2873.0,1033.0
26,112,2873.0,1033.0
26,113,2873.0,1033.0
26,114,2873.0,1033.0
26,115,2873.0,1033.0
26,116,2873.0,1033.0
26,117,2873.0,1033.0
26,118,2873.0,1033.0
26,119,2873.0,1033.0
26,120,2873.0,1033.0
26,121,2873.0,1033.0
26,122,2873.0,1033.0
26,123,2873.0,1033.0
26,124,2873.0,1033.0
26,125,2873.0,1033.0
26,126,2873.0,1033.0
26,127,2873.0,1033.0
26,128,2873.0,1033.0
26,129,2873.0,1033.0
26,130,2873.0,1033.0
26,131,2873.0,1033.0
26,132,2873.0,1033.0
26,133,2873.0,1033.0
26,134,2873.0,1033.0
26,135,2873.0,1033.0
26,136,2873.0,1033.0
26,137,2873.0,1033.0
26,138,2873.0,1033.0
26,139,2873.0,1033.0
26,140,2873.0,1033.0
26,141,2873.0,1033.0
26,142,2873.0,1033.0
26,143,2873.0,1033.0
26,144,2873.0,1033.0
26,145,2873.0,1033.0
26,146,2873.0,1033.0
26,147,2873.0,1033.0
26,148,2873.0,1033.0
26,149,2873.0,1033.0
26,150,2873.0,1033.0
26,151,2873.0,1033.0
26,152,2873.0,1033.0
26,153,2873.0,1033.0
26,154,2873.0,1033.0
26,155,2873.0,1033.0
26,156,2873.0,1033.0
26,157,2873.0,1033.0
26,158,2873.0,1033.0
26,159,2873.0,1033.0
26,160,2873.0,1033.0
26,161,2873.0,1033.0
26,162,2873.0,1033.0
26,163,2873.0,1033.0
26,164,2873.0,1033.0
26,165,2873.0,1033.0
26,166,2873.0,1033.0
26,167,2873.0,1033.0
26,168,2873.0,1033.0
26,169,2873.0,1033.0
26,170,2873.0,1033.0
26,171,2873.0,1033.0
26,172,2873.0,1033.0
26,173,2873.0,1033.0
26,174,2873.0,1033.0
26,175,2873.0,1033.0
26,176,2873.0,1033.0
26,177,2873.0,1033.0
26,178,2873.0,1033.0
26,179,2873.0,1033.0
26,180,2873.0,1033.0
26,181,2873.0,1033.0
26,182,2873.0,1033.0
26,183,2873.0,1033.0
26,184,2873.0,1033.0
26,185,2873.0,1033.0
26,186,2873.0,1033.0
26,187,2873.0,1033.0
26,188,2873.0,1033.0
26,189,2873.0,1033.0
26,190,2873.0,1033.0
26,191,2873.0,1033.0
26,192,2873.0,1033.0
26,193,2873.0,1033.0
26,194,2873.0,1033.0
26,195,2873.0,1033.0
26,196,2873.0,1033.0
26,197,2873.0,1033.0
26,198,2873.0,1033.0
26,199,2873.0,1033.0
26,200,2873.0,1033.0
26,201,2873.0,1033.0
26,202,2873.0,1033.0
26,203,2873.0,1033.0
26,204,2873.0,1033.0
26,205,2873.0,1033.0
26,206,2873.0,1033.0
26,207,2873.0,1033.0
26,208,2873.0,1033.0
26,209,2873.0,1033.0
26,210,2873.0,1033.0
26,211,2873.0,1033.0
26,212,2873.0,1033.0
26,213,2873.0,1033.0
26,214,2873.0,1033.0
26,215,2873.0,1033.0
26,216,2873.0,1033.0
26,217,2873.0,1033.0
26,218,2873.0,1033.0
26,219,2873.0,1033.0
26,220,2873.0,1033.0
26,221,2873.0,1033.0
26,222,2873.0,1033.0
26,223,2873.0,1033.0
26,224,2873.0,1033.0
26,225,2873.0,1033.0
26,226,2873.0,1033.0
26,227,2873.0,1033.0
26,228,2873.0,1033.0
26,229,2873.0,1033.0
26,230,2873.0,1033.0
26,231,2873.0,1033.0
26,232,2873.0,1033.0
26,233,2873.0,1033.0
26,234,2873.0,1033.0
26,235,2873.0,1033.0
26,236,2873.0,1033.0
26,237,2873.0,1033.0
26,238,2873.0,1033.0
26,239,2873.0,1033.0
26,240,2873.0,1033.0
26,241,2873.0,1033.0
26,242,2873.0,1033.0
26,243,2873.0,1033.0
26,244,2873.0,1033.0
26,245,2873.0,1033.0
26,246,2873.0,1033.0
26,247,2873.0,1033.0
26,248,2873.0,1033.0
26,249,2873.0,1033.0
26,250,2873.0,1033.0
26,251,2873.0,1033.0
26,252,2873.0,1033.0
26,253,2873.0,1033.0
26,254,2873.0,1033.0
26,255,2873.0,1033.0
26,256,2873.0,1033.0
26,257,2873.0,1033.0
26,258,2873.0,1033.0
26,259,2873.0,1033.0
26,260,2873.0,1033.0
26,261,2873.0,1033.0
26,262,2873.0,1033.0
26,263,2873.0,1033.0
26,264,2873.0,1033.0
26,265,2873.0,1033.0
26,266,2873.0,1033.0
26,267,2873.0,1033.0
26,268,2873.0,1033.0
26,269,2873.0,1033.0
26,270,2873.0,1033.0
26,271,2873.0,1033.0
26,272,2873.0,1033.0
26,273,2873.0,1033.0
26,274,2873.0,1033.0
26,275,2873.0,1033.0
26,276,2873.0,1033.0
26,277,2873.0,1033.0
26,278,2873.0,1033.0
26,279,2873.0,1033.0
26,280,2873.0,1033.0
26,281,2873.0,1033.0
26,282,2873.0,1033.0
26,283,2873.0,1033.0
26,284,2873.0,1033.0
26,285,2873.0,1033.0
26,286,2873.0,1033.0
26,287,2873.0,1033.0
26,288,2873.0,1033.0
26,289,2873.0,1033.0
26,290,2873.0,1033.0
26,291,2873.0,1033.0
26,292,2873.0,1033.0
26,293,2873.0,1033.0
26,294,2873.0,1033.0
26,295,2873.0,1033.0
26,296,2873.0,1033.0
26,297,2873.0,1033.0
26,298,2873.0,1033.0
26,299,2873.0,1033.0
26,300,2873.0,1033.0
26,301,2873.0,1033.0
26,302,2873.0,1033.0
26,303,2873.0,1033.0
26,304,2873.0,1033.0
26,305,2873.0,1033.0
26,306,2873.0,1033.0
26,307,2873.0,1033.0
26,308,2873.0,1033.0
26,309,2873.0,1033.0
26,310,2873.0,1033.0
26,311,2873.0,1033.0
26,312,2873.0,1033.0
26,313,2873.0,1033.0
26,314,2873.0,1033.0
26,315,2873.0,1033.0
26,316,2873.0,1033.0
26,317,2873.0,1033.0
26,318,2873.0,1033.0
26,319,2873.0,1033.0
26,320,2873.0,1033.0
26,321,2873.0,1033.0
26,322,2873.0,1033.0
26,323,2873.0,1033.0
26,324,2873.0,1033.0
26,325,2873.0,1033.0
26,326,2873.0,1033.0
26,327,2873.0,1033.0
26,328,2873.0,1033.0
26,329,2873.0,1033.0
26,330,2873.0,1033.0
26,331,2873.0,1033.0
26,332,2873.0,1033.0
26,333,2873.0,1033.0
26,334,2873.0,1033.0
26,335,2873.0,1033.0
26,336,2873.0,1033.0
26,337,2873.0,1033.0
26,338,2873.0,1033.0
26,339,2873.0,1033.0
26,340,2873.0,1033.0
26,341,2873.0,1033.0
26,342,2873.0,1033.0
26,343,2873.0,1033.0
26,344,2873.0,1033.0
26,345,2873.0,1033.0
26,346,2873.0,1033.0
26,347,2873.0,1033.0
26,348,2873.0,1033.0
26,349,2873.0,1033.0
26,350,2873.0,1033.0
26,351,2873.0,1033.0
26,352,2873.0,1033.0
26,353,2873.0,1033.0
26,354,2873.0,1033.0
26,355,2873.0,1033.0
26,356,2873.0,1033.0
26,357,2873.0,1033.0
26,358,2873.0,1033.0
26,359,2873.0,1033.0
27,0,1651.0,1441.0
27,1,1651.0,1441.0
27,2,1651.0,1441.0
27,3,1651.0,1441.0
27,4,1651.0,1441.0
27,5,1651.0,1441.0
27,6,1651.0,1441.0
27,7,1651.0,1441.0
27,8,1651.0,1441.0
27,9,1651.0,1441.0
27,10,1651.0,1441.0
27,11,1651.0,1441.0
27,12,1651.0,1441.0
27,13,1651.0,1441.0
27,14,1651.0,1441.0
27,15,1651.0,1441.0
27,16,1651.0,1441.0
27,17,1651.0,1441.0
27,18,1651.0,1441.0
27,19,1651.0,1441.0
27,20,1651.0,1441.0
27,21,1651.0,1441.0
27,22,1651.0,1441.0
27,23,1651.0,1441.0
27,24,1651.0,1441.0
27,25,1651.0,1441.0
27,26,1651.0,1441.0
27,27,1651.0,1441.0
27,28,1651.0,1441.0
27,29,1651.0,1441.0
27,30,1651.0,1441.0
27,31,1651.0,1441.0
27,32,1651.0,1441.0
27,33,1651.0,1441.0
27,34,1651.0,1441.0
27,35,1651.0,1441.0
27,36,1651.0,1441.0
27,37,1651.0,1441.0
27,38,1651.0,1441.0
27,39,1651.0,1441.0
27,40,1651.0,1441.0
27,41,1651.0,1441.0
27,42,1651.0,1441.0
27,43,1651.0,1441.0
27,44,1651.0,1441.0
27,45,1651.0,1441.0
27,46,1651.0,1441.0
27,47,1651.0,1441.0
27,48,1651.0,1441.0
27,49,1651.0,1441.0
27,50,1651.0,1441.0
27,51,1651.0,1441.0
27,52,1651.0,1441.0
27,53,1651.0,1441.0
27,54,1651.0,1441.0
27,55,1651.0,1441.0
27,56,1651.0,1441.0
27,57,1651.0,1441.0
27,58,1651.0,1441.0
27,59,1651.0,1441.0
27,60,1651.0,1441.0
27,61,1651.0,1441.0
27,62,1651.0,1441.0
27,63,1651.0,1441.0
27,64,1651.0,1441.0
27,65,1651.0,1441.0
27,66,1651.0,1441.0
27,67,1651.0,1441.0
27,68,1651.0,1441.0
27,69,1651.0,1441.0
27,70,1651.0,1441.0
27,71,1651.0,1441.0
27,72,1651.0,1441.0
27,73,1651.0,1441.0
27,74,1651.0,1441.0
27,75,1651.0,1441.0
27,76,1651.0,1441.0
27,77,1651.0,1441.0
27,78,1651.0,1441.0
27,79,1651.0,1441.0
27,80,1651.0,1441.0
27,81,1651.0,1441.0
27,82,1651.0,1441.0
27,83,1651.0,1441.0
27,84,1651.0,1441.0
27,85,1651.0,1441.0
27,86,1651.0,1441.0
27,87,1651.0,1441.0
27,88,1651.0,1441.0
27,89,1651.0,1441.0
27,90,1651.0,1441.0
27,91,1651.0,1441.0
27,92,1651.0,1441.0
27,93,1651.0,1441.0
27,94,1651.0,1441.0
27,95,1651.0,1441.0
27,96,1651.0,1441.0
27,97,1651.0,1441.0
27,98,1651.0,1441.0
27,99,1651.0,1441.0
27,100,1651.0,1441.0
27,101,1651.0,1441.0
27,102,1651.0,1441.0
27,103,1651.0,1441.0
27,104,1651.0,1441.0
27,105,1651.0,1441.0
27,106,1651.0,1441.0
27,107,1651.0,1441.0
27,108,1651.0,1441.0
27,109,1651.0,1441.0
27,110,1651.0,1441.0
27,111,1651.0,1441.0
27,112,1651.0,1441.0
27,113,1651.0,1441.0
27,114,1651.0,1441.0
27,115,1651.0,1441.0
27,116,1651.0,1441.0
27,117,1651.0,1441.0
27,118,1651.0,1441.0
27,119,1651.0,1441.0
27,120,1651.0,1441.0
27,121,1651.0,1441.0
27,122,1651.0,1441.0
27,123,1651.0,1441.0
27,124,1651.0,1441.0
27,125,1651.0,1441.0
27,126,1651.0,1441.0
27,127,1651.0,1441.0
27,128,1651.0,1441.0
27,129,1651.0,1441.0
27,130,1651.0,1441.0
27,131,1651.0,1441.0
27,132,1651.0,1441.0
27,133,1651.0,1441.0
27,134,1651.0,1441.0
27,135,1651.0,1441.0
27,136,1651.0,1441.0
27,137,1651.0,1441.0
27,138,1651.0,1441.0
27,139,1651.0,1441.0
27,140,1651.0,1441.0
27,141,1651.0,1441.0
27,142,1651.0,1441.0
27,143,1651.0,1441.0
27,144,1651.0,1441.0
27,145,1651.0,1441.0
27,146,1651.0,1441.0
27,147,1651.0,1441.0
27,148,1651.0,1441.0
27,149,1651.0,1441.0
27,150,1651.0,1441.0
27,151,1651.0,1441.0
27,152,1651.0,1441.0
27,153,1651.0,1441.0
27,154,1651.0,1441.0
27,155,1651.0,1441.0
27,156,1651.0,1441.0
27,157,1651.0,1441.0
27,158,1651.0,1441.0
27,159,1651.0,1441.0
27,160,1651.0,1441.0
27,161,1651.0,1441.0
27,162,1651.0,1441.0
27,163,1651.0,1441.0
27,164,1651.0,1441.0
27,165,1651.0,1441.0
27,166,1651.0,1441.0
27,167,1651.0,1441.0
27,168,1651.0,1441.0
27,169,1651.0,1441.0
27,170,1651.0,1441.0
27,171,1651.0,1441.0
27,172,1651.0,1441.0
27,173,1651.0,1441.0
27,174,1651.0,1441.0
27,175,1651.0,1441.0
27,176,1651.0,1441.0
27,177,1651.0,1441.0
27,178,1651.0,1441.0
27,179,1651.0,1441.0
27,180,1651.0,1441.0
27,181,1651.0,1441.0
27,182,1651.0,1441.0
27,183,1651.0,1441.0
27,184,1651.0,1441.0
27,185,1651.0,1441.0
27,186,1651.0,1441.0
27,187,1651.0,1441.0
27,188,1651.0,1441.0
27,189,1651.0,1441.0
27,190,1651.0,1441.0
27,191,1651.0,1441.0
27,192,1651.0,1441.0
27,193,1651.0,1441.0
27,194,1651.0,1441.0
27,195,1651.0,1441.0
27,196,1651.0,1441.0
27,197,1651.0,1441.0
27,198,1651.0,1441.0
27,199,1651.0,1441.0
27,200,1651.0,1441.0
27,201,1651.0,1441.0
27,202,1651.0,1441.0
27,203,1651.0,1441.0
27,204,1651.0,1441.0
27,205,1651.0,1441.0
27,206,1651.0,1441.0
27,207,1651.0,1441.0
27,208,1651.0,1441.0
27,209,1651.0,1441.0
27,210,1651.0,1441.0
27,211,1651.0,1441.0
27,212,1651.0,1441.0
27,213,1651.0,1441.0
27,214,1651.0,1441.0
27,215,1651.0,1441.0
27,216,1651.0,1441.0
27,217,1651.0,1441.0
27,218,1651.0,1441.0
27,219,1651.0,1441.0
27,220,1651.0,1441.0
27,221,1651.0,1441.0
27,222,1651.0,1441.0
27,223,1651.0,1441.0
27,224,1651.0,1441.0
27,225,1651.0,1441.0
27,226,1651.0,1441.0
27,227,1651.0,1441.0
27,228,1651.0,1441.0
27,229,1651.0,1441.0
27,230,1651.0,1441.0
27,231,1651.0,1441.0
27,232,1651.0,1441.0
27,233,1651.0,1441.0
27,234,1651.0,1441.0
27,235,1651.0,1441.0
27,236,1651.0,1441.0
27,237,1651.0,1441.0
27,238,1651.0,1441.0
27,239,1651.0,1441.0
27,240,1651.0,1441.0
27,241,1651.0,1441.0
27,242,1651.0,1441.0
27,243,1651.0,1441.0
27,244,1651.0,1441.0
27,245,1651.0,1441.0
27,246,1651.0,1441.0
27,247,1651.0,1441.0
27,248,1651.0,1441.0
27,249,1651.0,1441.0
27,250,1651.0,1441.0
27,251,1651.0,1441.0
27,252,1651.0,1441.0
27,253,1651.0,1441.0
27,254,1651.0,1441.0
27,255,1651.0,1441.0
27,256,1651.0,1441.0
27,257,1651.0,1441.0
27,258,1651.0,1441.0
27,259,1651.0,1441.0
27,260,1651.0,1441.0
27,261,1651.0,1441.0
27,262,1651.0,1441.0
27,263,1651.0,1441.0
27,264,1651.0,1441.0
27,265,1651.0,1441.0
27,266,1651.0,1441.0
27,267,1651.0,1441.0
27,268,1651.0,1441.0
27,269,1651.0,1441.0
27,270,1651.0,1441.0
27,271,1651.0,1441.0
27,272,1651.0,1441.0
27,273,1651.0,1441.0
27,274,1651.0,1441.0
27,275,1651.0,1441.0
27,276,1651.0,1441.0
27,277,1651.0,1441.0
27,278,1651.0,1441.0
27,279,1651.0,1441.0
27,280,1651.0,1441.0
27,281,1651.0,1441.0
27,282,1651.0,1441.0
27,283,1651.0,1441.0
27,284,1651.0,1441.0
27,285,1651.0,1441.0
27,286,1651.0,1441.0
27,287,1651.0,1441.0
27,288,1651.0,1441.0
27,289,1651.0,1441.0
27,290,1651.0,1441.0
27,291,1651.0,1441.0
27,292,1651.0,1441.0
27,293,1651.0,1441.0
27,294,1651.0,1441.0
27,295,1651.0,1441.0
27,296,1651.0,1441.0
27,297,1651.0,1441.0
27,298,1651.0,1441.0
27,299,1651.0,1441.0
27,300,1651.0,1441.0
27,301,1651.0,1441.0
27,302,1651.0,1441.0
27,303,1651.0,1441.0
27,304,1651.0,1441.0
27,305,1651.0,1441.0
27,306,1651.0,1441.0
27,307,1651.0,1441.0
27,308,1651.0,1441.0
27,309,1651.0,1441.0
27,310,1651.0,1441.0
27,311,1651.0,1441.0
27,312,1651.0,1441.0
27,313,1651.0,1441.0
27,314,1651.0,1441.0
27,315,1651.0,1441.0
27,316,1651.0,1441.0
27,317,1651.0,1441.0
27,318,1651.0,1441.0
27,319,1651.0,1441.0
27,320,1651.0,1441.0
27,321,1651.0,1441.0
27,322,1651.0,1441.0
27,323,1651.0,1441.0
27,324,1651.0,1441.0
27,325,1651.0,1441.0
27,326,1651.0,1441.0
27,327,1651.0,1441.0
27,328,1651.0,1441.0
27,329,1651.0,1441.0
27,330,1651.0,1441.0
27,331,1651.0,1441.0
27,332,1651.0,1441.0
27,333,1651.0,1441.0
27,334,1651.0,1441.0
27,335,1651.0,1441.0
27,336,1651.0,1441.0
27,337,1651.0,1441.0
27,338,1651.0,1441.0
27,339,1651.0,1441.0
27,340,1651.0,1441.0
27,341,1651.0,1441.0
27,342,1651.0,1441.0
27,343,1651.0,1441.0
27,344,1651.0,1441.0
27,345,1651.0,1441.0
27,346,1651.0,1441.0
27,347,1651.0,1441.0
27,348,1651.0,1441.0
27,349,1651.0,1441.0
27,350,1651.0,1441.0
27,351,1651.0,1441.0
27,352,1651.0,1441.0
27,353,1651.0,1441.0
27,354,1651.0,1441.0
27,355,1651.0,1441.0
27,356,1651.0,1441.0
27,357,1651.0,1441.0
27,358,1651.0,1441.0
27,359,1651.0,1441.0
28,0,1428.0,1358.0
28,1,1428.0,1358.0
28,2,1428.0,1358.0
28,3,1428.0,1358.0
28,4,1428.0,1358.0
28,5,1428.0,1358.0
28,6,1428.0,1358.0
28,7,1428.0,1358.0
28,8,1428.0,1358.0
28,9,1428.0,1358.0
28,10,1428.0,1358.0
28,11,1428.0,1358.0
28,12,1428.0,1358.0
28,13,1428.0,1358.0
28,14,1428.0,1358.0
28,15,1428.0,1358.0
28,16,1428.0,1358.0
28,17,1428.0,1358.0
28,18,1428.0,1358.0
28,19,1428.0,1358.0
28,20,1428.0,1358.0
28,21,1428.0,1358.0
28,22,1428.0,1358.0
28,23,1428.0,1358.0
28,24,1428.0,1358.0
28,25,1428.0,1358.0
28,26,1428.0,1358.0
28,27,1428.0,1358.0
28,28,1428.0,1358.0
28,29,1428.0,1358.0
28,30,1428.0,1358.0
28,31,1428.0,1358.0
28,32,1428.0,1358.0
28,33,1428.0,1358.0
28,34,1428.0,1358.0
28,35,1428.0,1358.0
28,36,1428.0,1358.0
28,37,1428.0,1358.0
28,38,1428.0,1358.0
28,39,1428.0,1358.0
28,40,1428.0,1358.0
28,41,1428.0,1358.0
28,42,1428.0,1358.0
28,43,1428.0,1358.0
28,44,1428.0,1358.0
28,45,1428.0,1358.0
28,46,1428.0,1358.0
28,47,1428.0,1358.0
28,48,1428.0,1358.0
28,49,1428.0,1358.0
28,50,1428.0,1358.0
28,51,1428.0,1358.0
28,52,1428.0,1358.0
28,53,1428.0,1358.0
28,54,1428.0,1358.0
28,55,1428.0,1358.0
28,56,1428.0,1358.0
28,57,1428.0,1358.0
28,58,1428.0,1358.0
28,59,1428.0,1358.0
28,60,1428.0,1358.0
28,61,1428.0,1358.0
28,62,1428.0,1358.0
28,63,1428.0,1358.0
28,64,1428.0,1358.0
28,65,1428.0,1358.0
28,66,1428.0,1358.0
28,67,1428.0,1358.0
28,68,1428.0,1358.0
28,69,1428.0,1358.0
28,70,1428.0,1358.0
28,71,1428.0,1358.0
28,72,1428.0,1358.0
28,73,1428.0,1358.0
28,74,1428.0,1358.0
28,75,1428.0,1358.0
28,76,1428.0,1358.0
28,77,1428.0,1358.0
28,78,1428.0,1358.0
28,79,1428.0,1358.0
28,80,1428.0,1358.0
28,81,1428.0,1358.0
28,82,1428.0,1358.0
28,83,1428.0,1358.0
28,84,1428.0,1358.0
28,85,1428.0,1358.0
28,86,1428.0,1358.0
28,87,1428.0,1358.0
28,88,1428.0,1358.0
28,89,1428.0,1358.0
28,90,1428.0,1358.0
28,91,1428.0,1358.0
28,92,1428.0,1358.0
28,93,1428.0,1358.0
28,94,1428.0,1358.0
28,95,1428.0,1358.0
28,96,1428.0,1358.0
28,97,1428.0,1358.0
28,98,1428.0,1358.0
28,99,1428.0,1358.0
28,100,1428.0,1358.0
28,101,1428.0,1358.0
28,102,1428.0,1358.0
28,103,1428.0,1358.0
28,104,1428.0,1358.0
28,105,1428.0,1358.0
28,106,1428.0,1358.0
28,107,1428.0,1358.0
28,108,1428.0,1358.0
28,109,1428.0,1358.0
28,110,1428.0,1358.0
28,111,1428.0,1358.0
28,112,1428.0,1358.0
28,113,1428.0,1358.0
28,114,1428.0,1358.0
28,115,1428.0,1358.0
28,116,1428.0,1358.0
28,117,1428.0,1358.0
28,118,1428.0,1358.0
28,119,1428.0,1358.0
28,120,1428.0,1358.0
28,121,1428.0,1358.0
28,122,1428.0,1358.0
28,123,1428.0,1358.0
28,124,1428.0,1358.0
28,125,1428.0,1358.0
28,126,1428.0,1358.0
28,127,1428.0,1358.0
28,128,1428.0,1358.0
28,129,1428.0,1358.0
28,130,1428.0,1358.0
28,131,1428.0,1358.0
28,132,1428.0,1358.0
28,133,1428.0,1358.0
28,134,1428.0,1358.0
28,135,1428.0,1358.0
28,136,1428.0,1358.0
28,137,1428.0,1358.0
28,138,1428.0,1358.0
28,139,1428.0,1358.0
28,140,1428.0,1358.0
28,141,1428.0,1358.0
28,142,1428.0,1358.0
28,143,1428.0,1358.0
28,144,1428.0,1358.0
28,145,1428.0,1358.0
28,146,1428.0,1358.0
28,147,1428.0,1358.0
28,148,1428.0,1358.0
28,149,1428.0,1358.0
28,150,1428.0,1358.0
28,151,1428.0,1358.0
28,152,1428.0,1358.0
28,153,1428.0,1358.0
28,154,1428.0,1358.0
28,155,1428.0,1358.0
28,156,1428.0,1358.0
28,157,1428.0,1358.0
28,158,1428.0,1358.0
28,159,1428.0,1358.0
28,160,1428.0,1358.0
28,161,1428.0,1358.0
28,162,1428.0,1358.0
28,163,1428.0,1358.0
28,164,1428.0,1358.0
28,165,1428.0,1358.0
28,166,1428.0,1358.0
28,167,1428.0,1358.0
28,168,1428.0,1358.0
28,169,1428.0,1358.0
28,170,1428.0,1358.0
28,171,1428.0,1358.0
28,172,1428.0,1358.0
28,173,1428.0,1358.0
28,174,1428.0,1358.0
28,175,1428.0,1358.0
28,176,1428.0,1358.0
28,177,1428.0,1358.0
28,178,1428.0,1358.0
28,179,1428.0,1358.0
28,180,1428.0,1358.0
28,181,1428.0,1358.0
28,182,1428.0,1358.0
28,183,1428.0,1358.0
28,184,1428.0,1358.0
28,185,1428.0,1358.0
28,186,1428.0,1358.0
28,187,1428.0,1358.0
28,188,1428.0,1358.0
28,189,1428.0,1358.0
28,190,1428.0,1358.0
28,191,1428.0,1358.0
28,192,1428.0,1358.0
28,193,1428.0,1358.0
28,194,1428.0,1358.0
28,195,1428.0,1358.0
28,196,1428.0,1358.0
28,197,1428.0,1358.0
28,198,1428.0,1358.0
28,199,1428.0,1358.0
28,200,1428.0,1358.0
28,201,1428.0,1358.0
28,202,1428.0,1358.0
28,203,1428.0,1358.0
28,204,1428.0,1358.0
28,205,1428.0,1358.0
28,206,1428.0,1358.0
28,207,1428.0,1358.0
28,208,1428.0,1358.0
28,209,1428.0,1358.0
28,210,1428.0,1358.0
28,211,1428.0,1358.0
28,212,1428.0,1358.0
28,213,1428.0,1358.0
28,214,1428.0,1358.0
28,215,1428.0,1358.0
28,216,1428.0,1358.0
28,217,1428.0,1358.0
28,218,1428.0,1358.0
28,219,1428.0,1358.0
28,220,1428.0,1358.0
28,221,1428.0,1358.0
28,222,1428.0,1358.0
28,223,1428.0,1358.0
28,224,1428.0,1358.0
28,225,1428.0,1358.0
28,226,1428.0,1358.0
28,227,1428.0,1358.0
28,228,1428.0,1358.0
28,229,1428.0,1358.0
28,230,1428.0,1358.0
28,231,1428.0,1358.0
28,232,1428.0,1358.0
28,233,1428.0,1358.0
28,234,1428.0,1358.0
28,235,1428.0,1358.0
28,236,1428.0,1358.0
28,237,1428.0,1358.0
28,238,1428.0,1358.0
28,239,1428.0,1358.0
28,240,1428.0,1358.0
28,241,1428.0,1358.0
28,242,1428.0,1358.0
28,243,1428.0,1358.0
28,244,1428.0,1358.0
28,245,1428.0,1358.0
28,246,1428.0,1358.0
28,247,1428.0,1358.0
28,248,1428.0,1358.0
28,249,1428.0,1358.0
28,250,1428.0,1358.0
28,251,1428.0,1358.0
28,252,1428.0,1358.0
28,253,1428.0,1358.0
28,254,1428.0,1358.0
28,255,1428.0,1358.0
28,256,1428.0,1358.0
28,257,1428.0,1358.0
28,258,1428.0,1358.0
28,259,1428.0,1358.0
28,260,1428.0,1358.0
28,261,1428.0,1358.0
28,262,1428.0,1358.0
28,263,1428.0,1358.0
28,264,1428.0,1358.0
28,265,1428.0,1358.0
28,266,1428.0,1358.0
28,267,1428.0,1358.0
28,268,1428.0,1358.0
28,269,1428.0,1358.0
28,270,1428.0,1358.0
28,271,1428.0,1358.0
28,272,1428.0,1358.0
28,273,1428.0,1358.0
28,274,1428.0,1358.0
28,275,1428.0,1358.0
28,276,1428.0,1358.0
28,277,1428.0,1358.0
28,278,1428.0,1358.0
28,279,1428.0,1358.0
28,280,1428.0,1358.0
28,281,1428.0,1358.0
28,282,1428.0,1358.0
28,283,1428.0,1358.0
28,284,1428.0,1358.0
28,285,1428.0,1358.0
28,286,1428.0,1358.0
28,287,1428.0,1358.0
28,288,1428.0,1358.0
28,289,1428.0,1358.0
28,290,1428.0,1358.0
28,291,1428.0,1358.0
28,292,1428.0,1358.0
28,293,1428.0,1358.0
28,294,1428.0,1358.0
28,295,1428.0,1358.0
28,296,1428.0,1358.0
28,297,1428.0,1358.0
28,298,1428.0,1358.0
28,299,1428.0,1358.0
28,300,1428.0,1358.0
28,301,1428.0,1358.0
28,302,1428.0,1358.0
28,303,1428.0,1358.0
28,304,1428.0,1358.0
28,305,1428.0,1358.0
28,306,1428.0,1358.0
28,307,1428.0,1358.0
28,308,1428.0,1358.0
28,309,1428.0,1358.0
28,310,1428.0,1358.0
28,311,1428.0,1358.0
28,312,1428.0,1358.0
28,313,1428.0,1358.0
28,314,1428.0,1358.0
28,315,1428.0,1358.0
28,316,1428.0,1358.0
28,317,1428.0,1358.0
28,318,1428.0,1358.0
28,319,1428.0,1358.0
28,320,1428.0,1358.0
28,321,1428.0,1358.0
28,322,1428.0,1358.0
28,323,1428.0,1358.0
28,324,1428.0,1358.0
28,325,1428.0,1358.0
28,326,1428.0,1358.0
28,327,1428.0,1358.0
28,328,1428.0,1358.0
28,329,1428.0,1358.0
28,330,1428.0,1358.0
28,331,1428.0,1358.0
28,332,1428.0,1358.0
28,333,1428.0,1358.0
28,334,1428.0,1358.0
28,335,1428.0,1358.0
28,336,1428.0,1358.0
28,337,1428.0,1358.0
28,338,1428.0,1358.0
28,339,1428.0,1358.0
28,340,1428.0,1358.0
28,341,1428.0,1358.0
28,342,1428.0,1358.0
28,343,1428.0,1358.0
28,344,1428.0,1358.0
28,345,1428.0,1358.0
28,346,1428.0,1358.0
28,347,1428.0,1358.0
28,348,1428.0,1358.0
28,349,1428.0,1358.0
28,350,1428.0,1358.0
28,351,1428.0,1358.0
28,352,1428.0,1358.0
28,353,1428.0,1358.0
28,354,1428.0,1358.0
28,355,1428.0,1358.0
28,356,1428.0,1358.0
28,357,1428.0,1358.0
28,358,1428.0,1358.0
28,359,1428.0,1358.0
29,0,2168.0,2082.0
29,1,2168.0,2082.0
29,2,2168.0,2082.0
29,3,2168.0,2082.0
29,4,2168.0,2082.0
29,5,2168.0,2082.0
29,6,2168.0,2082.0
29,7,2168.0,2082.0
29,8,2168.0,2082.0
29,9,2168.0,2082.0
29,10,2168.0,2082.0
29,11,2168.0,2082.0
29,12,2168.0,2082.0
29,13,2168.0,2082.0
29,14,2168.0,2082.0
29,15,2168.0,2082.0
29,16,2168.0,2082.0
29,17,2168.0,2082.0
29,18,2168.0,2082.0
29,19,2168.0,2082.0
29,20,2168.0,2082.0
29,21,2168.0,2082.0
29,22,2168.0,2082.0
29,23,2168.0,2082.0
29,24,2168.0,2082.0
29,25,2168.0,2082.0
29,26,2168.0,2082.0
29,27,2168.0,2082.0
29,28,2168.0,2082.0
29,29,2168.0,2082.0
29,30,2168.0,2082.0
29,31,2168.0,2082.0
29,32,2168.0,2082.0
29,33,2168.0,2082.0
29,34,2168.0,2082.0
29,35,2168.0,2082.0
29,36,2168.0,2082.0
29,37,2168.0,2082.0
29,38,2168.0,2082.0
29,39,2168.0,2082.0
29,40,2168.0,2082.0
29,41,2168.0,2082.0
29,42,2168.0,2082.0
29,43,2168.0,2082.0
29,44,2168.0,2082.0
29,45,2168.0,2082.0
29,46,2168.0,2082.0
29,47,2168.0,2082.0
29,48,2168.0,2082.0
29,49,2168.0,2082.0
29,50,2168.0,2082.0
29,51,2168.0,2082.0
29,52,2168.0,2082.0
29,53,2168.0,2082.0
29,54,2168.0,2082.0
29,55,2168.0,2082.0
29,56,2168.0,2082.0
29,57,2168.0,2082.0
29,58,2168.0,2082.0
29,59,2168.0,2082.0
29,60,2168.0,2082.0
29,61,2168.0,2082.0
29,62,2168.0,2082.0
29,63,2168.0,2082.0
29,64,2168.0,2082.0
29,65,2168.0,2082.0
29,66,2168.0,2082.0
29,67,2168.0,2082.0
29,68,2168.0,2082.0
29,69,2168.0,2082.0
29,70,2168.0,2082.0
29,71,2168.0,2082.0
29,72,2168.0,2082.0
29,73,2168.0,2082.0
29,74,2168.0,2082.0
29,75,2168.0,2082.0
29,76,2168.0,2082.0
29,77,2168.0,2082.0
29,78,2168.0,2082.0
29,79,2168.0,2082.0
29,80,2168.0,2082.0
29,81,2168.0,2082.0
29,82,2168.0,2082.0
29,83,2168.0,2082.0
29,84,2168.0,2082.0
29,85,2168.0,2082.0
29,86,2168.0,2082.0
29,87,2168.0,2082.0
29,88,2168.0,2082.0
29,89,2168.0,2082.0
29,90,2168.0,2082.0
29,91,2168.0,2082.0
29,92,2168.0,2082.0
29,93,2168.0,2082.0
29,94,2168.0,2082.0
29,95,2168.0,2082.0
29,96,2168.0,2082.0
29,97,2168.0,2082.0
29,98,2168.0,2082.0
29,99,2168.0,2082.0
29,100,2168.0,2082.0
29,101,2168.0,2082.0
29,102,2168.0,2082.0
29,103,2168.0,2082.0
29,104,2168.0,2082.0
29,105,2168.0,2082.0
29,106,2168.0,2082.0
29,107,2168.0,2082.0
29,108,2168.0,2082.0
29,109,2168.0,2082.0
29,110,2168.0,2082.0
29,111,2168.0,2082.0
29,112,2168.0,2082.0
29,113,2168.0,2082.0
29,114,2168.0,2082.0
29,115,2168.0,2082.0
29,116,2168.0,2082.0
29,117,2168.0,2082.0
29,118,2168.0,2082.0
29,119,2168.0,2082.0
29,120,2168.0,2082.0
29,121,2168.0,2082.0
29,122,2168.0,2082.0
29,123,2168.0,2082.0
29,124,2168.0,2082.0
29,125,2168.0,2082.0
29,126,2168.0,2082.0
29,127,2168.0,2082.0
29,128,2168.0,2082.0
29,129,2168.0,2082.0
29,130,2168.0,2082.0
29,131,2168.0,2082.0
29,132,2168.0,2082.0
29,133,2168.0,2082.0
29,134,2168.0,2082.0
29,135,2168.0,2082.0
29,136,2168.0,2082.0
29,137,2168.0,2082.0
29,138,2168.0,2082.0
29,139,2168.0,2082.0
29,140,2168.0,2082.0
29,141,2168.0,2082.0
29,142,2168.0,2082.0
29,143,2168.0,2082.0
29,144,2168.0,2082.0
29,145,2168.0,2082.0
29,146,2168.0,2082.0
29,147,2168.0,2082.0
29,148,2168.0,2082.0
29,149,2168.0,2082.0
29,150,2168.0,2082.0
29,151,2168.0,2082.0
29,152,2168.0,2082.0
29,153,2168.0,2082.0
29,154,2168.0,2082.0
29,155,2168.0,2082.0
29,156,2168.0,2082.0
29,157,2168.0,2082.0
29,158,2168.0,2082.0
29,159,2168.0,2082.0
29,160,2168.0,2082.0
29,161,2168.0,2082.0
29,162,2168.0,2082.0
29,163,2168.0,2082.0
29,164,2168.0,2082.0
29,165,2168.0,2082.0
29,166,2168.0,2082.0
29,167,2168.0,2082.0
29,168,2168.0,2082.0
29,169,2168.0,2082.0
29,170,2168.0,2082.0
29,171,2168.0,2082.0
29,172,2168.0,2082.0
29,173,2168.0,2082.0
29,174,2168.0,2082.0
29,175,2168.0,2082.0
29,176,2168.0,2082.0
29,177,2168.0,2082.0
29,178,2168.0,2082.0
29,179,2168.0,2082.0
29,180,2168.0,2082.0
29,181,2168.0,2082.0
29,182,2168.0,2082.0
29,183,2168.0,2082.0
29,184,2168.0,2082.0
29,185,2168.0,2082.0
29,186,2168.0,2082.0
29,187,2168.0,2082.0
29,188,2168.0,2082.0
29,189,2168.0,2082.0
29,190,2168.0,2082.0
29,191,2168.0,2082.0
29,192,2168.0,2082.0
29,193,2168.0,2082.0
29,194,2168.0,2082.0
29,195,2168.0,2082.0
29,196,2168.0,2082.0
29,197,2168.0,2082.0
29,198,2168.0,2082.0
29,199,2168.0,2082.0
29,200,2168.0,2082.0
29,201,2168.0,2082.0
29,202,2168.0,2082.0
29,203,2168.0,2082.0
29,204,2168.0,2082.0
29,205,2168.0,2082.0
29,206,2168.0,2082.0
29,207,2168.0,2082.0
29,208,2168.0,2082.0
29,209,2168.0,2082.0
29,210,2168.0,2082.0
29,211,2168.0,2082.0
29,212,2168.0,2082.0
29,213,2168.0,2082.0
29,214,2168.0,2082.0
29,215,2168.0,2082.0
29,216,2168.0,2082.0
29,217,2168.0,2082.0
29,218,2168.0,2082.0
29,219,2168.0,2082.0
29,220,2168.0,2082.0
29,221,2168.0,2082.0
29,222,2168.0,2082.0
29,223,2168.0,2082.0
29,224,2168.0,2082.0
29,225,2168.0,2082.0
29,226,2168.0,2082.0
29,227,2168.0,2082.0
29,228,2168.0,2082.0
29,229,2168.0,2082.0
29,230,2168.0,2082.0
29,231,2168.0,2082.0
29,232,2168.0,2082.0
29,233,2168.0,2082.0
29,234,2168.0,2082.0
29,235,2168.0,2082.0
29,236,2168.0,2082.0
29,237,2168.0,2082.0
29,238,2168.0,2082.0
29,239,2168.0,2082.0
29,240,2168.0,2082.0
29,241,2168.0,2082.0
29,242,2168.0,2082.0
29,243,2168.0,2082.0
29,244,2168.0,2082.0
29,245,2168.0,2082.0
29,246,2168.0,2082.0
29,247,2168.0,2082.0
29,248,2168.0,2082.0
29,249,2168.0,2082.0
29,250,2168.0,2082.0
29,251,2168.0,2082.0
29,252,2168.0,2082.0
29,253,2168.0,2082.0
29,254,2168.0,2082.0
29,255,2168.0,2082.0
29,256,2168.0,2082.0
29,257,2168.0,2082.0
29,258,2168.0,2082.0
29,259,2168.0,2082.0
29,260,2168.0,2082.0
29,261,2168.0,2082.0
29,262,2168.0,2082.0
29,263,2168.0,2082.0
29,264,2168.0,2082.0
29,265,2168.0,2082.0
29,266,2168.0,2082.0
29,267,2168.0,2082.0
29,268,2168.0,2082.0
29,269,2168.0,2082.0
29,270,2168.0,2082.0
29,271,2168.0,2082.0
29,272,2168.0,2082.0
29,273,2168.0,2082.0
29,274,2168.0,2082.0
29,275,2168.0,2082.0
29,276,2168.0,2082.0
29,277,2168.0,2082.0
29,278,2168.0,2082.0
29,279,2168.0,2082.0
29,280,2168.0,2082.0
29,281,2168.0,2082.0
29,282,2168.0,2082.0
29,283,2168.0,2082.0
29,284,2168.0,2082.0
29,285,2168.0,2082.0
29,286,2168.0,2082.0
29,287,2168.0,2082.0
29,288,2168.0,2082.0
29,289,2168.0,2082.0
29,290,2168.0,2082.0
29,291,2168.0,2082.0
29,292,2168.0,2082.0
29,293,2168.0,2082.0
29,294,2168.0,2082.0
29,295,2168.0,2082.0
29,296,2168.0,2082.0
29,297,2168.0,2082.0
29,298,2168.0,2082.0
29,299,2168.0,2082.0
29,300,2168.0,2082.0
29,301,2168.0,2082.0
29,302,2168.0,2082.0
29,303,2168.0,2082.0
29,304,2168.0,2082.0
29,305,2168.0,2082.0
29,306,2168.0,2082.0
29,307,2168.0,2082.0
29,308,2168.0,2082.0
29,309,2168.0,2082.0
29,310,2168.0,2082.0
29,311,2168.0,2082.0
29,312,2168.0,2082.0
29,313,2168.0,2082.0
29,314,2168.0,2082.0
29,315,2168.0,2082.0
29,316,2168.0,2082.0
29,317,2168.0,2082.0
29,318,2168.0,2082.0
29,319,2168.0,2082.0
29,320,2168.0,2082.0
29,321,2168.0,2082.0
29,322,2168.0,2082.0
29,323,2168.0,2082.0
29,324,2168.0,2082.0
29,325,2168.0,2082.0
29,326,2168.0,2082.0
29,327,2168.0,2082.0
29,328,2168.0,2082.0
29,329,2168.0,2082.0
29,330,2168.0,2082.0
29,331,2168.0,2082.0
29,332,2168.0,2082.0
29,333,2168.0,2082.0
29,334,2168.0,2082.0
29,335,2168.0,2082.0
29,336,2168.0,2082.0
29,337,2168.0,2082.0
29,338,2168.0,2082.0
29,339,2168.0,2082.0
29,340,2168.0,2082.0
29,341,2168.0,2082.0
29,342,2168.0,2082.0
29,343,2168.0,2082.0
29,344,2168.0,2082.0
29,345,2168.0,2082.0
29,346,2168.0,2082.0
29,347,2168.0,2082.0
29,348,2168.0,2082.0
29,349,2168.0,2082.0
29,350,2168.0,2082.0
29,351,2168.0,2082.0
29,352,2168.0,2082.0
29,353,2168.0,2082.0
29,354,2168.0,2082.0
29,355,2168.0,2082.0
29,356,2168.0,2082.0
29,357,2168.0,2082.0
29,358,2168.0,2082.0
29,359,2168.0,2082.0
30,0,2678.0,1016.0
30,1,2678.0,1016.0
30,2,2678.0,1016.0
30,3,2678.0,1016.0
30,4,2678.0,1016.0
30,5,2678.0,1016.0
30,6,2678.0,1016.0
30,7,2678.0,1016.0
30,8,2678.0,1016.0
30,9,2678.0,1016.0
30,10,2678.0,1016.0
30,11,2678.0,1016.0
30,12,2678.0,1016.0
30,13,2678.0,1016.0
30,14,2678.0,1016.0
30,15,2678.0,1016.0
30,16,2678.0,1016.0
30,17,2678.0,1016.0
30,18,2678.0,1016.0
30,19,2678.0,1016.0
30,20,2678.0,1016.0
30,21,2678.0,1016.0
30,22,2678.0,1016.0
30,23,2678.0,1016.0
30,24,2678.0,1016.0
30,25,2678.0,1016.0
30,26,2678.0,1016.0
30,27,2678.0,1016.0
30,28,2678.0,1016.0
30,29,2678.0,1016.0
30,30,2678.0,1016.0
30,31,2678.0,1016.0
30,32,2678.0,1016.0
30,33,2678.0,1016.0
30,34,2678.0,1016.0
30,35,2678.0,1016.0
30,36,2678.0,1016.0
30,37,2678.0,1016.0
30,38,2678.0,1016.0
30,39,2678.0,1016.0
30,40,2678.0,1016.0
30,41,2678.0,1016.0
30,42,2678.0,1016.0
30,43,2678.0,1016.0
30,44,2678.0,1016.0
30,45,2678.0,1016.0
30,46,2678.0,1016.0
30,47,2678.0,1016.0
30,48,2678.0,1016.0
30,49,2678.0,1016.0
30,50,2678.0,1016.0
30,51,2678.0,1016.0
30,52,2678.0,1016.0
30,53,2678.0,1016.0
30,54,2678.0,1016.0
30,55,2678.0,1016.0
30,56,2678.0,1016.0
30,57,2678.0,1016.0
30,58,2678.0,1016.0
30,59,2678.0,1016.0
30,60,2678.0,1016.0
30,61,2678.0,1016.0
30,62,2678.0,1016.0
30,63,2678.0,1016.0
30,64,2678.0,1016.0
30,65,2678.0,1016.0
30,66,2678.0,1016.0
30,67,2678.0,1016.0
30,68,2678.0,1016.0
30,69,2678.0,1016.0
30,70,2678.0,1016.0
30,71,2678.0,1016.0
30,72,2678.0,1016.0
30,73,2678.0,1016.0
30,74,2678.0,1016.0
30,75,2678.0,1016.0
30,76,2678.0,1016.0
30,77,2678.0,1016.0
30,78,2678.0,1016.0
30,79,2678.0,1016.0
30,80,2678.0,1016.0
30,81,2678.0,1016.0
30,82,2678.0,1016.0
30,83,2678.0,1016.0
30,84,2678.0,1016.0
30,85,2678.0,1016.0
30,86,2678.0,1016.0
30,87,2678.0,1016.0
30,88,2678.0,1016.0
30,89,2678.0,1016.0
30,90,2678.0,1016.0
30,91,2678.0,1016.0
30,92,2678.0,1016.0
30,93,2678.0,1016.0
30,94,2678.0,1016.0
30,95,2678.0,1016.0
30,96,2678.0,1016.0
30,97,2678.0,1016.0
30,98,2678.0,1016.0
30,99,2678.0,1016.0
30,100,2678.0,1016.0
30,101,2678.0,1016.0
30,102,2678.0,1016.0
30,103,2678.0,1016.0
30,104,2678.0,1016.0
30,105,2678.0,1016.0
30,106,2678.0,1016.0
30,107,2678.0,1016.0
30,108,2678.0,1016.0
30,109,2678.0,1016.0
30,110,2678.0,1016.0
30,111,2678.0,1016.0
30,112,2678.0,1016.0
30,113,2678.0,1016.0
30,114,2678.0,1016.0
30,115,2678.0,1016.0
30,116,2678.0,1016.0
30,117,2678.0,1016.0
30,118,2678.0,1016.0
30,119,2678.0,1016.0
30,120,2678.0,1016.0
30,121,2678.0,1016.0
30,122,2678.0,1016.0
30,123,2678.0,1016.0
30,124,2678.0,1016.0
30,125,2678.0,1016.0
30,126,2678.0,1016.0
30,127,2678.0,1016.0
30,128,2678.0,1016.0
30,129,2678.0,1016.0
30,130,2678.0,1016.0
30,131,2678.0,1016.0
30,132,2678.0,1016.0
30,133,2678.0,1016.0
30,134,2678.0,1016.0
30,135,2678.0,1016.0
30,136,2678.0,1016.0
30,137,2678.0,1016.0
30,138,2678.0,1016.0
30,139,2678.0,1016.0
30,140,2678.0,1016.0
30,141,2678.0,1016.0
30,142,2678.0,1016.0
30,143,2678.0,1016.0
30,144,2678.0,1016.0
30,145,2678.0,1016.0
30,146,2678.0,1016.0
30,147,2678.0,1016.0
30,148,2678.0,1016.0
30,149,2678.0,1016.0
30,150,2678.0,1016.0
30,151,2678.0,1016.0
30,152,2678.0,1016.0
30,153,2678.0,1016.0
30,154,2678.0,1016.0
30,155,2678.0,1016.0
30,156,2678.0,1016.0
30,157,2678.0,1016.0
30,158,2678.0,1016.0
30,159,2678.0,1016.0
30,160,2678.0,1016.0
30,161,2678.0,1016.0
30,162,2678.0,1016.0
30,163,2678.0,1016.0
30,164,2678.0,1016.0
30,165,2678.0,1016.0
30,166,2678.0,1016.0
30,167,2678.0,1016.0
30,168,2678.0,1016.0
30,169,2678.0,1016.0
30,170,2678.0,1016.0
30,171,2678.0,1016.0
30,172,2678.0,1016.0
30,173,2678.0,1016.0
30,174,2678.0,1016.0
30,175,2678.0,1016.0
30,176,2678.0,1016.0
30,177,2678.0,1016.0
30,178,2678.0,1016.0
30,179,2678.0,1016.0
30,180,2678.0,1016.0
30,181,2678.0,1016.0
30,182,2678.0,1016.0
30,183,2678.0,1016.0
30,184,2678.0,1016.0
30,185,2678.0,1016.0
30,186,2678.0,1016.0
30,187,2678.0,1016.0
30,188,2678.0,1016.0
30,189,2678.0,1016.0
30,190,2678.0,1016.0
30,191,2678.0,1016.0
30,192,2678.0,1016.0
30,193,2678.0,1016.0
30,194,2678.0,1016.0
30,195,2678.0,1016.0
30,196,2678.0,1016.0
30,197,2678.0,1016.0
30,198,2678.0,1016.0
30,199,2678.0,1016.0
30,200,2678.0,1016.0
30,201,2678.0,1016.0
30,202,2678.0,1016.0
30,203,2678.0,1016.0
30,204,2678.0,1016.0
30,205,2678.0,1016.0
30,206,2678.0,1016.0
30,207,2678.0,1016.0
30,208,2678.0,1016.0
30,209,2678.0,1016.0
30,210,2678.0,1016.0
30,211,2678.0,1016.0
30,212,2678.0,1016.0
30,213,2678.0,1016.0
30,214,2678.0,1016.0
30,215,2678.0,1016.0
30,216,2678.0,1016.0
30,217,2678.0,1016.0
30,218,2678.0,1016.0
30,219,2678.0,1016.0
30,220,2678.0,1016.0
30,221,2678.0,1016.0
30,222,2678.0,1016.0
30,223,2678.0,1016.0
30,224,2678.0,1016.0
30,225,2678.0,1016.0
30,226,2678.0,1016.0
30,227,2678.0,1016.0
30,228,2678.0,1016.0
30,229,2678.0,1016.0
30,230,2678.0,1016.0
30,231,2678.0,1016.0
30,232,2678.0,1016.0
30,233,2678.0,1016.0
30,234,2678.0,1016.0
30,235,2678.0,1016.0
30,236,2678.0,1016.0
30,237,2678.0,1016.0
30,238,2678.0,1016.0
30,239,2678.0,1016.0
30,240,2678.0,1016.0
30,241,2678.0,1016.0
30,242,2678.0,1016.0
30,243,2678.0,1016.0
30,244,2678.0,1016.0
30,245,2678.0,1016.0
30,246,2678.0,1016.0
30,247,2678.0,1016.0
30,248,2678.0,1016.0
30,249,2678.0,1016.0
30,250,2678.0,1016.0
30,251,2678.0,1016.0
30,252,2678.0,1016.0
30,253,2678.0,1016.0
30,254,2678.0,1016.0
30,255,2678.0,1016.0
30,256,2678.0,1016.0
30,257,2678.0,1016.0
30,258,2678.0,1016.0
30,259,2678.0,1016.0
30,260,2678.0,1016.0
30,261,2678.0,1016.0
30,262,2678.0,1016.0
30,263,2678.0,1016.0
30,264,2678.0,1016.0
30,265,2678.0,1016.0
30,266,2678.0,1016.0
30,267,2678.0,1016.0
30,268,2678.0,1016.0
30,269,2678.0,1016.0
30,270,2678.0,1016.0
30,271,2678.0,1016.0
30,272,2678.0,1016.0
30,273,2678.0,1016.0
30,274,2678.0,1016.0
30,275,2678.0,1016.0
30,276,2678.0,1016.0
30,277,2678.0,1016.0
30,278,2678.0,1016.0
30,279,2678.0,1016.0
30,280,2678.0,1016.0
30,281,2678.0,1016.0
30,282,2678.0,1016.0
30,283,2678.0,1016.0
30,284,2678.0,1016.0
30,285,2678.0,1016.0
30,286,2678.0,1016.0
30,287,2678.0,1016.0
30,288,2678.0,1016.0
30,289,2678.0,1016.0
30,290,2678.0,1016.0
30,291,2678.0,1016.0
30,292,2678.0,1016.0
30,293,2678.0,1016.0
30,294,2678.0,1016.0
30,295,2678.0,1016.0
30,296,2678.0,1016.0
30,297,2678.0,1016.0
30,298,2678.0,1016.0
30,299,2678.0,1016.0
30,300,2678.0,1016.0
30,301,2678.0,1016.0
30,302,2678.0,1016.0
30,303,2678.0,1016.0
30,304,2678.0,1016.0
30,305,2678.0,1016.0
30,306,2678.0,1016.0
30,307,2678.0,1016.0
30,308,2678.0,1016.0
30,309,2678.0,1016.0
30,310,2678.0,1016.0
30,311,2678.0,1016.0
30,312,2678.0,1016.0
30,313,2678.0,1016.0
30,314,2678.0,1016.0
30,315,2678.0,1016.0
30,316,2678.0,1016.0
30,317,2678.0,1016.0
30,318,2678.0,1016.0
30,319,2678.0,1016.0
30,320,2678.0,1016.0
30,321,2678.0,1016.0
30,322,2678.0,1016.0
30,323,2678.0,1016.0
30,324,2678.0,1016.0
30,325,2678.0,1016.0
30,326,2678.0,1016.0
30,327,2678.0,1016.0
30,328,2678.0,1016.0
30,329,2678.0,1016.0
30,330,2678.0,1016.0
30,331,2678.0,1016.0
30,332,2678.0,1016.0
30,333,2678.0,1016.0
30,334,2678.0,1016.0
30,335,2678.0,1016.0
30,336,2678.0,1016.0
30,337,2678.0,1016.0
30,338,2678.0,1016.0
30,339,2678.0,1016.0
30,340,2678.0,1016.0
30,341,2678.0,1016.0
30,342,2678.0,1016.0
30,343,2678.0,1016.0
30,344,2678.0,1016.0
30,345,2678.0,1016.0
30,346,2678.0,1016.0
30,347,2678.0,1016.0
30,348,2678.0,1016.0
30,349,2678.0,1016.0
30,350,2678.0,1016.0
30,351,2678.0,1016.0
30,352,2678.0,1016.0
30,353,2678.0,1016.0
30,354,2678.0,1016.0
30,355,2678.0,1016.0
30,356,2678.0,1016.0
30,357,2678.0,1016.0
30,358,2678.0,1016.0
30,359,2678.0,1016.0
31,0,2102.0,1356.0
31,1,2102.0,1356.0
31,2,2102.0,1356.0
31,3,2102.0,1356.0
31,4,2102.0,1356.0
31,5,2102.0,1356.0
31,6,2102.0,1356.0
31,7,2102.0,1356.0
31,8,2102.0,1356.0
31,9,2102.0,1356.0
31,10,2102.0,1356.0
31,11,2102.0,1356.0
31,12,2102.0,1356.0
31,13,2102.0,1356.0
31,14,2102.0,1356.0
31,15,2102.0,1356.0
31,16,2102.0,1356.0
31,17,2102.0,1356.0
31,18,2102.0,1356.0
31,19,2102.0,1356.0
31,20,2102.0,1356.0
31,21,2102.0,1356.0
31,22,2102.0,1356.0
31,23,2102.0,1356.0
31,24,2102.0,1356.0
31,25,2102.0,1356.0
31,26,2102.0,1356.0
31,27,2102.0,1356.0
31,28,2102.0,1356.0
31,29,2102.0,1356.0
31,30,2102.0,1356.0
31,31,2102.0,1356.0
31,32,2102.0,1356.0
31,33,2102.0,1356.0
31,34,2102.0,1356.0
31,35,2102.0,1356.0
31,36,2102.0,1356.0
31,37,2102.0,1356.0
31,38,2102.0,1356.0
31,39,2102.0,1356.0
31,40,2102.0,1356.0
31,41,2102.0,1356.0
31,42,2102.0,1356.0
31,43,2102.0,1356.0
31,44,2102.0,1356.0
31,45,2102.0,1356.0
31,46,2102.0,1356.0
31,47,2102.0,1356.0
31,48,2102.0,1356.0
31,49,2102.0,1356.0
31,50,2102.0,1356.0
31,51,2102.0,1356.0
31,52,2102.0,1356.0
31,53,2102.0,1356.0
31,54,2102.0,1356.0
31,55,2102.0,1356.0
31,56,2102.0,1356.0
31,57,2102.0,1356.0
31,58,2102.0,1356.0
31,59,2102.0,1356.0
31,60,2102.0,1356.0
31,61,2102.0,1356.0
31,62,2102.0,1356.0
31,63,2102.0,1356.0
31,64,2102.0,1356.0
31,65,2102.0,1356.0
31,66,2102.0,1356.0
31,67,2102.0,1356.0
31,68,2102.0,1356.0
31,69,2102.0,1356.0
31,70,2102.0,1356.0
31,71,2102.0,1356.0
31,72,2102.0,1356.0
31,73,2102.0,1356.0
31,74,2102.0,1356.0
31,75,2102.0,1356.0
31,76,2102.0,1356.0
31,77,2102.0,1356.0
31,78,2102.0,1356.0
31,79,2102.0,1356.0
31,80,2102.0,1356.0
31,81,2102.0,1356.0
31,82,2102.0,1356.0
31,83,2102.0,1356.0
31,84,2102.0,1356.0
31,85,2102.0,1356.0
31,86,2102.0,1356.0
31,87,2102.0,1356.0
31,88,2102.0,1356.0
31,89,2102.0,1356.0
31,90,2102.0,1356.0
31,91,2102.0,1356.0
31,92,2102.0,1356.0
31,93,2102.0,1356.0
31,94,2102.0,1356.0
31,95,2102.0,1356.0
31,96,2102.0,1356.0
31,97,2102.0,1356.0
31,98,2102.0,1356.0
31,99,2102.0,1356.0
31,100,2102.0,1356.0
31,101,2102.0,1356.0
31,102,2102.0,1356.0
31,103,2102.0,1356.0
31,104,2102.0,1356.0
31,105,2102.0,1356.0
31,106,2102.0,1356.0
31,107,2102.0,1356.0
31,108,2102.0,1356.0
31,109,2102.0,1356.0
31,110,2102.0,1356.0
31,111,2102.0,1356.0
31,112,2102.0,1356.0
31,113,2102.0,1356.0
31,114,2102.0,1356.0
31,115,2102.0,1356.0
31,116,2102.0,1356.0
31,117,2102.0,1356.0
31,118,2102.0,1356.0
31,119,2102.0,1356.0
31,120,2102.0,1356.0
31,121,2102.0,1356.0
31,122,2102.0,1356.0
31,123,2102.0,1356.0
31,124,2102.0,1356.0
31,125,2102.0,1356.0
31,126,2102.0,1356.0
31,127,2102.0,1356.0
31,128,2102.0,1356.0
31,129,2102.0,1356.0
31,130,2102.0,1356.0
31,131,2102.0,1356.0
31,132,2102.0,1356.0
31,133,2102.0,1356.0
31,134,2102.0,1356.0
31,135,2102.0,1356.0
31,136,2102.0,1356.0
31,137,2102.0,1356.0
31,138,2102.0,1356.0
31,139,2102.0,1356.0
31,140,2102.0,1356.0
31,141,2102.0,1356.0
31,142,2102.0,1356.0
31,143,2102.0,1356.0
31,144,2102.0,1356.0
31,145,2102.0,1356.0
31,146,2102.0,1356.0
31,147,2102.0,1356.0
31,148,2102.0,1356.0
31,149,2102.0,1356.0
31,150,2102.0,1356.0
31,151,2102.0,1356.0
31,152,2102.0,1356.0
31,153,2102.0,1356.0
31,154,2102.0,1356.0
31,155,2102.0,1356.0
31,156,2102.0,1356.0
31,157,2102.0,1356.0
31,158,2102.0,1356.0
31,159,2102.0,1356.0
31,160,2102.0,1356.0
31,161,2102.0,1356.0
31,162,2102.0,1356.0
31,163,2102.0,1356.0
31,164,2102.0,1356.0
31,165,2102.0,1356.0
31,166,2102.0,1356.0
31,167,2102.0,1356.0
31,168,2102.0,1356.0
31,169,2102.0,1356.0
31,170,2102.0,1356.0
31,171,2102.0,1356.0
31,172,2102.0,1356.0
31,173,2102.0,1356.0
31,174,2102.0,1356.0
31,175,2102.0,1356.0
31,176,2102.0,1356.0
31,177,2102.0,1356.0
31,178,2102.0,1356.0
31,179,2102.0,1356.0
31,180,2102.0,1356.0
31,181,2102.0,1356.0
31,182,2102.0,1356.0
31,183,2102.0,1356.0
31,184,2102.0,1356.0
31,185,2102.0,1356.0
31,186,2102.0,1356.0
31,187,2102.0,1356.0
31,188,2102.0,1356.0
31,189,2102.0,1356.0
31,190,2102.0,1356.0
31,191,2102.0,1356.0
31,192,2102.0,1356.0
31,193,2102.0,1356.0
31,194,2102.0,1356.0
31,195,2102.0,1356.0
31,196,2102.0,1356.0
31,197,2102.0,1356.0
31,198,2102.0,1356.0
31,199,2102.0,1356.0
31,200,2102.0,1356.0
31,201,2102.0,1356.0
31,202,2102.0,1356.0
31,203,2102.0,1356.0
31,204,2102.0,1356.0
31,205,2102.0,1356.0
31,206,2102.0,1356.0
31,207,2102.0,1356.0
31,208,2102.0,1356.0
31,209,2102.0,1356.0
31,210,2102.0,1356.0
31,211,2102.0,1356.0
31,212,2102.0,1356.0
31,213,2102.0,1356.0
31,214,2102.0,1356.0
31,215,2102.0,1356.0
31,216,2102.0,1356.0
31,217,2102.0,1356.0
31,218,2102.0,1356.0
31,219,2102.0,1356.0
31,220,2102.0,1356.0
31,221,2102.0,1356.0
31,222,2102.0,1356.0
31,223,2102.0,1356.0
31,224,2102.0,1356.0
31,225,2102.0,1356.0
31,226,2102.0,1356.0
31,227,2102.0,1356.0
31,228,2102.0,1356.0
31,229,2102.0,1356.0
31,230,2102.0,1356.0
31,231,2102.0,1356.0
31,232,2102.0,1356.0
31,233,2102.0,1356.0
31,234,2102.0,1356.0
31,235,2102.0,1356.0
31,236,2102.0,1356.0
31,237,2102.0,1356.0
31,238,2102.0,1356.0
31,239,2102.0,1356.0
31,240,2102.0,1356.0
31,241,2102.0,1356.0
31,242,2102.0,1356.0
31,243,2102.0,1356.0
31,244,2102.0,1356.0
31,245,2102.0,1356.0
31,246,2102.0,1356.0
31,247,2102.0,1356.0
31,248,2102.0,1356.0
31,249,2102.0,1356.0
31,250,2102.0,1356.0
31,251,2102.0,1356.0
31,252,2102.0,1356.0
31,253,2102.0,1356.0
31,254,2102.0,1356.0
31,255,2102.0,1356.0
31,256,2102.0,1356.0
31,257,2102.0,1356.0
31,258,2102.0,1356.0
31,259,2102.0,1356.0
31,260,2102.0,1356.0
31,261,2102.0,1356.0
31,262,2102.0,1356.0
31,263,2102.0,1356.0
31,264,2102.0,1356.0
31,265,2102.0,1356.0
31,266,2102.0,1356.0
31,267,2102.0,1356.0
31,268,2102.0,1356.0
31,269,2102.0,1356.0
31,270,2102.0,1356.0
31,271,2102.0,1356.0
31,272,2102.0,1356.0
31,273,2102.0,1356.0
31,274,2102.0,1356.0
31,275,2102.0,1356.0
31,276,2102.0,1356.0
31,277,2102.0,1356.0
31,278,2102.0,1356.0
31,279,2102.0,1356.0
31,280,2102.0,1356.0
31,281,2102.0,1356.0
31,282,2102.0,1356.0
31,283,2102.0,1356.0
31,284,2102.0,1356.0
31,285,2102.0,1356.0
31,286,2102.0,1356.0
31,287,2102.0,1356.0
31,288,2102.0,1356.0
31,289,2102.0,1356.0
31,290,2102.0,1356.0
31,291,2102.0,1356.0
31,292,2102.0,1356.0
31,293,2102.0,1356.0
31,294,2102.0,1356.0
31,295,2102.0,1356.0
31,296,2102.0,1356.0
31,297,2102.0,1356.0
31,298,2102.0,1356.0
31,299,2102.0,1356.0
31,300,2102.0,1356.0
31,301,2102.0,1356.0
31,302,2102.0,1356.0
31,303,2102.0,1356.0
31,304,2102.0,1356.0
31,305,2102.0,1356.0
31,306,2102.0,1356.0
31,307,2102.0,1356.0
31,308,2102.0,1356.0
31,309,2102.0,1356.0
31,310,2102.0,1356.0
31,311,2102.0,1356.0
31,312,2102.0,1356.0
31,313,2102.0,1356.0
31,314,2102.0,1356.0
31,315,2102.0,1356.0
31,316,2102.0,1356.0
31,317,2102.0,1356.0
31,318,2102.0,1356.0
31,319,2102.0,1356.0
31,320,2102.0,1356.0
31,321,2102.0,1356.0
31,322,2102.0,1356.0
31,323,2102.0,1356.0
31,324,2102.0,1356.0
31,325,2102.0,1356.0
31,326,2102.0,1356.0
31,327,2102.0,1356.0
31,328,2102.0,1356.0
31,329,2102.0,1356.0
31,330,2102.0,1356.0
31,331,2102.0,1356.0
31,332,2102.0,1356.0
31,333,2102.0,1356.0
31,334,2102.0,1356.0
31,335,2102.0,1356.0
31,336,2102.0,1356.0
31,337,2102.0,1356.0
31,338,2102.0,1356.0
31,339,2102.0,1356.0
31,340,2102.0,1356.0
31,341,2102.0,1356.0
31,342,2102.0,1356.0
31,343,2102.0,1356.0
31,344,2102.0,1356.0
31,345,2102.0,1356.0
31,346,2102.0,1356.0
31,347,2102.0,1356.0
31,348,2102.0,1356.0
31,349,2102.0,1356.0
31,350,2102.0,1356.0
31,351,2102.0,1356.0
31,352,2102.0,1356.0
31,353,2102.0,1356.0
31,354,2102.0,1356.0
31,355,2102.0,1356.0
31,356,2102.0,1356.0
31,357,2102.0,1356.0
31,358,2102.0,1356.0
31,359,2102.0,1356.0
32,0,1189.0,1401.0
32,1,1189.0,1401.0
32,2,1189.0,1401.0
32,3,1189.0,1401.0
32,4,1189.0,1401.0
32,5,1189.0,1401.0
32,6,1189.0,1401.0
32,7,1189.0,1401.0
32,8,1189.0,1401.0
32,9,1189.0,1401.0
32,10,1189.0,1401.0
32,11,1189.0,1401.0
32,12,1189.0,1401.0
32,13,1189.0,1401.0
32,14,1189.0,1401.0
32,15,1189.0,1401.0
32,16,1189.0,1401.0
32,17,1189.0,1401.0
32,18,1189.0,1401.0
32,19,1189.0,1401.0
32,20,1189.0,1401.0
32,21,1189.0,1401.0
32,22,1189.0,1401.0
32,23,1189.0,1401.0
32,24,1189.0,1401.0
32,25,1189.0,1401.0
32,26,1189.0,1401.0
32,27,1189.0,1401.0
32,28,1189.0,1401.0
32,29,1189.0,1401.0
32,30,1189.0,1401.0
32,31,1189.0,1401.0
32,32,1189.0,1401.0
32,33,1189.0,1401.0
32,34,1189.0,1401.0
32,35,1189.0,1401.0
32,36,1189.0,1401.0
32,37,1189.0,1401.0
32,38,1189.0,1401.0
32,39,1189.0,1401.0
32,40,1189.0,1401.0
32,41,1189.0,1401.0
32,42,1189.0,1401.0
32,43,1189.0,1401.0
32,44,1189.0,1401.0
32,45,1189.0,1401.0
32,46,1189.0,1401.0
32,47,1189.0,1401.0
32,48,1189.0,1401.0
32,49,1189.0,1401.0
32,50,1189.0,1401.0
32,51,1189.0,1401.0
32,52,1189.0,1401.0
32,53,1189.0,1401.0
32,54,1189.0,1401.0
32,55,1189.0,1401.0
32,56,1189.0,1401.0
32,57,1189.0,1401.0
32,58,1189.0,1401.0
32,59,1189.0,1401.0
32,60,1189.0,1401.0
32,61,1189.0,1401.0
32,62,1189.0,1401.0
32,63,1189.0,1401.0
32,64,1189.0,1401.0
32,65,1189.0,1401.0
32,66,1189.0,1401.0
32,67,1189.0,1401.0
32,68,1189.0,1401.0
32,69,1189.0,1401.0
32,70,1189.0,1401.0
32,71,1189.0,1401.0
32,72,1189.0,1401.0
32,73,1189.0,1401.0
32,74,1189.0,1401.0
32,75,1189.0,1401.0
32,76,1189.0,1401.0
32,77,1189.0,1401.0
32,78,1189.0,1401.0
32,79,1189.0,1401.0
32,80,1189.0,1401.0
32,81,1189.0,1401.0
32,82,1189.0,1401.0
32,83,1189.0,1401.0
32,84,1189.0,1401.0
32,85,1189.0,1401.0
32,86,1189.0,1401.0
32,87,1189.0,1401.0
32,88,1189.0,1401.0
32,89,1189.0,1401.0
32,90,1189.0,1401.0
32,91,1189.0,1401.0
32,92,1189.0,1401.0
32,93,1189.0,1401.0
32,94,1189.0,1401.0
32,95,1189.0,1401.0
32,96,1189.0,1401.0
32,97,1189.0,1401.0
32,98,1189.0,1401.0
32,99,1189.0,1401.0
32,100,1189.0,1401.0
32,101,1189.0,1401.0
32,102,1189.0,1401.0
32,103,1189.0,1401.0
32,104,1189.0,1401.0
32,105,1189.0,1401.0
32,106,1189.0,1401.0
32,107,1189.0,1401.0
32,108,1189.0,1401.0
32,109,1189.0,1401.0
32,110,1189.0,1401.0
32,111,1189.0,1401.0
32,112,1189.0,1401.0
32,113,1189.0,1401.0
32,114,1189.0,1401.0
32,115,1189.0,1401.0
32,116,1189.0,1401.0
32,117,1189.0,1401.0
32,118,1189.0,1401.0
32,119,1189.0,1401.0
32,120,1189.0,1401.0
32,121,1189.0,1401.0
32,122,1189.0,1401.0
32,123,1189.0,1401.0
32,124,1189.0,1401.0
32,125,1189.0,1401.0
32,126,1189.0,1401.0
32,127,1189.0,1401.0
32,128,1189.0,1401.0
32,129,1189.0,1401.0
32,130,1189.0,1401.0
32,131,1189.0,1401.0
32,132,1189.0,1401.0
32,133,1189.0,1401.0
32,134,1189.0,1401.0
32,135,1189.0,1401.0
32,136,1189.0,1401.0
32,137,1189.0,1401.0
32,138,1189.0,1401.0
32,139,1189.0,1401.0
32,140,1189.0,1401.0
32,141,1189.0,1401.0
32,142,1189.0,1401.0
32,143,1189.0,1401.0
32,144,1189.0,1401.0
32,145,1189.0,1401.0
32,146,1189.0,1401.0
32,147,1189.0,1401.0
32,148,1189.0,1401.0
32,149,1189.0,1401.0
32,150,1189.0,1401.0
32,151,1189.0,1401.0
32,152,1189.0,1401.0
32,153,1189.0,1401.0
32,154,1189.0,1401.0
32,155,1189.0,1401.0
32,156,1189.0,1401.0
32,157,1189.0,1401.0
32,158,1189.0,1401.0
32,159,1189.0,1401.0
32,160,1189.0,1401.0
32,161,1189.0,1401.0
32,162,1189.0,1401.0
32,163,1189.0,1401.0
32,164,1189.0,1401.0
32,165,1189.0,1401.0
32,166,1189.0,1401.0
32,167,1189.0,1401.0
32,168,1189.0,1401.0
32,169,1189.0,1401.0
32,170,1189.0,1401.0
32,171,1189.0,1401.0
32,172,1189.0,1401.0
32,173,1189.0,1401.0
32,174,1189.0,1401.0
32,175,1189.0,1401.0
32,176,1189.0,1401.0
32,177,1189.0,1401.0
32,178,1189.0,1401.0
32,179,1189.0,1401.0
32,180,1189.0,1401.0
32,181,1189.0,1401.0
32,182,1189.0,1401.0
32,183,1189.0,1401.0
32,184,1189.0,1401.0
32,185,1189.0,1401.0
32,186,1189.0,1401.0
32,187,1189.0,1401.0
32,188,1189.0,1401.0
32,189,1189.0,1401.0
32,190,1189.0,1401.0
32,191,1189.0,1401.0
32,192,1189.0,1401.0
32,193,1189.0,1401.0
32,194,1189.0,1401.0
32,195,1189.0,1401.0
32,196,1189.0,1401.0
32,197,1189.0,1401.0
32,198,1189.0,1401.0
32,199,1189.0,1401.0
32,200,1189.0,1401.0
32,201,1189.0,1401.0
32,202,1189.0,1401.0
32,203,1189.0,1401.0
32,204,1189.0,1401.0
32,205,1189.0,1401.0
32,206,1189.0,1401.0
32,207,1189.0,1401.0
32,208,1189.0,1401.0
32,209,1189.0,1401.0
32,210,1189.0,1401.0
32,211,1189.0,1401.0
32,212,1189.0,1401.0
32,213,1189.0,1401.0
32,214,1189.0,1401.0
32,215,1189.0,1401.0
32,216,1189.0,1401.0
32,217,1189.0,1401.0
32,218,1189.0,1401.0
32,219,1189.0,1401.0
32,220,1189.0,1401.0
32,221,1189.0,1401.0
32,222,1189.0,1401.0
32,223,1189.0,1401.0
32,224,1189.0,1401.0
32,225,1189.0,1401.0
32,226,1189.0,1401.0
32,227,1189.0,1401.0
32,228,1189.0,1401.0
32,229,1189.0,1401.0
32,230,1189.0,1401.0
32,231,1189.0,1401.0
32,232,1189.0,1401.0
32,233,1189.0,1401.0
32,234,1189.0,1401.0
32,235,1189.0,1401.0
32,236,1189.0,1401.0
32,237,1189.0,1401.0
32,238,1189.0,1401.0
32,239,1189.0,1401.0
32,240,1189.0,1401.0
32,241,1189.0,1401.0
32,242,1189.0,1401.0
32,243,1189.0,1401.0
32,244,1189.0,1401.0
32,245,1189.0,1401.0
32,246,1189.0,1401.0
32,247,1189.0,1401.0
32,248,1189.0,1401.0
32,249,1189.0,1401.0
32,250,1189.0,1401.0
32,251,1189.0,1401.0
32,252,1189.0,1401.0
32,253,1189.0,1401.0
32,254,1189.0,1401.0
32,255,1189.0,1401.0
32,256,1189.0,1401.0
32,257,1189.0,1401.0
32,258,1189.0,1401.0
32,259,1189.0,1401.0
32,260,1189.0,1401.0
32,261,1189.0,1401.0
32,262,1189.0,1401.0
32,263,1189.0,1401.0
32,264,1189.0,1401.0
32,265,1189.0,1401.0
32,266,1189.0,1401.0
32,267,1189.0,1401.0
32,268,1189.0,1401.0
32,269,1189.0,1401.0
32,270,1189.0,1401.0
32,271,1189.0,1401.0
32,272,1189.0,1401.0
32,273,1189.0,1401.0
32,274,1189.0,1401.0
32,275,1189.0,1401.0
32,276,1189.0,1401.0
32,277,1189.0,1401.0
32,278,1189.0,1401.0
32,279,1189.0,1401.0
32,280,1189.0,1401.0
32,281,1189.0,1401.0
32,282,1189.0,1401.0
32,283,1189.0,1401.0
32,284,1189.0,1401.0
32,285,1189.0,1401.0
32,286,1189.0,1401.0
32,287,1189.0,1401.0
32,288,1189.0,1401.0
32,289,1189.0,1401.0
32,290,1189.0,1401.0
32,291,1189.0,1401.0
32,292,1189.0,1401.0
32,293,1189.0,1401.0
32,294,1189.0,1401.0
32,295,1189.0,1401.0
32,296,1189.0,1401.0
32,297,1189.0,1401.0
32,298,1189.0,1401.0
32,299,1189.0,1401.0
32,300,1189.0,1401.0
32,301,1189.0,1401.0
32,302,1189.0,1401.0
32,303,1189.0,1401.0
32,304,1189.0,1401.0
32,305,1189.0,1401.0
32,306,1189.0,1401.0
32,307,1189.0,1401.0
32,308,1189.0,1401.0
32,309,1189.0,1401.0
32,310,1189.0,1401.0
32,311,1189.0,1401.0
32,312,1189.0,1401.0
32,313,1189.0,1401.0
32,314,1189.0,1401.0
32,315,1189.0,1401.0
32,316,1189.0,1401.0
32,317,1189.0,1401.0
32,318,1189.0,1401.0
32,319,1189.0,1401.0
32,320,1189.0,1401.0
32,321,1189.0,1401.0
32,322,1189.0,1401.0
32,323,1189.0,1401.0
32,324,1189.0,1401.0
32,325,1189.0,1401.0
32,326,1189.0,1401.0
32,327,1189.0,1401.0
32,328,1189.0,1401.0
32,329,1189.0,1401.0
32,330,1189.0,1401.0
32,331,1189.0,1401.0
32,332,1189.0,1401.0
32,333,1189.0,1401.0
32,334,1189.0,1401.0
32,335,1189.0,1401.0
32,336,1189.0,1401.0
32,337,1189.0,1401.0
32,338,1189.0,1401.0
32,339,1189.0,1401.0
32,340,1189.0,1401.0
32,341,1189.0,1401.0
32,342,1189.0,1401.0
32,343,1189.0,1401.0
32,344,1189.0,1401.0
32,345,1189.0,1401.0
32,346,1189.0,1401.0
32,347,1189.0,1401.0
32,348,1189.0,1401.0
32,349,1189.0,1401.0
32,350,1189.0,1401.0
32,351,1189.0,1401.0
32,352,1189.0,1401.0
32,353,1189.0,1401.0
32,354,1189.0,1401.0
32,355,1189.0,1401.0
32,356,1189.0,1401.0
32,357,1189.0,1401.0
32,358,1189.0,1401.0
32,359,1189.0,1401.0
33,0,2169.0,1697.0
33,1,2169.0,1697.0
33,2,2169.0,1697.0
33,3,2169.0,1697.0
33,4,2169.0,1697.0
33,5,2169.0,1697.0
33,6,2169.0,1697.0
33,7,2169.0,1697.0
33,8,2169.0,1697.0
33,9,2169.0,1697.0
33,10,2169.0,1697.0
33,11,2169.0,1697.0
33,12,2169.0,1697.0
33,13,2169.0,1697.0
33,14,2169.0,1697.0
33,15,2169.0,1697.0
33,16,2169.0,1697.0
33,17,2169.0,1697.0
33,18,2169.0,1697.0
33,19,2169.0,1697.0
33,20,2169.0,1697.0
33,21,2169.0,1697.0
33,22,2169.0,1697.0
33,23,2169.0,1697.0
33,24,2169.0,1697.0
33,25,2169.0,1697.0
33,26,2169.0,1697.0
33,27,2169.0,1697.0
33,28,2169.0,1697.0
33,29,2169.0,1697.0
33,30,2169.0,1697.0
33,31,2169.0,1697.0
33,32,2169.0,1697.0
33,33,2169.0,1697.0
33,34,2169.0,1697.0
33,35,2169.0,1697.0
33,36,2169.0,1697.0
33,37,2169.0,1697.0
33,38,2169.0,1697.0
33,39,2169.0,1697.0
33,40,2169.0,1697.0
33,41,2169.0,1697.0
33,42,2169.0,1697.0
33,43,2169.0,1697.0
33,44,2169.0,1697.0
33,45,2169.0,1697.0
33,46,2169.0,1697.0
33,47,2169.0,1697.0
33,48,2169.0,1697.0
33,49,2169.0,1697.0
33,50,2169.0,1697.0
33,51,2169.0,1697.0
33,52,2169.0,1697.0
33,53,2169.0,1697.0
33,54,2169.0,1697.0
33,55,2169.0,1697.0
33,56,2169.0,1697.0
33,57,2169.0,1697.0
33,58,2169.0,1697.0
33,59,2169.0,1697.0
33,60,2169.0,1697.0
33,61,2169.0,1697.0
33,62,2169.0,1697.0
33,63,2169.0,1697.0
33,64,2169.0,1697.0
33,65,2169.0,1697.0
33,66,2169.0,1697.0
33,67,2169.0,1697.0
33,68,2169.0,1697.0
33,69,2169.0,1697.0
33,70,2169.0,1697.0
33,71,2169.0,1697.0
33,72,2169.0,1697.0
33,73,2169.0,1697.0
33,74,2169.0,1697.0
33,75,2169.0,1697.0
33,76,2169.0,1697.0
33,77,2169.0,1697.0
33,78,2169.0,1697.0
33,79,2169.0,1697.0
33,80,2169.0,1697.0
33,81,2169.0,1697.0
33,82,2169.0,1697.0
33,83,2169.0,1697.0
33,84,2169.0,1697.0
33,85,2169.0,1697.0
33,86,2169.0,1697.0
33,87,2169.0,1697.0
33,88,2169.0,1697.0
33,89,2169.0,1697.0
33,90,2169.0,1697.0
33,91,2169.0,1697.0
33,92,2169.0,1697.0
33,93,2169.0,1697.0
33,94,2169.0,1697.0
33,95,2169.0,1697.0
33,96,2169.0,1697.0
33,97,2169.0,1697.0
33,98,2169.0,1697.0
33,99,2169.0,1697.0
33,100,2169.0,1697.0
33,101,2169.0,1697.0
33,102,2169.0,1697.0
33,103,2169.0,1697.0
33,104,2169.0,1697.0
33,105,2169.0,1697.0
33,106,2169.0,1697.0
33,107,2169.0,1697.0
33,108,2169.0,1697.0
33,109,2169.0,1697.0
33,110,2169.0,1697.0
33,111,2169.0,1697.0
33,112,2169.0,1697.0
33,113,2169.0,1697.0
33,114,2169.0,1697.0
33,115,2169.0,1697.0
33,116,2169.0,1697.0
33,117,2169.0,1697.0
33,118,2169.0,1697.0
33,119,2169.0,1697.0
33,120,2169.0,1697.0
33,121,2169.0,1697.0
33,122,2169.0,1697.0
33,123,2169.0,1697.0
33,124,2169.0,1697.0
33,125,2169.0,1697.0
33,126,2169.0,1697.0
33,127,2169.0,1697.0
33,128,2169.0,1697.0
33,129,2169.0,1697.0
33,130,2169.0,1697.0
33,131,2169.0,1697.0
33,132,2169.0,1697.0
33,133,2169.0,1697.0
33,134,2169.0,1697.0
33,135,2169.0,1697.0
33,136,2169.0,1697.0
33,137,2169.0,1697.0
33,138,2169.0,1697.0
33,139,2169.0,1697.0
33,140,2169.0,1697.0
33,141,2169.0,1697.0
33,142,2169.0,1697.0
33,143,2169.0,1697.0
33,144,2169.0,1697.0
33,145,2169.0,1697.0
33,146,2169.0,1697.0
33,147,2169.0,1697.0
33,148,2169.0,1697.0
33,149,2169.0,1697.0
33,150,2169.0,1697.0
33,151,2169.0,1697.0
33,152,2169.0,1697.0
33,153,2169.0,1697.0
33,154,2169.0,1697.0
33,155,2169.0,1697.0
33,156,2169.0,1697.0
33,157,2169.0,1697.0
33,158,2169.0,1697.0
33,159,2169.0,1697.0
33,160,2169.0,1697.0
33,161,2169.0,1697.0
33,162,2169.0,1697.0
33,163,2169.0,1697.0
33,164,2169.0,1697.0
33,165,2169.0,1697.0
33,166,2169.0,1697.0
33,167,2169.0,1697.0
33,168,2169.0,1697.0
33,169,2169.0,1697.0
33,170,2169.0,1697.0
33,171,2169.0,1697.0
33,172,2169.0,1697.0
33,173,2169.0,1697.0
33,174,2169.0,1697.0
33,175,2169.0,1697.0
33,176,2169.0,1697.0
33,177,2169.0,1697.0
33,178,2169.0,1697.0
33,179,2169.0,1697.0
33,180,2169.0,1697.0
33,181,2169.0,1697.0
33,182,2169.0,1697.0
33,183,2169.0,1697.0
33,184,2169.0,1697.0
33,185,2169.0,1697.0
33,186,2169.0,1697.0
33,187,2169.0,1697.0
33,188,2169.0,1697.0
33,189,2169.0,1697.0
33,190,2169.0,1697.0
33,191,2169.0,1697.0
33,192,2169.0,1697.0
33,193,2169.0,1697.0
33,194,2169.0,1697.0
33,195,2169.0,1697.0
33,196,2169.0,1697.0
33,197,2169.0,1697.0
33,198,2169.0,1697.0
33,199,2169.0,1697.0
33,200,2169.0,1697.0
33,201,2169.0,1697.0
33,202,2169.0,1697.0
33,203,2169.0,1697.0
33,204,2169.0,1697.0
33,205,2169.0,1697.0
33,206,2169.0,1697.0
33,207,2169.0,1697.0
33,208,2169.0,1697.0
33,209,2169.0,1697.0
33,210,2169.0,1697.0
33,211,2169.0,1697.0
33,212,2169.0,1697.0
33,213,2169.0,1697.0
33,214,2169.0,1697.0
33,215,2169.0,1697.0
33,216,2169.0,1697.0
33,217,2169.0,1697.0
33,218,2169.0,1697.0
33,219,2169.0,1697.0
33,220,2169.0,1697.0
33,221,2169.0,1697.0
33,222,2169.0,1697.0
33,223,2169.0,1697.0
33,224,2169.0,1697.0
33,225,2169.0,1697.0
33,226,2169.0,1697.0
33,227,2169.0,1697.0
33,228,2169.0,1697.0
33,229,2169.0,1697.0
33,230,2169.0,1697.0
33,231,2169.0,1697.0
33,232,2169.0,1697.0
33,233,2169.0,1697.0
33,234,2169.0,1697.0
33,235,2169.0,1697.0
33,236,2169.0,1697.0
33,237,2169.0,1697.0
33,238,2169.0,1697.0
33,239,2169.0,1697.0
33,240,2169.0,1697.0
33,241,2169.0,1697.0
33,242,2169.0,1697.0
33,243,2169.0,1697.0
33,244,2169.0,1697.0
33,245,2169.0,1697.0
33,246,2169.0,1697.0
33,247,2169.0,1697.0
33,248,2169.0,1697.0
33,249,2169.0,1697.0
33,250,2169.0,1697.0
33,251,2169.0,1697.0
33,252,2169.0,1697.0
33,253,2169.0,1697.0
33,254,2169.0,1697.0
33,255,2169.0,1697.0
33,256,2169.0,1697.0
33,257,2169.0,1697.0
33,258,2169.0,1697.0
33,259,2169.0,1697.0
33,260,2169.0,1697.0
33,261,2169.0,1697.0
33,262,2169.0,1697.0
33,263,2169.0,1697.0
33,264,2169.0,1697.0
33,265,2169.0,1697.0
33,266,2169.0,1697.0
33,267,2169.0,1697.0
33,268,2169.0,1697.0
33,269,2169.0,1697.0
33,270,2169.0,1697.0
33,271,2169.0,1697.0
33,272,2169.0,1697.0
33,273,2169.0,1697.0
33,274,2169.0,1697.0
33,275,2169.0,1697.0
33,276,2169.0,1697.0
33,277,2169.0,1697.0
33,278,2169.0,1697.0
33,279,2169.0,1697.0
33,280,2169.0,1697.0
33,281,2169.0,1697.0
33,282,2169.0,1697.0
33,283,2169.0,1697.0
33,284,2169.0,1697.0
33,285,2169.0,1697.0
33,286,2169.0,1697.0
33,287,2169.0,1697.0
33,288,2169.0,1697.0
33,289,2169.0,1697.0
33,290,2169.0,1697.0
33,291,2169.0,1697.0
33,292,2169.0,1697.0
33,293,2169.0,1697.0
33,294,2169.0,1697.0
33,295,2169.0,1697.0
33,296,2169.0,1697.0
33,297,2169.0,1697.0
33,298,2169.0,1697.0
33,299,2169.0,1697.0
33,300,2169.0,1697.0
33,301,2169.0,1697.0
33,302,2169.0,1697.0
33,303,2169.0,1697.0
33,304,2169.0,1697.0
33,305,2169.0,1697.0
33,306,2169.0,1697.0
33,307,2169.0,1697.0
33,308,2169.0,1697.0
33,309,2169.0,1697.0
33,310,2169.0,1697.0
33,311,2169.0,1697.0
33,312,2169.0,1697.0
33,313,2169.0,1697.0
33,314,2169.0,1697.0
33,315,2169.0,1697.0
33,316,2169.0,1697.0
33,317,2169.0,1697.0
33,318,2169.0,1697.0
33,319,2169.0,1697.0
33,320,2169.0,1697.0
33,321,2169.0,1697.0
33,322,2169.0,1697.0
33,323,2169.0,1697.0
33,324,2169.0,1697.0
33,325,2169.0,1697.0
33,326,2169.0,1697.0
33,327,2169.0,1697.0
33,328,2169.0,1697.0
33,329,2169.0,1697.0
33,330,2169.0,1697.0
33,331,2169.0,1697.0
33,332,2169.0,1697.0
33,333,2169.0,1697.0
33,334,2169.0,1697.0
33,335,2169.0,1697.0
33,336,2169.0,1697.0
33,337,2169.0,1697.0
33,338,2169.0,1697.0
33,339,2169.0,1697.0
33,340,2169.0,1697.0
33,341,2169.0,1697.0
33,342,2169.0,1697.0
33,343,2169.0,1697.0
33,344,2169.0,1697.0
33,345,2169.0,1697.0
33,346,2169.0,1697.0
33,347,2169.0,1697.0
33,348,2169.0,1697.0
33,349,2169.0,1697.0
33,350,2169.0,1697.0
33,351,2169.0,1697.0
33,352,2169.0,1697.0
33,353,2169.0,1697.0
33,354,2169.0,1697.0
33,355,2169.0,1697.0
33,356,2169.0,1697.0
33,357,2169.0,1697.0
33,358,2169.0,1697.0
33,359,2169.0,1697.0
34,0,2454.0,1221.0
34,1,2454.0,1221.0
34,2,2454.0,1221.0
34,3,2454.0,1221.0
34,4,2454.0,1221.0
34,5,2454.0,1221.0
34,6,2454.0,1221.0
34,7,2454.0,1221.0
34,8,2454.0,1221.0
34,9,2454.0,1221.0
34,10,2454.0,1221.0
34,11,2454.0,1221.0
34,12,2454.0,1221.0
34,13,2454.0,1221.0
34,14,2454.0,1221.0
34,15,2454.0,1221.0
34,16,2454.0,1221.0
34,17,2454.0,1221.0
34,18,2454.0,1221.0
34,19,2454.0,1221.0
34,20,2454.0,1221.0
34,21,2454.0,1221.0
34,22,2454.0,1221.0
34,23,2454.0,1221.0
34,24,2454.0,1221.0
34,25,2454.0,1221.0
34,26,2454.0,1221.0
34,27,2454.0,1221.0
34,28,2454.0,1221.0
34,29,2454.0,1221.0
34,30,2454.0,1221.0
34,31,2454.0,1221.0
34,32,2454.0,1221.0
34,33,2454.0,1221.0
34,34,2454.0,1221.0
34,35,2454.0,1221.0
34,36,2454.0,1221.0
34,37,2454.0,1221.0
34,38,2454.0,1221.0
34,39,2454.0,1221.0
34,40,2454.0,1221.0
34,41,2454.0,1221.0
34,42,2454.0,1221.0
34,43,2454.0,1221.0
34,44,2454.0,1221.0
34,45,2454.0,1221.0
34,46,2454.0,1221.0
34,47,2454.0,1221.0
34,48,2454.0,1221.0
34,49,2454.0,1221.0
34,50,2454.0,1221.0
34,51,2454.0,1221.0
34,52,2454.0,1221.0
34,53,2454.0,1221.0
34,54,2454.0,1221.0
34,55,2454.0,1221.0
34,56,2454.0,1221.0
34,57,2454.0,1221.0
34,58,2454.0,1221.0
34,59,2454.0,1221.0
34,60,2454.0,1221.0
34,61,2454.0,1221.0
34,62,2454.0,1221.0
34,63,2454.0,1221.0
34,64,2454.0,1221.0
34,65,2454.0,1221.0
34,66,2454.0,1221.0
34,67,2454.0,1221.0
34,68,2454.0,1221.0
34,69,2454.0,1221.0
34,70,2454.0,1221.0
34,71,2454.0,1221.0
34,72,2454.0,1221.0
34,73,2454.0,1221.0
34,74,2454.0,1221.0
34,75,2454.0,1221.0
34,76,2454.0,1221.0
34,77,2454.0,1221.0
34,78,2454.0,1221.0
34,79,2454.0,1221.0
34,80,2454.0,1221.0
34,81,2454.0,1221.0
34,82,2454.0,1221.0
34,83,2454.0,1221.0
34,84,2454.0,1221.0
34,85,2454.0,1221.0
34,86,2454.0,1221.0
34,87,2454.0,1221.0
34,88,2454.0,1221.0
34,89,2454.0,1221.0
34,90,2454.0,1221.0
34,91,2454.0,1221.0
34,92,2454.0,1221.0
34,93,2454.0,1221.0
34,94,2454.0,1221.0
34,95,2454.0,1221.0
34,96,2454.0,1221.0
34,97,2454.0,1221.0
34,98,2454.0,1221.0
34,99,2454.0,1221.0
34,100,2454.0,1221.0
34,101,2454.0,1221.0
34,102,2454.0,1221.0
34,103,2454.0,1221.0
34,104,2454.0,1221.0
34,105,2454.0,1221.0
34,106,2454.0,1221.0
34,107,2454.0,1221.0
34,108,2454.0,1221.0
34,109,2454.0,1221.0
34,110,2454.0,1221.0
34,111,2454.0,1221.0
34,112,2454.0,1221.0
34,113,2454.0,1221.0
34,114,2454.0,1221.0
34,115,2454.0,1221.0
34,116,2454.0,1221.0
34,117,2454.0,1221.0
34,118,2454.0,1221.0
34,119,2454.0,1221.0
34,120,2454.0,1221.0
34,121,2454.0,1221.0
34,122,2454.0,1221.0
34,123,2454.0,1221.0
34,124,2454.0,1221.0
34,125,2454.0,1221.0
34,126,2454.0,1221.0
34,127,2454.0,1221.0
34,128,2454.0,1221.0
34,129,2454.0,1221.0
34,130,2454.0,1221.0
34,131,2454.0,1221.0
34,132,2454.0,1221.0
34,133,2454.0,1221.0
34,134,2454.0,1221.0
34,135,2454.0,1221.0
34,136,2454.0,1221.0
34,137,2454.0,1221.0
34,138,2454.0,1221.0
34,139,2454.0,1221.0
34,140,2454.0,1221.0
34,141,2454.0,1221.0
34,142,2454.0,1221.0
34,143,2454.0,1221.0
34,144,2454.0,1221.0
34,145,2454.0,1221.0
34,146,2454.0,1221.0
34,147,2454.0,1221.0
34,148,2454.0,1221.0
34,149,2454.0,1221.0
34,150,2454.0,1221.0
34,151,2454.0,1221.0
34,152,2454.0,1221.0
34,153,2454.0,1221.0
34,154,2454.0,1221.0
34,155,2454.0,1221.0
34,156,2454.0,1221.0
34,157,2454.0,1221.0
34,158,2454.0,1221.0
34,159,2454.0,1221.0
34,160,2454.0,1221.0
34,161,2454.0,1221.0
34,162,2454.0,1221.0
34,163,2454.0,1221.0
34,164,2454.0,1221.0
34,165,2454.0,1221.0
34,166,2454.0,1221.0
34,167,2454.0,1221.0
34,168,2454.0,1221.0
34,169,2454.0,1221.0
34,170,2454.0,1221.0
34,171,2454.0,1221.0
34,172,2454.0,1221.0
34,173,2454.0,1221.0
34,174,2454.0,1221.0
34,175,2454.0,1221.0
34,176,2454.0,1221.0
34,177,2454.0,1221.0
34,178,2454.0,1221.0
34,179,2454.0,1221.0
34,180,2454.0,1221.0
34,181,2454.0,1221.0
34,182,2454.0,1221.0
34,183,2454.0,1221.0
34,184,2454.0,1221.0
34,185,2454.0,1221.0
34,186,2454.0,1221.0
34,187,2454.0,1221.0
34,188,2454.0,1221.0
34,189,2454.0,1221.0
34,190,2454.0,1221.0
34,191,2454.0,1221.0
34,192,2454.0,1221.0
34,193,2454.0,1221.0
34,194,2454.0,1221.0
34,195,2454.0,1221.0
34,196,2454.0,1221.0
34,197,2454.0,1221.0
34,198,2454.0,1221.0
34,199,2454.0,1221.0
34,200,2454.0,1221.0
34,201,2454.0,1221.0
34,202,2454.0,1221.0
34,203,2454.0,1221.0
34,204,2454.0,1221.0
34,205,2454.0,1221.0
34,206,2454.0,1221.0
34,207,2454.0,1221.0
34,208,2454.0,1221.0
34,209,2454.0,1221.0
34,210,2454.0,1221.0
34,211,2454.0,1221.0
34,212,2454.0,1221.0
34,213,2454.0,1221.0
34,214,2454.0,1221.0
34,215,2454.0,1221.0
34,216,2454.0,1221.0
34,217,2454.0,1221.0
34,218,2454.0,1221.0
34,219,2454.0,1221.0
34,220,2454.0,1221.0
34,221,2454.0,1221.0
34,222,2454.0,1221.0
34,223,2454.0,1221.0
34,224,2454.0,1221.0
34,225,2454.0,1221.0
34,226,2454.0,1221.0
34,227,2454.0,1221.0
34,228,2454.0,1221.0
34,229,2454.0,1221.0
34,230,2454.0,1221.0
34,231,2454.0,1221.0
34,232,2454.0,1221.0
34,233,2454.0,1221.0
34,234,2454.0,1221.0
34,235,2454.0,1221.0
34,236,2454.0,1221.0
34,237,2454.0,1221.0
34,238,2454.0,1221.0
34,239,2454.0,1221.0
34,240,2454.0,1221.0
34,241,2454.0,1221.0
34,242,2454.0,1221.0
34,243,2454.0,1221.0
34,244,2454.0,1221.0
34,245,2454.0,1221.0
34,246,2454.0,1221.0
34,247,2454.0,1221.0
34,248,2454.0,1221.0
34,249,2454.0,1221.0
34,250,2454.0,1221.0
34,251,2454.0,1221.0
34,252,2454.0,1221.0
34,253,2454.0,1221.0
34,254,2454.0,1221.0
34,255,2454.0,1221.0
34,256,2454.0,1221.0
34,257,2454.0,1221.0
34,258,2454.0,1221.0
34,259,2454.0,1221.0
34,260,2454.0,1221.0
34,261,2454.0,1221.0
34,262,2454.0,1221.0
34,263,2454.0,1221.0
34,264,2454.0,1221.0
34,265,2454.0,1221.0
34,266,2454.0,1221.0
34,267,2454.0,1221.0
34,268,2454.0,1221.0
34,269,2454.0,1221.0
34,270,2454.0,1221.0
34,271,2454.0,1221.0
34,272,2454.0,1221.0
34,273,2454.0,1221.0
34,274,2454.0,1221.0
34,275,2454.0,1221.0
34,276,2454.0,1221.0
34,277,2454.0,1221.0
34,278,2454.0,1221.0
34,279,2454.0,1221.0
34,280,2454.0,1221.0
34,281,2454.0,1221.0
34,282,2454.0,1221.0
34,283,2454.0,1221.0
34,284,2454.0,1221.0
34,285,2454.0,1221.0
34,286,2454.0,1221.0
34,287,2454.0,1221.0
34,288,2454.0,1221.0
34,289,2454.0,1221.0
34,290,2454.0,1221.0
34,291,2454.0,1221.0
34,292,2454.0,1221.0
34,293,2454.0,1221.0
34,294,2454.0,1221.0
34,295,2454.0,1221.0
34,296,2454.0,1221.0
34,297,2454.0,1221.0
34,298,2454.0,1221.0
34,299,2454.0,1221.0
34,300,2454.0,1221.0
34,301,2454.0,1221.0
34,302,2454.0,1221.0
34,303,2454.0,1221.0
34,304,2454.0,1221.0
34,305,2454.0,1221.0
34,306,2454.0,1221.0
34,307,2454.0,1221.0
34,308,2454.0,1221.0
34,309,2454.0,1221.0
34,310,2454.0,1221.0
34,311,2454.0,1221.0
34,312,2454.0,1221.0
34,313,2454.0,1221.0
34,314,2454.0,1221.0
34,315,2454.0,1221.0
34,316,2454.0,1221.0
34,317,2454.0,1221.0
34,318,2454.0,1221.0
34,319,2454.0,1221.0
34,320,2454.0,1221.0
34,321,2454.0,1221.0
34,322,2454.0,1221.0
34,323,2454.0,1221.0
34,324,2454.0,1221.0
34,325,2454.0,1221.0
34,326,2454.0,1221.0
34,327,2454.0,1221.0
34,328,2454.0,1221.0
34,329,2454.0,1221.0
34,330,2454.0,1221.0
34,331,2454.0,1221.0
34,332,2454.0,1221.0
34,333,2454.0,1221.0
34,334,2454.0,1221.0
34,335,2454.0,1221.0
34,336,2454.0,1221.0
34,337,2454.0,1221.0
34,338,2454.0,1221.0
34,339,2454.0,1221.0
34,340,2454.0,1221.0
34,341,2454.0,1221.0
34,342,2454.0,1221.0
34,343,2454.0,1221.0
34,344,2454.0,1221.0
34,345,2454.0,1221.0
34,346,2454.0,1221.0
34,347,2454.0,1221.0
34,348,2454.0,1221.0
34,349,2454.0,1221.0
34,350,2454.0,1221.0
34,351,2454.0,1221.0
34,352,2454.0,1221.0
34,353,2454.0,1221.0
34,354,2454.0,1221.0
34,355,2454.0,1221.0
34,356,2454.0,1221.0
34,357,2454.0,1221.0
34,358,2454.0,1221.0
34,359,2454.0,1221.0
35,0,1983.0,1435.0
35,1,1983.0,1435.0
35,2,1983.0,1435.0
35,3,1983.0,1435.0
35,4,1983.0,1435.0
35,5,1983.0,1435.0
35,6,1983.0,1435.0
35,7,1983.0,1435.0
35,8,1983.0,1435.0
35,9,1983.0,1435.0
35,10,1983.0,1435.0
35,11,1983.0,1435.0
35,12,1983.0,1435.0
35,13,1983.0,1435.0
35,14,1983.0,1435.0
35,15,1983.0,1435.0
35,16,1983.0,1435.0
35,17,1983.0,1435.0
35,18,1983.0,1435.0
35,19,1983.0,1435.0
35,20,1983.0,1435.0
35,21,1983.0,1435.0
35,22,1983.0,1435.0
35,23,1983.0,1435.0
35,24,1983.0,1435.0
35,25,1983.0,1435.0
35,26,1983.0,1435.0
35,27,1983.0,1435.0
35,28,1983.0,1435.0
35,29,1983.0,1435.0
35,30,1983.0,1435.0
35,31,1983.0,1435.0
35,32,1983.0,1435.0
35,33,1983.0,1435.0
35,34,1983.0,1435.0
35,35,1983.0,1435.0
35,36,1983.0,1435.0
35,37,1983.0,1435.0
35,38,1983.0,1435.0
35,39,1983.0,1435.0
35,40,1983.0,1435.0
35,41,1983.0,1435.0
35,42,1983.0,1435.0
35,43,1983.0,1435.0
35,44,1983.0,1435.0
35,45,1983.0,1435.0
35,46,1983.0,1435.0
35,47,1983.0,1435.0
35,48,1983.0,1435.0
35,49,1983.0,1435.0
35,50,1983.0,1435.0
35,51,1983.0,1435.0
35,52,1983.0,1435.0
35,53,1983.0,1435.0
35,54,1983.0,1435.0
35,55,1983.0,1435.0
35,56,1983.0,1435.0
35,57,1983.0,1435.0
35,58,1983.0,1435.0
35,59,1983.0,1435.0
35,60,1983.0,1435.0
35,61,1983.0,1435.0
35,62,1983.0,1435.0
35,63,1983.0,1435.0
35,64,1983.0,1435.0
35,65,1983.0,1435.0
35,66,1983.0,1435.0
35,67,1983.0,1435.0
35,68,1983.0,1435.0
35,69,1983.0,1435.0
35,70,1983.0,1435.0
35,71,1983.0,1435.0
35,72,1983.0,1435.0
35,73,1983.0,1435.0
35,74,1983.0,1435.0
35,75,1983.0,1435.0
35,76,1983.0,1435.0
35,77,1983.0,1435.0
35,78,1983.0,1435.0
35,79,1983.0,1435.0
35,80,1983.0,1435.0
35,81,1983.0,1435.0
35,82,1983.0,1435.0
35,83,1983.0,1435.0
35,84,1983.0,1435.0
35,85,1983.0,1435.0
35,86,1983.0,1435.0
35,87,1983.0,1435.0
35,88,1983.0,1435.0
35,89,1983.0,1435.0
35,90,1983.0,1435.0
35,91,1983.0,1435.0
35,92,1983.0,1435.0
35,93,1983.0,1435.0
35,94,1983.0,1435.0
35,95,1983.0,1435.0
35,96,1983.0,1435.0
35,97,1983.0,1435.0
35,98,1983.0,1435.0
35,99,1983.0,1435.0
35,100,1983.0,1435.0
35,101,1983.0,1435.0
35,102,1983.0,1435.0
35,103,1983.0,1435.0
35,104,1983.0,1435.0
35,105,1983.0,1435.0
35,106,1983.0,1435.0
35,107,1983.0,1435.0
35,108,1983.0,1435.0
35,109,1983.0,1435.0
35,110,1983.0,1435.0
35,111,1983.0,1435.0
35,112,1983.0,1435.0
35,113,1983.0,1435.0
35,114,1983.0,1435.0
35,115,1983.0,1435.0
35,116,1983.0,1435.0
35,117,1983.0,1435.0
35,118,1983.0,1435.0
35,119,1983.0,1435.0
35,120,1983.0,1435.0
35,121,1983.0,1435.0
35,122,1983.0,1435.0
35,123,1983.0,1435.0
35,124,1983.0,1435.0
35,125,1983.0,1435.0
35,126,1983.0,1435.0
35,127,1983.0,1435.0
35,128,1983.0,1435.0
35,129,1983.0,1435.0
35,130,1983.0,1435.0
35,131,1983.0,1435.0
35,132,1983.0,1435.0
35,133,1983.0,1435.0
35,134,1983.0,1435.0
35,135,1983.0,1435.0
35,136,1983.0,1435.0
35,137,1983.0,1435.0
35,138,1983.0,1435.0
35,139,1983.0,1435.0
35,140,1983.0,1435.0
35,141,1983.0,1435.0
35,142,1983.0,1435.0
35,143,1983.0,1435.0
35,144,1983.0,1435.0
35,145,1983.0,1435.0
35,146,1983.0,1435.0
35,147,1983.0,1435.0
35,148,1983.0,1435.0
35,149,1983.0,1435.0
35,150,1983.0,1435.0
35,151,1983.0,1435.0
35,152,1983.0,1435.0
35,153,1983.0,1435.0
35,154,1983.0,1435.0
35,155,1983.0,1435.0
35,156,1983.0,1435.0
35,157,1983.0,1435.0
35,158,1983.0,1435.0
35,159,1983.0,1435.0
35,160,1983.0,1435.0
35,161,1983.0,1435.0
35,162,1983.0,1435.0
35,163,1983.0,1435.0
35,164,1983.0,1435.0
35,165,1983.0,1435.0
35,166,1983.0,1435.0
35,167,1983.0,1435.0
35,168,1983.0,1435.0
35,169,1983.0,1435.0
35,170,1983.0,1435.0
35,171,1983.0,1435.0
35,172,1983.0,1435.0
35,173,1983.0,1435.0
35,174,1983.0,1435.0
35,175,1983.0,1435.0
35,176,1983.0,1435.0
35,177,1983.0,1435.0
35,178,1983.0,1435.0
35,179,1983.0,1435.0
35,180,1983.0,1435.0
35,181,1983.0,1435.0
35,182,1983.0,1435.0
35,183,1983.0,1435.0
35,184,1983.0,1435.0
35,185,1983.0,1435.0
35,186,1983.0,1435.0
35,187,1983.0,1435.0
35,188,1983.0,1435.0
35,189,1983.0,1435.0
35,190,1983.0,1435.0
35,191,1983.0,1435.0
35,192,1983.0,1435.0
35,193,1983.0,1435.0
35,194,1983.0,1435.0
35,195,1983.0,1435.0
35,196,1983.0,1435.0
35,197,1983.0,1435.0
35,198,1983.0,1435.0
35,199,1983.0,1435.0
35,200,1983.0,1435.0
35,201,1983.0,1435.0
35,202,1983.0,1435.0
35,203,1983.0,1435.0
35,204,1983.0,1435.0
35,205,1983.0,1435.0
35,206,1983.0,1435.0
35,207,1983.0,1435.0
35,208,1983.0,1435.0
35,209,1983.0,1435.0
35,210,1983.0,1435.0
35,211,1983.0,1435.0
35,212,1983.0,1435.0
35,213,1983.0,1435.0
35,214,1983.0,1435.0
35,215,1983.0,1435.0
35,216,1983.0,1435.0
35,217,1983.0,1435.0
35,218,1983.0,1435.0
35,219,1983.0,1435.0
35,220,1983.0,1435.0
35,221,1983.0,1435.0
35,222,1983.0,1435.0
35,223,1983.0,1435.0
35,224,1983.0,1435.0
35,225,1983.0,1435.0
35,226,1983.0,1435.0
35,227,1983.0,1435.0
35,228,1983.0,1435.0
35,229,1983.0,1435.0
35,230,1983.0,1435.0
35,231,1983.0,1435.0
35,232,1983.0,1435.0
35,233,1983.0,1435.0
35,234,1983.0,1435.0
35,235,1983.0,1435.0
35,236,1983.0,1435.0
35,237,1983.0,1435.0
35,238,1983.0,1435.0
35,239,1983.0,1435.0
35,240,1983.0,1435.0
35,241,1983.0,1435.0
35,242,1983.0,1435.0
35,243,1983.0,1435.0
35,244,1983.0,1435.0
35,245,1983.0,1435.0
35,246,1983.0,1435.0
35,247,1983.0,1435.0
35,248,1983.0,1435.0
35,249,1983.0,1435.0
35,250,1983.0,1435.0
35,251,1983.0,1435.0
35,252,1983.0,1435.0
35,253,1983.0,1435.0
35,254,1983.0,1435.0
35,255,1983.0,1435.0
35,256,1983.0,1435.0
35,257,1983.0,1435.0
35,258,1983.0,1435.0
35,259,1983.0,1435.0
35,260,1983.0,1435.0
35,261,1983.0,1435.0
35,262,1983.0,1435.0
35,263,1983.0,1435.0
35,264,1983.0,1435.0
35,265,1983.0,1435.0
35,266,1983.0,1435.0
35,267,1983.0,1435.0
35,268,1983.0,1435.0
35,269,1983.0,1435.0
35,270,1983.0,1435.0
35,271,1983.0,1435.0
35,272,1983.0,1435.0
35,273,1983.0,1435.0
35,274,1983.0,1435.0
35,275,1983.0,1435.0
35,276,1983.0,1435.0
35,277,1983.0,1435.0
35,278,1983.0,1435.0
35,279,1983.0,1435.0
35,280,1983.0,1435.0
35,281,1983.0,1435.0
35,282,1983.0,1435.0
35,283,1983.0,1435.0
35,284,1983.0,1435.0
35,285,1983.0,1435.0
35,286,1983.0,1435.0
35,287,1983.0,1435.0
35,288,1983.0,1435.0
35,289,1983.0,1435.0
35,290,1983.0,1435.0
35,291,1983.0,1435.0
35,292,1983.0,1435.0
35,293,1983.0,1435.0
35,294,1983.0,1435.0
35,295,1983.0,1435.0
35,296,1983.0,1435.0
35,297,1983.0,1435.0
35,298,1983.0,1435.0
35,299,1983.0,1435.0
35,300,1983.0,1435.0
35,301,1983.0,1435.0
35,302,1983.0,1435.0
35,303,1983.0,1435.0
35,304,1983.0,1435.0
35,305,1983.0,1435.0
35,306,1983.0,1435.0
35,307,1983.0,1435.0
35,308,1983.0,1435.0
35,309,1983.0,1435.0
35,310,1983.0,1435.0
35,311,1983.0,1435.0
35,312,1983.0,1435.0
35,313,1983.0,1435.0
35,314,1983.0,1435.0
35,315,1983.0,1435.0
35,316,1983.0,1435.0
35,317,1983.0,1435.0
35,318,1983.0,1435.0
35,319,1983.0,1435.0
35,320,1983.0,1435.0
35,321,1983.0,1435.0
35,322,1983.0,1435.0
35,323,1983.0,1435.0
35,324,1983.0,1435.0
35,325,1983.0,1435.0
35,326,1983.0,1435.0
35,327,1983.0,1435.0
35,328,1983.0,1435.0
35,329,1983.0,1435.0
35,330,1983.0,1435.0
35,331,1983.0,1435.0
35,332,1983.0,1435.0
35,333,1983.0,1435.0
35,334,1983.0,1435.0
35,335,1983.0,1435.0
35,336,1983.0,1435.0
35,337,1983.0,1435.0
35,338,1983.0,1435.0
35,339,1983.0,1435.0
35,340,1983.0,1435.0
35,341,1983.0,1435.0
35,342,1983.0,1435.0
35,343,1983.0,1435.0
35,344,1983.0,1435.0
35,345,1983.0,1435.0
35,346,1983.0,1435.0
35,347,1983.0,1435.0
35,348,1983.0,1435.0
35,349,1983.0,1435.0
35,350,1983.0,1435.0
35,351,1983.0,1435.0
35,352,1983.0,1435.0
35,353,1983.0,1435.0
35,354,1983.0,1435.0
35,355,1983.0,1435.0
35,356,1983.0,1435.0
35,357,1983.0,1435.0
35,358,1983.0,1435.0
35,359,1983.0,1435.0
36,0,1357.0,1617.0
36,1,1357.0,1617.0
36,2,1357.0,1617.0
36,3,1357.0,1617.0
36,4,1357.0,1617.0
36,5,1357.0,1617.0
36,6,1357.0,1617.0
36,7,1357.0,1617.0
36,8,1357.0,1617.0
36,9,1357.0,1617.0
36,10,1357.0,1617.0
36,11,1357.0,1617.0
36,12,1357.0,1617.0
36,13,1357.0,1617.0
36,14,1357.0,1617.0
36,15,1357.0,1617.0
36,16,1357.0,1617.0
36,17,1357.0,1617.0
36,18,1357.0,1617.0
36,19,1357.0,1617.0
36,20,1357.0,1617.0
36,21,1357.0,1617.0
36,22,1357.0,1617.0
36,23,1357.0,1617.0
36,24,1357.0,1617.0
36,25,1357.0,1617.0
36,26,1357.0,1617.0
36,27,1357.0,1617.0
36,28,1357.0,1617.0
36,29,1357.0,1617.0
36,30,1357.0,1617.0
36,31,1357.0,1617.0
36,32,1357.0,1617.0
36,33,1357.0,1617.0
36,34,1357.0,1617.0
36,35,1357.0,1617.0
36,36,1357.0,1617.0
36,37,1357.0,1617.0
36,38,1357.0,1617.0
36,39,1357.0,1617.0
36,40,1357.0,1617.0
36,41,1357.0,1617.0
36,42,1357.0,1617.0
36,43,1357.0,1617.0
36,44,1357.0,1617.0
36,45,1357.0,1617.0
36,46,1357.0,1617.0
36,47,1357.0,1617.0
36,48,1357.0,1617.0
36,49,1357.0,1617.0
36,50,1357.0,1617.0
36,51,1357.0,1617.0
36,52,1357.0,1617.0
36,53,1357.0,1617.0
36,54,1357.0,1617.0
36,55,1357.0,1617.0
36,56,1357.0,1617.0
36,57,1357.0,1617.0
36,58,1357.0,1617.0
36,59,1357.0,1617.0
36,60,1357.0,1617.0
36,61,1357.0,1617.0
36,62,1357.0,1617.0
36,63,1357.0,1617.0
36,64,1357.0,1617.0
36,65,1357.0,1617.0
36,66,1357.0,1617.0
36,67,1357.0,1617.0
36,68,1357.0,1617.0
36,69,1357.0,1617.0
36,70,1357.0,1617.0
36,71,1357.0,1617.0
36,72,1357.0,1617.0
36,73,1357.0,1617.0
36,74,1357.0,1617.0
36,75,1357.0,1617.0
36,76,1357.0,1617.0
36,77,1357.0,1617.0
36,78,1357.0,1617.0
36,79,1357.0,1617.0
36,80,1357.0,1617.0
36,81,1357.0,1617.0
36,82,1357.0,1617.0
36,83,1357.0,1617.0
36,84,1357.0,1617.0
36,85,1357.0,1617.0
36,86,1357.0,1617.0
36,87,1357.0,1617.0
36,88,1357.0,1617.0
36,89,1357.0,1617.0
36,90,1357.0,1617.0
36,91,1357.0,1617.0
36,92,1357.0,1617.0
36,93,1357.0,1617.0
36,94,1357.0,1617.0
36,95,1357.0,1617.0
36,96,1357.0,1617.0
36,97,1357.0,1617.0
36,98,1357.0,1617.0
36,99,1357.0,1617.0
36,100,1357.0,1617.0
36,101,1357.0,1617.0
36,102,1357.0,1617.0
36,103,1357.0,1617.0
36,104,1357.0,1617.0
36,105,1357.0,1617.0
36,106,1357.0,1617.0
36,107,1357.0,1617.0
36,108,1357.0,1617.0
36,109,1357.0,1617.0
36,110,1357.0,1617.0
36,111,1357.0,1617.0
36,112,1357.0,1617.0
36,113,1357.0,1617.0
36,114,1357.0,1617.0
36,115,1357.0,1617.0
36,116,1357.0,1617.0
36,117,1357.0,1617.0
36,118,1357.0,1617.0
36,119,1357.0,1617.0
36,120,1357.0,1617.0
36,121,1357.0,1617.0
36,122,1357.0,1617.0
36,123,1357.0,1617.0
36,124,1357.0,1617.0
36,125,1357.0,1617.0
36,126,1357.0,1617.0
36,127,1357.0,1617.0
36,128,1357.0,1617.0
36,129,1357.0,1617.0
36,130,1357.0,1617.0
36,131,1357.0,1617.0
36,132,1357.0,1617.0
36,133,1357.0,1617.0
36,134,1357.0,1617.0
36,135,1357.0,1617.0
36,136,1357.0,1617.0
36,137,1357.0,1617.0
36,138,1357.0,1617.0
36,139,1357.0,1617.0
36,140,1357.0,1617.0
36,141,1357.0,1617.0
36,142,1357.0,1617.0
36,143,1357.0,1617.0
36,144,1357.0,1617.0
36,145,1357.0,1617.0
36,146,1357.0,1617.0
36,147,1357.0,1617.0
36,148,1357.0,1617.0
36,149,1357.0,1617.0
36,150,1357.0,1617.0
36,151,1357.0,1617.0
36,152,1357.0,1617.0
36,153,1357.0,1617.0
36,154,1357.0,1617.0
36,155,1357.0,1617.0
36,156,1357.0,1617.0
36,157,1357.0,1617.0
36,158,1357.0,1617.0
36,159,1357.0,1617.0
36,160,1357.0,1617.0
36,161,1357.0,1617.0
36,162,1357.0,1617.0
36,163,1357.0,1617.0
36,164,1357.0,1617.0
36,165,1357.0,1617.0
36,166,1357.0,1617.0
36,167,1357.0,1617.0
36,168,1357.0,1617.0
36,169,1357.0,1617.0
36,170,1357.0,1617.0
36,171,1357.0,1617.0
36,172,1357.0,1617.0
36,173,1357.0,1617.0
36,174,1357.0,1617.0
36,175,1357.0,1617.0
36,176,1357.0,1617.0
36,177,1357.0,1617.0
36,178,1357.0,1617.0
36,179,1357.0,1617.0
36,180,1357.0,1617.0
36,181,1357.0,1617.0
36,182,1357.0,1617.0
36,183,1357.0,1617.0
36,184,1357.0,1617.0
36,185,1357.0,1617.0
36,186,1357.0,1617.0
36,187,1357.0,1617.0
36,188,1357.0,1617.0
36,189,1357.0,1617.0
36,190,1357.0,1617.0
36,191,1357.0,1617.0
36,192,1357.0,1617.0
36,193,1357.0,1617.0
36,194,1357.0,1617.0
36,195,1357.0,1617.0
36,196,1357.0,1617.0
36,197,1357.0,1617.0
36,198,1357.0,1617.0
36,199,1357.0,1617.0
36,200,1357.0,1617.0
36,201,1357.0,1617.0
36,202,1357.0,1617.0
36,203,1357.0,1617.0
36,204,1357.0,1617.0
36,205,1357.0,1617.0
36,206,1357.0,1617.0
36,207,1357.0,1617.0
36,208,1357.0,1617.0
36,209,1357.0,1617.0
36,210,1357.0,1617.0
36,211,1357.0,1617.0
36,212,1357.0,1617.0
36,213,1357.0,1617.0
36,214,1357.0,1617.0
36,215,1357.0,1617.0
36,216,1357.0,1617.0
36,217,1357.0,1617.0
36,218,1357.0,1617.0
36,219,1357.0,1617.0
36,220,1357.0,1617.0
36,221,1357.0,1617.0
36,222,1357.0,1617.0
36,223,1357.0,1617.0
36,224,1357.0,1617.0
36,225,1357.0,1617.0
36,226,1357.0,1617.0
36,227,1357.0,1617.0
36,228,1357.0,1617.0
36,229,1357.0,1617.0
36,230,1357.0,1617.0
36,231,1357.0,1617.0
36,232,1357.0,1617.0
36,233,1357.0,1617.0
36,234,1357.0,1617.0
36,235,1357.0,1617.0
36,236,1357.0,1617.0
36,237,1357.0,1617.0
36,238,1357.0,1617.0
36,239,1357.0,1617.0
36,240,1357.0,1617.0
36,241,1357.0,1617.0
36,242,1357.0,1617.0
36,243,1357.0,1617.0
36,244,1357.0,1617.0
36,245,1357.0,1617.0
36,246,1357.0,1617.0
36,247,1357.0,1617.0
36,248,1357.0,1617.0
36,249,1357.0,1617.0
36,250,1357.0,1617.0
36,251,1357.0,1617.0
36,252,1357.0,1617.0
36,253,1357.0,1617.0
36,254,1357.0,1617.0
36,255,1357.0,1617.0
36,256,1357.0,1617.0
36,257,1357.0,1617.0
36,258,1357.0,1617.0
36,259,1357.0,1617.0
36,260,1357.0,1617.0
36,261,1357.0,1617.0
36,262,1357.0,1617.0
36,263,1357.0,1617.0
36,264,1357.0,1617.0
36,265,1357.0,1617.0
36,266,1357.0,1617.0
36,267,1357.0,1617.0
36,268,1357.0,1617.0
36,269,1357.0,1617.0
36,270,1357.0,1617.0
36,271,1357.0,1617.0
36,272,1357.0,1617.0
36,273,1357.0,1617.0
36,274,1357.0,1617.0
36,275,1357.0,1617.0
36,276,1357.0,1617.0
36,277,1357.0,1617.0
36,278,1357.0,1617.0
36,279,1357.0,1617.0
36,280,1357.0,1617.0
36,281,1357.0,1617.0
36,282,1357.0,1617.0
36,283,1357.0,1617.0
36,284,1357.0,1617.0
36,285,1357.0,1617.0
36,286,1357.0,1617.0
36,287,1357.0,1617.0
36,288,1357.0,1617.0
36,289,1357.0,1617.0
36,290,1357.0,1617.0
36,291,1357.0,1617.0
36,292,1357.0,1617.0
36,293,1357.0,1617.0
36,294,1357.0,1617.0
36,295,1357.0,1617.0
36,296,1357.0,1617.0
36,297,1357.0,1617.0
36,298,1357.0,1617.0
36,299,1357.0,1617.0
36,300,1357.0,1617.0
36,301,1357.0,1617.0
36,302,1357.0,1617.0
36,303,1357.0,1617.0
36,304,1357.0,1617.0
36,305,1357.0,1617.0
36,306,1357.0,1617.0
36,307,1357.0,1617.0
36,308,1357.0,1617.0
36,309,1357.0,1617.0
36,310,1357.0,1617.0
36,311,1357.0,1617.0
36,312,1357.0,1617.0
36,313,1357.0,1617.0
36,314,1357.0,1617.0
36,315,1357.0,1617.0
36,316,1357.0,1617.0
36,317,1357.0,1617.0
36,318,1357.0,1617.0
36,319,1357.0,1617.0
36,320,1357.0,1617.0
36,321,1357.0,1617.0
36,322,1357.0,1617.0
36,323,1357.0,1617.0
36,324,1357.0,1617.0
36,325,1357.0,1617.0
36,326,1357.0,1617.0
36,327,1357.0,1617.0
36,328,1357.0,1617.0
36,329,1357.0,1617.0
36,330,1357.0,1617.0
36,331,1357.0,1617.0
36,332,1357.0,1617.0
36,333,1357.0,1617.0
36,334,1357.0,1617.0
36,335,1357.0,1617.0
36,336,1357.0,1617.0
36,337,1357.0,1617.0
36,338,1357.0,1617.0
36,339,1357.0,1617.0
36,340,1357.0,1617.0
36,341,1357.0,1617.0
36,342,1357.0,1617.0
36,343,1357.0,1617.0
36,344,1357.0,1617.0
36,345,1357.0,1617.0
36,346,1357.0,1617.0
36,347,1357.0,1617.0
36,348,1357.0,1617.0
36,349,1357.0,1617.0
36,350,1357.0,1617.0
36,351,1357.0,1617.0
36,352,1357.0,1617.0
36,353,1357.0,1617.0
36,354,1357.0,1617.0
36,355,1357.0,1617.0
36,356,1357.0,1617.0
36,357,1357.0,1617.0
36,358,1357.0,1617.0
36,359,1357.0,1617.0
37,0,2179.0,1819.0
37,1,2179.0,1819.0
37,2,2179.0,1819.0
37,3,2179.0,1819.0
37,4,2179.0,1819.0
37,5,2179.0,1819.0
37,6,2179.0,1819.0
37,7,2179.0,1819.0
37,8,2179.0,1819.0
37,9,2179.0,1819.0
37,10,2179.0,1819.0
37,11,2179.0,1819.0
37,12,2179.0,1819.0
37,13,2179.0,1819.0
37,14,2179.0,1819.0
37,15,2179.0,1819.0
37,16,2179.0,1819.0
37,17,2179.0,1819.0
37,18,2179.0,1819.0
37,19,2179.0,1819.0
37,20,2179.0,1819.0
37,21,2179.0,1819.0
37,22,2179.0,1819.0
37,23,2179.0,1819.0
37,24,2179.0,1819.0
37,25,2179.0,1819.0
37,26,2179.0,1819.0
37,27,2179.0,1819.0
37,28,2179.0,1819.0
37,29,2179.0,1819.0
37,30,2179.0,1819.0
37,31,2179.0,1819.0
37,32,2179.0,1819.0
37,33,2179.0,1819.0
37,34,2179.0,1819.0
37,35,2179.0,1819.0
37,36,2179.0,1819.0
37,37,2179.0,1819.0
37,38,2179.0,1819.0
37,39,2179.0,1819.0
37,40,2179.0,1819.0
37,41,2179.0,1819.0
37,42,2179.0,1819.0
37,43,2179.0,1819.0
37,44,2179.0,1819.0
37,45,2179.0,1819.0
37,46,2179.0,1819.0
37,47,2179.0,1819.0
37,48,2179.0,1819.0
37,49,2179.0,1819.0
37,50,2179.0,1819.0
37,51,2179.0,1819.0
37,52,2179.0,1819.0
37,53,2179.0,1819.0
37,54,2179.0,1819.0
37,55,2179.0,1819.0
37,56,2179.0,1819.0
37,57,2179.0,1819.0
37,58,2179.0,1819.0
37,59,2179.0,1819.0
37,60,2179.0,1819.0
37,61,2179.0,1819.0
37,62,2179.0,1819.0
37,63,2179.0,1819.0
37,64,2179.0,1819.0
37,65,2179.0,1819.0
37,66,2179.0,1819.0
37,67,2179.0,1819.0
37,68,2179.0,1819.0
37,69,2179.0,1819.0
37,70,2179.0,1819.0
37,71,2179.0,1819.0
37,72,2179.0,1819.0
37,73,2179.0,1819.0
37,74,2179.0,1819.0
37,75,2179.0,1819.0
37,76,2179.0,1819.0
37,77,2179.0,1819.0
37,78,2179.0,1819.0
37,79,2179.0,1819.0
37,80,2179.0,1819.0
37,81,2179.0,1819.0
37,82,2179.0,1819.0
37,83,2179.0,1819.0
37,84,2179.0,1819.0
37,85,2179.0,1819.0
37,86,2179.0,1819.0
37,87,2179.0,1819.0
37,88,2179.0,1819.0
37,89,2179.0,1819.0
37,90,2179.0,1819.0
37,91,2179.0,1819.0
37,92,2179.0,1819.0
37,93,2179.0,1819.0
37,94,2179.0,1819.0
37,95,2179.0,1819.0
37,96,2179.0,1819.0
37,97,2179.0,1819.0
37,98,2179.0,1819.0
37,99,2179.0,1819.0
37,100,2179.0,1819.0
37,101,2179.0,1819.0
37,102,2179.0,1819.0
37,103,2179.0,1819.0
37,104,2179.0,1819.0
37,105,2179.0,1819.0
37,106,2179.0,1819.0
37,107,2179.0,1819.0
37,108,2179.0,1819.0
37,109,2179.0,1819.0
37,110,2179.0,1819.0
37,111,2179.0,1819.0
37,112,2179.0,1819.0
37,113,2179.0,1819.0
37,114,2179.0,1819.0
37,115,2179.0,1819.0
37,116,2179.0,1819.0
37,117,2179.0,1819.0
37,118,2179.0,1819.0
37,119,2179.0,1819.0
37,120,2179.0,1819.0
37,121,2179.0,1819.0
37,122,2179.0,1819.0
37,123,2179.0,1819.0
37,124,2179.0,1819.0
37,125,2179.0,1819.0
37,126,2179.0,1819.0
37,127,2179.0,1819.0
37,128,2179.0,1819.0
37,129,2179.0,1819.0
37,130,2179.0,1819.0
37,131,2179.0,1819.0
37,132,2179.0,1819.0
37,133,2179.0,1819.0
37,134,2179.0,1819.0
37,135,2179.0,1819.0
37,136,2179.0,1819.0
37,137,2179.0,1819.0
37,138,2179.0,1819.0
37,139,2179.0,1819.0
37,140,2179.0,1819.0
37,141,2179.0,1819.0
37,142,2179.0,1819.0
37,143,2179.0,1819.0
37,144,2179.0,1819.0
37,145,2179.0,1819.0
37,146,2179.0,1819.0
37,147,2179.0,1819.0
37,148,2179.0,1819.0
37,149,2179.0,1819.0
37,150,2179.0,1819.0
37,151,2179.0,1819.0
37,152,2179.0,1819.0
37,153,2179.0,1819.0
37,154,2179.0,1819.0
37,155,2179.0,1819.0
37,156,2179.0,1819.0
37,157,2179.0,1819.0
37,158,2179.0,1819.0
37,159,2179.0,1819.0
37,160,2179.0,1819.0
37,161,2179.0,1819.0
37,162,2179.0,1819.0
37,163,2179.0,1819.0
37,164,2179.0,1819.0
37,165,2179.0,1819.0
37,166,2179.0,1819.0
37,167,2179.0,1819.0
37,168,2179.0,1819.0
37,169,2179.0,1819.0
37,170,2179.0,1819.0
37,171,2179.0,1819.0
37,172,2179.0,1819.0
37,173,2179.0,1819.0
37,174,2179.0,1819.0
37,175,2179.0,1819.0
37,176,2179.0,1819.0
37,177,2179.0,1819.0
37,178,2179.0,1819.0
37,179,2179.0,1819.0
37,180,2179.0,1819.0
37,181,2179.0,1819.0
37,182,2179.0,1819.0
37,183,2179.0,1819.0
37,184,2179.0,1819.0
37,185,2179.0,1819.0
37,186,2179.0,1819.0
37,187,2179.0,1819.0
37,188,2179.0,1819.0
37,189,2179.0,1819.0
37,190,2179.0,1819.0
37,191,2179.0,1819.0
37,192,2179.0,1819.0
37,193,2179.0,1819.0
37,194,2179.0,1819.0
37,195,2179.0,1819.0
37,196,2179.0,1819.0
37,197,2179.0,1819.0
37,198,2179.0,1819.0
37,199,2179.0,1819.0
37,200,2179.0,1819.0
37,201,2179.0,1819.0
37,202,2179.0,1819.0
37,203,2179.0,1819.0
37,204,2179.0,1819.0
37,205,2179.0,1819.0
37,206,2179.0,1819.0
37,207,2179.0,1819.0
37,208,2179.0,1819.0
37,209,2179.0,1819.0
37,210,2179.0,1819.0
37,211,2179.0,1819.0
37,212,2179.0,1819.0
37,213,2179.0,1819.0
37,214,2179.0,1819.0
37,215,2179.0,1819.0
37,216,2179.0,1819.0
37,217,2179.0,1819.0
37,218,2179.0,1819.0
37,219,2179.0,1819.0
37,220,2179.0,1819.0
37,221,2179.0,1819.0
37,222,2179.0,1819.0
37,223,2179.0,1819.0
37,224,2179.0,1819.0
37,225,2179.0,1819.0
37,226,2179.0,1819.0
37,227,2179.0,1819.0
37,228,2179.0,1819.0
37,229,2179.0,1819.0
37,230,2179.0,1819.0
37,231,2179.0,1819.0
37,232,2179.0,1819.0
37,233,2179.0,1819.0
37,234,2179.0,1819.0
37,235,2179.0,1819.0
37,236,2179.0,1819.0
37,237,2179.0,1819.0
37,238,2179.0,1819.0
37,239,2179.0,1819.0
37,240,2179.0,1819.0
37,241,2179.0,1819.0
37,242,2179.0,1819.0
37,243,2179.0,1819.0
37,244,2179.0,1819.0
37,245,2179.0,1819.0
37,246,2179.0,1819.0
37,247,2179.0,1819.0
37,248,2179.0,1819.0
37,249,2179.0,1819.0
37,250,2179.0,1819.0
37,251,2179.0,1819.0
37,252,2179.0,1819.0
37,253,2179.0,1819.0
37,254,2179.0,1819.0
37,255,2179.0,1819.0
37,256,2179.0,1819.0
37,257,2179.0,1819.0
37,258,2179.0,1819.0
37,259,2179.0,1819.0
37,260,2179.0,1819.0
37,261,2179.0,1819.0
37,262,2179.0,1819.0
37,263,2179.0,1819.0
37,264,2179.0,1819.0
37,265,2179.0,1819.0
37,266,2179.0,1819.0
37,267,2179.0,1819.0
37,268,2179.0,1819.0
37,269,2179.0,1819.0
37,270,2179.0,1819.0
37,271,2179.0,1819.0
37,272,2179.0,1819.0
37,273,2179.0,1819.0
37,274,2179.0,1819.0
37,275,2179.0,1819.0
37,276,2179.0,1819.0
37,277,2179.0,1819.0
37,278,2179.0,1819.0
37,279,2179.0,1819.0
37,280,2179.0,1819.0
37,281,2179.0,1819.0
37,282,2179.0,1819.0
37,283,2179.0,1819.0
37,284,2179.0,1819.0
37,285,2179.0,1819.0
37,286,2179.0,1819.0
37,287,2179.0,1819.0
37,288,2179.0,1819.0
37,289,2179.0,1819.0
37,290,2179.0,1819.0
37,291,2179.0,1819.0
37,292,2179.0,1819.0
37,293,2179.0,1819.0
37,294,2179.0,1819.0
37,295,2179.0,1819.0
37,296,2179.0,1819.0
37,297,2179.0,1819.0
37,298,2179.0,1819.0
37,299,2179.0,1819.0
37,300,2179.0,1819.0
37,301,2179.0,1819.0
37,302,2179.0,1819.0
37,303,2179.0,1819.0
37,304,2179.0,1819.0
37,305,2179.0,1819.0
37,306,2179.0,1819.0
37,307,2179.0,1819.0
37,308,2179.0,1819.0
37,309,2179.0,1819.0
37,310,2179.0,1819.0
37,311,2179.0,1819.0
37,312,2179.0,1819.0
37,313,2179.0,1819.0
37,314,2179.0,1819.0
37,315,2179.0,1819.0
37,316,2179.0,1819.0
37,317,2179.0,1819.0
37,318,2179.0,1819.0
37,319,2179.0,1819.0
37,320,2179.0,1819.0
37,321,2179.0,1819.0
37,322,2179.0,1819.0
37,323,2179.0,1819.0
37,324,2179.0,1819.0
37,325,2179.0,1819.0
37,326,2179.0,1819.0
37,327,2179.0,1819.0
37,328,2179.0,1819.0
37,329,2179.0,1819.0
37,330,2179.0,1819.0
37,331,2179.0,1819.0
37,332,2179.0,1819.0
37,333,2179.0,1819.0
37,334,2179.0,1819.0
37,335,2179.0,1819.0
37,336,2179.0,1819.0
37,337,2179.0,1819.0
37,338,2179.0,1819.0
37,339,2179.0,1819.0
37,340,2179.0,1819.0
37,341,2179.0,1819.0
37,342,2179.0,1819.0
37,343,2179.0,1819.0
37,344,2179.0,1819.0
37,345,2179.0,1819.0
37,346,2179.0,1819.0
37,347,2179.0,1819.0
37,348,2179.0,1819.0
37,349,2179.0,1819.0
37,350,2179.0,1819.0
37,351,2179.0,1819.0
37,352,2179.0,1819.0
37,353,2179.0,1819.0
37,354,2179.0,1819.0
37,355,2179.0,1819.0
37,356,2179.0,1819.0
37,357,2179.0,1819.0
37,358,2179.0,1819.0
37,359,2179.0,1819.0
38,0,1714.0,1733.0
38,1,1714.0,1733.0
38,2,1714.0,1733.0
38,3,1714.0,1733.0
38,4,1714.0,1733.0
38,5,1714.0,1733.0
38,6,1714.0,1733.0
38,7,1714.0,1733.0
38,8,1714.0,1733.0
38,9,1714.0,1733.0
38,10,1714.0,1733.0
38,11,1714.0,1733.0
38,12,1714.0,1733.0
38,13,1714.0,1733.0
38,14,1714.0,1733.0
38,15,1714.0,1733.0
38,16,1714.0,1733.0
38,17,1714.0,1733.0
38,18,1714.0,1733.0
38,19,1714.0,1733.0
38,20,1714.0,1733.0
38,21,1714.0,1733.0
38,22,1714.0,1733.0
38,23,1714.0,1733.0
38,24,1714.0,1733.0
38,25,1714.0,1733.0
38,26,1714.0,1733.0
38,27,1714.0,1733.0
38,28,1714.0,1733.0
38,29,1714.0,1733.0
38,30,1714.0,1733.0
38,31,1714.0,1733.0
38,32,1714.0,1733.0
38,33,1714.0,1733.0
38,34,1714.0,1733.0
38,35,1714.0,1733.0
38,36,1714.0,1733.0
38,37,1714.0,1733.0
38,38,1714.0,1733.0
38,39,1714.0,1733.0
38,40,1714.0,1733.0
38,41,1714.0,1733.0
38,42,1714.0,1733.0
38,43,1714.0,1733.0
38,44,1714.0,1733.0
38,45,1714.0,1733.0
38,46,1714.0,1733.0
38,47,1714.0,1733.0
38,48,1714.0,1733.0
38,49,1714.0,1733.0
38,50,1714.0,1733.0
38,51,1714.0,1733.0
38,52,1714.0,1733.0
38,53,1714.0,1733.0
38,54,1714.0,1733.0
38,55,1714.0,1733.0
38,56,1714.0,1733.0
38,57,1714.0,1733.0
38,58,1714.0,1733.0
38,59,1714.0,1733.0
38,60,1714.0,1733.0
38,61,1714.0,1733.0
38,62,1714.0,1733.0
38,63,1714.0,1733.0
38,64,1714.0,1733.0
38,65,1714.0,1733.0
38,66,1714.0,1733.0
38,67,1714.0,1733.0
38,68,1714.0,1733.0
38,69,1714.0,1733.0
38,70,1714.0,1733.0
38,71,1714.0,1733.0
38,72,1714.0,1733.0
38,73,1714.0,1733.0
38,74,1714.0,1733.0
38,75,1714.0,1733.0
38,76,1714.0,1733.0
38,77,1714.0,1733.0
38,78,1714.0,1733.0
38,79,1714.0,1733.0
38,80,1714.0,1733.0
38,81,1714.0,1733.0
38,82,1714.0,1733.0
38,83,1714.0,1733.0
38,84,1714.0,1733.0
38,85,1714.0,1733.0
38,86,1714.0,1733.0
38,87,1714.0,1733.0
38,88,1714.0,1733.0
38,89,1714.0,1733.0
38,90,1714.0,1733.0
38,91,1714.0,1733.0
38,92,1714.0,1733.0
38,93,1714.0,1733.0
38,94,1714.0,1733.0
38,95,1714.0,1733.0
38,96,1714.0,1733.0
38,97,1714.0,1733.0
38,98,1714.0,1733.0
38,99,1714.0,1733.0
38,100,1714.0,1733.0
38,101,1714.0,1733.0
38,102,1714.0,1733.0
38,103,1714.0,1733.0
38,104,1714.0,1733.0
38,105,1714.0,1733.0
38,106,1714.0,1733.0
38,107,1714.0,1733.0
38,108,1714.0,1733.0
38,109,1714.0,1733.0
38,110,1714.0,1733.0
38,111,1714.0,1733.0
38,112,1714.0,1733.0
38,113,1714.0,1733.0
38,114,1714.0,1733.0
38,115,1714.0,1733.0
38,116,1714.0,1733.0
38,117,1714.0,1733.0
38,118,1714.0,1733.0
38,119,1714.0,1733.0
38,120,1714.0,1733.0
38,121,1714.0,1733.0
38,122,1714.0,1733.0
38,123,1714.0,1733.0
38,124,1714.0,1733.0
38,125,1714.0,1733.0
38,126,1714.0,1733.0
38,127,1714.0,1733.0
38,128,1714.0,1733.0
38,129,1714.0,1733.0
38,130,1714.0,1733.0
38,131,1714.0,1733.0
38,132,1714.0,1733.0
38,133,1714.0,1733.0
38,134,1714.0,1733.0
38,135,1714.0,1733.0
38,136,1714.0,1733.0
38,137,1714.0,1733.0
38,138,1714.0,1733.0
38,139,1714.0,1733.0
38,140,1714.0,1733.0
38,141,1714.0,1733.0
38,142,1714.0,1733.0
38,143,1714.0,1733.0
38,144,1714.0,1733.0
38,145,1714.0,1733.0
38,146,1714.0,1733.0
38,147,1714.0,1733.0
38,148,1714.0,1733.0
38,149,1714.0,1733.0
38,150,1714.0,1733.0
38,151,1714.0,1733.0
38,152,1714.0,1733.0
38,153,1714.0,1733.0
38,154,1714.0,1733.0
38,155,1714.0,1733.0
38,156,1714.0,1733.0
38,157,1714.0,1733.0
38,158,1714.0,1733.0
38,159,1714.0,1733.0
38,160,1714.0,1733.0
38,161,1714.0,1733.0
38,162,1714.0,1733.0
38,163,1714.0,1733.0
38,164,1714.0,1733.0
38,165,1714.0,1733.0
38,166,1714.0,1733.0
38,167,1714.0,1733.0
38,168,1714.0,1733.0
38,169,1714.0,1733.0
38,170,1714.0,1733.0
38,171,1714.0,1733.0
38,172,1714.0,1733.0
38,173,1714.0,1733.0
38,174,1714.0,1733.0
38,175,1714.0,1733.0
38,176,1714.0,1733.0
38,177,1714.0,1733.0
38,178,1714.0,1733.0
38,179,1714.0,1733.0
38,180,1714.0,1733.0
38,181,1714.0,1733.0
38,182,1714.0,1733.0
38,183,1714.0,1733.0
38,184,1714.0,1733.0
38,185,1714.0,1733.0
38,186,1714.0,1733.0
38,187,1714.0,1733.0
38,188,1714.0,1733.0
38,189,1714.0,1733.0
38,190,1714.0,1733.0
38,191,1714.0,1733.0
38,192,1714.0,1733.0
38,193,1714.0,1733.0
38,194,1714.0,1733.0
38,195,1714.0,1733.0
38,196,1714.0,1733.0
38,197,1714.0,1733.0
38,198,1714.0,1733.0
38,199,1714.0,1733.0
38,200,1714.0,1733.0
38,201,1714.0,1733.0
38,202,1714.0,1733.0
38,203,1714.0,1733.0
38,204,1714.0,1733.0
38,205,1714.0,1733.0
38,206,1714.0,1733.0
38,207,1714.0,1733.0
38,208,1714.0,1733.0
38,209,1714.0,1733.0
38,210,1714.0,1733.0
38,211,1714.0,1733.0
38,212,1714.0,1733.0
38,213,1714.0,1733.0
38,214,1714.0,1733.0
38,215,1714.0,1733.0
38,216,1714.0,1733.0
38,217,1714.0,1733.0
38,218,1714.0,1733.0
38,219,1714.0,1733.0
38,220,1714.0,1733.0
38,221,1714.0,1733.0
38,222,1714.0,1733.0
38,223,1714.0,1733.0
38,224,1714.0,1733.0
38,225,1714.0,1733.0
38,226,1714.0,1733.0
38,227,1714.0,1733.0
38,228,1714.0,1733.0
38,229,1714.0,1733.0
38,230,1714.0,1733.0
38,231,1714.0,1733.0
38,232,1714.0,1733.0
38,233,1714.0,1733.0
38,234,1714.0,1733.0
38,235,1714.0,1733.0
38,236,1714.0,1733.0
38,237,1714.0,1733.0
38,238,1714.0,1733.0
38,239,1714.0,1733.0
38,240,1714.0,1733.0
38,241,1714.0,1733.0
38,242,1714.0,1733.0
38,243,1714.0,1733.0
38,244,1714.0,1733.0
38,245,1714.0,1733.0
38,246,1714.0,1733.0
38,247,1714.0,1733.0
38,248,1714.0,1733.0
38,249,1714.0,1733.0
38,250,1714.0,1733.0
38,251,1714.0,1733.0
38,252,1714.0,1733.0
38,253,1714.0,1733.0
38,254,1714.0,1733.0
38,255,1714.0,1733.0
38,256,1714.0,1733.0
38,257,1714.0,1733.0
38,258,1714.0,1733.0
38,259,1714.0,1733.0
38,260,1714.0,1733.0
38,261,1714.0,1733.0
38,262,1714.0,1733.0
38,263,1714.0,1733.0
38,264,1714.0,1733.0
38,265,1714.0,1733.0
38,266,1714.0,1733.0
38,267,1714.0,1733.0
38,268,1714.0,1733.0
38,269,1714.0,1733.0
38,270,1714.0,1733.0
38,271,1714.0,1733.0
38,272,1714.0,1733.0
38,273,1714.0,1733.0
38,274,1714.0,1733.0
38,275,1714.0,1733.0
38,276,1714.0,1733.0
38,277,1714.0,1733.0
38,278,1714.0,1733.0
38,279,1714.0,1733.0
38,280,1714.0,1733.0
38,281,1714.0,1733.0
38,282,1714.0,1733.0
38,283,1714.0,1733.0
38,284,1714.0,1733.0
38,285,1714.0,1733.0
38,286,1714.0,1733.0
38,287,1714.0,1733.0
38,288,1714.0,1733.0
38,289,1714.0,1733.0
38,290,1714.0,1733.0
38,291,1714.0,1733.0
38,292,1714.0,1733.0
38,293,1714.0,1733.0
38,294,1714.0,1733.0
38,295,1714.0,1733.0
38,296,1714.0,1733.0
38,297,1714.0,1733.0
38,298,1714.0,1733.0
38,299,1714.0,1733.0
38,300,1714.0,1733.0
38,301,1714.0,1733.0
38,302,1714.0,1733.0
38,303,1714.0,1733.0
38,304,1714.0,1733.0
38,305,1714.0,1733.0
38,306,1714.0,1733.0
38,307,1714.0,1733.0
38,308,1714.0,1733.0
38,309,1714.0,1733.0
38,310,1714.0,1733.0
38,311,1714.0,1733.0
38,312,1714.0,1733.0
38,313,1714.0,1733.0
38,314,1714.0,1733.0
38,315,1714.0,1733.0
38,316,1714.0,1733.0
38,317,1714.0,1733.0
38,318,1714.0,1733.0
38,319,1714.0,1733.0
38,320,1714.0,1733.0
38,321,1714.0,1733.0
38,322,1714.0,1733.0
38,323,1714.0,1733.0
38,324,1714.0,1733.0
38,325,1714.0,1733.0
38,326,1714.0,1733.0
38,327,1714.0,1733.0
38,328,1714.0,1733.0
38,329,1714.0,1733.0
38,330,1714.0,1733.0
38,331,1714.0,1733.0
38,332,1714.0,1733.0
38,333,1714.0,1733.0
38,334,1714.0,1733.0
38,335,1714.0,1733.0
38,336,1714.0,1733.0
38,337,1714.0,1733.0
38,338,1714.0,1733.0
38,339,1714.0,1733.0
38,340,1714.0,1733.0
38,341,1714.0,1733.0
38,342,1714.0,1733.0
38,343,1714.0,1733.0
38,344,1714.0,1733.0
38,345,1714.0,1733.0
38,346,1714.0,1733.0
38,347,1714.0,1733.0
38,348,1714.0,1733.0
38,349,1714.0,1733.0
38,350,1714.0,1733.0
38,351,1714.0,1733.0
38,352,1714.0,1733.0
38,353,1714.0,1733.0
38,354,1714.0,1733.0
38,355,1714.0,1733.0
38,356,1714.0,1733.0
38,357,1714.0,1733.0
38,358,1714.0,1733.0
38,359,1714.0,1733.0
39,0,1892.0,1838.0
39,1,1892.0,1838.0
39,2,1892.0,1838.0
39,3,1892.0,1838.0
39,4,1892.0,1838.0
39,5,1892.0,1838.0
39,6,1892.0,1838.0
39,7,1892.0,1838.0
39,8,1892.0,1838.0
39,9,1892.0,1838.0
39,10,1892.0,1838.0
39,11,1892.0,1838.0
39,12,1892.0,1838.0
39,13,1892.0,1838.0
39,14,1892.0,1838.0
39,15,1892.0,1838.0
39,16,1892.0,1838.0
39,17,1892.0,1838.0
39,18,1892.0,1838.0
39,19,1892.0,1838.0
39,20,1892.0,1838.0
39,21,1892.0,1838.0
39,22,1892.0,1838.0
39,23,1892.0,1838.0
39,24,1892.0,1838.0
39,25,1892.0,1838.0
39,26,1892.0,1838.0
39,27,1892.0,1838.0
39,28,1892.0,1838.0
39,29,1892.0,1838.0
39,30,1892.0,1838.0
39,31,1892.0,1838.0
39,32,1892.0,1838.0
39,33,1892.0,1838.0
39,34,1892.0,1838.0
39,35,1892.0,1838.0
39,36,1892.0,1838.0
39,37,1892.0,1838.0
39,38,1892.0,1838.0
39,39,1892.0,1838.0
39,40,1892.0,1838.0
39,41,1892.0,1838.0
39,42,1892.0,1838.0
39,43,1892.0,1838.0
39,44,1892.0,1838.0
39,45,1892.0,1838.0
39,46,1892.0,1838.0
39,47,1892.0,1838.0
39,48,1892.0,1838.0
39,49,1892.0,1838.0
39,50,1892.0,1838.0
39,51,1892.0,1838.0
39,52,1892.0,1838.0
39,53,1892.0,1838.0
39,54,1892.0,1838.0
39,55,1892.0,1838.0
39,56,1892.0,1838.0
39,57,1892.0,1838.0
39,58,1892.0,1838.0
39,59,1892.0,1838.0
39,60,1892.0,1838.0
39,61,1892.0,1838.0
39,62,1892.0,1838.0
39,63,1892.0,1838.0
39,64,1892.0,1838.0
39,65,1892.0,1838.0
39,66,1892.0,1838.0
39,67,1892.0,1838.0
39,68,1892.0,1838.0
39,69,1892.0,1838.0
39,70,1892.0,1838.0
39,71,1892.0,1838.0
39,72,1892.0,1838.0
39,73,1892.0,1838.0
39,74,1892.0,1838.0
39,75,1892.0,1838.0
39,76,1892.0,1838.0
39,77,1892.0,1838.0
39,78,1892.0,1838.0
39,79,1892.0,1838.0
39,80,1892.0,1838.0
39,81,1892.0,1838.0
39,82,1892.0,1838.0
39,83,1892.0,1838.0
39,84,1892.0,1838.0
39,85,1892.0,1838.0
39,86,1892.0,1838.0
39,87,1892.0,1838.0
39,88,1892.0,1838.0
39,89,1892.0,1838.0
39,90,1892.0,1838.0
39,91,1892.0,1838.0
39,92,1892.0,1838.0
39,93,1892.0,1838.0
39,94,1892.0,1838.0
39,95,1892.0,1838.0
39,96,1892.0,1838.0
39,97,1892.0,1838.0
39,98,1892.0,1838.0
39,99,1892.0,1838.0
39,100,1892.0,1838.0
39,101,1892.0,1838.0
39,102,1892.0,1838.0
39,103,1892.0,1838.0
39,104,1892.0,1838.0
39,105,1892.0,1838.0
39,106,1892.0,1838.0
39,107,1892.0,1838.0
39,108,1892.0,1838.0
39,109,1892.0,1838.0
39,110,1892.0,1838.0
39,111,1892.0,1838.0
39,112,1892.0,1838.0
39,113,1892.0,1838.0
39,114,1892.0,1838.0
39,115,1892.0,1838.0
39,116,1892.0,1838.0
39,117,1892.0,1838.0
39,118,1892.0,1838.0
39,119,1892.0,1838.0
39,120,1892.0,1838.0
39,121,1892.0,1838.0
39,122,1892.0,1838.0
39,123,1892.0,1838.0
39,124,1892.0,1838.0
39,125,1892.0,1838.0
39,126,1892.0,1838.0
39,127,1892.0,1838.0
39,128,1892.0,1838.0
39,129,1892.0,1838.0
39,130,1892.0,1838.0
39,131,1892.0,1838.0
39,132,1892.0,1838.0
39,133,1892.0,1838.0
39,134,1892.0,1838.0
39,135,1892.0,1838.0
39,136,1892.0,1838.0
39,137,1892.0,1838.0
39,138,1892.0,1838.0
39,139,1892.0,1838.0
39,140,1892.0,1838.0
39,141,1892.0,1838.0
39,142,1892.0,1838.0
39,143,1892.0,1838.0
39,144,1892.0,1838.0
39,145,1892.0,1838.0
39,146,1892.0,1838.0
39,147,1892.0,1838.0
39,148,1892.0,1838.0
39,149,1892.0,1838.0
39,150,1892.0,1838.0
39,151,1892.0,1838.0
39,152,1892.0,1838.0
39,153,1892.0,1838.0
39,154,1892.0,1838.0
39,155,1892.0,1838.0
39,156,1892.0,1838.0
39,157,1892.0,1838.0
39,158,1892.0,1838.0
39,159,1892.0,1838.0
39,160,1892.0,1838.0
39,161,1892.0,1838.0
39,162,1892.0,1838.0
39,163,1892.0,1838.0
39,164,1892.0,1838.0
39,165,1892.0,1838.0
39,166,1892.0,1838.0
39,167,1892.0,1838.0
39,168,1892.0,1838.0
39,169,1892.0,1838.0
39,170,1892.0,1838.0
39,171,1892.0,1838.0
39,172,1892.0,1838.0
39,173,1892.0,1838.0
39,174,1892.0,1838.0
39,175,1892.0,1838.0
39,176,1892.0,1838.0
39,177,1892.0,1838.0
39,178,1892.0,1838.0
39,179,1892.0,1838.0
39,180,1892.0,1838.0
39,181,1892.0,1838.0
39,182,1892.0,1838.0
39,183,1892.0,1838.0
39,184,1892.0,1838.0
39,185,1892.0,1838.0
39,186,1892.0,1838.0
39,187,1892.0,1838.0
39,188,1892.0,1838.0
39,189,1892.0,1838.0
39,190,1892.0,1838.0
39,191,1892.0,1838.0
39,192,1892.0,1838.0
39,193,1892.0,1838.0
39,194,1892.0,1838.0
39,195,1892.0,1838.0
39,196,1892.0,1838.0
39,197,1892.0,1838.0
39,198,1892.0,1838.0
39,199,1892.0,1838.0
39,200,1892.0,1838.0
39,201,1892.0,1838.0
39,202,1892.0,1838.0
39,203,1892.0,1838.0
39,204,1892.0,1838.0
39,205,1892.0,1838.0
39,206,1892.0,1838.0
39,207,1892.0,1838.0
39,208,1892.0,1838.0
39,209,1892.0,1838.0
39,210,1892.0,1838.0
39,211,1892.0,1838.0
39,212,1892.0,1838.0
39,213,1892.0,1838.0
39,214,1892.0,1838.0
39,215,1892.0,1838.0
39,216,1892.0,1838.0
39,217,1892.0,1838.0
39,218,1892.0,1838.0
39,219,1892.0,1838.0
39,220,1892.0,1838.0
39,221,1892.0,1838.0
39,222,1892.0,1838.0
39,223,1892.0,1838.0
39,224,1892.0,1838.0
39,225,1892.0,1838.0
39,226,1892.0,1838.0
39,227,1892.0,1838.0
39,228,1892.0,1838.0
39,229,1892.0,1838.0
39,230,1892.0,1838.0
39,231,1892.0,1838.0
39,232,1892.0,1838.0
39,233,1892.0,1838.0
39,234,1892.0,1838.0
39,235,1892.0,1838.0
39,236,1892.0,1838.0
39,237,1892.0,1838.0
39,238,1892.0,1838.0
39,239,1892.0,1838.0
39,240,1892.0,1838.0
39,241,1892.0,1838.0
39,242,1892.0,1838.0
39,243,1892.0,1838.0
39,244,1892.0,1838.0
39,245,1892.0,1838.0
39,246,1892.0,1838.0
39,247,1892.0,1838.0
39,248,1892.0,1838.0
39,249,1892.0,1838.0
39,250,1892.0,1838.0
39,251,1892.0,1838.0
39,252,1892.0,1838.0
39,253,1892.0,1838.0
39,254,1892.0,1838.0
39,255,1892.0,1838.0
39,256,1892.0,1838.0
39,257,1892.0,1838.0
39,258,1892.0,1838.0
39,259,1892.0,1838.0
39,260,1892.0,1838.0
39,261,1892.0,1838.0
39,262,1892.0,1838.0
39,263,1892.0,1838.0
39,264,1892.0,1838.0
39,265,1892.0,1838.0
39,266,1892.0,1838.0
39,267,1892.0,1838.0
39,268,1892.0,1838.0
39,269,1892.0,1838.0
39,270,1892.0,1838.0
39,271,1892.0,1838.0
39,272,1892.0,1838.0
39,273,1892.0,1838.0
39,274,1892.0,1838.0
39,275,1892.0,1838.0
39,276,1892.0,1838.0
39,277,1892.0,1838.0
39,278,1892.0,1838.0
39,279,1892.0,1838.0
39,280,1892.0,1838.0
39,281,1892.0,1838.0
39,282,1892.0,1838.0
39,283,1892.0,1838.0
39,284,1892.0,1838.0
39,285,1892.0,1838.0
39,286,1892.0,1838.0
39,287,1892.0,1838.0
39,288,1892.0,1838.0
39,289,1892.0,1838.0
39,290,1892.0,1838.0
39,291,1892.0,1838.0
39,292,1892.0,1838.0
39,293,1892.0,1838.0
39,294,1892.0,1838.0
39,295,1892.0,1838.0
39,296,1892.0,1838.0
39,297,1892.0,1838.0
39,298,1892.0,1838.0
39,299,1892.0,1838.0
39,300,1892.0,1838.0
39,301,1892.0,1838.0
39,302,1892.0,1838.0
39,303,1892.0,1838.0
39,304,1892.0,1838.0
39,305,1892.0,1838.0
39,306,1892.0,1838.0
39,307,1892.0,1838.0
39,308,1892.0,1838.0
39,309,1892.0,1838.0
39,310,1892.0,1838.0
39,311,1892.0,1838.0
39,312,1892.0,1838.0
39,313,1892.0,1838.0
39,314,1892.0,1838.0
39,315,1892.0,1838.0
39,316,1892.0,1838.0
39,317,1892.0,1838.0
39,318,1892.0,1838.0
39,319,1892.0,1838.0
39,320,1892.0,1838.0
39,321,1892.0,1838.0
39,322,1892.0,1838.0
39,323,1892.0,1838.0
39,324,1892.0,1838.0
39,325,1892.0,1838.0
39,326,1892.0,1838.0
39,327,1892.0,1838.0
39,328,1892.0,1838.0
39,329,1892.0,1838.0
39,330,1892.0,1838.0
39,331,1892.0,1838.0
39,332,1892.0,1838.0
39,333,1892.0,1838.0
39,334,1892.0,1838.0
39,335,1892.0,1838.0
39,336,1892.0,1838.0
39,337,1892.0,1838.0
39,338,1892.0,1838.0
39,339,1892.0,1838.0
39,340,1892.0,1838.0
39,341,1892.0,1838.0
39,342,1892.0,1838.0
39,343,1892.0,1838.0
39,344,1892.0,1838.0
39,345,1892.0,1838.0
39,346,1892.0,1838.0
39,347,1892.0,1838.0
39,348,1892.0,1838.0
39,349,1892.0,1838.0
39,350,1892.0,1838.0
39,351,1892.0,1838.0
39,352,1892.0,1838.0
39,353,1892.0,1838.0
39,354,1892.0,1838.0
39,355,1892.0,1838.0
39,356,1892.0,1838.0
39,357,1892.0,1838.0
39,358,1892.0,1838.0
39,359,1892.0,1838.0
40,0,1530.0,1623.0
40,1,1530.0,1623.0
40,2,1530.0,1623.0
40,3,1530.0,1623.0
40,4,1530.0,1623.0
40,5,1530.0,1623.0
40,6,1530.0,1623.0
40,7,1530.0,1623.0
40,8,1530.0,1623.0
40,9,1530.0,1623.0
40,10,1530.0,1623.0
40,11,1530.0,1623.0
40,12,1530.0,1623.0
40,13,1530.0,1623.0
40,14,1530.0,1623.0
40,15,1530.0,1623.0
40,16,1530.0,1623.0
40,17,1530.0,1623.0
40,18,1530.0,1623.0
40,19,1530.0,1623.0
40,20,1530.0,1623.0
40,21,1530.0,1623.0
40,22,1530.0,1623.0
40,23,1530.0,1623.0
40,24,1530.0,1623.0
40,25,1530.0,1623.0
40,26,1530.0,1623.0
40,27,1530.0,1623.0
40,28,1530.0,1623.0
40,29,1530.0,1623.0
40,30,1530.0,1623.0
40,31,1530.0,1623.0
40,32,1530.0,1623.0
40,33,1530.0,1623.0
40,34,1530.0,1623.0
40,35,1530.0,1623.0
40,36,1530.0,1623.0
40,37,1530.0,1623.0
40,38,1530.0,1623.0
40,39,1530.0,1623.0
40,40,1530.0,1623.0
40,41,1530.0,1623.0
40,42,1530.0,1623.0
40,43,1530.0,1623.0
40,44,1530.0,1623.0
40,45,1530.0,1623.0
40,46,1530.0,1623.0
40,47,1530.0,1623.0
40,48,1530.0,1623.0
40,49,1530.0,1623.0
40,50,1530.0,1623.0
40,51,1530.0,1623.0
40,52,1530.0,1623.0
40,53,1530.0,1623.0
40,54,1530.0,1623.0
40,55,1530.0,1623.0
40,56,1530.0,1623.0
40,57,1530.0,1623.0
40,58,1530.0,1623.0
40,59,1530.0,1623.0
40,60,1530.0,1623.0
40,61,1530.0,1623.0
40,62,1530.0,1623.0
40,63,1530.0,1623.0
40,64,1530.0,1623.0
40,65,1530.0,1623.0
40,66,1530.0,1623.0
40,67,1530.0,1623.0
40,68,1530.0,1623.0
40,69,1530.0,1623.0
40,70,1530.0,1623.0
40,71,1530.0,1623.0
40,72,1530.0,1623.0
40,73,1530.0,1623.0
40,74,1530.0,1623.0
40,75,1530.0,1623.0
40,76,1530.0,1623.0
40,77,1530.0,1623.0
40,78,1530.0,1623.0
40,79,1530.0,1623.0
40,80,1530.0,1623.0
40,81,1530.0,1623.0
40,82,1530.0,1623.0
40,83,1530.0,1623.0
40,84,1530.0,1623.0
40,85,1530.0,1623.0
40,86,1530.0,1623.0
40,87,1530.0,1623.0
40,88,1530.0,1623.0
40,89,1530.0,1623.0
40,90,1530.0,1623.0
40,91,1530.0,1623.0
40,92,1530.0,1623.0
40,93,1530.0,1623.0
40,94,1530.0,1623.0
40,95,1530.0,1623.0
40,96,1530.0,1623.0
40,97,1530.0,1623.0
40,98,1530.0,1623.0
40,99,1530.0,1623.0
40,100,1530.0,1623.0
40,101,1530.0,1623.0
40,102,1530.0,1623.0
40,103,1530.0,1623.0
40,104,1530.0,1623.0
40,105,1530.0,1623.0
40,106,1530.0,1623.0
40,107,1530.0,1623.0
40,108,1530.0,1623.0
40,109,1530.0,1623.0
40,110,1530.0,1623.0
40,111,1530.0,1623.0
40,112,1530.0,1623.0
40,113,1530.0,1623.0
40,114,1530.0,1623.0
40,115,1530.0,1623.0
40,116,1530.0,1623.0
40,117,1530.0,1623.0
40,118,1530.0,1623.0
40,119,1530.0,1623.0
40,120,1530.0,1623.0
40,121,1530.0,1623.0
40,122,1530.0,1623.0
40,123,1530.0,1623.0
40,124,1530.0,1623.0
40,125,1530.0,1623.0
40,126,1530.0,1623.0
40,127,1530.0,1623.0
40,128,1530.0,1623.0
40,129,1530.0,1623.0
40,130,1530.0,1623.0
40,131,1530.0,1623.0
40,132,1530.0,1623.0
40,133,1530.0,1623.0
40,134,1530.0,1623.0
40,135,1530.0,1623.0
40,136,1530.0,1623.0
40,137,1530.0,1623.0
40,138,1530.0,1623.0
40,139,1530.0,1623.0
40,140,1530.0,1623.0
40,141,1530.0,1623.0
40,142,1530.0,1623.0
40,143,1530.0,1623.0
40,144,1530.0,1623.0
40,145,1530.0,1623.0
40,146,1530.0,1623.0
40,147,1530.0,1623.0
40,148,1530.0,1623.0
40,149,1530.0,1623.0
40,150,1530.0,1623.0
40,151,1530.0,1623.0
40,152,1530.0,1623.0
40,153,1530.0,1623.0
40,154,1530.0,1623.0
40,155,1530.0,1623.0
40,156,1530.0,1623.0
40,157,1530.0,1623.0
40,158,1530.0,1623.0
40,159,1530.0,1623.0
40,160,1530.0,1623.0
40,161,1530.0,1623.0
40,162,1530.0,1623.0
40,163,1530.0,1623.0
40,164,1530.0,1623.0
40,165,1530.0,1623.0
40,166,1530.0,1623.0
40,167,1530.0,1623.0
40,168,1530.0,1623.0
40,169,1530.0,1623.0
40,170,1530.0,1623.0
40,171,1530.0,1623.0
40,172,1530.0,1623.0
40,173,1530.0,1623.0
40,174,1530.0,1623.0
40,175,1530.0,1623.0
40,176,1530.0,1623.0
40,177,1530.0,1623.0
40,178,1530.0,1623.0
40,179,1530.0,1623.0
40,180,1530.0,1623.0
40,181,1530.0,1623.0
40,182,1530.0,1623.0
40,183,1530.0,1623.0
40,184,1530.0,1623.0
40,185,1530.0,1623.0
40,186,1530.0,1623.0
40,187,1530.0,1623.0
40,188,1530.0,1623.0
40,189,1530.0,1623.0
40,190,1530.0,1623.0
40,191,1530.0,1623.0
40,192,1530.0,1623.0
40,193,1530.0,1623.0
40,194,1530.0,1623.0
40,195,1530.0,1623.0
40,196,1530.0,1623.0
40,197,1530.0,1623.0
40,198,1530.0,1623.0
40,199,1530.0,1623.0
40,200,1530.0,1623.0
40,201,1530.0,1623.0
40,202,1530.0,1623.0
40,203,1530.0,1623.0
40,204,1530.0,1623.0
40,205,1530.0,1623.0
40,206,1530.0,1623.0
40,207,1530.0,1623.0
40,208,1530.0,1623.0
40,209,1530.0,1623.0
40,210,1530.0,1623.0
40,211,1530.0,1623.0
40,212,1530.0,1623.0
40,213,1530.0,1623.0
40,214,1530.0,1623.0
40,215,1530.0,1623.0
40,216,1530.0,1623.0
40,217,1530.0,1623.0
40,218,1530.0,1623.0
40,219,1530.0,1623.0
40,220,1530.0,1623.0
40,221,1530.0,1623.0
40,222,1530.0,1623.0
40,223,1530.0,1623.0
40,224,1530.0,1623.0
40,225,1530.0,1623.0
40,226,1530.0,1623.0
40,227,1530.0,1623.0
40,228,1530.0,1623.0
40,229,1530.0,1623.0
40,230,1530.0,1623.0
40,231,1530.0,1623.0
40,232,1530.0,1623.0
40,233,1530.0,1623.0
40,234,1530.0,1623.0
40,235,1530.0,1623.0
40,236,1530.0,1623.0
40,237,1530.0,1623.0
40,238,1530.0,1623.0
40,239,1530.0,1623.0
40,240,1530.0,1623.0
40,241,1530.0,1623.0
40,242,1530.0,1623.0
40,243,1530.0,1623.0
40,244,1530.0,1623.0
40,245,1530.0,1623.0
40,246,1530.0,1623.0
40,247,1530.0,1623.0
40,248,1530.0,1623.0
40,249,1530.0,1623.0
40,250,1530.0,1623.0
40,251,1530.0,1623.0
40,252,1530.0,1623.0
40,253,1530.0,1623.0
40,254,1530.0,1623.0
40,255,1530.0,1623.0
40,256,1530.0,1623.0
40,257,1530.0,1623.0
40,258,1530.0,1623.0
40,259,1530.0,1623.0
40,260,1530.0,1623.0
40,261,1530.0,1623.0
40,262,1530.0,1623.0
40,263,1530.0,1623.0
40,264,1530.0,1623.0
40,265,1530.0,1623.0
40,266,1530.0,1623.0
40,267,1530.0,1623.0
40,268,1530.0,1623.0
40,269,1530.0,1623.0
40,270,1530.0,1623.0
40,271,1530.0,1623.0
40,272,1530.0,1623.0
40,273,1530.0,1623.0
40,274,1530.0,1623.0
40,275,1530.0,1623.0
40,276,1530.0,1623.0
40,277,1530.0,1623.0
40,278,1530.0,1623.0
40,279,1530.0,1623.0
40,280,1530.0,1623.0
40,281,1530.0,1623.0
40,282,1530.0,1623.0
40,283,1530.0,1623.0
40,284,1530.0,1623.0
40,285,1530.0,1623.0
40,286,1530.0,1623.0
40,287,1530.0,1623.0
40,288,1530.0,1623.0
40,289,1530.0,1623.0
40,290,1530.0,1623.0
40,291,1530.0,1623.0
40,292,1530.0,1623.0
40,293,1530.0,1623.0
40,294,1530.0,1623.0
40,295,1530.0,1623.0
40,296,1530.0,1623.0
40,297,1530.0,1623.0
40,298,1530.0,1623.0
40,299,1530.0,1623.0
40,300,1530.0,1623.0
40,301,1530.0,1623.0
40,302,1530.0,1623.0
40,303,1530.0,1623.0
40,304,1530.0,1623.0
40,305,1530.0,1623.0
40,306,1530.0,1623.0
40,307,1530.0,1623.0
40,308,1530.0,1623.0
40,309,1530.0,1623.0
40,310,1530.0,1623.0
40,311,1530.0,1623.0
40,312,1530.0,1623.0
40,313,1530.0,1623.0
40,314,1530.0,1623.0
40,315,1530.0,1623.0
40,316,1530.0,1623.0
40,317,1530.0,1623.0
40,318,1530.0,1623.0
40,319,1530.0,1623.0
40,320,1530.0,1623.0
40,321,1530.0,1623.0
40,322,1530.0,1623.0
40,323,1530.0,1623.0
40,324,1530.0,1623.0
40,325,1530.0,1623.0
40,326,1530.0,1623.0
40,327,1530.0,1623.0
40,328,1530.0,1623.0
40,329,1530.0,1623.0
40,330,1530.0,1623.0
40,331,1530.0,1623.0
40,332,1530.0,1623.0
40,333,1530.0,1623.0
40,334,1530.0,1623.0
40,335,1530.0,1623.0
40,336,1530.0,1623.0
40,337,1530.0,1623.0
40,338,1530.0,1623.0
40,339,1530.0,1623.0
40,340,1530.0,1623.0
40,341,1530.0,1623.0
40,342,1530.0,1623.0
40,343,1530.0,1623.0
40,344,1530.0,1623.0
40,345,1530.0,1623.0
40,346,1530.0,1623.0
40,347,1530.0,1623.0
40,348,1530.0,1623.0
40,349,1530.0,1623.0
40,350,1530.0,1623.0
40,351,1530.0,1623.0
40,352,1530.0,1623.0
40,353,1530.0,1623.0
40,354,1530.0,1623.0
40,355,1530.0,1623.0
40,356,1530.0,1623.0
40,357,1530.0,1623.0
40,358,1530.0,1623.0
40,359,1530.0,1623.0
41,0,2355.0,2302.0
41,1,2355.0,2302.0
41,2,2355.0,2302.0
41,3,2355.0,2302.0
41,4,2355.0,2302.0
41,5,2355.0,2302.0
41,6,2355.0,2302.0
41,7,2355.0,2302.0
41,8,2355.0,2302.0
41,9,2355.0,2302.0
41,10,2355.0,2302.0
41,11,2355.0,2302.0
41,12,2355.0,2302.0
41,13,2355.0,2302.0
41,14,2355.0,2302.0
41,15,2355.0,2302.0
41,16,2355.0,2302.0
41,17,2355.0,2302.0
41,18,2355.0,2302.0
41,19,2355.0,2302.0
41,20,2355.0,2302.0
41,21,2355.0,2302.0
41,22,2355.0,2302.0
41,23,2355.0,2302.0
41,24,2355.0,2302.0
41,25,2355.0,2302.0
41,26,2355.0,2302.0
41,27,2355.0,2302.0
41,28,2355.0,2302.0
41,29,2355.0,2302.0
41,30,2355.0,2302.0
41,31,2355.0,2302.0
41,32,2355.0,2302.0
41,33,2355.0,2302.0
41,34,2355.0,2302.0
41,35,2355.0,2302.0
41,36,2355.0,2302.0
41,37,2355.0,2302.0
41,38,2355.0,2302.0
41,39,2355.0,2302.0
41,40,2355.0,2302.0
41,41,2355.0,2302.0
41,42,2355.0,2302.0
41,43,2355.0,2302.0
41,44,2355.0,2302.0
41,45,2355.0,2302.0
41,46,2355.0,2302.0
41,47,2355.0,2302.0
41,48,2355.0,2302.0
41,49,2355.0,2302.0
41,50,2355.0,2302.0
41,51,2355.0,2302.0
41,52,2355.0,2302.0
41,53,2355.0,2302.0
41,54,2355.0,2302.0
41,55,2355.0,2302.0
41,56,2355.0,2302.0
41,57,2355.0,2302.0
41,58,2355.0,2302.0
41,59,2355.0,2302.0
41,60,2355.0,2302.0
41,61,2355.0,2302.0
41,62,2355.0,2302.0
41,63,2355.0,2302.0
41,64,2355.0,2302.0
41,65,2355.0,2302.0
41,66,2355.0,2302.0
41,67,2355.0,2302.0
41,68,2355.0,2302.0
41,69,2355.0,2302.0
41,70,2355.0,2302.0
41,71,2355.0,2302.0
41,72,2355.0,2302.0
41,73,2355.0,2302.0
41,74,2355.0,2302.0
41,75,2355.0,2302.0
41,76,2355.0,2302.0
41,77,2355.0,2302.0
41,78,2355.0,2302.0
41,79,2355.0,2302.0
41,80,2355.0,2302.0
41,81,2355.0,2302.0
41,82,2355.0,2302.0
41,83,2355.0,2302.0
41,84,2355.0,2302.0
41,85,2355.0,2302.0
41,86,2355.0,2302.0
41,87,2355.0,2302.0
41,88,2355.0,2302.0
41,89,2355.0,2302.0
41,90,2355.0,2302.0
41,91,2355.0,2302.0
41,92,2355.0,2302.0
41,93,2355.0,2302.0
41,94,2355.0,2302.0
41,95,2355.0,2302.0
41,96,2355.0,2302.0
41,97,2355.0,2302.0
41,98,2355.0,2302.0
41,99,2355.0,2302.0
41,100,2355.0,2302.0
41,101,2355.0,2302.0
41,102,2355.0,2302.0
41,103,2355.0,2302.0
41,104,2355.0,2302.0
41,105,2355.0,2302.0
41,106,2355.0,2302.0
41,107,2355.0,2302.0
41,108,2355.0,2302.0
41,109,2355.0,2302.0
41,110,2355.0,2302.0
41,111,2355.0,2302.0
41,112,2355.0,2302.0
41,113,2355.0,2302.0
41,114,2355.0,2302.0
41,115,2355.0,2302.0
41,116,2355.0,2302.0
41,117,2355.0,2302.0
41,118,2355.0,2302.0
41,119,2355.0,2302.0
41,120,2355.0,2302.0
41,121,2355.0,2302.0
41,122,2355.0,2302.0
41,123,2355.0,2302.0
41,124,2355.0,2302.0
41,125,2355.0,2302.0
41,126,2355.0,2302.0
41,127,2355.0,2302.0
41,128,2355.0,2302.0
41,129,2355.0,2302.0
41,130,2355.0,2302.0
41,131,2355.0,2302.0
41,132,2355.0,2302.0
41,133,2355.0,2302.0
41,134,2355.0,2302.0
41,135,2355.0,2302.0
41,136,2355.0,2302.0
41,137,2355.0,2302.0
41,138,2355.0,2302.0
41,139,2355.0,2302.0
41,140,2355.0,2302.0
41,141,2355.0,2302.0
41,142,2355.0,2302.0
41,143,2355.0,2302.0
41,144,2355.0,2302.0
41,145,2355.0,2302.0
41,146,2355.0,2302.0
41,147,2355.0,2302.0
41,148,2355.0,2302.0
41,149,2355.0,2302.0
41,150,2355.0,2302.0
41,151,2355.0,2302.0
41,152,2355.0,2302.0
41,153,2355.0,2302.0
41,154,2355.0,2302.0
41,155,2355.0,2302.0
41,156,2355.0,2302.0
41,157,2355.0,2302.0
41,158,2355.0,2302.0
41,159,2355.0,2302.0
41,160,2355.0,2302.0
41,161,2355.0,2302.0
41,162,2355.0,2302.0
41,163,2355.0,2302.0
41,164,2355.0,2302.0
41,165,2355.0,2302.0
41,166,2355.0,2302.0
41,167,2355.0,2302.0
41,168,2355.0,2302.0
41,169,2355.0,2302.0
41,170,2355.0,2302.0
41,171,2355.0,2302.0
41,172,2355.0,2302.0
41,173,2355.0,2302.0
41,174,2355.0,2302.0
41,175,2355.0,2302.0
41,176,2355.0,2302.0
41,177,2355.0,2302.0
41,178,2355.0,2302.0
41,179,2355.0,2302.0
41,180,2355.0,2302.0
41,181,2355.0,2302.0
41,182,2355.0,2302.0
41,183,2355.0,2302.0
41,184,2355.0,2302.0
41,185,2355.0,2302.0
41,186,2355.0,2302.0
41,187,2355.0,2302.0
41,188,2355.0,2302.0
41,189,2355.0,2302.0
41,190,2355.0,2302.0
41,191,2355.0,2302.0
41,192,2355.0,2302.0
41,193,2355.0,2302.0
41,194,2355.0,2302.0
41,195,2355.0,2302.0
41,196,2355.0,2302.0
41,197,2355.0,2302.0
41,198,2355.0,2302.0
41,199,2355.0,2302.0
41,200,2355.0,2302.0
41,201,2355.0,2302.0
41,202,2355.0,2302.0
41,203,2355.0,2302.0
41,204,2355.0,2302.0
41,205,2355.0,2302.0
41,206,2355.0,2302.0
41,207,2355.0,2302.0
41,208,2355.0,2302.0
41,209,2355.0,2302.0
41,210,2355.0,2302.0
41,211,2355.0,2302.0
41,212,2355.0,2302.0
41,213,2355.0,2302.0
41,214,2355.0,2302.0
41,215,2355.0,2302.0
41,216,2355.0,2302.0
41,217,2355.0,2302.0
41,218,2355.0,2302.0
41,219,2355.0,2302.0
41,220,2355.0,2302.0
41,221,2355.0,2302.0
41,222,2355.0,2302.0
41,223,2355.0,2302.0
41,224,2355.0,2302.0
41,225,2355.0,2302.0
41,226,2355.0,2302.0
41,227,2355.0,2302.0
41,228,2355.0,2302.0
41,229,2355.0,2302.0
41,230,2355.0,2302.0
41,231,2355.0,2302.0
41,232,2355.0,2302.0
41,233,2355.0,2302.0
41,234,2355.0,2302.0
41,235,2355.0,2302.0
41,236,2355.0,2302.0
41,237,2355.0,2302.0
41,238,2355.0,2302.0
41,239,2355.0,2302.0
41,240,2355.0,2302.0
41,241,2355.0,2302.0
41,242,2355.0,2302.0
41,243,2355.0,2302.0
41,244,2355.0,2302.0
41,245,2355.0,2302.0
41,246,2355.0,2302.0
41,247,2355.0,2302.0
41,248,2355.0,2302.0
41,249,2355.0,2302.0
41,250,2355.0,2302.0
41,251,2355.0,2302.0
41,252,2355.0,2302.0
41,253,2355.0,2302.0
41,254,2355.0,2302.0
41,255,2355.0,2302.0
41,256,2355.0,2302.0
41,257,2355.0,2302.0
41,258,2355.0,2302.0
41,259,2355.0,2302.0
41,260,2355.0,2302.0
41,261,2355.0,2302.0
41,262,2355.0,2302.0
41,263,2355.0,2302.0
41,264,2355.0,2302.0
41,265,2355.0,2302.0
41,266,2355.0,2302.0
41,267,2355.0,2302.0
41,268,2355.0,2302.0
41,269,2355.0,2302.0
41,270,2355.0,2302.0
41,271,2355.0,2302.0
41,272,2355.0,2302.0
41,273,2355.0,2302.0
41,274,2355.0,2302.0
41,275,2355.0,2302.0
41,276,2355.0,2302.0
41,277,2355.0,2302.0
41,278,2355.0,2302.0
41,279,2355.0,2302.0
41,280,2355.0,2302.0
41,281,2355.0,2302.0
41,282,2355.0,2302.0
41,283,2355.0,2302.0
41,284,2355.0,2302.0
41,285,2355.0,2302.0
41,286,2355.0,2302.0
41,287,2355.0,2302.0
41,288,2355.0,2302.0
41,289,2355.0,2302.0
41,290,2355.0,2302.0
41,291,2355.0,2302.0
41,292,2355.0,2302.0
41,293,2355.0,2302.0
41,294,2355.0,2302.0
41,295,2355.0,2302.0
41,296,2355.0,2302.0
41,297,2355.0,2302.0
41,298,2355.0,2302.0
41,299,2355.0,2302.0
41,300,2355.0,2302.0
41,301,2355.0,2302.0
41,302,2355.0,2302.0
41,303,2355.0,2302.0
41,304,2355.0,2302.0
41,305,2355.0,2302.0
41,306,2355.0,2302.0
41,307,2355.0,2302.0
41,308,2355.0,2302.0
41,309,2355.0,2302.0
41,310,2355.0,2302.0
41,311,2355.0,2302.0
41,312,2355.0,2302.0
41,313,2355.0,2302.0
41,314,2355.0,2302.0
41,315,2355.0,2302.0
41,316,2355.0,2302.0
41,317,2355.0,2302.0
41,318,2355.0,2302.0
41,319,2355.0,2302.0
41,320,2355.0,2302.0
41,321,2355.0,2302.0
41,322,2355.0,2302.0
41,323,2355.0,2302.0
41,324,2355.0,2302.0
41,325,2355.0,2302.0
41,326,2355.0,2302.0
41,327,2355.0,2302.0
41,328,2355.0,2302.0
41,329,2355.0,2302.0
41,330,2355.0,2302.0
41,331,2355.0,2302.0
41,332,2355.0,2302.0
41,333,2355.0,2302.0
41,334,2355.0,2302.0
41,335,2355.0,2302.0
41,336,2355.0,2302.0
41,337,2355.0,2302.0
41,338,2355.0,2302.0
41,339,2355.0,2302.0
41,340,2355.0,2302.0
41,341,2355.0,2302.0
41,342,2355.0,2302.0
41,343,2355.0,2302.0
41,344,2355.0,2302.0
41,345,2355.0,2302.0
41,346,2355.0,2302.0
41,347,2355.0,2302.0
41,348,2355.0,2302.0
41,349,2355.0,2302.0
41,350,2355.0,2302.0
41,351,2355.0,2302.0
41,352,2355.0,2302.0
41,353,2355.0,2302.0
41,354,2355.0,2302.0
41,355,2355.0,2302.0
41,356,2355.0,2302.0
41,357,2355.0,2302.0
41,358,2355.0,2302.0
41,359,2355.0,2302.0
42,0,1814.0,1506.0
42,1,1814.0,1506.0
42,2,1814.0,1506.0
42,3,1814.0,1506.0
42,4,1814.0,1506.0
42,5,1814.0,1506.0
42,6,1814.0,1506.0
42,7,1814.0,1506.0
42,8,1814.0,1506.0
42,9,1814.0,1506.0
42,10,1814.0,1506.0
42,11,1814.0,1506.0
42,12,1814.0,1506.0
42,13,1814.0,1506.0
42,14,1814.0,1506.0
42,15,1814.0,1506.0
42,16,1814.0,1506.0
42,17,1814.0,1506.0
42,18,1814.0,1506.0
42,19,1814.0,1506.0
42,20,1814.0,1506.0
42,21,1814.0,1506.0
42,22,1814.0,1506.0
42,23,1814.0,1506.0
42,24,1814.0,1506.0
42,25,1814.0,1506.0
42,26,1814.0,1506.0
42,27,1814.0,1506.0
42,28,1814.0,1506.0
42,29,1814.0,1506.0
42,30,1814.0,1506.0
42,31,1814.0,1506.0
42,32,1814.0,1506.0
42,33,1814.0,1506.0
42,34,1814.0,1506.0
42,35,1814.0,1506.0
42,36,1814.0,1506.0
42,37,1814.0,1506.0
42,38,1814.0,1506.0
42,39,1814.0,1506.0
42,40,1814.0,1506.0
42,41,1814.0,1506.0
42,42,1814.0,1506.0
42,43,1814.0,1506.0
42,44,1814.0,1506.0
42,45,1814.0,1506.0
42,46,1814.0,1506.0
42,47,1814.0,1506.0
42,48,1814.0,1506.0
42,49,1814.0,1506.0
42,50,1814.0,1506.0
42,51,1814.0,1506.0
42,52,1814.0,1506.0
42,53,1814.0,1506.0
42,54,1814.0,1506.0
42,55,1814.0,1506.0
42,56,1814.0,1506.0
42,57,1814.0,1506.0
42,58,1814.0,1506.0
42,59,1814.0,1506.0
42,60,1814.0,1506.0
42,61,1814.0,1506.0
42,62,1814.0,1506.0
42,63,1814.0,1506.0
42,64,1814.0,1506.0
42,65,1814.0,1506.0
42,66,1814.0,1506.0
42,67,1814.0,1506.0
42,68,1814.0,1506.0
42,69,1814.0,1506.0
42,70,1814.0,1506.0
42,71,1814.0,1506.0
42,72,1814.0,1506.0
42,73,1814.0,1506.0
42,74,1814.0,1506.0
42,75,1814.0,1506.0
42,76,1814.0,1506.0
42,77,1814.0,1506.0
42,78,1814.0,1506.0
42,79,1814.0,1506.0
42,80,1814.0,1506.0
42,81,1814.0,1506.0
42,82,1814.0,1506.0
42,83,1814.0,1506.0
42,84,1814.0,1506.0
42,85,1814.0,1506.0
42,86,1814.0,1506.0
42,87,1814.0,1506.0
42,88,1814.0,1506.0
42,89,1814.0,1506.0
42,90,1814.0,1506.0
42,91,1814.0,1506.0
42,92,1814.0,1506.0
42,93,1814.0,1506.0
42,94,1814.0,1506.0
42,95,1814.0,1506.0
42,96,1814.0,1506.0
42,97,1814.0,1506.0
42,98,1814.0,1506.0
42,99,1814.0,1506.0
42,100,1814.0,1506.0
42,101,1814.0,1506.0
42,102,1814.0,1506.0
42,103,1814.0,1506.0
42,104,1814.0,1506.0
42,105,1814.0,1506.0
42,106,1814.0,1506.0
42,107,1814.0,1506.0
42,108,1814.0,1506.0
42,109,1814.0,1506.0
42,110,1814.0,1506.0
42,111,1814.0,1506.0
42,112,1814.0,1506.0
42,113,1814.0,1506.0
42,114,1814.0,1506.0
42,115,1814.0,1506.0
42,116,1814.0,1506.0
42,117,1814.0,1506.0
42,118,1814.0,1506.0
42,119,1814.0,1506.0
42,120,1814.0,1506.0
42,121,1814.0,1506.0
42,122,1814.0,1506.0
42,123,1814.0,1506.0
42,124,1814.0,1506.0
42,125,1814.0,1506.0
42,126,1814.0,1506.0
42,127,1814.0,1506.0
42,128,1814.0,1506.0
42,129,1814.0,1506.0
42,130,1814.0,1506.0
42,131,1814.0,1506.0
42,132,1814.0,1506.0
42,133,1814.0,1506.0
42,134,1814.0,1506.0
42,135,1814.0,1506.0
42,136,1814.0,1506.0
42,137,1814.0,1506.0
42,138,1814.0,1506.0
42,139,1814.0,1506.0
42,140,1814.0,1506.0
42,141,1814.0,1506.0
42,142,1814.0,1506.0
42,143,1814.0,1506.0
42,144,1814.0,1506.0
42,145,1814.0,1506.0
42,146,1814.0,1506.0
42,147,1814.0,1506.0
42,148,1814.0,1506.0
42,149,1814.0,1506.0
42,150,1814.0,1506.0
42,151,1814.0,1506.0
42,152,1814.0,1506.0
42,153,1814.0,1506.0
42,154,1814.0,1506.0
42,155,1814.0,1506.0
42,156,1814.0,1506.0
42,157,1814.0,1506.0
42,158,1814.0,1506.0
42,159,1814.0,1506.0
42,160,1814.0,1506.0
42,161,1814.0,1506.0
42,162,1814.0,1506.0
42,163,1814.0,1506.0
42,164,1814.0,1506.0
42,165,1814.0,1506.0
42,166,1814.0,1506.0
42,167,1814.0,1506.0
42,168,1814.0,1506.0
42,169,1814.0,1506.0
42,170,1814.0,1506.0
42,171,1814.0,1506.0
42,172,1814.0,1506.0
42,173,1814.0,1506.0
42,174,1814.0,1506.0
42,175,1814.0,1506.0
42,176,1814.0,1506.0
42,177,1814.0,1506.0
42,178,1814.0,1506.0
42,179,1814.0,1506.0
42,180,1814.0,1506.0
42,181,1814.0,1506.0
42,182,1814.0,1506.0
42,183,1814.0,1506.0
42,184,1814.0,1506.0
42,185,1814.0,1506.0
42,186,1814.0,1506.0
42,187,1814.0,1506.0
42,188,1814.0,1506.0
42,189,1814.0,1506.0
42,190,1814.0,1506.0
42,191,1814.0,1506.0
42,192,1814.0,1506.0
42,193,1814.0,1506.0
42,194,1814.0,1506.0
42,195,1814.0,1506.0
42,196,1814.0,1506.0
42,197,1814.0,1506.0
42,198,1814.0,1506.0
42,199,1814.0,1506.0
42,200,1814.0,1506.0
42,201,1814.0,1506.0
42,202,1814.0,1506.0
42,203,1814.0,1506.0
42,204,1814.0,1506.0
42,205,1814.0,1506.0
42,206,1814.0,1506.0
42,207,1814.0,1506.0
42,208,1814.0,1506.0
42,209,1814.0,1506.0
42,210,1814.0,1506.0
42,211,1814.0,1506.0
42,212,1814.0,1506.0
42,213,1814.0,1506.0
42,214,1814.0,1506.0
42,215,1814.0,1506.0
42,216,1814.0,1506.0
42,217,1814.0,1506.0
42,218,1814.0,1506.0
42,219,1814.0,1506.0
42,220,1814.0,1506.0
42,221,1814.0,1506.0
42,222,1814.0,1506.0
42,223,1814.0,1506.0
42,224,1814.0,1506.0
42,225,1814.0,1506.0
42,226,1814.0,1506.0
42,227,1814.0,1506.0
42,228,1814.0,1506.0
42,229,1814.0,1506.0
42,230,1814.0,1506.0
42,231,1814.0,1506.0
42,232,1814.0,1506.0
42,233,1814.0,1506.0
42,234,1814.0,1506.0
42,235,1814.0,1506.0
42,236,1814.0,1506.0
42,237,1814.0,1506.0
42,238,1814.0,1506.0
42,239,1814.0,1506.0
42,240,1814.0,1506.0
42,241,1814.0,1506.0
42,242,1814.0,1506.0
42,243,1814.0,1506.0
42,244,1814.0,1506.0
42,245,1814.0,1506.0
42,246,1814.0,1506.0
42,247,1814.0,1506.0
42,248,1814.0,1506.0
42,249,1814.0,1506.0
42,250,1814.0,1506.0
42,251,1814.0,1506.0
42,252,1814.0,1506.0
42,253,1814.0,1506.0
42,254,1814.0,1506.0
42,255,1814.0,1506.0
42,256,1814.0,1506.0
42,257,1814.0,1506.0
42,258,1814.0,1506.0
42,259,1814.0,1506.0
42,260,1814.0,1506.0
42,261,1814.0,1506.0
42,262,1814.0,1506.0
42,263,1814.0,1506.0
42,264,1814.0,1506.0
42,265,1814.0,1506.0
42,266,1814.0,1506.0
42,267,1814.0,1506.0
42,268,1814.0,1506.0
42,269,1814.0,1506.0
42,270,1814.0,1506.0
42,271,1814.0,1506.0
42,272,1814.0,1506.0
42,273,1814.0,1506.0
42,274,1814.0,1506.0
42,275,1814.0,1506.0
42,276,1814.0,1506.0
42,277,1814.0,1506.0
42,278,1814.0,1506.0
42,279,1814.0,1506.0
42,280,1814.0,1506.0
42,281,1814.0,1506.0
42,282,1814.0,1506.0
42,283,1814.0,1506.0
42,284,1814.0,1506.0
42,285,1814.0,1506.0
42,286,1814.0,1506.0
42,287,1814.0,1506.0
42,288,1814.0,1506.0
42,289,1814.0,1506.0
42,290,1814.0,1506.0
42,291,1814.0,1506.0
42,292,1814.0,1506.0
42,293,1814.0,1506.0
42,294,1814.0,1506.0
42,295,1814.0,1506.0
42,296,1814.0,1506.0
42,297,1814.0,1506.0
42,298,1814.0,1506.0
42,299,1814.0,1506.0
42,300,1814.0,1506.0
42,301,1814.0,1506.0
42,302,1814.0,1506.0
42,303,1814.0,1506.0
42,304,1814.0,1506.0
42,305,1814.0,1506.0
42,306,1814.0,1506.0
42,307,1814.0,1506.0
42,308,1814.0,1506.0
42,309,1814.0,1506.0
42,310,1814.0,1506.0
42,311,1814.0,1506.0
42,312,1814.0,1506.0
42,313,1814.0,1506.0
42,314,1814.0,1506.0
42,315,1814.0,1506.0
42,316,1814.0,1506.0
42,317,1814.0,1506.0
42,318,1814.0,1506.0
42,319,1814.0,1506.0
42,320,1814.0,1506.0
42,321,1814.0,1506.0
42,322,1814.0,1506.0
42,323,1814.0,1506.0
42,324,1814.0,1506.0
42,325,1814.0,1506.0
42,326,1814.0,1506.0
42,327,1814.0,1506.0
42,328,1814.0,1506.0
42,329,1814.0,1506.0
42,330,1814.0,1506.0
42,331,1814.0,1506.0
42,332,1814.0,1506.0
42,333,1814.0,1506.0
42,334,1814.0,1506.0
42,335,1814.0,1506.0
42,336,1814.0,1506.0
42,337,1814.0,1506.0
42,338,1814.0,1506.0
42,339,1814.0,1506.0
42,340,1814.0,1506.0
42,341,1814.0,1506.0
42,342,1814.0,1506.0
42,343,1814.0,1506.0
42,344,1814.0,1506.0
42,345,1814.0,1506.0
42,346,1814.0,1506.0
42,347,1814.0,1506.0
42,348,1814.0,1506.0
42,349,1814.0,1506.0
42,350,1814.0,1506.0
42,351,1814.0,1506.0
42,352,1814.0,1506.0
42,353,1814.0,1506.0
42,354,1814.0,1506.0
42,355,1814.0,1506.0
42,356,1814.0,1506.0
42,357,1814.0,1506.0
42,358,1814.0,1506.0
42,359,1814.0,1506.0
43,0,3230.0,1812.0
43,1,3230.0,1812.0
43,2,3230.0,1812.0
43,3,3230.0,1812.0
43,4,3230.0,1812.0
43,5,3230.0,1812.0
43,6,3230.0,1812.0
43,7,3230.0,1812.0
43,8,3230.0,1812.0
43,9,3230.0,1812.0
43,10,3230.0,1812.0
43,11,3230.0,1812.0
43,12,3230.0,1812.0
43,13,3230.0,1812.0
43,14,3230.0,1812.0
43,15,3230.0,1812.0
43,16,3230.0,1812.0
43,17,3230.0,1812.0
43,18,3230.0,1812.0
43,19,3230.0,1812.0
43,20,3230.0,1812.0
43,21,3230.0,1812.0
43,22,3230.0,1812.0
43,23,3230.0,1812.0
43,24,3230.0,1812.0
43,25,3230.0,1812.0
43,26,3230.0,1812.0
43,27,3230.0,1812.0
43,28,3230.0,1812.0
43,29,3230.0,1812.0
43,30,3230.0,1812.0
43,31,3230.0,1812.0
43,32,3230.0,1812.0
43,33,3230.0,1812.0
43,34,3230.0,1812.0
43,35,3230.0,1812.0
43,36,3230.0,1812.0
43,37,3230.0,1812.0
43,38,3230.0,1812.0
43,39,3230.0,1812.0
43,40,3230.0,1812.0
43,41,3230.0,1812.0
43,42,3230.0,1812.0
43,43,3230.0,1812.0
43,44,3230.0,1812.0
43,45,3230.0,1812.0
43,46,3230.0,1812.0
43,47,3230.0,1812.0
43,48,3230.0,1812.0
43,49,3230.0,1812.0
43,50,3230.0,1812.0
43,51,3230.0,1812.0
43,52,3230.0,1812.0
43,53,3230.0,1812.0
43,54,3230.0,1812.0
43,55,3230.0,1812.0
43,56,3230.0,1812.0
43,57,3230.0,1812.0
43,58,3230.0,1812.0
43,59,3230.0,1812.0
43,60,3230.0,1812.0
43,61,3230.0,1812.0
43,62,3230.0,1812.0
43,63,3230.0,1812.0
43,64,3230.0,1812.0
43,65,3230.0,1812.0
43,66,3230.0,1812.0
43,67,3230.0,1812.0
43,68,3230.0,1812.0
43,69,3230.0,1812.0
43,70,3230.0,1812.0
43,71,3230.0,1812.0
43,72,3230.0,1812.0
43,73,3230.0,1812.0
43,74,3230.0,1812.0
43,75,3230.0,1812.0
43,76,3230.0,1812.0
43,77,3230.0,1812.0
43,78,3230.0,1812.0
43,79,3230.0,1812.0
43,80,3230.0,1812.0
43,81,3230.0,1812.0
43,82,3230.0,1812.0
43,83,3230.0,1812.0
43,84,3230.0,1812.0
43,85,3230.0,1812.0
43,86,3230.0,1812.0
43,87,3230.0,1812.0
43,88,3230.0,1812.0
43,89,3230.0,1812.0
43,90,3230.0,1812.0
43,91,3230.0,1812.0
43,92,3230.0,1812.0
43,93,3230.0,1812.0
43,94,3230.0,1812.0
43,95,3230.0,1812.0
43,96,3230.0,1812.0
43,97,3230.0,1812.0
43,98,3230.0,1812.0
43,99,3230.0,1812.0
43,100,3230.0,1812.0
43,101,3230.0,1812.0
43,102,3230.0,1812.0
43,103,3230.0,1812.0
43,104,3230.0,1812.0
43,105,3230.0,1812.0
43,106,3230.0,1812.0
43,107,3230.0,1812.0
43,108,3230.0,1812.0
43,109,3230.0,1812.0
43,110,3230.0,1812.0
43,111,3230.0,1812.0
43,112,3230.0,1812.0
43,113,3230.0,1812.0
43,114,3230.0,1812.0
43,115,3230.0,1812.0
43,116,3230.0,1812.0
43,117,3230.0,1812.0
43,118,3230.0,1812.0
43,119,3230.0,1812.0
43,120,3230.0,1812.0
43,121,3230.0,1812.0
43,122,3230.0,1812.0
43,123,3230.0,1812.0
43,124,3230.0,1812.0
43,125,3230.0,1812.0
43,126,3230.0,1812.0
43,127,3230.0,1812.0
43,128,3230.0,1812.0
43,129,3230.0,1812.0
43,130,3230.0,1812.0
43,131,3230.0,1812.0
43,132,3230.0,1812.0
43,133,3230.0,1812.0
43,134,3230.0,1812.0
43,135,3230.0,1812.0
43,136,3230.0,1812.0
43,137,3230.0,1812.0
43,138,3230.0,1812.0
43,139,3230.0,1812.0
43,140,3230.0,1812.0
43,141,3230.0,1812.0
43,142,3230.0,1812.0
43,143,3230.0,1812.0
43,144,3230.0,1812.0
43,145,3230.0,1812.0
43,146,3230.0,1812.0
43,147,3230.0,1812.0
43,148,3230.0,1812.0
43,149,3230.0,1812.0
43,150,3230.0,1812.0
43,151,3230.0,1812.0
43,152,3230.0,1812.0
43,153,3230.0,1812.0
43,154,3230.0,1812.0
43,155,3230.0,1812.0
43,156,3230.0,1812.0
43,157,3230.0,1812.0
43,158,3230.0,1812.0
43,159,3230.0,1812.0
43,160,3230.0,1812.0
43,161,3230.0,1812.0
43,162,3230.0,1812.0
43,163,3230.0,1812.0
43,164,3230.0,1812.0
43,165,3230.0,1812.0
43,166,3230.0,1812.0
43,167,3230.0,1812.0
43,168,3230.0,1812.0
43,169,3230.0,1812.0
43,170,3230.0,1812.0
43,171,3230.0,1812.0
43,172,3230.0,1812.0
43,173,3230.0,1812.0
43,174,3230.0,1812.0
43,175,3230.0,1812.0
43,176,3230.0,1812.0
43,177,3230.0,1812.0
43,178,3230.0,1812.0
43,179,3230.0,1812.0
43,180,3230.0,1812.0
43,181,3230.0,1812.0
43,182,3230.0,1812.0
43,183,3230.0,1812.0
43,184,3230.0,1812.0
43,185,3230.0,1812.0
43,186,3230.0,1812.0
43,187,3230.0,1812.0
43,188,3230.0,1812.0
43,189,3230.0,1812.0
43,190,3230.0,1812.0
43,191,3230.0,1812.0
43,192,3230.0,1812.0
43,193,3230.0,1812.0
43,194,3230.0,1812.0
43,195,3230.0,1812.0
43,196,3230.0,1812.0
43,197,3230.0,1812.0
43,198,3230.0,1812.0
43,199,3230.0,1812.0
43,200,3230.0,1812.0
43,201,3230.0,1812.0
43,202,3230.0,1812.0
43,203,3230.0,1812.0
43,204,3230.0,1812.0
43,205,3230.0,1812.0
43,206,3230.0,1812.0
43,207,3230.0,1812.0
43,208,3230.0,1812.0
43,209,3230.0,1812.0
43,210,3230.0,1812.0
43,211,3230.0,1812.0
43,212,3230.0,1812.0
43,213,3230.0,1812.0
43,214,3230.0,1812.0
43,215,3230.0,1812.0
43,216,3230.0,1812.0
43,217,3230.0,1812.0
43,218,3230.0,1812.0
43,219,3230.0,1812.0
43,220,3230.0,1812.0
43,221,3230.0,1812.0
43,222,3230.0,1812.0
43,223,3230.0,1812.0
43,224,3230.0,1812.0
43,225,3230.0,1812.0
43,226,3230.0,1812.0
43,227,3230.0,1812.0
43,228,3230.0,1812.0
43,229,3230.0,1812.0
43,230,3230.0,1812.0
43,231,3230.0,1812.0
43,232,3230.0,1812.0
43,233,3230.0,1812.0
43,234,3230.0,1812.0
43,235,3230.0,1812.0
43,236,3230.0,1812.0
43,237,3230.0,1812.0
43,238,3230.0,1812.0
43,239,3230.0,1812.0
43,240,3230.0,1812.0
43,241,3230.0,1812.0
43,242,3230.0,1812.0
43,243,3230.0,1812.0
43,244,3230.0,1812.0
43,245,3230.0,1812.0
43,246,3230.0,1812.0
43,247,3230.0,1812.0
43,248,3230.0,1812.0
43,249,3230.0,1812.0
43,250,3230.0,1812.0
43,251,3230.0,1812.0
43,252,3230.0,1812.0
43,253,3230.0,1812.0
43,254,3230.0,1812.0
43,255,3230.0,1812.0
43,256,3230.0,1812.0
43,257,3230.0,1812.0
43,258,3230.0,1812.0
43,259,3230.0,1812.0
43,260,3230.0,1812.0
43,261,3230.0,1812.0
43,262,3230.0,1812.0
43,263,3230.0,1812.0
43,264,3230.0,1812.0
43,265,3230.0,1812.0
43,266,3230.0,1812.0
43,267,3230.0,1812.0
43,268,3230.0,1812.0
43,269,3230.0,1812.0
43,270,3230.0,1812.0
43,271,3230.0,1812.0
43,272,3230.0,1812.0
43,273,3230.0,1812.0
43,274,3230.0,1812.0
43,275,3230.0,1812.0
43,276,3230.0,1812.0
43,277,3230.0,1812.0
43,278,3230.0,1812.0
43,279,3230.0,1812.0
43,280,3230.0,1812.0
43,281,3230.0,1812.0
43,282,3230.0,1812.0
43,283,3230.0,1812.0
43,284,3230.0,1812.0
43,285,3230.0,1812.0
43,286,3230.0,1812.0
43,287,3230.0,1812.0
43,288,3230.0,1812.0
43,289,3230.0,1812.0
43,290,3230.0,1812.0
43,291,3230.0,1812.0
43,292,3230.0,1812.0
43,293,3230.0,1812.0
43,294,3230.0,1812.0
43,295,3230.0,1812.0
43,296,3230.0,1812.0
43,297,3230.0,1812.0
43,298,3230.0,1812.0
43,299,3230.0,1812.0
43,300,3230.0,1812.0
43,301,3230.0,1812.0
43,302,3230.0,1812.0
43,303,3230.0,1812.0
43,304,3230.0,1812.0
43,305,3230.0,1812.0
43,306,3230.0,1812.0
43,307,3230.0,1812.0
43,308,3230.0,1812.0
43,309,3230.0,1812.0
43,310,3230.0,1812.0
43,311,3230.0,1812.0
43,312,3230.0,1812.0
43,313,3230.0,1812.0
43,314,3230.0,1812.0
43,315,3230.0,1812.0
43,316,3230.0,1812.0
43,317,3230.0,1812.0
43,318,3230.0,1812.0
43,319,3230.0,1812.0
43,320,3230.0,1812.0
43,321,3230.0,1812.0
43,322,3230.0,1812.0
43,323,3230.0,1812.0
43,324,3230.0,1812.0
43,325,3230.0,1812.0
43,326,3230.0,1812.0
43,327,3230.0,1812.0
43,328,3230.0,1812.0
43,329,3230.0,1812.0
43,330,3230.0,1812.0
43,331,3230.0,1812.0
43,332,3230.0,1812.0
43,333,3230.0,1812.0
43,334,3230.0,1812.0
43,335,3230.0,1812.0
43,336,3230.0,1812.0
43,337,3230.0,1812.0
43,338,3230.0,1812.0
43,339,3230.0,1812.0
43,340,3230.0,1812.0
43,341,3230.0,1812.0
43,342,3230.0,1812.0
43,343,3230.0,1812.0
43,344,3230.0,1812.0
43,345,3230.0,1812.0
43,346,3230.0,1812.0
43,347,3230.0,1812.0
43,348,3230.0,1812.0
43,349,3230.0,1812.0
43,350,3230.0,1812.0
43,351,3230.0,1812.0
43,352,3230.0,1812.0
43,353,3230.0,1812.0
43,354,3230.0,1812.0
43,355,3230.0,1812.0
43,356,3230.0,1812.0
43,357,3230.0,1812.0
43,358,3230.0,1812.0
43,359,3230.0,1812.0
44,0,1457.0,1694.0
44,1,1457.0,1694.0
44,2,1457.0,1694.0
44,3,1457.0,1694.0
44,4,1457.0,1694.0
44,5,1457.0,1694.0
44,6,1457.0,1694.0
44,7,1457.0,1694.0
44,8,1457.0,1694.0
44,9,1457.0,1694.0
44,10,1457.0,1694.0
44,11,1457.0,1694.0
44,12,1457.0,1694.0
44,13,1457.0,1694.0
44,14,1457.0,1694.0
44,15,1457.0,1694.0
44,16,1457.0,1694.0
44,17,1457.0,1694.0
44,18,1457.0,1694.0
44,19,1457.0,1694.0
44,20,1457.0,1694.0
44,21,1457.0,1694.0
44,22,1457.0,1694.0
44,23,1457.0,1694.0
44,24,1457.0,1694.0
44,25,1457.0,1694.0
44,26,1457.0,1694.0
44,27,1457.0,1694.0
44,28,1457.0,1694.0
44,29,1457.0,1694.0
44,30,1457.0,1694.0
44,31,1457.0,1694.0
44,32,1457.0,1694.0
44,33,1457.0,1694.0
44,34,1457.0,1694.0
44,35,1457.0,1694.0
44,36,1457.0,1694.0
44,37,1457.0,1694.0
44,38,1457.0,1694.0
44,39,1457.0,1694.0
44,40,1457.0,1694.0
44,41,1457.0,1694.0
44,42,1457.0,1694.0
44,43,1457.0,1694.0
44,44,1457.0,1694.0
44,45,1457.0,1694.0
44,46,1457.0,1694.0
44,47,1457.0,1694.0
44,48,1457.0,1694.0
44,49,1457.0,1694.0
44,50,1457.0,1694.0
44,51,1457.0,1694.0
44,52,1457.0,1694.0
44,53,1457.0,1694.0
44,54,1457.0,1694.0
44,55,1457.0,1694.0
44,56,1457.0,1694.0
44,57,1457.0,1694.0
44,58,1457.0,1694.0
44,59,1457.0,1694.0
44,60,1457.0,1694.0
44,61,1457.0,1694.0
44,62,1457.0,1694.0
44,63,1457.0,1694.0
44,64,1457.0,1694.0
44,65,1457.0,1694.0
44,66,1457.0,1694.0
44,67,1457.0,1694.0
44,68,1457.0,1694.0
44,69,1457.0,1694.0
44,70,1457.0,1694.0
44,71,1457.0,1694.0
44,72,1457.0,1694.0
44,73,1457.0,1694.0
44,74,1457.0,1694.0
44,75,1457.0,1694.0
44,76,1457.0,1694.0
44,77,1457.0,1694.0
44,78,1457.0,1694.0
44,79,1457.0,1694.0
44,80,1457.0,1694.0
44,81,1457.0,1694.0
44,82,1457.0,1694.0
44,83,1457.0,1694.0
44,84,1457.0,1694.0
44,85,1457.0,1694.0
44,86,1457.0,1694.0
44,87,1457.0,1694.0
44,88,1457.0,1694.0
44,89,1457.0,1694.0
44,90,1457.0,1694.0
44,91,1457.0,1694.0
44,92,1457.0,1694.0
44,93,1457.0,1694.0
44,94,1457.0,1694.0
44,95,1457.0,1694.0
44,96,1457.0,1694.0
44,97,1457.0,1694.0
44,98,1457.0,1694.0
44,99,1457.0,1694.0
44,100,1457.0,1694.0
44,101,1457.0,1694.0
44,102,1457.0,1694.0
44,103,1457.0,1694.0
44,104,1457.0,1694.0
44,105,1457.0,1694.0
44,106,1457.0,1694.0
44,107,1457.0,1694.0
44,108,1457.0,1694.0
44,109,1457.0,1694.0
44,110,1457.0,1694.0
44,111,1457.0,1694.0
44,112,1457.0,1694.0
44,113,1457.0,1694.0
44,114,1457.0,1694.0
44,115,1457.0,1694.0
44,116,1457.0,1694.0
44,117,1457.0,1694.0
44,118,1457.0,1694.0
44,119,1457.0,1694.0
44,120,1457.0,1694.0
44,121,1457.0,1694.0
44,122,1457.0,1694.0
44,123,1457.0,1694.0
44,124,1457.0,1694.0
44,125,1457.0,1694.0
44,126,1457.0,1694.0
44,127,1457.0,1694.0
44,128,1457.0,1694.0
44,129,1457.0,1694.0
44,130,1457.0,1694.0
44,131,1457.0,1694.0
44,132,1457.0,1694.0
44,133,1457.0,1694.0
44,134,1457.0,1694.0
44,135,1457.0,1694.0
44,136,1457.0,1694.0
44,137,1457.0,1694.0
44,138,1457.0,1694.0
44,139,1457.0,1694.0
44,140,1457.0,1694.0
44,141,1457.0,1694.0
44,142,1457.0,1694.0
44,143,1457.0,1694.0
44,144,1457.0,1694.0
44,145,1457.0,1694.0
44,146,1457.0,1694.0
44,147,1457.0,1694.0
44,148,1457.0,1694.0
44,149,1457.0,1694.0
44,150,1457.0,1694.0
44,151,1457.0,1694.0
44,152,1457.0,1694.0
44,153,1457.0,1694.0
44,154,1457.0,1694.0
44,155,1457.0,1694.0
44,156,1457.0,1694.0
44,157,1457.0,1694.0
44,158,1457.0,1694.0
44,159,1457.0,1694.0
44,160,1457.0,1694.0
44,161,1457.0,1694.0
44,162,1457.0,1694.0
44,163,1457.0,1694.0
44,164,1457.0,1694.0
44,165,1457.0,1694.0
44,166,1457.0,1694.0
44,167,1457.0,1694.0
44,168,1457.0,1694.0
44,169,1457.0,1694.0
44,170,1457.0,1694.0
44,171,1457.0,1694.0
44,172,1457.0,1694.0
44,173,1457.0,1694.0
44,174,1457.0,1694.0
44,175,1457.0,1694.0
44,176,1457.0,1694.0
44,177,1457.0,1694.0
44,178,1457.0,1694.0
44,179,1457.0,1694.0
44,180,1457.0,1694.0
44,181,1457.0,1694.0
44,182,1457.0,1694.0
44,183,1457.0,1694.0
44,184,1457.0,1694.0
44,185,1457.0,1694.0
44,186,1457.0,1694.0
44,187,1457.0,1694.0
44,188,1457.0,1694.0
44,189,1457.0,1694.0
44,190,1457.0,1694.0
44,191,1457.0,1694.0
44,192,1457.0,1694.0
44,193,1457.0,1694.0
44,194,1457.0,1694.0
44,195,1457.0,1694.0
44,196,1457.0,1694.0
44,197,1457.0,1694.0
44,198,1457.0,1694.0
44,199,1457.0,1694.0
44,200,1457.0,1694.0
44,201,1457.0,1694.0
44,202,1457.0,1694.0
44,203,1457.0,1694.0
44,204,1457.0,1694.0
44,205,1457.0,1694.0
44,206,1457.0,1694.0
44,207,1457.0,1694.0
44,208,1457.0,1694.0
44,209,1457.0,1694.0
44,210,1457.0,1694.0
44,211,1457.0,1694.0
44,212,1457.0,1694.0
44,213,1457.0,1694.0
44,214,1457.0,1694.0
44,215,1457.0,1694.0
44,216,1457.0,1694.0
44,217,1457.0,1694.0
44,218,1457.0,1694.0
44,219,1457.0,1694.0
44,220,1457.0,1694.0
44,221,1457.0,1694.0
44,222,1457.0,1694.0
44,223,1457.0,1694.0
44,224,1457.0,1694.0
44,225,1457.0,1694.0
44,226,1457.0,1694.0
44,227,1457.0,1694.0
44,228,1457.0,1694.0
44,229,1457.0,1694.0
44,230,1457.0,1694.0
44,231,1457.0,1694.0
44,232,1457.0,1694.0
44,233,1457.0,1694.0
44,234,1457.0,1694.0
44,235,1457.0,1694.0
44,236,1457.0,1694.0
44,237,1457.0,1694.0
44,238,1457.0,1694.0
44,239,1457.0,1694.0
44,240,1457.0,1694.0
44,241,1457.0,1694.0
44,242,1457.0,1694.0
44,243,1457.0,1694.0
44,244,1457.0,1694.0
44,245,1457.0,1694.0
44,246,1457.0,1694.0
44,247,1457.0,1694.0
44,248,1457.0,1694.0
44,249,1457.0,1694.0
44,250,1457.0,1694.0
44,251,1457.0,1694.0
44,252,1457.0,1694.0
44,253,1457.0,1694.0
44,254,1457.0,1694.0
44,255,1457.0,1694.0
44,256,1457.0,1694.0
44,257,1457.0,1694.0
44,258,1457.0,1694.0
44,259,1457.0,1694.0
44,260,1457.0,1694.0
44,261,1457.0,1694.0
44,262,1457.0,1694.0
44,263,1457.0,1694.0
44,264,1457.0,1694.0
44,265,1457.0,1694.0
44,266,1457.0,1694.0
44,267,1457.0,1694.0
44,268,1457.0,1694.0
44,269,1457.0,1694.0
44,270,1457.0,1694.0
44,271,1457.0,1694.0
44,272,1457.0,1694.0
44,273,1457.0,1694.0
44,274,1457.0,1694.0
44,275,1457.0,1694.0
44,276,1457.0,1694.0
44,277,1457.0,1694.0
44,278,1457.0,1694.0
44,279,1457.0,1694.0
44,280,1457.0,1694.0
44,281,1457.0,1694.0
44,282,1457.0,1694.0
44,283,1457.0,1694.0
44,284,1457.0,1694.0
44,285,1457.0,1694.0
44,286,1457.0,1694.0
44,287,1457.0,1694.0
44,288,1457.0,1694.0
44,289,1457.0,1694.0
44,290,1457.0,1694.0
44,291,1457.0,1694.0
44,292,1457.0,1694.0
44,293,1457.0,1694.0
44,294,1457.0,1694.0
44,295,1457.0,1694.0
44,296,1457.0,1694.0
44,297,1457.0,1694.0
44,298,1457.0,1694.0
44,299,1457.0,1694.0
44,300,1457.0,1694.0
44,301,1457.0,1694.0
44,302,1457.0,1694.0
44,303,1457.0,1694.0
44,304,1457.0,1694.0
44,305,1457.0,1694.0
44,306,1457.0,1694.0
44,307,1457.0,1694.0
44,308,1457.0,1694.0
44,309,1457.0,1694.0
44,310,1457.0,1694.0
44,311,1457.0,1694.0
44,312,1457.0,1694.0
44,313,1457.0,1694.0
44,314,1457.0,1694.0
44,315,1457.0,1694.0
44,316,1457.0,1694.0
44,317,1457.0,1694.0
44,318,1457.0,1694.0
44,319,1457.0,1694.0
44,320,1457.0,1694.0
44,321,1457.0,1694.0
44,322,1457.0,1694.0
44,323,1457.0,1694.0
44,324,1457.0,1694.0
44,325,1457.0,1694.0
44,326,1457.0,1694.0
44,327,1457.0,1694.0
44,328,1457.0,1694.0
44,329,1457.0,1694.0
44,330,1457.0,1694.0
44,331,1457.0,1694.0
44,332,1457.0,1694.0
44,333,1457.0,1694.0
44,334,1457.0,1694.0
44,335,1457.0,1694.0
44,336,1457.0,1694.0
44,337,1457.0,1694.0
44,338,1457.0,1694.0
44,339,1457.0,1694.0
44,340,1457.0,1694.0
44,341,1457.0,1694.0
44,342,1457.0,1694.0
44,343,1457.0,1694.0
44,344,1457.0,1694.0
44,345,1457.0,1694.0
44,346,1457.0,1694.0
44,347,1457.0,1694.0
44,348,1457.0,1694.0
44,349,1457.0,1694.0
44,350,1457.0,1694.0
44,351,1457.0,1694.0
44,352,1457.0,1694.0
44,353,1457.0,1694.0
44,354,1457.0,1694.0
44,355,1457.0,1694.0
44,356,1457.0,1694.0
44,357,1457.0,1694.0
44,358,1457.0,1694.0
44,359,1457.0,1694.0
45,0,2508.0,2119.0
45,1,2508.0,2119.0
45,2,2508.0,2119.0
45,3,2508.0,2119.0
45,4,2508.0,2119.0
45,5,2508.0,2119.0
45,6,2508.0,2119.0
45,7,2508.0,2119.0
45,8,2508.0,2119.0
45,9,2508.0,2119.0
45,10,2508.0,2119.0
45,11,2508.0,2119.0
45,12,2508.0,2119.0
45,13,2508.0,2119.0
45,14,2508.0,2119.0
45,15,2508.0,2119.0
45,16,2508.0,2119.0
45,17,2508.0,2119.0
45,18,2508.0,2119.0
45,19,2508.0,2119.0
45,20,2508.0,2119.0
45,21,2508.0,2119.0
45,22,2508.0,2119.0
45,23,2508.0,2119.0
45,24,2508.0,2119.0
45,25,2508.0,2119.0
45,26,2508.0,2119.0
45,27,2508.0,2119.0
45,28,2508.0,2119.0
45,29,2508.0,2119.0
45,30,2508.0,2119.0
45,31,2508.0,2119.0
45,32,2508.0,2119.0
45,33,2508.0,2119.0
45,34,2508.0,2119.0
45,35,2508.0,2119.0
45,36,2508.0,2119.0
45,37,2508.0,2119.0
45,38,2508.0,2119.0
45,39,2508.0,2119.0
45,40,2508.0,2119.0
45,41,2508.0,2119.0
45,42,2508.0,2119.0
45,43,2508.0,2119.0
45,44,2508.0,2119.0
45,45,2508.0,2119.0
45,46,2508.0,2119.0
45,47,2508.0,2119.0
45,48,2508.0,2119.0
45,49,2508.0,2119.0
45,50,2508.0,2119.0
45,51,2508.0,2119.0
45,52,2508.0,2119.0
45,53,2508.0,2119.0
45,54,2508.0,2119.0
45,55,2508.0,2119.0
45,56,2508.0,2119.0
45,57,2508.0,2119.0
45,58,2508.0,2119.0
45,59,2508.0,2119.0
45,60,2508.0,2119.0
45,61,2508.0,2119.0
45,62,2508.0,2119.0
45,63,2508.0,2119.0
45,64,2508.0,2119.0
45,65,2508.0,2119.0
45,66,2508.0,2119.0
45,67,2508.0,2119.0
45,68,2508.0,2119.0
45,69,2508.0,2119.0
45,70,2508.0,2119.0
45,71,2508.0,2119.0
45,72,2508.0,2119.0
45,73,2508.0,2119.0
45,74,2508.0,2119.0
45,75,2508.0,2119.0
45,76,2508.0,2119.0
45,77,2508.0,2119.0
45,78,2508.0,2119.0
45,79,2508.0,2119.0
45,80,2508.0,2119.0
45,81,2508.0,2119.0
45,82,2508.0,2119.0
45,83,2508.0,2119.0
45,84,2508.0,2119.0
45,85,2508.0,2119.0
45,86,2508.0,2119.0
45,87,2508.0,2119.0
45,88,2508.0,2119.0
45,89,2508.0,2119.0
45,90,2508.0,2119.0
45,91,2508.0,2119.0
45,92,2508.0,2119.0
45,93,2508.0,2119.0
45,94,2508.0,2119.0
45,95,2508.0,2119.0
45,96,2508.0,2119.0
45,97,2508.0,2119.0
45,98,2508.0,2119.0
45,99,2508.0,2119.0
45,100,2508.0,2119.0
45,101,2508.0,2119.0
45,102,2508.0,2119.0
45,103,2508.0,2119.0
45,104,2508.0,2119.0
45,105,2508.0,2119.0
45,106,2508.0,2119.0
45,107,2508.0,2119.0
45,108,2508.0,2119.0
45,109,2508.0,2119.0
45,110,2508.0,2119.0
45,111,2508.0,2119.0
45,112,2508.0,2119.0
45,113,2508.0,2119.0
45,114,2508.0,2119.0
45,115,2508.0,2119.0
45,116,2508.0,2119.0
45,117,2508.0,2119.0
45,118,2508.0,2119.0
45,119,2508.0,2119.0
45,120,2508.0,2119.0
45,121,2508.0,2119.0
45,122,2508.0,2119.0
45,123,2508.0,2119.0
45,124,2508.0,2119.0
45,125,2508.0,2119.0
45,126,2508.0,2119.0
45,127,2508.0,2119.0
45,128,2508.0,2119.0
45,129,2508.0,2119.0
45,130,2508.0,2119.0
45,131,2508.0,2119.0
45,132,2508.0,2119.0
45,133,2508.0,2119.0
45,134,2508.0,2119.0
45,135,2508.0,2119.0
45,136,2508.0,2119.0
45,137,2508.0,2119.0
45,138,2508.0,2119.0
45,139,2508.0,2119.0
45,140,2508.0,2119.0
45,141,2508.0,2119.0
45,142,2508.0,2119.0
45,143,2508.0,2119.0
45,144,2508.0,2119.0
45,145,2508.0,2119.0
45,146,2508.0,2119.0
45,147,2508.0,2119.0
45,148,2508.0,2119.0
45,149,2508.0,2119.0
45,150,2508.0,2119.0
45,151,2508.0,2119.0
45,152,2508.0,2119.0
45,153,2508.0,2119.0
45,154,2508.0,2119.0
45,155,2508.0,2119.0
45,156,2508.0,2119.0
45,157,2508.0,2119.0
45,158,2508.0,2119.0
45,159,2508.0,2119.0
45,160,2508.0,2119.0
45,161,2508.0,2119.0
45,162,2508.0,2119.0
45,163,2508.0,2119.0
45,164,2508.0,2119.0
45,165,2508.0,2119.0
45,166,2508.0,2119.0
45,167,2508.0,2119.0
45,168,2508.0,2119.0
45,169,2508.0,2119.0
45,170,2508.0,2119.0
45,171,2508.0,2119.0
45,172,2508.0,2119.0
45,173,2508.0,2119.0
45,174,2508.0,2119.0
45,175,2508.0,2119.0
45,176,2508.0,2119.0
45,177,2508.0,2119.0
45,178,2508.0,2119.0
45,179,2508.0,2119.0
45,180,2508.0,2119.0
45,181,2508.0,2119.0
45,182,2508.0,2119.0
45,183,2508.0,2119.0
45,184,2508.0,2119.0
45,185,2508.0,2119.0
45,186,2508.0,2119.0
45,187,2508.0,2119.0
45,188,2508.0,2119.0
45,189,2508.0,2119.0
45,190,2508.0,2119.0
45,191,2508.0,2119.0
45,192,2508.0,2119.0
45,193,2508.0,2119.0
45,194,2508.0,2119.0
45,195,2508.0,2119.0
45,196,2508.0,2119.0
45,197,2508.0,2119.0
45,198,2508.0,2119.0
45,199,2508.0,2119.0
45,200,2508.0,2119.0
45,201,2508.0,2119.0
45,202,2508.0,2119.0
45,203,2508.0,2119.0
45,204,2508.0,2119.0
45,205,2508.0,2119.0
45,206,2508.0,2119.0
45,207,2508.0,2119.0
45,208,2508.0,2119.0
45,209,2508.0,2119.0
45,210,2508.0,2119.0
45,211,2508.0,2119.0
45,212,2508.0,2119.0
45,213,2508.0,2119.0
45,214,2508.0,2119.0
45,215,2508.0,2119.0
45,216,2508.0,2119.0
45,217,2508.0,2119.0
45,218,2508.0,2119.0
45,219,2508.0,2119.0
45,220,2508.0,2119.0
45,221,2508.0,2119.0
45,222,2508.0,2119.0
45,223,2508.0,2119.0
45,224,2508.0,2119.0
45,225,2508.0,2119.0
45,226,2508.0,2119.0
45,227,2508.0,2119.0
45,228,2508.0,2119.0
45,229,2508.0,2119.0
45,230,2508.0,2119.0
45,231,2508.0,2119.0
45,232,2508.0,2119.0
45,233,2508.0,2119.0
45,234,2508.0,2119.0
45,235,2508.0,2119.0
45,236,2508.0,2119.0
45,237,2508.0,2119.0
45,238,2508.0,2119.0
45,239,2508.0,2119.0
45,240,2508.0,2119.0
45,241,2508.0,2119.0
45,242,2508.0,2119.0
45,243,2508.0,2119.0
45,244,2508.0,2119.0
45,245,2508.0,2119.0
45,246,2508.0,2119.0
45,247,2508.0,2119.0
45,248,2508.0,2119.0
45,249,2508.0,2119.0
45,250,2508.0,2119.0
45,251,2508.0,2119.0
45,252,2508.0,2119.0
45,253,2508.0,2119.0
45,254,2508.0,2119.0
45,255,2508.0,2119.0
45,256,2508.0,2119.0
45,257,2508.0,2119.0
45,258,2508.0,2119.0
45,259,2508.0,2119.0
45,260,2508.0,2119.0
45,261,2508.0,2119.0
45,262,2508.0,2119.0
45,263,2508.0,2119.0
45,264,2508.0,2119.0
45,265,2508.0,2119.0
45,266,2508.0,2119.0
45,267,2508.0,2119.0
45,268,2508.0,2119.0
45,269,2508.0,2119.0
45,270,2508.0,2119.0
45,271,2508.0,2119.0
45,272,2508.0,2119.0
45,273,2508.0,2119.0
45,274,2508.0,2119.0
45,275,2508.0,2119.0
45,276,2508.0,2119.0
45,277,2508.0,2119.0
45,278,2508.0,2119.0
45,279,2508.0,2119.0
45,280,2508.0,2119.0
45,281,2508.0,2119.0
45,282,2508.0,2119.0
45,283,2508.0,2119.0
45,284,2508.0,2119.0
45,285,2508.0,2119.0
45,286,2508.0,2119.0
45,287,2508.0,2119.0
45,288,2508.0,2119.0
45,289,2508.0,2119.0
45,290,2508.0,2119.0
45,291,2508.0,2119.0
45,292,2508.0,2119.0
45,293,2508.0,2119.0
45,294,2508.0,2119.0
45,295,2508.0,2119.0
45,296,2508.0,2119.0
45,297,2508.0,2119.0
45,298,2508.0,2119.0
45,299,2508.0,2119.0
45,300,2508.0,2119.0
45,301,2508.0,2119.0
45,302,2508.0,2119.0
45,303,2508.0,2119.0
45,304,2508.0,2119.0
45,305,2508.0,2119.0
45,306,2508.0,2119.0
45,307,2508.0,2119.0
45,308,2508.0,2119.0
45,309,2508.0,2119.0
45,310,2508.0,2119.0
45,311,2508.0,2119.0
45,312,2508.0,2119.0
45,313,2508.0,2119.0
45,314,2508.0,2119.0
45,315,2508.0,2119.0
45,316,2508.0,2119.0
45,317,2508.0,2119.0
45,318,2508.0,2119.0
45,319,2508.0,2119.0
45,320,2508.0,2119.0
45,321,2508.0,2119.0
45,322,2508.0,2119.0
45,323,2508.0,2119.0
45,324,2508.0,2119.0
45,325,2508.0,2119.0
45,326,2508.0,2119.0
45,327,2508.0,2119.0
45,328,2508.0,2119.0
45,329,2508.0,2119.0
45,330,2508.0,2119.0
45,331,2508.0,2119.0
45,332,2508.0,2119.0
45,333,2508.0,2119.0
45,334,2508.0,2119.0
45,335,2508.0,2119.0
45,336,2508.0,2119.0
45,337,2508.0,2119.0
45,338,2508.0,2119.0
45,339,2508.0,2119.0
45,340,2508.0,2119.0
45,341,2508.0,2119.0
45,342,2508.0,2119.0
45,343,2508.0,2119.0
45,344,2508.0,2119.0
45,345,2508.0,2119.0
45,346,2508.0,2119.0
45,347,2508.0,2119.0
45,348,2508.0,2119.0
45,349,2508.0,2119.0
45,350,2508.0,2119.0
45,351,2508.0,2119.0
45,352,2508.0,2119.0
45,353,2508.0,2119.0
45,354,2508.0,2119.0
45,355,2508.0,2119.0
45,356,2508.0,2119.0
45,357,2508.0,2119.0
45,358,2508.0,2119.0
45,359,2508.0,2119.0
46,0,1928.0,1459.0
46,1,1928.0,1459.0
46,2,1928.0,1459.0
46,3,1928.0,1459.0
46,4,1928.0,1459.0
46,5,1928.0,1459.0
46,6,1928.0,1459.0
46,7,1928.0,1459.0
46,8,1928.0,1459.0
46,9,1928.0,1459.0
46,10,1928.0,1459.0
46,11,1928.0,1459.0
46,12,1928.0,1459.0
46,13,1928.0,1459.0
46,14,1928.0,1459.0
46,15,1928.0,1459.0
46,16,1928.0,1459.0
46,17,1928.0,1459.0
46,18,1928.0,1459.0
46,19,1928.0,1459.0
46,20,1928.0,1459.0
46,21,1928.0,1459.0
46,22,1928.0,1459.0
46,23,1928.0,1459.0
46,24,1928.0,1459.0
46,25,1928.0,1459.0
46,26,1928.0,1459.0
46,27,1928.0,1459.0
46,28,1928.0,1459.0
46,29,1928.0,1459.0
46,30,1928.0,1459.0
46,31,1928.0,1459.0
46,32,1928.0,1459.0
46,33,1928.0,1459.0
46,34,1928.0,1459.0
46,35,1928.0,1459.0
46,36,1928.0,1459.0
46,37,1928.0,1459.0
46,38,1928.0,1459.0
46,39,1928.0,1459.0
46,40,1928.0,1459.0
46,41,1928.0,1459.0
46,42,1928.0,1459.0
46,43,1928.0,1459.0
46,44,1928.0,1459.0
46,45,1928.0,1459.0
46,46,1928.0,1459.0
46,47,1928.0,1459.0
46,48,1928.0,1459.0
46,49,1928.0,1459.0
46,50,1928.0,1459.0
46,51,1928.0,1459.0
46,52,1928.0,1459.0
46,53,1928.0,1459.0
46,54,1928.0,1459.0
46,55,1928.0,1459.0
46,56,1928.0,1459.0
46,57,1928.0,1459.0
46,58,1928.0,1459.0
46,59,1928.0,1459.0
46,60,1928.0,1459.0
46,61,1928.0,1459.0
46,62,1928.0,1459.0
46,63,1928.0,1459.0
46,64,1928.0,1459.0
46,65,1928.0,1459.0
46,66,1928.0,1459.0
46,67,1928.0,1459.0
46,68,1928.0,1459.0
46,69,1928.0,1459.0
46,70,1928.0,1459.0
46,71,1928.0,1459.0
46,72,1928.0,1459.0
46,73,1928.0,1459.0
46,74,1928.0,1459.0
46,75,1928.0,1459.0
46,76,1928.0,1459.0
46,77,1928.0,1459.0
46,78,1928.0,1459.0
46,79,1928.0,1459.0
46,80,1928.0,1459.0
46,81,1928.0,1459.0
46,82,1928.0,1459.0
46,83,1928.0,1459.0
46,84,1928.0,1459.0
46,85,1928.0,1459.0
46,86,1928.0,1459.0
46,87,1928.0,1459.0
46,88,1928.0,1459.0
46,89,1928.0,1459.0
46,90,1928.0,1459.0
46,91,1928.0,1459.0
46,92,1928.0,1459.0
46,93,1928.0,1459.0
46,94,1928.0,1459.0
46,95,1928.0,1459.0
46,96,1928.0,1459.0
46,97,1928.0,1459.0
46,98,1928.0,1459.0
46,99,1928.0,1459.0
46,100,1928.0,1459.0
46,101,1928.0,1459.0
46,102,1928.0,1459.0
46,103,1928.0,1459.0
46,104,1928.0,1459.0
46,105,1928.0,1459.0
46,106,1928.0,1459.0
46,107,1928.0,1459.0
46,108,1928.0,1459.0
46,109,1928.0,1459.0
46,110,1928.0,1459.0
46,111,1928.0,1459.0
46,112,1928.0,1459.0
46,113,1928.0,1459.0
46,114,1928.0,1459.0
46,115,1928.0,1459.0
46,116,1928.0,1459.0
46,117,1928.0,1459.0
46,118,1928.0,1459.0
46,119,1928.0,1459.0
46,120,1928.0,1459.0
46,121,1928.0,1459.0
46,122,1928.0,1459.0
46,123,1928.0,1459.0
46,124,1928.0,1459.0
46,125,1928.0,1459.0
46,126,1928.0,1459.0
46,127,1928.0,1459.0
46,128,1928.0,1459.0
46,129,1928.0,1459.0
46,130,1928.0,1459.0
46,131,1928.0,1459.0
46,132,1928.0,1459.0
46,133,1928.0,1459.0
46,134,1928.0,1459.0
46,135,1928.0,1459.0
46,136,1928.0,1459.0
46,137,1928.0,1459.0
46,138,1928.0,1459.0
46,139,1928.0,1459.0
46,140,1928.0,1459.0
46,141,1928.0,1459.0
46,142,1928.0,1459.0
46,143,1928.0,1459.0
46,144,1928.0,1459.0
46,145,1928.0,1459.0
46,146,1928.0,1459.0
46,147,1928.0,1459.0
46,148,1928.0,1459.0
46,149,1928.0,1459.0
46,150,1928.0,1459.0
46,151,1928.0,1459.0
46,152,1928.0,1459.0
46,153,1928.0,1459.0
46,154,1928.0,1459.0
46,155,1928.0,1459.0
46,156,1928.0,1459.0
46,157,1928.0,1459.0
46,158,1928.0,1459.0
46,159,1928.0,1459.0
46,160,1928.0,1459.0
46,161,1928.0,1459.0
46,162,1928.0,1459.0
46,163,1928.0,1459.0
46,164,1928.0,1459.0
46,165,1928.0,1459.0
46,166,1928.0,1459.0
46,167,1928.0,1459.0
46,168,1928.0,1459.0
46,169,1928.0,1459.0
46,170,1928.0,1459.0
46,171,1928.0,1459.0
46,172,1928.0,1459.0
46,173,1928.0,1459.0
46,174,1928.0,1459.0
46,175,1928.0,1459.0
46,176,1928.0,1459.0
46,177,1928.0,1459.0
46,178,1928.0,1459.0
46,179,1928.0,1459.0
46,180,1928.0,1459.0
46,181,1928.0,1459.0
46,182,1928.0,1459.0
46,183,1928.0,1459.0
46,184,1928.0,1459.0
46,185,1928.0,1459.0
46,186,1928.0,1459.0
46,187,1928.0,1459.0
46,188,1928.0,1459.0
46,189,1928.0,1459.0
46,190,1928.0,1459.0
46,191,1928.0,1459.0
46,192,1928.0,1459.0
46,193,1928.0,1459.0
46,194,1928.0,1459.0
46,195,1928.0,1459.0
46,196,1928.0,1459.0
46,197,1928.0,1459.0
46,198,1928.0,1459.0
46,199,1928.0,1459.0
46,200,1928.0,1459.0
46,201,1928.0,1459.0
46,202,1928.0,1459.0
46,203,1928.0,1459.0
46,204,1928.0,1459.0
46,205,1928.0,1459.0
46,206,1928.0,1459.0
46,207,1928.0,1459.0
46,208,1928.0,1459.0
46,209,1928.0,1459.0
46,210,1928.0,1459.0
46,211,1928.0,1459.0
46,212,1928.0,1459.0
46,213,1928.0,1459.0
46,214,1928.0,1459.0
46,215,1928.0,1459.0
46,216,1928.0,1459.0
46,217,1928.0,1459.0
46,218,1928.0,1459.0
46,219,1928.0,1459.0
46,220,1928.0,1459.0
46,221,1928.0,1459.0
46,222,1928.0,1459.0
46,223,1928.0,1459.0
46,224,1928.0,1459.0
46,225,1928.0,1459.0
46,226,1928.0,1459.0
46,227,1928.0,1459.0
46,228,1928.0,1459.0
46,229,1928.0,1459.0
46,230,1928.0,1459.0
46,231,1928.0,1459.0
46,232,1928.0,1459.0
46,233,1928.0,1459.0
46,234,1928.0,1459.0
46,235,1928.0,1459.0
46,236,1928.0,1459.0
46,237,1928.0,1459.0
46,238,1928.0,1459.0
46,239,1928.0,1459.0
46,240,1928.0,1459.0
46,241,1928.0,1459.0
46,242,1928.0,1459.0
46,243,1928.0,1459.0
46,244,1928.0,1459.0
46,245,1928.0,1459.0
46,246,1928.0,1459.0
46,247,1928.0,1459.0
46,248,1928.0,1459.0
46,249,1928.0,1459.0
46,250,1928.0,1459.0
46,251,1928.0,1459.0
46,252,1928.0,1459.0
46,253,1928.0,1459.0
46,254,1928.0,1459.0
46,255,1928.0,1459.0
46,256,1928.0,1459.0
46,257,1928.0,1459.0
46,258,1928.0,1459.0
46,259,1928.0,1459.0
46,260,1928.0,1459.0
46,261,1928.0,1459.0
46,262,1928.0,1459.0
46,263,1928.0,1459.0
46,264,1928.0,1459.0
46,265,1928.0,1459.0
46,266,1928.0,1459.0
46,267,1928.0,1459.0
46,268,1928.0,1459.0
46,269,1928.0,1459.0
46,270,1928.0,1459.0
46,271,1928.0,1459.0
46,272,1928.0,1459.0
46,273,1928.0,1459.0
46,274,1928.0,1459.0
46,275,1928.0,1459.0
46,276,1928.0,1459.0
46,277,1928.0,1459.0
46,278,1928.0,1459.0
46,279,1928.0,1459.0
46,280,1928.0,1459.0
46,281,1928.0,1459.0
46,282,1928.0,1459.0
46,283,1928.0,1459.0
46,284,1928.0,1459.0
46,285,1928.0,1459.0
46,286,1928.0,1459.0
46,287,1928.0,1459.0
46,288,1928.0,1459.0
46,289,1928.0,1459.0
46,290,1928.0,1459.0
46,291,1928.0,1459.0
46,292,1928.0,1459.0
46,293,1928.0,1459.0
46,294,1928.0,1459.0
46,295,1928.0,1459.0
46,296,1928.0,1459.0
46,297,1928.0,1459.0
46,298,1928.0,1459.0
46,299,1928.0,1459.0
46,300,1928.0,1459.0
46,301,1928.0,1459.0
46,302,1928.0,1459.0
46,303,1928.0,1459.0
46,304,1928.0,1459.0
46,305,1928.0,1459.0
46,306,1928.0,1459.0
46,307,1928.0,1459.0
46,308,1928.0,1459.0
46,309,1928.0,1459.0
46,310,1928.0,1459.0
46,311,1928.0,1459.0
46,312,1928.0,1459.0
46,313,1928.0,1459.0
46,314,1928.0,1459.0
46,315,1928.0,1459.0
46,316,1928.0,1459.0
46,317,1928.0,1459.0
46,318,1928.0,1459.0
46,319,1928.0,1459.0
46,320,1928.0,1459.0
46,321,1928.0,1459.0
46,322,1928.0,1459.0
46,323,1928.0,1459.0
46,324,1928.0,1459.0
46,325,1928.0,1459.0
46,326,1928.0,1459.0
46,327,1928.0,1459.0
46,328,1928.0,1459.0
46,329,1928.0,1459.0
46,330,1928.0,1459.0
46,331,1928.0,1459.0
46,332,1928.0,1459.0
46,333,1928.0,1459.0
46,334,1928.0,1459.0
46,335,1928.0,1459.0
46,336,1928.0,1459.0
46,337,1928.0,1459.0
46,338,1928.0,1459.0
46,339,1928.0,1459.0
46,340,1928.0,1459.0
46,341,1928.0,1459.0
46,342,1928.0,1459.0
46,343,1928.0,1459.0
46,344,1928.0,1459.0
46,345,1928.0,1459.0
46,346,1928.0,1459.0
46,347,1928.0,1459.0
46,348,1928.0,1459.0
46,349,1928.0,1459.0
46,350,1928.0,1459.0
46,351,1928.0,1459.0
46,352,1928.0,1459.0
46,353,1928.0,1459.0
46,354,1928.0,1459.0
46,355,1928.0,1459.0
46,356,1928.0,1459.0
46,357,1928.0,1459.0
46,358,1928.0,1459.0
46,359,1928.0,1459.0
47,0,3329.0,1870.0
47,1,3329.0,1870.0
47,2,3329.0,1870.0
47,3,3329.0,1870.0
47,4,3329.0,1870.0
47,5,3329.0,1870.0
47,6,3329.0,1870.0
47,7,3329.0,1870.0
47,8,3329.0,1870.0
47,9,3329.0,1870.0
47,10,3329.0,1870.0
47,11,3329.0,1870.0
47,12,3329.0,1870.0
47,13,3329.0,1870.0
47,14,3329.0,1870.0
47,15,3329.0,1870.0
47,16,3329.0,1870.0
47,17,3329.0,1870.0
47,18,3329.0,1870.0
47,19,3329.0,1870.0
47,20,3329.0,1870.0
47,21,3329.0,1870.0
47,22,3329.0,1870.0
47,23,3329.0,1870.0
47,24,3329.0,1870.0
47,25,3329.0,1870.0
47,26,3329.0,1870.0
47,27,3329.0,1870.0
47,28,3329.0,1870.0
47,29,3329.0,1870.0
47,30,3329.0,1870.0
47,31,3329.0,1870.0
47,32,3329.0,1870.0
47,33,3329.0,1870.0
47,34,3329.0,1870.0
47,35,3329.0,1870.0
47,36,3329.0,1870.0
47,37,3329.0,1870.0
47,38,3329.0,1870.0
47,39,3329.0,1870.0
47,40,3329.0,1870.0
47,41,3329.0,1870.0
47,42,3329.0,1870.0
47,43,3329.0,1870.0
47,44,3329.0,1870.0
47,45,3329.0,1870.0
47,46,3329.0,1870.0
47,47,3329.0,1870.0
47,48,3329.0,1870.0
47,49,3329.0,1870.0
47,50,3329.0,1870.0
47,51,3329.0,1870.0
47,52,3329.0,1870.0
47,53,3329.0,1870.0
47,54,3329.0,1870.0
47,55,3329.0,1870.0
47,56,3329.0,1870.0
47,57,3329.0,1870.0
47,58,3329.0,1870.0
47,59,3329.0,1870.0
47,60,3329.0,1870.0
47,61,3329.0,1870.0
47,62,3329.0,1870.0
47,63,3329.0,1870.0
47,64,3329.0,1870.0
47,65,3329.0,1870.0
47,66,3329.0,1870.0
47,67,3329.0,1870.0
47,68,3329.0,1870.0
47,69,3329.0,1870.0
47,70,3329.0,1870.0
47,71,3329.0,1870.0
47,72,3329.0,1870.0
47,73,3329.0,1870.0
47,74,3329.0,1870.0
47,75,3329.0,1870.0
47,76,3329.0,1870.0
47,77,3329.0,1870.0
47,78,3329.0,1870.0
47,79,3329.0,1870.0
47,80,3329.0,1870.0
47,81,3329.0,1870.0
47,82,3329.0,1870.0
47,83,3329.0,1870.0
47,84,3329.0,1870.0
47,85,3329.0,1870.0
47,86,3329.0,1870.0
47,87,3329.0,1870.0
47,88,3329.0,1870.0
47,89,3329.0,1870.0
47,90,3329.0,1870.0
47,91,3329.0,1870.0
47,92,3329.0,1870.0
47,93,3329.0,1870.0
47,94,3329.0,1870.0
47,95,3329.0,1870.0
47,96,3329.0,1870.0
47,97,3329.0,1870.0
47,98,3329.0,1870.0
47,99,3329.0,1870.0
47,100,3329.0,1870.0
47,101,3329.0,1870.0
47,102,3329.0,1870.0
47,103,3329.0,1870.0
47,104,3329.0,1870.0
47,105,3329.0,1870.0
47,106,3329.0,1870.0
47,107,3329.0,1870.0
47,108,3329.0,1870.0
47,109,3329.0,1870.0
47,110,3329.0,1870.0
47,111,3329.0,1870.0
47,112,3329.0,1870.0
47,113,3329.0,1870.0
47,114,3329.0,1870.0
47,115,3329.0,1870.0
47,116,3329.0,1870.0
47,117,3329.0,1870.0
47,118,3329.0,1870.0
47,119,3329.0,1870.0
47,120,3329.0,1870.0
47,121,3329.0,1870.0
47,122,3329.0,1870.0
47,123,3329.0,1870.0
47,124,3329.0,1870.0
47,125,3329.0,1870.0
47,126,3329.0,1870.0
47,127,3329.0,1870.0
47,128,3329.0,1870.0
47,129,3329.0,1870.0
47,130,3329.0,1870.0
47,131,3329.0,1870.0
47,132,3329.0,1870.0
47,133,3329.0,1870.0
47,134,3329.0,1870.0
47,135,3329.0,1870.0
47,136,3329.0,1870.0
47,137,3329.0,1870.0
47,138,3329.0,1870.0
47,139,3329.0,1870.0
47,140,3329.0,1870.0
47,141,3329.0,1870.0
47,142,3329.0,1870.0
47,143,3329.0,1870.0
47,144,3329.0,1870.0
47,145,3329.0,1870.0
47,146,3329.0,1870.0
47,147,3329.0,1870.0
47,148,3329.0,1870.0
47,149,3329.0,1870.0
47,150,3329.0,1870.0
47,151,3329.0,1870.0
47,152,3329.0,1870.0
47,153,3329.0,1870.0
47,154,3329.0,1870.0
47,155,3329.0,1870.0
47,156,3329.0,1870.0
47,157,3329.0,1870.0
47,158,3329.0,1870.0
47,159,3329.0,1870.0
47,160,3329.0,1870.0
47,161,3329.0,1870.0
47,162,3329.0,1870.0
47,163,3329.0,1870.0
47,164,3329.0,1870.0
47,165,3329.0,1870.0
47,166,3329.0,1870.0
47,167,3329.0,1870.0
47,168,3329.0,1870.0
47,169,3329.0,1870.0
47,170,3329.0,1870.0
47,171,3329.0,1870.0
47,172,3329.0,1870.0
47,173,3329.0,1870.0
47,174,3329.0,1870.0
47,175,3329.0,1870.0
47,176,3329.0,1870.0
47,177,3329.0,1870.0
47,178,3329.0,1870.0
47,179,3329.0,1870.0
47,180,3329.0,1870.0
47,181,3329.0,1870.0
47,182,3329.0,1870.0
47,183,3329.0,1870.0
47,184,3329.0,1870.0
47,185,3329.0,1870.0
47,186,3329.0,1870.0
47,187,3329.0,1870.0
47,188,3329.0,1870.0
47,189,3329.0,1870.0
47,190,3329.0,1870.0
47,191,3329.0,1870.0
47,192,3329.0,1870.0
47,193,3329.0,1870.0
47,194,3329.0,1870.0
47,195,3329.0,1870.0
47,196,3329.0,1870.0
47,197,3329.0,1870.0
47,198,3329.0,1870.0
47,199,3329.0,1870.0
47,200,3329.0,1870.0
47,201,3329.0,1870.0
47,202,3329.0,1870.0
47,203,3329.0,1870.0
47,204,3329.0,1870.0
47,205,3329.0,1870.0
47,206,3329.0,1870.0
47,207,3329.0,1870.0
47,208,3329.0,1870.0
47,209,3329.0,1870.0
47,210,3329.0,1870.0
47,211,3329.0,1870.0
47,212,3329.0,1870.0
47,213,3329.0,1870.0
47,214,3329.0,1870.0
47,215,3329.0,1870.0
47,216,3329.0,1870.0
47,217,3329.0,1870.0
47,218,3329.0,1870.0
47,219,3329.0,1870.0
47,220,3329.0,1870.0
47,221,3329.0,1870.0
47,222,3329.0,1870.0
47,223,3329.0,1870.0
47,224,3329.0,1870.0
47,225,3329.0,1870.0
47,226,3329.0,1870.0
47,227,3329.0,1870.0
47,228,3329.0,1870.0
47,229,3329.0,1870.0
47,230,3329.0,1870.0
47,231,3329.0,1870.0
47,232,3329.0,1870.0
47,233,3329.0,1870.0
47,234,3329.0,1870.0
47,235,3329.0,1870.0
47,236,3329.0,1870.0
47,237,3329.0,1870.0
47,238,3329.0,1870.0
47,239,3329.0,1870.0
47,240,3329.0,1870.0
47,241,3329.0,1870.0
47,242,3329.0,1870.0
47,243,3329.0,1870.0
47,244,3329.0,1870.0
47,245,3329.0,1870.0
47,246,3329.0,1870.0
47,247,3329.0,1870.0
47,248,3329.0,1870.0
47,249,3329.0,1870.0
47,250,3329.0,1870.0
47,251,3329.0,1870.0
47,252,3329.0,1870.0
47,253,3329.0,1870.0
47,254,3329.0,1870.0
47,255,3329.0,1870.0
47,256,3329.0,1870.0
47,257,3329.0,1870.0
47,258,3329.0,1870.0
47,259,3329.0,1870.0
47,260,3329.0,1870.0
47,261,3329.0,1870.0
47,262,3329.0,1870.0
47,263,3329.0,1870.0
47,264,3329.0,1870.0
47,265,3329.0,1870.0
47,266,3329.0,1870.0
47,267,3329.0,1870.0
47,268,3329.0,1870.0
47,269,3329.0,1870.0
47,270,3329.0,1870.0
47,271,3329.0,1870.0
47,272,3329.0,1870.0
47,273,3329.0,1870.0
47,274,3329.0,1870.0
47,275,3329.0,1870.0
47,276,3329.0,1870.0
47,277,3329.0,1870.0
47,278,3329.0,1870.0
47,279,3329.0,1870.0
47,280,3329.0,1870.0
47,281,3329.0,1870.0
47,282,3329.0,1870.0
47,283,3329.0,1870.0
47,284,3329.0,1870.0
47,285,3329.0,1870.0
47,286,3329.0,1870.0
47,287,3329.0,1870.0
47,288,3329.0,1870.0
47,289,3329.0,1870.0
47,290,3329.0,1870.0
47,291,3329.0,1870.0
47,292,3329.0,1870.0
47,293,3329.0,1870.0
47,294,3329.0,1870.0
47,295,3329.0,1870.0
47,296,3329.0,1870.0
47,297,3329.0,1870.0
47,298,3329.0,1870.0
47,299,3329.0,1870.0
47,300,3329.0,1870.0
47,301,3329.0,1870.0
47,302,3329.0,1870.0
47,303,3329.0,1870.0
47,304,3329.0,1870.0
47,305,3329.0,1870.0
47,306,3329.0,1870.0
47,307,3329.0,1870.0
47,308,3329.0,1870.0
47,309,3329.0,1870.0
47,310,3329.0,1870.0
47,311,3329.0,1870.0
47,312,3329.0,1870.0
47,313,3329.0,1870.0
47,314,3329.0,1870.0
47,315,3329.0,1870.0
47,316,3329.0,1870.0
47,317,3329.0,1870.0
47,318,3329.0,1870.0
47,319,3329.0,1870.0
47,320,3329.0,1870.0
47,321,3329.0,1870.0
47,322,3329.0,1870.0
47,323,3329.0,1870.0
47,324,3329.0,1870.0
47,325,3329.0,1870.0
47,326,3329.0,1870.0
47,327,3329.0,1870.0
47,328,3329.0,1870.0
47,329,3329.0,1870.0
47,330,3329.0,1870.0
47,331,3329.0,1870.0
47,332,3329.0,1870.0
47,333,3329.0,1870.0
47,334,3329.0,1870.0
47,335,3329.0,1870.0
47,336,3329.0,1870.0
47,337,3329.0,1870.0
47,338,3329.0,1870.0
47,339,3329.0,1870.0
47,340,3329.0,1870.0
47,341,3329.0,1870.0
47,342,3329.0,1870.0
47,343,3329.0,1870.0
47,344,3329.0,1870.0
47,345,3329.0,1870.0
47,346,3329.0,1870.0
47,347,3329.0,1870.0
47,348,3329.0,1870.0
47,349,3329.0,1870.0
47,350,3329.0,1870.0
47,351,3329.0,1870.0
47,352,3329.0,1870.0
47,353,3329.0,1870.0
47,354,3329.0,1870.0
47,355,3329.0,1870.0
47,356,3329.0,1870.0
47,357,3329.0,1870.0
47,358,3329.0,1870.0
47,359,3329.0,1870.0
48,0,1217.0,1634.0
48,1,1217.0,1634.0
48,2,1217.0,1634.0
48,3,1217.0,1634.0
48,4,1217.0,1634.0
48,5,1217.0,1634.0
48,6,1217.0,1634.0
48,7,1217.0,1634.0
48,8,1217.0,1634.0
48,9,1217.0,1634.0
48,10,1217.0,1634.0
48,11,1217.0,1634.0
48,12,1217.0,1634.0
48,13,1217.0,1634.0
48,14,1217.0,1634.0
48,15,1217.0,1634.0
48,16,1217.0,1634.0
48,17,1217.0,1634.0
48,18,1217.0,1634.0
48,19,1217.0,1634.0
48,20,1217.0,1634.0
48,21,1217.0,1634.0
48,22,1217.0,1634.0
48,23,1217.0,1634.0
48,24,1217.0,1634.0
48,25,1217.0,1634.0
48,26,1217.0,1634.0
48,27,1217.0,1634.0
48,28,1217.0,1634.0
48,29,1217.0,1634.0
48,30,1217.0,1634.0
48,31,1217.0,1634.0
48,32,1217.0,1634.0
48,33,1217.0,1634.0
48,34,1217.0,1634.0
48,35,1217.0,1634.0
48,36,1217.0,1634.0
48,37,1217.0,1634.0
48,38,1217.0,1634.0
48,39,1217.0,1634.0
48,40,1217.0,1634.0
48,41,1217.0,1634.0
48,42,1217.0,1634.0
48,43,1217.0,1634.0
48,44,1217.0,1634.0
48,45,1217.0,1634.0
48,46,1217.0,1634.0
48,47,1217.0,1634.0
48,48,1217.0,1634.0
48,49,1217.0,1634.0
48,50,1217.0,1634.0
48,51,1217.0,1634.0
48,52,1217.0,1634.0
48,53,1217.0,1634.0
48,54,1217.0,1634.0
48,55,1217.0,1634.0
48,56,1217.0,1634.0
48,57,1217.0,1634.0
48,58,1217.0,1634.0
48,59,1217.0,1634.0
48,60,1217.0,1634.0
48,61,1217.0,1634.0
48,62,1217.0,1634.0
48,63,1217.0,1634.0
48,64,1217.0,1634.0
48,65,1217.0,1634.0
48,66,1217.0,1634.0
48,67,1217.0,1634.0
48,68,1217.0,1634.0
48,69,1217.0,1634.0
48,70,1217.0,1634.0
48,71,1217.0,1634.0
48,72,1217.0,1634.0
48,73,1217.0,1634.0
48,74,1217.0,1634.0
48,75,1217.0,1634.0
48,76,1217.0,1634.0
48,77,1217.0,1634.0
48,78,1217.0,1634.0
48,79,1217.0,1634.0
48,80,1217.0,1634.0
48,81,1217.0,1634.0
48,82,1217.0,1634.0
48,83,1217.0,1634.0
48,84,1217.0,1634.0
48,85,1217.0,1634.0
48,86,1217.0,1634.0
48,87,1217.0,1634.0
48,88,1217.0,1634.0
48,89,1217.0,1634.0
48,90,1217.0,1634.0
48,91,1217.0,1634.0
48,92,1217.0,1634.0
48,93,1217.0,1634.0
48,94,1217.0,1634.0
48,95,1217.0,1634.0
48,96,1217.0,1634.0
48,97,1217.0,1634.0
48,98,1217.0,1634.0
48,99,1217.0,1634.0
48,100,1217.0,1634.0
48,101,1217.0,1634.0
48,102,1217.0,1634.0
48,103,1217.0,1634.0
48,104,1217.0,1634.0
48,105,1217.0,1634.0
48,106,1217.0,1634.0
48,107,1217.0,1634.0
48,108,1217.0,1634.0
48,109,1217.0,1634.0
48,110,1217.0,1634.0
48,111,1217.0,1634.0
48,112,1217.0,1634.0
48,113,1217.0,1634.0
48,114,1217.0,1634.0
48,115,1217.0,1634.0
48,116,1217.0,1634.0
48,117,1217.0,1634.0
48,118,1217.0,1634.0
48,119,1217.0,1634.0
48,120,1217.0,1634.0
48,121,1217.0,1634.0
48,122,1217.0,1634.0
48,123,1217.0,1634.0
48,124,1217.0,1634.0
48,125,1217.0,1634.0
48,126,1217.0,1634.0
48,127,1217.0,1634.0
48,128,1217.0,1634.0
48,129,1217.0,1634.0
48,130,1217.0,1634.0
48,131,1217.0,1634.0
48,132,1217.0,1634.0
48,133,1217.0,1634.0
48,134,1217.0,1634.0
48,135,1217.0,1634.0
48,136,1217.0,1634.0
48,137,1217.0,1634.0
48,138,1217.0,1634.0
48,139,1217.0,1634.0
48,140,1217.0,1634.0
48,141,1217.0,1634.0
48,142,1217.0,1634.0
48,143,1217.0,1634.0
48,144,1217.0,1634.0
48,145,1217.0,1634.0
48,146,1217.0,1634.0
48,147,1217.0,1634.0
48,148,1217.0,1634.0
48,149,1217.0,1634.0
48,150,1217.0,1634.0
48,151,1217.0,1634.0
48,152,1217.0,1634.0
48,153,1217.0,1634.0
48,154,1217.0,1634.0
48,155,1217.0,1634.0
48,156,1217.0,1634.0
48,157,1217.0,1634.0
48,158,1217.0,1634.0
48,159,1217.0,1634.0
48,160,1217.0,1634.0
48,161,1217.0,1634.0
48,162,1217.0,1634.0
48,163,1217.0,1634.0
48,164,1217.0,1634.0
48,165,1217.0,1634.0
48,166,1217.0,1634.0
48,167,1217.0,1634.0
48,168,1217.0,1634.0
48,169,1217.0,1634.0
48,170,1217.0,1634.0
48,171,1217.0,1634.0
48,172,1217.0,1634.0
48,173,1217.0,1634.0
48,174,1217.0,1634.0
48,175,1217.0,1634.0
48,176,1217.0,1634.0
48,177,1217.0,1634.0
48,178,1217.0,1634.0
48,179,1217.0,1634.0
48,180,1217.0,1634.0
48,181,1217.0,1634.0
48,182,1217.0,1634.0
48,183,1217.0,1634.0
48,184,1217.0,1634.0
48,185,1217.0,1634.0
48,186,1217.0,1634.0
48,187,1217.0,1634.0
48,188,1217.0,1634.0
48,189,1217.0,1634.0
48,190,1217.0,1634.0
48,191,1217.0,1634.0
48,192,1217.0,1634.0
48,193,1217.0,1634.0
48,194,1217.0,1634.0
48,195,1217.0,1634.0
48,196,1217.0,1634.0
48,197,1217.0,1634.0
48,198,1217.0,1634.0
48,199,1217.0,1634.0
48,200,1217.0,1634.0
48,201,1217.0,1634.0
48,202,1217.0,1634.0
48,203,1217.0,1634.0
48,204,1217.0,1634.0
48,205,1217.0,1634.0
48,206,1217.0,1634.0
48,207,1217.0,1634.0
48,208,1217.0,1634.0
48,209,1217.0,1634.0
48,210,1217.0,1634.0
48,211,1217.0,1634.0
48,212,1217.0,1634.0
48,213,1217.0,1634.0
48,214,1217.0,1634.0
48,215,1217.0,1634.0
48,216,1217.0,1634.0
48,217,1217.0,1634.0
48,218,1217.0,1634.0
48,219,1217.0,1634.0
48,220,1217.0,1634.0
48,221,1217.0,1634.0
48,222,1217.0,1634.0
48,223,1217.0,1634.0
48,224,1217.0,1634.0
48,225,1217.0,1634.0
48,226,1217.0,1634.0
48,227,1217.0,1634.0
48,228,1217.0,1634.0
48,229,1217.0,1634.0
48,230,1217.0,1634.0
48,231,1217.0,1634.0
48,232,1217.0,1634.0
48,233,1217.0,1634.0
48,234,1217.0,1634.0
48,235,1217.0,1634.0
48,236,1217.0,1634.0
48,237,1217.0,1634.0
48,238,1217.0,1634.0
48,239,1217.0,1634.0
48,240,1217.0,1634.0
48,241,1217.0,1634.0
48,242,1217.0,1634.0
48,243,1217.0,1634.0
48,244,1217.0,1634.0
48,245,1217.0,1634.0
48,246,1217.0,1634.0
48,247,1217.0,1634.0
48,248,1217.0,1634.0
48,249,1217.0,1634.0
48,250,1217.0,1634.0
48,251,1217.0,1634.0
48,252,1217.0,1634.0
48,253,1217.0,1634.0
48,254,1217.0,1634.0
48,255,1217.0,1634.0
48,256,1217.0,1634.0
48,257,1217.0,1634.0
48,258,1217.0,1634.0
48,259,1217.0,1634.0
48,260,1217.0,1634.0
48,261,1217.0,1634.0
48,262,1217.0,1634.0
48,263,1217.0,1634.0
48,264,1217.0,1634.0
48,265,1217.0,1634.0
48,266,1217.0,1634.0
48,267,1217.0,1634.0
48,268,1217.0,1634.0
48,269,1217.0,1634.0
48,270,1217.0,1634.0
48,271,1217.0,1634.0
48,272,1217.0,1634.0
48,273,1217.0,1634.0
48,274,1217.0,1634.0
48,275,1217.0,1634.0
48,276,1217.0,1634.0
48,277,1217.0,1634.0
48,278,1217.0,1634.0
48,279,1217.0,1634.0
48,280,1217.0,1634.0
48,281,1217.0,1634.0
48,282,1217.0,1634.0
48,283,1217.0,1634.0
48,284,1217.0,1634.0
48,285,1217.0,1634.0
48,286,1217.0,1634.0
48,287,1217.0,1634.0
48,288,1217.0,1634.0
48,289,1217.0,1634.0
48,290,1217.0,1634.0
48,291,1217.0,1634.0
48,292,1217.0,1634.0
48,293,1217.0,1634.0
48,294,1217.0,1634.0
48,295,1217.0,1634.0
48,296,1217.0,1634.0
48,297,1217.0,1634.0
48,298,1217.0,1634.0
48,299,1217.0,1634.0
48,300,1217.0,1634.0
48,301,1217.0,1634.0
48,302,1217.0,1634.0
48,303,1217.0,1634.0
48,304,1217.0,1634.0
48,305,1217.0,1634.0
48,306,1217.0,1634.0
48,307,1217.0,1634.0
48,308,1217.0,1634.0
48,309,1217.0,1634.0
48,310,1217.0,1634.0
48,311,1217.0,1634.0
48,312,1217.0,1634.0
48,313,1217.0,1634.0
48,314,1217.0,1634.0
48,315,1217.0,1634.0
48,316,1217.0,1634.0
48,317,1217.0,1634.0
48,318,1217.0,1634.0
48,319,1217.0,1634.0
48,320,1217.0,1634.0
48,321,1217.0,1634.0
48,322,1217.0,1634.0
48,323,1217.0,1634.0
48,324,1217.0,1634.0
48,325,1217.0,1634.0
48,326,1217.0,1634.0
48,327,1217.0,1634.0
48,328,1217.0,1634.0
48,329,1217.0,1634.0
48,330,1217.0,1634.0
48,331,1217.0,1634.0
48,332,1217.0,1634.0
48,333,1217.0,1634.0
48,334,1217.0,1634.0
48,335,1217.0,1634.0
48,336,1217.0,1634.0
48,337,1217.0,1634.0
48,338,1217.0,1634.0
48,339,1217.0,1634.0
48,340,1217.0,1634.0
48,341,1217.0,1634.0
48,342,1217.0,1634.0
48,343,1217.0,1634.0
48,344,1217.0,1634.0
48,345,1217.0,1634.0
48,346,1217.0,1634.0
48,347,1217.0,1634.0
48,348,1217.0,1634.0
48,349,1217.0,1634.0
48,350,1217.0,1634.0
48,351,1217.0,1634.0
48,352,1217.0,1634.0
48,353,1217.0,1634.0
48,354,1217.0,1634.0
48,355,1217.0,1634.0
48,356,1217.0,1634.0
48,357,1217.0,1634.0
48,358,1217.0,1634.0
48,359,1217.0,1634.0
49,0,2617.0,2378.0
49,1,2617.0,2378.0
49,2,2617.0,2378.0
49,3,2617.0,2378.0
49,4,2617.0,2378.0
49,5,2617.0,2378.0
49,6,2617.0,2378.0
49,7,2617.0,2378.0
49,8,2617.0,2378.0
49,9,2617.0,2378.0
49,10,2617.0,2378.0
49,11,2617.0,2378.0
49,12,2617.0,2378.0
49,13,2617.0,2378.0
49,14,2617.0,2378.0
49,15,2617.0,2378.0
49,16,2617.0,2378.0
49,17,2617.0,2378.0
49,18,2617.0,2378.0
49,19,2617.0,2378.0
49,20,2617.0,2378.0
49,21,2617.0,2378.0
49,22,2617.0,2378.0
49,23,2617.0,2378.0
49,24,2617.0,2378.0
49,25,2617.0,2378.0
49,26,2617.0,2378.0
49,27,2617.0,2378.0
49,28,2617.0,2378.0
49,29,2617.0,2378.0
49,30,2617.0,2378.0
49,31,2617.0,2378.0
49,32,2617.0,2378.0
49,33,2617.0,2378.0
49,34,2617.0,2378.0
49,35,2617.0,2378.0
49,36,2617.0,2378.0
49,37,2617.0,2378.0
49,38,2617.0,2378.0
49,39,2617.0,2378.0
49,40,2617.0,2378.0
49,41,2617.0,2378.0
49,42,2617.0,2378.0
49,43,2617.0,2378.0
49,44,2617.0,2378.0
49,45,2617.0,2378.0
49,46,2617.0,2378.0
49,47,2617.0,2378.0
49,48,2617.0,2378.0
49,49,2617.0,2378.0
49,50,2617.0,2378.0
49,51,2617.0,2378.0
49,52,2617.0,2378.0
49,53,2617.0,2378.0
49,54,2617.0,2378.0
49,55,2617.0,2378.0
49,56,2617.0,2378.0
49,57,2617.0,2378.0
49,58,2617.0,2378.0
49,59,2617.0,2378.0
49,60,2617.0,2378.0
49,61,2617.0,2378.0
49,62,2617.0,2378.0
49,63,2617.0,2378.0
49,64,2617.0,2378.0
49,65,2617.0,2378.0
49,66,2617.0,2378.0
49,67,2617.0,2378.0
49,68,2617.0,2378.0
49,69,2617.0,2378.0
49,70,2617.0,2378.0
49,71,2617.0,2378.0
49,72,2617.0,2378.0
49,73,2617.0,2378.0
49,74,2617.0,2378.0
49,75,2617.0,2378.0
49,76,2617.0,2378.0
49,77,2617.0,2378.0
49,78,2617.0,2378.0
49,79,2617.0,2378.0
49,80,2617.0,2378.0
49,81,2617.0,2378.0
49,82,2617.0,2378.0
49,83,2617.0,2378.0
49,84,2617.0,2378.0
49,85,2617.0,2378.0
49,86,2617.0,2378.0
49,87,2617.0,2378.0
49,88,2617.0,2378.0
49,89,2617.0,2378.0
49,90,2617.0,2378.0
49,91,2617.0,2378.0
49,92,2617.0,2378.0
49,93,2617.0,2378.0
49,94,2617.0,2378.0
49,95,2617.0,2378.0
49,96,2617.0,2378.0
49,97,2617.0,2378.0
49,98,2617.0,2378.0
49,99,2617.0,2378.0
49,100,2617.0,2378.0
49,101,2617.0,2378.0
49,102,2617.0,2378.0
49,103,2617.0,2378.0
49,104,2617.0,2378.0
49,105,2617.0,2378.0
49,106,2617.0,2378.0
49,107,2617.0,2378.0
49,108,2617.0,2378.0
49,109,2617.0,2378.0
49,110,2617.0,2378.0
49,111,2617.0,2378.0
49,112,2617.0,2378.0
49,113,2617.0,2378.0
49,114,2617.0,2378.0
49,115,2617.0,2378.0
49,116,2617.0,2378.0
49,117,2617.0,2378.0
49,118,2617.0,2378.0
49,119,2617.0,2378.0
49,120,2617.0,2378.0
49,121,2617.0,2378.0
49,122,2617.0,2378.0
49,123,2617.0,2378.0
49,124,2617.0,2378.0
49,125,2617.0,2378.0
49,126,2617.0,2378.0
49,127,2617.0,2378.0
49,128,2617.0,2378.0
49,129,2617.0,2378.0
49,130,2617.0,2378.0
49,131,2617.0,2378.0
49,132,2617.0,2378.0
49,133,2617.0,2378.0
49,134,2617.0,2378.0
49,135,2617.0,2378.0
49,136,2617.0,2378.0
49,137,2617.0,2378.0
49,138,2617.0,2378.0
49,139,2617.0,2378.0
49,140,2617.0,2378.0
49,141,2617.0,2378.0
49,142,2617.0,2378.0
49,143,2617.0,2378.0
49,144,2617.0,2378.0
49,145,2617.0,2378.0
49,146,2617.0,2378.0
49,147,2617.0,2378.0
49,148,2617.0,2378.0
49,149,2617.0,2378.0
49,150,2617.0,2378.0
49,151,2617.0,2378.0
49,152,2617.0,2378.0
49,153,2617.0,2378.0
49,154,2617.0,2378.0
49,155,2617.0,2378.0
49,156,2617.0,2378.0
49,157,2617.0,2378.0
49,158,2617.0,2378.0
49,159,2617.0,2378.0
49,160,2617.0,2378.0
49,161,2617.0,2378.0
49,162,2617.0,2378.0
49,163,2617.0,2378.0
49,164,2617.0,2378.0
49,165,2617.0,2378.0
49,166,2617.0,2378.0
49,167,2617.0,2378.0
49,168,2617.0,2378.0
49,169,2617.0,2378.0
49,170,2617.0,2378.0
49,171,2617.0,2378.0
49,172,2617.0,2378.0
49,173,2617.0,2378.0
49,174,2617.0,2378.0
49,175,2617.0,2378.0
49,176,2617.0,2378.0
49,177,2617.0,2378.0
49,178,2617.0,2378.0
49,179,2617.0,2378.0
49,180,2617.0,2378.0
49,181,2617.0,2378.0
49,182,2617.0,2378.0
49,183,2617.0,2378.0
49,184,2617.0,2378.0
49,185,2617.0,2378.0
49,186,2617.0,2378.0
49,187,2617.0,2378.0
49,188,2617.0,2378.0
49,189,2617.0,2378.0
49,190,2617.0,2378.0
49,191,2617.0,2378.0
49,192,2617.0,2378.0
49,193,2617.0,2378.0
49,194,2617.0,2378.0
49,195,2617.0,2378.0
49,196,2617.0,2378.0
49,197,2617.0,2378.0
49,198,2617.0,2378.0
49,199,2617.0,2378.0
49,200,2617.0,2378.0
49,201,2617.0,2378.0
49,202,2617.0,2378.0
49,203,2617.0,2378.0
49,204,2617.0,2378.0
49,205,2617.0,2378.0
49,206,2617.0,2378.0
49,207,2617.0,2378.0
49,208,2617.0,2378.0
49,209,2617.0,2378.0
49,210,2617.0,2378.0
49,211,2617.0,2378.0
49,212,2617.0,2378.0
49,213,2617.0,2378.0
49,214,2617.0,2378.0
49,215,2617.0,2378.0
49,216,2617.0,2378.0
49,217,2617.0,2378.0
49,218,2617.0,2378.0
49,219,2617.0,2378.0
49,220,2617.0,2378.0
49,221,2617.0,2378.0
49,222,2617.0,2378.0
49,223,2617.0,2378.0
49,224,2617.0,2378.0
49,225,2617.0,2378.0
49,226,2617.0,2378.0
49,227,2617.0,2378.0
49,228,2617.0,2378.0
49,229,2617.0,2378.0
49,230,2617.0,2378.0
49,231,2617.0,2378.0
49,232,2617.0,2378.0
49,233,2617.0,2378.0
49,234,2617.0,2378.0
49,235,2617.0,2378.0
49,236,2617.0,2378.0
49,237,2617.0,2378.0
49,238,2617.0,2378.0
49,239,2617.0,2378.0
49,240,2617.0,2378.0
49,241,2617.0,2378.0
49,242,2617.0,2378.0
49,243,2617.0,2378.0
49,244,2617.0,2378.0
49,245,2617.0,2378.0
49,246,2617.0,2378.0
49,247,2617.0,2378.0
49,248,2617.0,2378.0
49,249,2617.0,2378.0
49,250,2617.0,2378.0
49,251,2617.0,2378.0
49,252,2617.0,2378.0
49,253,2617.0,2378.0
49,254,2617.0,2378.0
49,255,2617.0,2378.0
49,256,2617.0,2378.0
49,257,2617.0,2378.0
49,258,2617.0,2378.0
49,259,2617.0,2378.0
49,260,2617.0,2378.0
49,261,2617.0,2378.0
49,262,2617.0,2378.0
49,263,2617.0,2378.0
49,264,2617.0,2378.0
49,265,2617.0,2378.0
49,266,2617.0,2378.0
49,267,2617.0,2378.0
49,268,2617.0,2378.0
49,269,2617.0,2378.0
49,270,2617.0,2378.0
49,271,2617.0,2378.0
49,272,2617.0,2378.0
49,273,2617.0,2378.0
49,274,2617.0,2378.0
49,275,2617.0,2378.0
49,276,2617.0,2378.0
49,277,2617.0,2378.0
49,278,2617.0,2378.0
49,279,2617.0,2378.0
49,280,2617.0,2378.0
49,281,2617.0,2378.0
49,282,2617.0,2378.0
49,283,2617.0,2378.0
49,284,2617.0,2378.0
49,285,2617.0,2378.0
49,286,2617.0,2378.0
49,287,2617.0,2378.0
49,288,2617.0,2378.0
49,289,2617.0,2378.0
49,290,2617.0,2378.0
49,291,2617.0,2378.0
49,292,2617.0,2378.0
49,293,2617.0,2378.0
49,294,2617.0,2378.0
49,295,2617.0,2378.0
49,296,2617.0,2378.0
49,297,2617.0,2378.0
49,298,2617.0,2378.0
49,299,2617.0,2378.0
49,300,2617.0,2378.0
49,301,2617.0,2378.0
49,302,2617.0,2378.0
49,303,2617.0,2378.0
49,304,2617.0,2378.0
49,305,2617.0,2378.0
49,306,2617.0,2378.0
49,307,2617.0,2378.0
49,308,2617.0,2378.0
49,309,2617.0,2378.0
49,310,2617.0,2378.0
49,311,2617.0,2378.0
49,312,2617.0,2378.0
49,313,2617.0,2378.0
49,314,2617.0,2378.0
49,315,2617.0,2378.0
49,316,2617.0,2378.0
49,317,2617.0,2378.0
49,318,2617.0,2378.0
49,319,2617.0,2378.0
49,320,2617.0,2378.0
49,321,2617.0,2378.0
49,322,2617.0,2378.0
49,323,2617.0,2378.0
49,324,2617.0,2378.0
49,325,2617.0,2378.0
49,326,2617.0,2378.0
49,327,2617.0,2378.0
49,328,2617.0,2378.0
49,329,2617.0,2378.0
49,330,2617.0,2378.0
49,331,2617.0,2378.0
49,332,2617.0,2378.0
49,333,2617.0,2378.0
49,334,2617.0,2378.0
49,335,2617.0,2378.0
49,336,2617.0,2378.0
49,337,2617.0,2378.0
49,338,2617.0,2378.0
49,339,2617.0,2378.0
49,340,2617.0,2378.0
49,341,2617.0,2378.0
49,342,2617.0,2378.0
49,343,2617.0,2378.0
49,344,2617.0,2378.0
49,345,2617.0,2378.0
49,346,2617.0,2378.0
49,347,2617.0,2378.0
49,348,2617.0,2378.0
49,349,2617.0,2378.0
49,350,2617.0,2378.0
49,351,2617.0,2378.0
49,352,2617.0,2378.0
49,353,2617.0,2378.0
49,354,2617.0,2378.0
49,355,2617.0,2378.0
49,356,2617.0,2378.0
49,357,2617.0,2378.0
49,358,2617.0,2378.0
49,359,2617.0,2378.0
50,0,1978.0,1756.0
50,1,1978.0,1756.0
50,2,1978.0,1756.0
50,3,1978.0,1756.0
50,4,1978.0,1756.0
50,5,1978.0,1756.0
50,6,1978.0,1756.0
50,7,1978.0,1756.0
50,8,1978.0,1756.0
50,9,1978.0,1756.0
50,10,1978.0,1756.0
50,11,1978.0,1756.0
50,12,1978.0,1756.0
50,13,1978.0,1756.0
50,14,1978.0,1756.0
50,15,1978.0,1756.0
50,16,1978.0,1756.0
50,17,1978.0,1756.0
50,18,1978.0,1756.0
50,19,1978.0,1756.0
50,20,1978.0,1756.0
50,21,1978.0,1756.0
50,22,1978.0,1756.0
50,23,1978.0,1756.0
50,24,1978.0,1756.0
50,25,1978.0,1756.0
50,26,1978.0,1756.0
50,27,1978.0,1756.0
50,28,1978.0,1756.0
50,29,1978.0,1756.0
50,30,1978.0,1756.0
50,31,1978.0,1756.0
50,32,1978.0,1756.0
50,33,1978.0,1756.0
50,34,1978.0,1756.0
50,35,1978.0,1756.0
50,36,1978.0,1756.0
50,37,1978.0,1756.0
50,38,1978.0,1756.0
50,39,1978.0,1756.0
50,40,1978.0,1756.0
50,41,1978.0,1756.0
50,42,1978.0,1756.0
50,43,1978.0,1756.0
50,44,1978.0,1756.0
50,45,1978.0,1756.0
50,46,1978.0,1756.0
50,47,1978.0,1756.0
50,48,1978.0,1756.0
50,49,1978.0,1756.0
50,50,1978.0,1756.0
50,51,1978.0,1756.0
50,52,1978.0,1756.0
50,53,1978.0,1756.0
50,54,1978.0,1756.0
50,55,1978.0,1756.0
50,56,1978.0,1756.0
50,57,1978.0,1756.0
50,58,1978.0,1756.0
50,59,1978.0,1756.0
50,60,1978.0,1756.0
50,61,1978.0,1756.0
50,62,1978.0,1756.0
50,63,1978.0,1756.0
50,64,1978.0,1756.0
50,65,1978.0,1756.0
50,66,1978.0,1756.0
50,67,1978.0,1756.0
50,68,1978.0,1756.0
50,69,1978.0,1756.0
50,70,1978.0,1756.0
50,71,1978.0,1756.0
50,72,1978.0,1756.0
50,73,1978.0,1756.0
50,74,1978.0,1756.0
50,75,1978.0,1756.0
50,76,1978.0,1756.0
50,77,1978.0,1756.0
50,78,1978.0,1756.0
50,79,1978.0,1756.0
50,80,1978.0,1756.0
50,81,1978.0,1756.0
50,82,1978.0,1756.0
50,83,1978.0,1756.0
50,84,1978.0,1756.0
50,85,1978.0,1756.0
50,86,1978.0,1756.0
50,87,1978.0,1756.0
50,88,1978.0,1756.0
50,89,1978.0,1756.0
50,90,1978.0,1756.0
50,91,1978.0,1756.0
50,92,1978.0,1756.0
50,93,1978.0,1756.0
50,94,1978.0,1756.0
50,95,1978.0,1756.0
50,96,1978.0,1756.0
50,97,1978.0,1756.0
50,98,1978.0,1756.0
50,99,1978.0,1756.0
50,100,1978.0,1756.0
50,101,1978.0,1756.0
50,102,1978.0,1756.0
50,103,1978.0,1756.0
50,104,1978.0,1756.0
50,105,1978.0,1756.0
50,106,1978.0,1756.0
50,107,1978.0,1756.0
50,108,1978.0,1756.0
50,109,1978.0,1756.0
50,110,1978.0,1756.0
50,111,1978.0,1756.0
50,112,1978.0,1756.0
50,113,1978.0,1756.0
50,114,1978.0,1756.0
50,115,1978.0,1756.0
50,116,1978.0,1756.0
50,117,1978.0,1756.0
50,118,1978.0,1756.0
50,119,1978.0,1756.0
50,120,1978.0,1756.0
50,121,1978.0,1756.0
50,122,1978.0,1756.0
50,123,1978.0,1756.0
50,124,1978.0,1756.0
50,125,1978.0,1756.0
50,126,1978.0,1756.0
50,127,1978.0,1756.0
50,128,1978.0,1756.0
50,129,1978.0,1756.0
50,130,1978.0,1756.0
50,131,1978.0,1756.0
50,132,1978.0,1756.0
50,133,1978.0,1756.0
50,134,1978.0,1756.0
50,135,1978.0,1756.0
50,136,1978.0,1756.0
50,137,1978.0,1756.0
50,138,1978.0,1756.0
50,139,1978.0,1756.0
50,140,1978.0,1756.0
50,141,1978.0,1756.0
50,142,1978.0,1756.0
50,143,1978.0,1756.0
50,144,1978.0,1756.0
50,145,1978.0,1756.0
50,146,1978.0,1756.0
50,147,1978.0,1756.0
50,148,1978.0,1756.0
50,149,1978.0,1756.0
50,150,1978.0,1756.0
50,151,1978.0,1756.0
50,152,1978.0,1756.0
50,153,1978.0,1756.0
50,154,1978.0,1756.0
50,155,1978.0,1756.0
50,156,1978.0,1756.0
50,157,1978.0,1756.0
50,158,1978.0,1756.0
50,159,1978.0,1756.0
50,160,1978.0,1756.0
50,161,1978.0,1756.0
50,162,1978.0,1756.0
50,163,1978.0,1756.0
50,164,1978.0,1756.0
50,165,1978.0,1756.0
50,166,1978.0,1756.0
50,167,1978.0,1756.0
50,168,1978.0,1756.0
50,169,1978.0,1756.0
50,170,1978.0,1756.0
50,171,1978.0,1756.0
50,172,1978.0,1756.0
50,173,1978.0,1756.0
50,174,1978.0,1756.0
50,175,1978.0,1756.0
50,176,1978.0,1756.0
50,177,1978.0,1756.0
50,178,1978.0,1756.0
50,179,1978.0,1756.0
50,180,1978.0,1756.0
50,181,1978.0,1756.0
50,182,1978.0,1756.0
50,183,1978.0,1756.0
50,184,1978.0,1756.0
50,185,1978.0,1756.0
50,186,1978.0,1756.0
50,187,1978.0,1756.0
50,188,1978.0,1756.0
50,189,1978.0,1756.0
50,190,1978.0,1756.0
50,191,1978.0,1756.0
50,192,1978.0,1756.0
50,193,1978.0,1756.0
50,194,1978.0,1756.0
50,195,1978.0,1756.0
50,196,1978.0,1756.0
50,197,1978.0,1756.0
50,198,1978.0,1756.0
50,199,1978.0,1756.0
50,200,1978.0,1756.0
50,201,1978.0,1756.0
50,202,1978.0,1756.0
50,203,1978.0,1756.0
50,204,1978.0,1756.0
50,205,1978.0,1756.0
50,206,1978.0,1756.0
50,207,1978.0,1756.0
50,208,1978.0,1756.0
50,209,1978.0,1756.0
50,210,1978.0,1756.0
50,211,1978.0,1756.0
50,212,1978.0,1756.0
50,213,1978.0,1756.0
50,214,1978.0,1756.0
50,215,1978.0,1756.0
50,216,1978.0,1756.0
50,217,1978.0,1756.0
50,218,1978.0,1756.0
50,219,1978.0,1756.0
50,220,1978.0,1756.0
50,221,1978.0,1756.0
50,222,1978.0,1756.0
50,223,1978.0,1756.0
50,224,1978.0,1756.0
50,225,1978.0,1756.0
50,226,1978.0,1756.0
50,227,1978.0,1756.0
50,228,1978.0,1756.0
50,229,1978.0,1756.0
50,230,1978.0,1756.0
50,231,1978.0,1756.0
50,232,1978.0,1756.0
50,233,1978.0,1756.0
50,234,1978.0,1756.0
50,235,1978.0,1756.0
50,236,1978.0,1756.0
50,237,1978.0,1756.0
50,238,1978.0,1756.0
50,239,1978.0,1756.0
50,240,1978.0,1756.0
50,241,1978.0,1756.0
50,242,1978.0,1756.0
50,243,1978.0,1756.0
50,244,1978.0,1756.0
50,245,1978.0,1756.0
50,246,1978.0,1756.0
50,247,1978.0,1756.0
50,248,1978.0,1756.0
50,249,1978.0,1756.0
50,250,1978.0,1756.0
50,251,1978.0,1756.0
50,252,1978.0,1756.0
50,253,1978.0,1756.0
50,254,1978.0,1756.0
50,255,1978.0,1756.0
50,256,1978.0,1756.0
50,257,1978.0,1756.0
50,258,1978.0,1756.0
50,259,1978.0,1756.0
50,260,1978.0,1756.0
50,261,1978.0,1756.0
50,262,1978.0,1756.0
50,263,1978.0,1756.0
50,264,1978.0,1756.0
50,265,1978.0,1756.0
50,266,1978.0,1756.0
50,267,1978.0,1756.0
50,268,1978.0,1756.0
50,269,1978.0,1756.0
50,270,1978.0,1756.0
50,271,1978.0,1756.0
50,272,1978.0,1756.0
50,273,1978.0,1756.0
50,274,1978.0,1756.0
50,275,1978.0,1756.0
50,276,1978.0,1756.0
50,277,1978.0,1756.0
50,278,1978.0,1756.0
50,279,1978.0,1756.0
50,280,1978.0,1756.0
50,281,1978.0,1756.0
50,282,1978.0,1756.0
50,283,1978.0,1756.0
50,284,1978.0,1756.0
50,285,1978.0,1756.0
50,286,1978.0,1756.0
50,287,1978.0,1756.0
50,288,1978.0,1756.0
50,289,1978.0,1756.0
50,290,1978.0,1756.0
50,291,1978.0,1756.0
50,292,1978.0,1756.0
50,293,1978.0,1756.0
50,294,1978.0,1756.0
50,295,1978.0,1756.0
50,296,1978.0,1756.0
50,297,1978.0,1756.0
50,298,1978.0,1756.0
50,299,1978.0,1756.0
50,300,1978.0,1756.0
50,301,1978.0,1756.0
50,302,1978.0,1756.0
50,303,1978.0,1756.0
50,304,1978.0,1756.0
50,305,1978.0,1756.0
50,306,1978.0,1756.0
50,307,1978.0,1756.0
50,308,1978.0,1756.0
50,309,1978.0,1756.0
50,310,1978.0,1756.0
50,311,1978.0,1756.0
50,312,1978.0,1756.0
50,313,1978.0,1756.0
50,314,1978.0,1756.0
50,315,1978.0,1756.0
50,316,1978.0,1756.0
50,317,1978.0,1756.0
50,318,1978.0,1756.0
50,319,1978.0,1756.0
50,320,1978.0,1756.0
50,321,1978.0,1756.0
50,322,1978.0,1756.0
50,323,1978.0,1756.0
50,324,1978.0,1756.0
50,325,1978.0,1756.0
50,326,1978.0,1756.0
50,327,1978.0,1756.0
50,328,1978.0,1756.0
50,329,1978.0,1756.0
50,330,1978.0,1756.0
50,331,1978.0,1756.0
50,332,1978.0,1756.0
50,333,1978.0,1756.0
50,334,1978.0,1756.0
50,335,1978.0,1756.0
50,336,1978.0,1756.0
50,337,1978.0,1756.0
50,338,1978.0,1756.0
50,339,1978.0,1756.0
50,340,1978.0,1756.0
50,341,1978.0,1756.0
50,342,1978.0,1756.0
50,343,1978.0,1756.0
50,344,1978.0,1756.0
50,345,1978.0,1756.0
50,346,1978.0,1756.0
50,347,1978.0,1756.0
50,348,1978.0,1756.0
50,349,1978.0,1756.0
50,350,1978.0,1756.0
50,351,1978.0,1756.0
50,352,1978.0,1756.0
50,353,1978.0,1756.0
50,354,1978.0,1756.0
50,355,1978.0,1756.0
50,356,1978.0,1756.0
50,357,1978.0,1756.0
50,358,1978.0,1756.0
50,359,1978.0,1756.0
51,0,3469.0,1720.0
51,1,3469.0,1720.0
51,2,3469.0,1720.0
51,3,3469.0,1720.0
51,4,3469.0,1720.0
51,5,3469.0,1720.0
51,6,3469.0,1720.0
51,7,3469.0,1720.0
51,8,3469.0,1720.0
51,9,3469.0,1720.0
51,10,3469.0,1720.0
51,11,3469.0,1720.0
51,12,3469.0,1720.0
51,13,3469.0,1720.0
51,14,3469.0,1720.0
51,15,3469.0,1720.0
51,16,3469.0,1720.0
51,17,3469.0,1720.0
51,18,3469.0,1720.0
51,19,3469.0,1720.0
51,20,3469.0,1720.0
51,21,3469.0,1720.0
51,22,3469.0,1720.0
51,23,3469.0,1720.0
51,24,3469.0,1720.0
51,25,3469.0,1720.0
51,26,3469.0,1720.0
51,27,3469.0,1720.0
51,28,3469.0,1720.0
51,29,3469.0,1720.0
51,30,3469.0,1720.0
51,31,3469.0,1720.0
51,32,3469.0,1720.0
51,33,3469.0,1720.0
51,34,3469.0,1720.0
51,35,3469.0,1720.0
51,36,3469.0,1720.0
51,37,3469.0,1720.0
51,38,3469.0,1720.0
51,39,3469.0,1720.0
51,40,3469.0,1720.0
51,41,3469.0,1720.0
51,42,3469.0,1720.0
51,43,3469.0,1720.0
51,44,3469.0,1720.0
51,45,3469.0,1720.0
51,46,3469.0,1720.0
51,47,3469.0,1720.0
51,48,3469.0,1720.0
51,49,3469.0,1720.0
51,50,3469.0,1720.0
51,51,3469.0,1720.0
51,52,3469.0,1720.0
51,53,3469.0,1720.0
51,54,3469.0,1720.0
51,55,3469.0,1720.0
51,56,3469.0,1720.0
51,57,3469.0,1720.0
51,58,3469.0,1720.0
51,59,3469.0,1720.0
51,60,3469.0,1720.0
51,61,3469.0,1720.0
51,62,3469.0,1720.0
51,63,3469.0,1720.0
51,64,3469.0,1720.0
51,65,3469.0,1720.0
51,66,3469.0,1720.0
51,67,3469.0,1720.0
51,68,3469.0,1720.0
51,69,3469.0,1720.0
51,70,3469.0,1720.0
51,71,3469.0,1720.0
51,72,3469.0,1720.0
51,73,3469.0,1720.0
51,74,3469.0,1720.0
51,75,3469.0,1720.0
51,76,3469.0,1720.0
51,77,3469.0,1720.0
51,78,3469.0,1720.0
51,79,3469.0,1720.0
51,80,3469.0,1720.0
51,81,3469.0,1720.0
51,82,3469.0,1720.0
51,83,3469.0,1720.0
51,84,3469.0,1720.0
51,85,3469.0,1720.0
51,86,3469.0,1720.0
51,87,3469.0,1720.0
51,88,3469.0,1720.0
51,89,3469.0,1720.0
51,90,3469.0,1720.0
51,91,3469.0,1720.0
51,92,3469.0,1720.0
51,93,3469.0,1720.0
51,94,3469.0,1720.0
51,95,3469.0,1720.0
51,96,3469.0,1720.0
51,97,3469.0,1720.0
51,98,3469.0,1720.0
51,99,3469.0,1720.0
51,100,3469.0,1720.0
51,101,3469.0,1720.0
51,102,3469.0,1720.0
51,103,3469.0,1720.0
51,104,3469.0,1720.0
51,105,3469.0,1720.0
51,106,3469.0,1720.0
51,107,3469.0,1720.0
51,108,3469.0,1720.0
51,109,3469.0,1720.0
51,110,3469.0,1720.0
51,111,3469.0,1720.0
51,112,3469.0,1720.0
51,113,3469.0,1720.0
51,114,3469.0,1720.0
51,115,3469.0,1720.0
51,116,3469.0,1720.0
51,117,3469.0,1720.0
51,118,3469.0,1720.0
51,119,3469.0,1720.0
51,120,3469.0,1720.0
51,121,3469.0,1720.0
51,122,3469.0,1720.0
51,123,3469.0,1720.0
51,124,3469.0,1720.0
51,125,3469.0,1720.0
51,126,3469.0,1720.0
51,127,3469.0,1720.0
51,128,3469.0,1720.0
51,129,3469.0,1720.0
51,130,3469.0,1720.0
51,131,3469.0,1720.0
51,132,3469.0,1720.0
51,133,3469.0,1720.0
51,134,3469.0,1720.0
51,135,3469.0,1720.0
51,136,3469.0,1720.0
51,137,3469.0,1720.0
51,138,3469.0,1720.0
51,139,3469.0,1720.0
51,140,3469.0,1720.0
51,141,3469.0,1720.0
51,142,3469.0,1720.0
51,143,3469.0,1720.0
51,144,3469.0,1720.0
51,145,3469.0,1720.0
51,146,3469.0,1720.0
51,147,3469.0,1720.0
51,148,3469.0,1720.0
51,149,3469.0,1720.0
51,150,3469.0,1720.0
51,151,3469.0,1720.0
51,152,3469.0,1720.0
51,153,3469.0,1720.0
51,154,3469.0,1720.0
51,155,3469.0,1720.0
51,156,3469.0,1720.0
51,157,3469.0,1720.0
51,158,3469.0,1720.0
51,159,3469.0,1720.0
51,160,3469.0,1720.0
51,161,3469.0,1720.0
51,162,3469.0,1720.0
51,163,3469.0,1720.0
51,164,3469.0,1720.0
51,165,3469.0,1720.0
51,166,3469.0,1720.0
51,167,3469.0,1720.0
51,168,3469.0,1720.0
51,169,3469.0,1720.0
51,170,3469.0,1720.0
51,171,3469.0,1720.0
51,172,3469.0,1720.0
51,173,3469.0,1720.0
51,174,3469.0,1720.0
51,175,3469.0,1720.0
51,176,3469.0,1720.0
51,177,3469.0,1720.0
51,178,3469.0,1720.0
51,179,3469.0,1720.0
51,180,3469.0,1720.0
51,181,3469.0,1720.0
51,182,3469.0,1720.0
51,183,3469.0,1720.0
51,184,3469.0,1720.0
51,185,3469.0,1720.0
51,186,3469.0,1720.0
51,187,3469.0,1720.0
51,188,3469.0,1720.0
51,189,3469.0,1720.0
51,190,3469.0,1720.0
51,191,3469.0,1720.0
51,192,3469.0,1720.0
51,193,3469.0,1720.0
51,194,3469.0,1720.0
51,195,3469.0,1720.0
51,196,3469.0,1720.0
51,197,3469.0,1720.0
51,198,3469.0,1720.0
51,199,3469.0,1720.0
51,200,3469.0,1720.0
51,201,3469.0,1720.0
51,202,3469.0,1720.0
51,203,3469.0,1720.0
51,204,3469.0,1720.0
51,205,3469.0,1720.0
51,206,3469.0,1720.0
51,207,3469.0,1720.0
51,208,3469.0,1720.0
51,209,3469.0,1720.0
51,210,3469.0,1720.0
51,211,3469.0,1720.0
51,212,3469.0,1720.0
51,213,3469.0,1720.0
51,214,3469.0,1720.0
51,215,3469.0,1720.0
51,216,3469.0,1720.0
51,217,3469.0,1720.0
51,218,3469.0,1720.0
51,219,3469.0,1720.0
51,220,3469.0,1720.0
51,221,3469.0,1720.0
51,222,3469.0,1720.0
51,223,3469.0,1720.0
51,224,3469.0,1720.0
51,225,3469.0,1720.0
51,226,3469.0,1720.0
51,227,3469.0,1720.0
51,228,3469.0,1720.0
51,229,3469.0,1720.0
51,230,3469.0,1720.0
51,231,3469.0,1720.0
51,232,3469.0,1720.0
51,233,3469.0,1720.0
51,234,3469.0,1720.0
51,235,3469.0,1720.0
51,236,3469.0,1720.0
51,237,3469.0,1720.0
51,238,3469.0,1720.0
51,239,3469.0,1720.0
51,240,3469.0,1720.0
51,241,3469.0,1720.0
51,242,3469.0,1720.0
51,243,3469.0,1720.0
51,244,3469.0,1720.0
51,245,3469.0,1720.0
51,246,3469.0,1720.0
51,247,3469.0,1720.0
51,248,3469.0,1720.0
51,249,3469.0,1720.0
51,250,3469.0,1720.0
51,251,3469.0,1720.0
51,252,3469.0,1720.0
51,253,3469.0,1720.0
51,254,3469.0,1720.0
51,255,3469.0,1720.0
51,256,3469.0,1720.0
51,257,3469.0,1720.0
51,258,3469.0,1720.0
51,259,3469.0,1720.0
51,260,3469.0,1720.0
51,261,3469.0,1720.0
51,262,3469.0,1720.0
51,263,3469.0,1720.0
51,264,3469.0,1720.0
51,265,3469.0,1720.0
51,266,3469.0,1720.0
51,267,3469.0,1720.0
51,268,3469.0,1720.0
51,269,3469.0,1720.0
51,270,3469.0,1720.0
51,271,3469.0,1720.0
51,272,3469.0,1720.0
51,273,3469.0,1720.0
51,274,3469.0,1720.0
51,275,3469.0,1720.0
51,276,3469.0,1720.0
51,277,3469.0,1720.0
51,278,3469.0,1720.0
51,279,3469.0,1720.0
51,280,3469.0,1720.0
51,281,3469.0,1720.0
51,282,3469.0,1720.0
51,283,3469.0,1720.0
51,284,3469.0,1720.0
51,285,3469.0,1720.0
51,286,3469.0,1720.0
51,287,3469.0,1720.0
51,288,3469.0,1720.0
51,289,3469.0,1720.0
51,290,3469.0,1720.0
51,291,3469.0,1720.0
51,292,3469.0,1720.0
51,293,3469.0,1720.0
51,294,3469.0,1720.0
51,295,3469.0,1720.0
51,296,3469.0,1720.0
51,297,3469.0,1720.0
51,298,3469.0,1720.0
51,299,3469.0,1720.0
51,300,3469.0,1720.0
51,301,3469.0,1720.0
51,302,3469.0,1720.0
51,303,3469.0,1720.0
51,304,3469.0,1720.0
51,305,3469.0,1720.0
51,306,3469.0,1720.0
51,307,3469.0,1720.0
51,308,3469.0,1720.0
51,309,3469.0,1720.0
51,310,3469.0,1720.0
51,311,3469.0,1720.0
51,312,3469.0,1720.0
51,313,3469.0,1720.0
51,314,3469.0,1720.0
51,315,3469.0,1720.0
51,316,3469.0,1720.0
51,317,3469.0,1720.0
51,318,3469.0,1720.0
51,319,3469.0,1720.0
51,320,3469.0,1720.0
51,321,3469.0,1720.0
51,322,3469.0,1720.0
51,323,3469.0,1720.0
51,324,3469.0,1720.0
51,325,3469.0,1720.0
51,326,3469.0,1720.0
51,327,3469.0,1720.0
51,328,3469.0,1720.0
51,329,3469.0,1720.0
51,330,3469.0,1720.0
51,331,3469.0,1720.0
51,332,3469.0,1720.0
51,333,3469.0,1720.0
51,334,3469.0,1720.0
51,335,3469.0,1720.0
51,336,3469.0,1720.0
51,337,3469.0,1720.0
51,338,3469.0,1720.0
51,339,3469.0,1720.0
51,340,3469.0,1720.0
51,341,3469.0,1720.0
51,342,3469.0,1720.0
51,343,3469.0,1720.0
51,344,3469.0,1720.0
51,345,3469.0,1720.0
51,346,3469.0,1720.0
51,347,3469.0,1720.0
51,348,3469.0,1720.0
51,349,3469.0,1720.0
51,350,3469.0,1720.0
51,351,3469.0,1720.0
51,352,3469.0,1720.0
51,353,3469.0,1720.0
51,354,3469.0,1720.0
51,355,3469.0,1720.0
51,356,3469.0,1720.0
51,357,3469.0,1720.0
51,358,3469.0,1720.0
51,359,3469.0,1720.0
52,0,1140.0,1525.0
52,1,1140.0,1525.0
52,2,1140.0,1525.0
52,3,1140.0,1525.0
52,4,1140.0,1525.0
52,5,1140.0,1525.0
52,6,1140.0,1525.0
52,7,1140.0,1525.0
52,8,1140.0,1525.0
52,9,1140.0,1525.0
52,10,1140.0,1525.0
52,11,1140.0,1525.0
52,12,1140.0,1525.0
52,13,1140.0,1525.0
52,14,1140.0,1525.0
52,15,1140.0,1525.0
52,16,1140.0,1525.0
52,17,1140.0,1525.0
52,18,1140.0,1525.0
52,19,1140.0,1525.0
52,20,1140.0,1525.0
52,21,1140.0,1525.0
52,22,1140.0,1525.0
52,23,1140.0,1525.0
52,24,1140.0,1525.0
52,25,1140.0,1525.0
52,26,1140.0,1525.0
52,27,1140.0,1525.0
52,28,1140.0,1525.0
52,29,1140.0,1525.0
52,30,1140.0,1525.0
52,31,1140.0,1525.0
52,32,1140.0,1525.0
52,33,1140.0,1525.0
52,34,1140.0,1525.0
52,35,1140.0,1525.0
52,36,1140.0,1525.0
52,37,1140.0,1525.0
52,38,1140.0,1525.0
52,39,1140.0,1525.0
52,40,1140.0,1525.0
52,41,1140.0,1525.0
52,42,1140.0,1525.0
52,43,1140.0,1525.0
52,44,1140.0,1525.0
52,45,1140.0,1525.0
52,46,1140.0,1525.0
52,47,1140.0,1525.0
52,48,1140.0,1525.0
52,49,1140.0,1525.0
52,50,1140.0,1525.0
52,51,1140.0,1525.0
52,52,1140.0,1525.0
52,53,1140.0,1525.0
52,54,1140.0,1525.0
52,55,1140.0,1525.0
52,56,1140.0,1525.0
52,57,1140.0,1525.0
52,58,1140.0,1525.0
52,59,1140.0,1525.0
52,60,1140.0,1525.0
52,61,1140.0,1525.0
52,62,1140.0,1525.0
52,63,1140.0,1525.0
52,64,1140.0,1525.0
52,65,1140.0,1525.0
52,66,1140.0,1525.0
52,67,1140.0,1525.0
52,68,1140.0,1525.0
52,69,1140.0,1525.0
52,70,1140.0,1525.0
52,71,1140.0,1525.0
52,72,1140.0,1525.0
52,73,1140.0,1525.0
52,74,1140.0,1525.0
52,75,1140.0,1525.0
52,76,1140.0,1525.0
52,77,1140.0,1525.0
52,78,1140.0,1525.0
52,79,1140.0,1525.0
52,80,1140.0,1525.0
52,81,1140.0,1525.0
52,82,1140.0,1525.0
52,83,1140.0,1525.0
52,84,1140.0,1525.0
52,85,1140.0,1525.0
52,86,1140.0,1525.0
52,87,1140.0,1525.0
52,88,1140.0,1525.0
52,89,1140.0,1525.0
52,90,1140.0,1525.0
52,91,1140.0,1525.0
52,92,1140.0,1525.0
52,93,1140.0,1525.0
52,94,1140.0,1525.0
52,95,1140.0,1525.0
52,96,1140.0,1525.0
52,97,1140.0,1525.0
52,98,1140.0,1525.0
52,99,1140.0,1525.0
52,100,1140.0,1525.0
52,101,1140.0,1525.0
52,102,1140.0,1525.0
52,103,1140.0,1525.0
52,104,1140.0,1525.0
52,105,1140.0,1525.0
52,106,1140.0,1525.0
52,107,1140.0,1525.0
52,108,1140.0,1525.0
52,109,1140.0,1525.0
52,110,1140.0,1525.0
52,111,1140.0,1525.0
52,112,1140.0,1525.0
52,113,1140.0,1525.0
52,114,1140.0,1525.0
52,115,1140.0,1525.0
52,116,1140.0,1525.0
52,117,1140.0,1525.0
52,118,1140.0,1525.0
52,119,1140.0,1525.0
52,120,1140.0,1525.0
52,121,1140.0,1525.0
52,122,1140.0,1525.0
52,123,1140.0,1525.0
52,124,1140.0,1525.0
52,125,1140.0,1525.0
52,126,1140.0,1525.0
52,127,1140.0,1525.0
52,128,1140.0,1525.0
52,129,1140.0,1525.0
52,130,1140.0,1525.0
52,131,1140.0,1525.0
52,132,1140.0,1525.0
52,133,1140.0,1525.0
52,134,1140.0,1525.0
52,135,1140.0,1525.0
52,136,1140.0,1525.0
52,137,1140.0,1525.0
52,138,1140.0,1525.0
52,139,1140.0,1525.0
52,140,1140.0,1525.0
52,141,1140.0,1525.0
52,142,1140.0,1525.0
52,143,1140.0,1525.0
52,144,1140.0,1525.0
52,145,1140.0,1525.0
52,146,1140.0,1525.0
52,147,1140.0,1525.0
52,148,1140.0,1525.0
52,149,1140.0,1525.0
52,150,1140.0,1525.0
52,151,1140.0,1525.0
52,152,1140.0,1525.0
52,153,1140.0,1525.0
52,154,1140.0,1525.0
52,155,1140.0,1525.0
52,156,1140.0,1525.0
52,157,1140.0,1525.0
52,158,1140.0,1525.0
52,159,1140.0,1525.0
52,160,1140.0,1525.0
52,161,1140.0,1525.0
52,162,1140.0,1525.0
52,163,1140.0,1525.0
52,164,1140.0,1525.0
52,165,1140.0,1525.0
52,166,1140.0,1525.0
52,167,1140.0,1525.0
52,168,1140.0,1525.0
52,169,1140.0,1525.0
52,170,1140.0,1525.0
52,171,1140.0,1525.0
52,172,1140.0,1525.0
52,173,1140.0,1525.0
52,174,1140.0,1525.0
52,175,1140.0,1525.0
52,176,1140.0,1525.0
52,177,1140.0,1525.0
52,178,1140.0,1525.0
52,179,1140.0,1525.0
52,180,1140.0,1525.0
52,181,1140.0,1525.0
52,182,1140.0,1525.0
52,183,1140.0,1525.0
52,184,1140.0,1525.0
52,185,1140.0,1525.0
52,186,1140.0,1525.0
52,187,1140.0,1525.0
52,188,1140.0,1525.0
52,189,1140.0,1525.0
52,190,1140.0,1525.0
52,191,1140.0,1525.0
52,192,1140.0,1525.0
52,193,1140.0,1525.0
52,194,1140.0,1525.0
52,195,1140.0,1525.0
52,196,1140.0,1525.0
52,197,1140.0,1525.0
52,198,1140.0,1525.0
52,199,1140.0,1525.0
52,200,1140.0,1525.0
52,201,1140.0,1525.0
52,202,1140.0,1525.0
52,203,1140.0,1525.0
52,204,1140.0,1525.0
52,205,1140.0,1525.0
52,206,1140.0,1525.0
52,207,1140.0,1525.0
52,208,1140.0,1525.0
52,209,1140.0,1525.0
52,210,1140.0,1525.0
52,211,1140.0,1525.0
52,212,1140.0,1525.0
52,213,1140.0,1525.0
52,214,1140.0,1525.0
52,215,1140.0,1525.0
52,216,1140.0,1525.0
52,217,1140.0,1525.0
52,218,1140.0,1525.0
52,219,1140.0,1525.0
52,220,1140.0,1525.0
52,221,1140.0,1525.0
52,222,1140.0,1525.0
52,223,1140.0,1525.0
52,224,1140.0,1525.0
52,225,1140.0,1525.0
52,226,1140.0,1525.0
52,227,1140.0,1525.0
52,228,1140.0,1525.0
52,229,1140.0,1525.0
52,230,1140.0,1525.0
52,231,1140.0,1525.0
52,232,1140.0,1525.0
52,233,1140.0,1525.0
52,234,1140.0,1525.0
52,235,1140.0,1525.0
52,236,1140.0,1525.0
52,237,1140.0,1525.0
52,238,1140.0,1525.0
52,239,1140.0,1525.0
52,240,1140.0,1525.0
52,241,1140.0,1525.0
52,242,1140.0,1525.0
52,243,1140.0,1525.0
52,244,1140.0,1525.0
52,245,1140.0,1525.0
52,246,1140.0,1525.0
52,247,1140.0,1525.0
52,248,1140.0,1525.0
52,249,1140.0,1525.0
52,250,1140.0,1525.0
52,251,1140.0,1525.0
52,252,1140.0,1525.0
52,253,1140.0,1525.0
52,254,1140.0,1525.0
52,255,1140.0,1525.0
52,256,1140.0,1525.0
52,257,1140.0,1525.0
52,258,1140.0,1525.0
52,259,1140.0,1525.0
52,260,1140.0,1525.0
52,261,1140.0,1525.0
52,262,1140.0,1525.0
52,263,1140.0,1525.0
52,264,1140.0,1525.0
52,265,1140.0,1525.0
52,266,1140.0,1525.0
52,267,1140.0,1525.0
52,268,1140.0,1525.0
52,269,1140.0,1525.0
52,270,1140.0,1525.0
52,271,1140.0,1525.0
52,272,1140.0,1525.0
52,273,1140.0,1525.0
52,274,1140.0,1525.0
52,275,1140.0,1525.0
52,276,1140.0,1525.0
52,277,1140.0,1525.0
52,278,1140.0,1525.0
52,279,1140.0,1525.0
52,280,1140.0,1525.0
52,281,1140.0,1525.0
52,282,1140.0,1525.0
52,283,1140.0,1525.0
52,284,1140.0,1525.0
52,285,1140.0,1525.0
52,286,1140.0,1525.0
52,287,1140.0,1525.0
52,288,1140.0,1525.0
52,289,1140.0,1525.0
52,290,1140.0,1525.0
52,291,1140.0,1525.0
52,292,1140.0,1525.0
52,293,1140.0,1525.0
52,294,1140.0,1525.0
52,295,1140.0,1525.0
52,296,1140.0,1525.0
52,297,1140.0,1525.0
52,298,1140.0,1525.0
52,299,1140.0,1525.0
52,300,1140.0,1525.0
52,301,1140.0,1525.0
52,302,1140.0,1525.0
52,303,1140.0,1525.0
52,304,1140.0,1525.0
52,305,1140.0,1525.0
52,306,1140.0,1525.0
52,307,1140.0,1525.0
52,308,1140.0,1525.0
52,309,1140.0,1525.0
52,310,1140.0,1525.0
52,311,1140.0,1525.0
52,312,1140.0,1525.0
52,313,1140.0,1525.0
52,314,1140.0,1525.0
52,315,1140.0,1525.0
52,316,1140.0,1525.0
52,317,1140.0,1525.0
52,318,1140.0,1525.0
52,319,1140.0,1525.0
52,320,1140.0,1525.0
52,321,1140.0,1525.0
52,322,1140.0,1525.0
52,323,1140.0,1525.0
52,324,1140.0,1525.0
52,325,1140.0,1525.0
52,326,1140.0,1525.0
52,327,1140.0,1525.0
52,328,1140.0,1525.0
52,329,1140.0,1525.0
52,330,1140.0,1525.0
52,331,1140.0,1525.0
52,332,1140.0,1525.0
52,333,1140.0,1525.0
52,334,1140.0,1525.0
52,335,1140.0,1525.0
52,336,1140.0,1525.0
52,337,1140.0,1525.0
52,338,1140.0,1525.0
52,339,1140.0,1525.0
52,340,1140.0,1525.0
52,341,1140.0,1525.0
52,342,1140.0,1525.0
52,343,1140.0,1525.0
52,344,1140.0,1525.0
52,345,1140.0,1525.0
52,346,1140.0,1525.0
52,347,1140.0,1525.0
52,348,1140.0,1525.0
52,349,1140.0,1525.0
52,350,1140.0,1525.0
52,351,1140.0,1525.0
52,352,1140.0,1525.0
52,353,1140.0,1525.0
52,354,1140.0,1525.0
52,355,1140.0,1525.0
52,356,1140.0,1525.0
52,357,1140.0,1525.0
52,358,1140.0,1525.0
52,359,1140.0,1525.0
53,0,2889.0,2533.0
53,1,2889.0,2533.0
53,2,2889.0,2533.0
53,3,2889.0,2533.0
53,4,2889.0,2533.0
53,5,2889.0,2533.0
53,6,2889.0,2533.0
53,7,2889.0,2533.0
53,8,2889.0,2533.0
53,9,2889.0,2533.0
53,10,2889.0,2533.0
53,11,2889.0,2533.0
53,12,2889.0,2533.0
53,13,2889.0,2533.0
53,14,2889.0,2533.0
53,15,2889.0,2533.0
53,16,2889.0,2533.0
53,17,2889.0,2533.0
53,18,2889.0,2533.0
53,19,2889.0,2533.0
53,20,2889.0,2533.0
53,21,2889.0,2533.0
53,22,2889.0,2533.0
53,23,2889.0,2533.0
53,24,2889.0,2533.0
53,25,2889.0,2533.0
53,26,2889.0,2533.0
53,27,2889.0,2533.0
53,28,2889.0,2533.0
53,29,2889.0,2533.0
53,30,2889.0,2533.0
53,31,2889.0,2533.0
53,32,2889.0,2533.0
53,33,2889.0,2533.0
53,34,2889.0,2533.0
53,35,2889.0,2533.0
53,36,2889.0,2533.0
53,37,2889.0,2533.0
53,38,2889.0,2533.0
53,39,2889.0,2533.0
53,40,2889.0,2533.0
53,41,2889.0,2533.0
53,42,2889.0,2533.0
53,43,2889.0,2533.0
53,44,2889.0,2533.0
53,45,2889.0,2533.0
53,46,2889.0,2533.0
53,47,2889.0,2533.0
53,48,2889.0,2533.0
53,49,2889.0,2533.0
53,50,2889.0,2533.0
53,51,2889.0,2533.0
53,52,2889.0,2533.0
53,53,2889.0,2533.0
53,54,2889.0,2533.0
53,55,2889.0,2533.0
53,56,2889.0,2533.0
53,57,2889.0,2533.0
53,58,2889.0,2533.0
53,59,2889.0,2533.0
53,60,2889.0,2533.0
53,61,2889.0,2533.0
53,62,2889.0,2533.0
53,63,2889.0,2533.0
53,64,2889.0,2533.0
53,65,2889.0,2533.0
53,66,2889.0,2533.0
53,67,2889.0,2533.0
53,68,2889.0,2533.0
53,69,2889.0,2533.0
53,70,2889.0,2533.0
53,71,2889.0,2533.0
53,72,2889.0,2533.0
53,73,2889.0,2533.0
53,74,2889.0,2533.0
53,75,2889.0,2533.0
53,76,2889.0,2533.0
53,77,2889.0,2533.0
53,78,2889.0,2533.0
53,79,2889.0,2533.0
53,80,2889.0,2533.0
53,81,2889.0,2533.0
53,82,2889.0,2533.0
53,83,2889.0,2533.0
53,84,2889.0,2533.0
53,85,2889.0,2533.0
53,86,2889.0,2533.0
53,87,2889.0,2533.0
53,88,2889.0,2533.0
53,89,2889.0,2533.0
53,90,2889.0,2533.0
53,91,2889.0,2533.0
53,92,2889.0,2533.0
53,93,2889.0,2533.0
53,94,2889.0,2533.0
53,95,2889.0,2533.0
53,96,2889.0,2533.0
53,97,2889.0,2533.0
53,98,2889.0,2533.0
53,99,2889.0,2533.0
53,100,2889.0,2533.0
53,101,2889.0,2533.0
53,102,2889.0,2533.0
53,103,2889.0,2533.0
53,104,2889.0,2533.0
53,105,2889.0,2533.0
53,106,2889.0,2533.0
53,107,2889.0,2533.0
53,108,2889.0,2533.0
53,109,2889.0,2533.0
53,110,2889.0,2533.0
53,111,2889.0,2533.0
53,112,2889.0,2533.0
53,113,2889.0,2533.0
53,114,2889.0,2533.0
53,115,2889.0,2533.0
53,116,2889.0,2533.0
53,117,2889.0,2533.0
53,118,2889.0,2533.0
53,119,2889.0,2533.0
53,120,2889.0,2533.0
53,121,2889.0,2533.0
53,122,2889.0,2533.0
53,123,2889.0,2533.0
53,124,2889.0,2533.0
53,125,2889.0,2533.0
53,126,2889.0,2533.0
53,127,2889.0,2533.0
53,128,2889.0,2533.0
53,129,2889.0,2533.0
53,130,2889.0,2533.0
53,131,2889.0,2533.0
53,132,2889.0,2533.0
53,133,2889.0,2533.0
53,134,2889.0,2533.0
53,135,2889.0,2533.0
53,136,2889.0,2533.0
53,137,2889.0,2533.0
53,138,2889.0,2533.0
53,139,2889.0,2533.0
53,140,2889.0,2533.0
53,141,2889.0,2533.0
53,142,2889.0,2533.0
53,143,2889.0,2533.0
53,144,2889.0,2533.0
53,145,2889.0,2533.0
53,146,2889.0,2533.0
53,147,2889.0,2533.0
53,148,2889.0,2533.0
53,149,2889.0,2533.0
53,150,2889.0,2533.0
53,151,2889.0,2533.0
53,152,2889.0,2533.0
53,153,2889.0,2533.0
53,154,2889.0,2533.0
53,155,2889.0,2533.0
53,156,2889.0,2533.0
53,157,2889.0,2533.0
53,158,2889.0,2533.0
53,159,2889.0,2533.0
53,160,2889.0,2533.0
53,161,2889.0,2533.0
53,162,2889.0,2533.0
53,163,2889.0,2533.0
53,164,2889.0,2533.0
53,165,2889.0,2533.0
53,166,2889.0,2533.0
53,167,2889.0,2533.0
53,168,2889.0,2533.0
53,169,2889.0,2533.0
53,170,2889.0,2533.0
53,171,2889.0,2533.0
53,172,2889.0,2533.0
53,173,2889.0,2533.0
53,174,2889.0,2533.0
53,175,2889.0,2533.0
53,176,2889.0,2533.0
53,177,2889.0,2533.0
53,178,2889.0,2533.0
53,179,2889.0,2533.0
53,180,2889.0,2533.0
53,181,2889.0,2533.0
53,182,2889.0,2533.0
53,183,2889.0,2533.0
53,184,2889.0,2533.0
53,185,2889.0,2533.0
53,186,2889.0,2533.0
53,187,2889.0,2533.0
53,188,2889.0,2533.0
53,189,2889.0,2533.0
53,190,2889.0,2533.0
53,191,2889.0,2533.0
53,192,2889.0,2533.0
53,193,2889.0,2533.0
53,194,2889.0,2533.0
53,195,2889.0,2533.0
53,196,2889.0,2533.0
53,197,2889.0,2533.0
53,198,2889.0,2533.0
53,199,2889.0,2533.0
53,200,2889.0,2533.0
53,201,2889.0,2533.0
53,202,2889.0,2533.0
53,203,2889.0,2533.0
53,204,2889.0,2533.0
53,205,2889.0,2533.0
53,206,2889.0,2533.0
53,207,2889.0,2533.0
53,208,2889.0,2533.0
53,209,2889.0,2533.0
53,210,2889.0,2533.0
53,211,2889.0,2533.0
53,212,2889.0,2533.0
53,213,2889.0,2533.0
53,214,2889.0,2533.0
53,215,2889.0,2533.0
53,216,2889.0,2533.0
53,217,2889.0,2533.0
53,218,2889.0,2533.0
53,219,2889.0,2533.0
53,220,2889.0,2533.0
53,221,2889.0,2533.0
53,222,2889.0,2533.0
53,223,2889.0,2533.0
53,224,2889.0,2533.0
53,225,2889.0,2533.0
53,226,2889.0,2533.0
53,227,2889.0,2533.0
53,228,2889.0,2533.0
53,229,2889.0,2533.0
53,230,2889.0,2533.0
53,231,2889.0,2533.0
53,232,2889.0,2533.0
53,233,2889.0,2533.0
53,234,2889.0,2533.0
53,235,2889.0,2533.0
53,236,2889.0,2533.0
53,237,2889.0,2533.0
53,238,2889.0,2533.0
53,239,2889.0,2533.0
53,240,2889.0,2533.0
53,241,2889.0,2533.0
53,242,2889.0,2533.0
53,243,2889.0,2533.0
53,244,2889.0,2533.0
53,245,2889.0,2533.0
53,246,2889.0,2533.0
53,247,2889.0,2533.0
53,248,2889.0,2533.0
53,249,2889.0,2533.0
53,250,2889.0,2533.0
53,251,2889.0,2533.0
53,252,2889.0,2533.0
53,253,2889.0,2533.0
53,254,2889.0,2533.0
53,255,2889.0,2533.0
53,256,2889.0,2533.0
53,257,2889.0,2533.0
53,258,2889.0,2533.0
53,259,2889.0,2533.0
53,260,2889.0,2533.0
53,261,2889.0,2533.0
53,262,2889.0,2533.0
53,263,2889.0,2533.0
53,264,2889.0,2533.0
53,265,2889.0,2533.0
53,266,2889.0,2533.0
53,267,2889.0,2533.0
53,268,2889.0,2533.0
53,269,2889.0,2533.0
53,270,2889.0,2533.0
53,271,2889.0,2533.0
53,272,2889.0,2533.0
53,273,2889.0,2533.0
53,274,2889.0,2533.0
53,275,2889.0,2533.0
53,276,2889.0,2533.0
53,277,2889.0,2533.0
53,278,2889.0,2533.0
53,279,2889.0,2533.0
53,280,2889.0,2533.0
53,281,2889.0,2533.0
53,282,2889.0,2533.0
53,283,2889.0,2533.0
53,284,2889.0,2533.0
53,285,2889.0,2533.0
53,286,2889.0,2533.0
53,287,2889.0,2533.0
53,288,2889.0,2533.0
53,289,2889.0,2533.0
53,290,2889.0,2533.0
53,291,2889.0,2533.0
53,292,2889.0,2533.0
53,293,2889.0,2533.0
53,294,2889.0,2533.0
53,295,2889.0,2533.0
53,296,2889.0,2533.0
53,297,2889.0,2533.0
53,298,2889.0,2533.0
53,299,2889.0,2533.0
53,300,2889.0,2533.0
53,301,2889.0,2533.0
53,302,2889.0,2533.0
53,303,2889.0,2533.0
53,304,2889.0,2533.0
53,305,2889.0,2533.0
53,306,2889.0,2533.0
53,307,2889.0,2533.0
53,308,2889.0,2533.0
53,309,2889.0,2533.0
53,310,2889.0,2533.0
53,311,2889.0,2533.0
53,312,2889.0,2533.0
53,313,2889.0,2533.0
53,314,2889.0,2533.0
53,315,2889.0,2533.0
53,316,2889.0,2533.0
53,317,2889.0,2533.0
53,318,2889.0,2533.0
53,319,2889.0,2533.0
53,320,2889.0,2533.0
53,321,2889.0,2533.0
53,322,2889.0,2533.0
53,323,2889.0,2533.0
53,324,2889.0,2533.0
53,325,2889.0,2533.0
53,326,2889.0,2533.0
53,327,2889.0,2533.0
53,328,2889.0,2533.0
53,329,2889.0,2533.0
53,330,2889.0,2533.0
53,331,2889.0,2533.0
53,332,2889.0,2533.0
53,333,2889.0,2533.0
53,334,2889.0,2533.0
53,335,2889.0,2533.0
53,336,2889.0,2533.0
53,337,2889.0,2533.0
53,338,2889.0,2533.0
53,339,2889.0,2533.0
53,340,2889.0,2533.0
53,341,2889.0,2533.0
53,342,2889.0,2533.0
53,343,2889.0,2533.0
53,344,2889.0,2533.0
53,345,2889.0,2533.0
53,346,2889.0,2533.0
53,347,2889.0,2533.0
53,348,2889.0,2533.0
53,349,2889.0,2533.0
53,350,2889.0,2533.0
53,351,2889.0,2533.0
53,352,2889.0,2533.0
53,353,2889.0,2533.0
53,354,2889.0,2533.0
53,355,2889.0,2533.0
53,356,2889.0,2533.0
53,357,2889.0,2533.0
53,358,2889.0,2533.0
53,359,2889.0,2533.0
54,0,1937.0,1210.0
54,1,1937.0,1210.0
54,2,1937.0,1210.0
54,3,1937.0,1210.0
54,4,1937.0,1210.0
54,5,1937.0,1210.0
54,6,1937.0,1210.0
54,7,1937.0,1210.0
54,8,1937.0,1210.0
54,9,1937.0,1210.0
54,10,1937.0,1210.0
54,11,1937.0,1210.0
54,12,1937.0,1210.0
54,13,1937.0,1210.0
54,14,1937.0,1210.0
54,15,1937.0,1210.0
54,16,1937.0,1210.0
54,17,1937.0,1210.0
54,18,1937.0,1210.0
54,19,1937.0,1210.0
54,20,1937.0,1210.0
54,21,1937.0,1210.0
54,22,1937.0,1210.0
54,23,1937.0,1210.0
54,24,1937.0,1210.0
54,25,1937.0,1210.0
54,26,1937.0,1210.0
54,27,1937.0,1210.0
54,28,1937.0,1210.0
54,29,1937.0,1210.0
54,30,1937.0,1210.0
54,31,1937.0,1210.0
54,32,1937.0,1210.0
54,33,1937.0,1210.0
54,34,1937.0,1210.0
54,35,1937.0,1210.0
54,36,1937.0,1210.0
54,37,1937.0,1210.0
54,38,1937.0,1210.0
54,39,1937.0,1210.0
54,40,1937.0,1210.0
54,41,1937.0,1210.0
54,42,1937.0,1210.0
54,43,1937.0,1210.0
54,44,1937.0,1210.0
54,45,1937.0,1210.0
54,46,1937.0,1210.0
54,47,1937.0,1210.0
54,48,1937.0,1210.0
54,49,1937.0,1210.0
54,50,1937.0,1210.0
54,51,1937.0,1210.0
54,52,1937.0,1210.0
54,53,1937.0,1210.0
54,54,1937.0,1210.0
54,55,1937.0,1210.0
54,56,1937.0,1210.0
54,57,1937.0,1210.0
54,58,1937.0,1210.0
54,59,1937.0,1210.0
54,60,1937.0,1210.0
54,61,1937.0,1210.0
54,62,1937.0,1210.0
54,63,1937.0,1210.0
54,64,1937.0,1210.0
54,65,1937.0,1210.0
54,66,1937.0,1210.0
54,67,1937.0,1210.0
54,68,1937.0,1210.0
54,69,1937.0,1210.0
54,70,1937.0,1210.0
54,71,1937.0,1210.0
54,72,1937.0,1210.0
54,73,1937.0,1210.0
54,74,1937.0,1210.0
54,75,1937.0,1210.0
54,76,1937.0,1210.0
54,77,1937.0,1210.0
54,78,1937.0,1210.0
54,79,1937.0,1210.0
54,80,1937.0,1210.0
54,81,1937.0,1210.0
54,82,1937.0,1210.0
54,83,1937.0,1210.0
54,84,1937.0,1210.0
54,85,1937.0,1210.0
54,86,1937.0,1210.0
54,87,1937.0,1210.0
54,88,1937.0,1210.0
54,89,1937.0,1210.0
54,90,1937.0,1210.0
54,91,1937.0,1210.0
54,92,1937.0,1210.0
54,93,1937.0,1210.0
54,94,1937.0,1210.0
54,95,1937.0,1210.0
54,96,1937.0,1210.0
54,97,1937.0,1210.0
54,98,1937.0,1210.0
54,99,1937.0,1210.0
54,100,1937.0,1210.0
54,101,1937.0,1210.0
54,102,1937.0,1210.0
54,103,1937.0,1210.0
54,104,1937.0,1210.0
54,105,1937.0,1210.0
54,106,1937.0,1210.0
54,107,1937.0,1210.0
54,108,1937.0,1210.0
54,109,1937.0,1210.0
54,110,1937.0,1210.0
54,111,1937.0,1210.0
54,112,1937.0,1210.0
54,113,1937.0,1210.0
54,114,1937.0,1210.0
54,115,1937.0,1210.0
54,116,1937.0,1210.0
54,117,1937.0,1210.0
54,118,1937.0,1210.0
54,119,1937.0,1210.0
54,120,1937.0,1210.0
54,121,1937.0,1210.0
54,122,1937.0,1210.0
54,123,1937.0,1210.0
54,124,1937.0,1210.0
54,125,1937.0,1210.0
54,126,1937.0,1210.0
54,127,1937.0,1210.0
54,128,1937.0,1210.0
54,129,1937.0,1210.0
54,130,1937.0,1210.0
54,131,1937.0,1210.0
54,132,1937.0,1210.0
54,133,1937.0,1210.0
54,134,1937.0,1210.0
54,135,1937.0,1210.0
54,136,1937.0,1210.0
54,137,1937.0,1210.0
54,138,1937.0,1210.0
54,139,1937.0,1210.0
54,140,1937.0,1210.0
54,141,1937.0,1210.0
54,142,1937.0,1210.0
54,143,1937.0,1210.0
54,144,1937.0,1210.0
54,145,1937.0,1210.0
54,146,1937.0,1210.0
54,147,1937.0,1210.0
54,148,1937.0,1210.0
54,149,1937.0,1210.0
54,150,1937.0,1210.0
54,151,1937.0,1210.0
54,152,1937.0,1210.0
54,153,1937.0,1210.0
54,154,1937.0,1210.0
54,155,1937.0,1210.0
54,156,1937.0,1210.0
54,157,1937.0,1210.0
54,158,1937.0,1210.0
54,159,1937.0,1210.0
54,160,1937.0,1210.0
54,161,1937.0,1210.0
54,162,1937.0,1210.0
54,163,1937.0,1210.0
54,164,1937.0,1210.0
54,165,1937.0,1210.0
54,166,1937.0,1210.0
54,167,1937.0,1210.0
54,168,1937.0,1210.0
54,169,1937.0,1210.0
54,170,1937.0,1210.0
54,171,1937.0,1210.0
54,172,1937.0,1210.0
54,173,1937.0,1210.0
54,174,1937.0,1210.0
54,175,1937.0,1210.0
54,176,1937.0,1210.0
54,177,1937.0,1210.0
54,178,1937.0,1210.0
54,179,1937.0,1210.0
54,180,1937.0,1210.0
54,181,1937.0,1210.0
54,182,1937.0,1210.0
54,183,1937.0,1210.0
54,184,1937.0,1210.0
54,185,1937.0,1210.0
54,186,1937.0,1210.0
54,187,1937.0,1210.0
54,188,1937.0,1210.0
54,189,1937.0,1210.0
54,190,1937.0,1210.0
54,191,1937.0,1210.0
54,192,1937.0,1210.0
54,193,1937.0,1210.0
54,194,1937.0,1210.0
54,195,1937.0,1210.0
54,196,1937.0,1210.0
54,197,1937.0,1210.0
54,198,1937.0,1210.0
54,199,1937.0,1210.0
54,200,1937.0,1210.0
54,201,1937.0,1210.0
54,202,1937.0,1210.0
54,203,1937.0,1210.0
54,204,1937.0,1210.0
54,205,1937.0,1210.0
54,206,1937.0,1210.0
54,207,1937.0,1210.0
54,208,1937.0,1210.0
54,209,1937.0,1210.0
54,210,1937.0,1210.0
54,211,1937.0,1210.0
54,212,1937.0,1210.0
54,213,1937.0,1210.0
54,214,1937.0,1210.0
54,215,1937.0,1210.0
54,216,1937.0,1210.0
54,217,1937.0,1210.0
54,218,1937.0,1210.0
54,219,1937.0,1210.0
54,220,1937.0,1210.0
54,221,1937.0,1210.0
54,222,1937.0,1210.0
54,223,1937.0,1210.0
54,224,1937.0,1210.0
54,225,1937.0,1210.0
54,226,1937.0,1210.0
54,227,1937.0,1210.0
54,228,1937.0,1210.0
54,229,1937.0,1210.0
54,230,1937.0,1210.0
54,231,1937.0,1210.0
54,232,1937.0,1210.0
54,233,1937.0,1210.0
54,234,1937.0,1210.0
54,235,1937.0,1210.0
54,236,1937.0,1210.0
54,237,1937.0,1210.0
54,238,1937.0,1210.0
54,239,1937.0,1210.0
54,240,1937.0,1210.0
54,241,1937.0,1210.0
54,242,1937.0,1210.0
54,243,1937.0,1210.0
54,244,1937.0,1210.0
54,245,1937.0,1210.0
54,246,1937.0,1210.0
54,247,1937.0,1210.0
54,248,1937.0,1210.0
54,249,1937.0,1210.0
54,250,1937.0,1210.0
54,251,1937.0,1210.0
54,252,1937.0,1210.0
54,253,1937.0,1210.0
54,254,1937.0,1210.0
54,255,1937.0,1210.0
54,256,1937.0,1210.0
54,257,1937.0,1210.0
54,258,1937.0,1210.0
54,259,1937.0,1210.0
54,260,1937.0,1210.0
54,261,1937.0,1210.0
54,262,1937.0,1210.0
54,263,1937.0,1210.0
54,264,1937.0,1210.0
54,265,1937.0,1210.0
54,266,1937.0,1210.0
54,267,1937.0,1210.0
54,268,1937.0,1210.0
54,269,1937.0,1210.0
54,270,1937.0,1210.0
54,271,1937.0,1210.0
54,272,1937.0,1210.0
54,273,1937.0,1210.0
54,274,1937.0,1210.0
54,275,1937.0,1210.0
54,276,1937.0,1210.0
54,277,1937.0,1210.0
54,278,1937.0,1210.0
54,279,1937.0,1210.0
54,280,1937.0,1210.0
54,281,1937.0,1210.0
54,282,1937.0,1210.0
54,283,1937.0,1210.0
54,284,1937.0,1210.0
54,285,1937.0,1210.0
54,286,1937.0,1210.0
54,287,1937.0,1210.0
54,288,1937.0,1210.0
54,289,1937.0,1210.0
54,290,1937.0,1210.0
54,291,1937.0,1210.0
54,292,1937.0,1210.0
54,293,1937.0,1210.0
54,294,1937.0,1210.0
54,295,1937.0,1210.0
54,296,1937.0,1210.0
54,297,1937.0,1210.0
54,298,1937.0,1210.0
54,299,1937.0,1210.0
54,300,1937.0,1210.0
54,301,1937.0,1210.0
54,302,1937.0,1210.0
54,303,1937.0,1210.0
54,304,1937.0,1210.0
54,305,1937.0,1210.0
54,306,1937.0,1210.0
54,307,1937.0,1210.0
54,308,1937.0,1210.0
54,309,1937.0,1210.0
54,310,1937.0,1210.0
54,311,1937.0,1210.0
54,312,1937.0,1210.0
54,313,1937.0,1210.0
54,314,1937.0,1210.0
54,315,1937.0,1210.0
54,316,1937.0,1210.0
54,317,1937.0,1210.0
54,318,1937.0,1210.0
54,319,1937.0,1210.0
54,320,1937.0,1210.0
54,321,1937.0,1210.0
54,322,1937.0,1210.0
54,323,1937.0,1210.0
54,324,1937.0,1210.0
54,325,1937.0,1210.0
54,326,1937.0,1210.0
54,327,1937.0,1210.0
54,328,1937.0,1210.0
54,329,1937.0,1210.0
54,330,1937.0,1210.0
54,331,1937.0,1210.0
54,332,1937.0,1210.0
54,333,1937.0,1210.0
54,334,1937.0,1210.0
54,335,1937.0,1210.0
54,336,1937.0,1210.0
54,337,1937.0,1210.0
54,338,1937.0,1210.0
54,339,1937.0,1210.0
54,340,1937.0,1210.0
54,341,1937.0,1210.0
54,342,1937.0,1210.0
54,343,1937.0,1210.0
54,344,1937.0,1210.0
54,345,1937.0,1210.0
54,346,1937.0,1210.0
54,347,1937.0,1210.0
54,348,1937.0,1210.0
54,349,1937.0,1210.0
54,350,1937.0,1210.0
54,351,1937.0,1210.0
54,352,1937.0,1210.0
54,353,1937.0,1210.0
54,354,1937.0,1210.0
54,355,1937.0,1210.0
54,356,1937.0,1210.0
54,357,1937.0,1210.0
54,358,1937.0,1210.0
54,359,1937.0,1210.0
55,0,3391.0,1489.0
55,1,3391.0,1489.0
55,2,3391.0,1489.0
55,3,3391.0,1489.0
55,4,3391.0,1489.0
55,5,3391.0,1489.0
55,6,3391.0,1489.0
55,7,3391.0,1489.0
55,8,3391.0,1489.0
55,9,3391.0,1489.0
55,10,3391.0,1489.0
55,11,3391.0,1489.0
55,12,3391.0,1489.0
55,13,3391.0,1489.0
55,14,3391.0,1489.0
55,15,3391.0,1489.0
55,16,3391.0,1489.0
55,17,3391.0,1489.0
55,18,3391.0,1489.0
55,19,3391.0,1489.0
55,20,3391.0,1489.0
55,21,3391.0,1489.0
55,22,3391.0,1489.0
55,23,3391.0,1489.0
55,24,3391.0,1489.0
55,25,3391.0,1489.0
55,26,3391.0,1489.0
55,27,3391.0,1489.0
55,28,3391.0,1489.0
55,29,3391.0,1489.0
55,30,3391.0,1489.0
55,31,3391.0,1489.0
55,32,3391.0,1489.0
55,33,3391.0,1489.0
55,34,3391.0,1489.0
55,35,3391.0,1489.0
55,36,3391.0,1489.0
55,37,3391.0,1489.0
55,38,3391.0,1489.0
55,39,3391.0,1489.0
55,40,3391.0,1489.0
55,41,3391.0,1489.0
55,42,3391.0,1489.0
55,43,3391.0,1489.0
55,44,3391.0,1489.0
55,45,3391.0,1489.0
55,46,3391.0,1489.0
55,47,3391.0,1489.0
55,48,3391.0,1489.0
55,49,3391.0,1489.0
55,50,3391.0,1489.0
55,51,3391.0,1489.0
55,52,3391.0,1489.0
55,53,3391.0,1489.0
55,54,3391.0,1489.0
55,55,3391.0,1489.0
55,56,3391.0,1489.0
55,57,3391.0,1489.0
55,58,3391.0,1489.0
55,59,3391.0,1489.0
55,60,3391.0,1489.0
55,61,3391.0,1489.0
55,62,3391.0,1489.0
55,63,3391.0,1489.0
55,64,3391.0,1489.0
55,65,3391.0,1489.0
55,66,3391.0,1489.0
55,67,3391.0,1489.0
55,68,3391.0,1489.0
55,69,3391.0,1489.0
55,70,3391.0,1489.0
55,71,3391.0,1489.0
55,72,3391.0,1489.0
55,73,3391.0,1489.0
55,74,3391.0,1489.0
55,75,3391.0,1489.0
55,76,3391.0,1489.0
55,77,3391.0,1489.0
55,78,3391.0,1489.0
55,79,3391.0,1489.0
55,80,3391.0,1489.0
55,81,3391.0,1489.0
55,82,3391.0,1489.0
55,83,3391.0,1489.0
55,84,3391.0,1489.0
55,85,3391.0,1489.0
55,86,3391.0,1489.0
55,87,3391.0,1489.0
55,88,3391.0,1489.0
55,89,3391.0,1489.0
55,90,3391.0,1489.0
55,91,3391.0,1489.0
55,92,3391.0,1489.0
55,93,3391.0,1489.0
55,94,3391.0,1489.0
55,95,3391.0,1489.0
55,96,3391.0,1489.0
55,97,3391.0,1489.0
55,98,3391.0,1489.0
55,99,3391.0,1489.0
55,100,3391.0,1489.0
55,101,3391.0,1489.0
55,102,3391.0,1489.0
55,103,3391.0,1489.0
55,104,3391.0,1489.0
55,105,3391.0,1489.0
55,106,3391.0,1489.0
55,107,3391.0,1489.0
55,108,3391.0,1489.0
55,109,3391.0,1489.0
55,110,3391.0,1489.0
55,111,3391.0,1489.0
55,112,3391.0,1489.0
55,113,3391.0,1489.0
55,114,3391.0,1489.0
55,115,3391.0,1489.0
55,116,3391.0,1489.0
55,117,3391.0,1489.0
55,118,3391.0,1489.0
55,119,3391.0,1489.0
55,120,3391.0,1489.0
55,121,3391.0,1489.0
55,122,3391.0,1489.0
55,123,3391.0,1489.0
55,124,3391.0,1489.0
55,125,3391.0,1489.0
55,126,3391.0,1489.0
55,127,3391.0,1489.0
55,128,3391.0,1489.0
55,129,3391.0,1489.0
55,130,3391.0,1489.0
55,131,3391.0,1489.0
55,132,3391.0,1489.0
55,133,3391.0,1489.0
55,134,3391.0,1489.0
55,135,3391.0,1489.0
55,136,3391.0,1489.0
55,137,3391.0,1489.0
55,138,3391.0,1489.0
55,139,3391.0,1489.0
55,140,3391.0,1489.0
55,141,3391.0,1489.0
55,142,3391.0,1489.0
55,143,3391.0,1489.0
55,144,3391.0,1489.0
55,145,3391.0,1489.0
55,146,3391.0,1489.0
55,147,3391.0,1489.0
55,148,3391.0,1489.0
55,149,3391.0,1489.0
55,150,3391.0,1489.0
55,151,3391.0,1489.0
55,152,3391.0,1489.0
55,153,3391.0,1489.0
55,154,3391.0,1489.0
55,155,3391.0,1489.0
55,156,3391.0,1489.0
55,157,3391.0,1489.0
55,158,3391.0,1489.0
55,159,3391.0,1489.0
55,160,3391.0,1489.0
55,161,3391.0,1489.0
55,162,3391.0,1489.0
55,163,3391.0,1489.0
55,164,3391.0,1489.0
55,165,3391.0,1489.0
55,166,3391.0,1489.0
55,167,3391.0,1489.0
55,168,3391.0,1489.0
55,169,3391.0,1489.0
55,170,3391.0,1489.0
55,171,3391.0,1489.0
55,172,3391.0,1489.0
55,173,3391.0,1489.0
55,174,3391.0,1489.0
55,175,3391.0,1489.0
55,176,3391.0,1489.0
55,177,3391.0,1489.0
55,178,3391.0,1489.0
55,179,3391.0,1489.0
55,180,3391.0,1489.0
55,181,3391.0,1489.0
55,182,3391.0,1489.0
55,183,3391.0,1489.0
55,184,3391.0,1489.0
55,185,3391.0,1489.0
55,186,3391.0,1489.0
55,187,3391.0,1489.0
55,188,3391.0,1489.0
55,189,3391.0,1489.0
55,190,3391.0,1489.0
55,191,3391.0,1489.0
55,192,3391.0,1489.0
55,193,3391.0,1489.0
55,194,3391.0,1489.0
55,195,3391.0,1489.0
55,196,3391.0,1489.0
55,197,3391.0,1489.0
55,198,3391.0,1489.0
55,199,3391.0,1489.0
55,200,3391.0,1489.0
55,201,3391.0,1489.0
55,202,3391.0,1489.0
55,203,3391.0,1489.0
55,204,3391.0,1489.0
55,205,3391.0,1489.0
55,206,3391.0,1489.0
55,207,3391.0,1489.0
55,208,3391.0,1489.0
55,209,3391.0,1489.0
55,210,3391.0,1489.0
55,211,3391.0,1489.0
55,212,3391.0,1489.0
55,213,3391.0,1489.0
55,214,3391.0,1489.0
55,215,3391.0,1489.0
55,216,3391.0,1489.0
55,217,3391.0,1489.0
55,218,3391.0,1489.0
55,219,3391.0,1489.0
55,220,3391.0,1489.0
55,221,3391.0,1489.0
55,222,3391.0,1489.0
55,223,3391.0,1489.0
55,224,3391.0,1489.0
55,225,3391.0,1489.0
55,226,3391.0,1489.0
55,227,3391.0,1489.0
55,228,3391.0,1489.0
55,229,3391.0,1489.0
55,230,3391.0,1489.0
55,231,3391.0,1489.0
55,232,3391.0,1489.0
55,233,3391.0,1489.0
55,234,3391.0,1489.0
55,235,3391.0,1489.0
55,236,3391.0,1489.0
55,237,3391.0,1489.0
55,238,3391.0,1489.0
55,239,3391.0,1489.0
55,240,3391.0,1489.0
55,241,3391.0,1489.0
55,242,3391.0,1489.0
55,243,3391.0,1489.0
55,244,3391.0,1489.0
55,245,3391.0,1489.0
55,246,3391.0,1489.0
55,247,3391.0,1489.0
55,248,3391.0,1489.0
55,249,3391.0,1489.0
55,250,3391.0,1489.0
55,251,3391.0,1489.0
55,252,3391.0,1489.0
55,253,3391.0,1489.0
55,254,3391.0,1489.0
55,255,3391.0,1489.0
55,256,3391.0,1489.0
55,257,3391.0,1489.0
55,258,3391.0,1489.0
55,259,3391.0,1489.0
55,260,3391.0,1489.0
55,261,3391.0,1489.0
55,262,3391.0,1489.0
55,263,3391.0,1489.0
55,264,3391.0,1489.0
55,265,3391.0,1489.0
55,266,3391.0,1489.0
55,267,3391.0,1489.0
55,268,3391.0,1489.0
55,269,3391.0,1489.0
55,270,3391.0,1489.0
55,271,3391.0,1489.0
55,272,3391.0,1489.0
55,273,3391.0,1489.0
55,274,3391.0,1489.0
55,275,3391.0,1489.0
55,276,3391.0,1489.0
55,277,3391.0,1489.0
55,278,3391.0,1489.0
55,279,3391.0,1489.0
55,280,3391.0,1489.0
55,281,3391.0,1489.0
55,282,3391.0,1489.0
55,283,3391.0,1489.0
55,284,3391.0,1489.0
55,285,3391.0,1489.0
55,286,3391.0,1489.0
55,287,3391.0,1489.0
55,288,3391.0,1489.0
55,289,3391.0,1489.0
55,290,3391.0,1489.0
55,291,3391.0,1489.0
55,292,3391.0,1489.0
55,293,3391.0,1489.0
55,294,3391.0,1489.0
55,295,3391.0,1489.0
55,296,3391.0,1489.0
55,297,3391.0,1489.0
55,298,3391.0,1489.0
55,299,3391.0,1489.0
55,300,3391.0,1489.0
55,301,3391.0,1489.0
55,302,3391.0,1489.0
55,303,3391.0,1489.0
55,304,3391.0,1489.0
55,305,3391.0,1489.0
55,306,3391.0,1489.0
55,307,3391.0,1489.0
55,308,3391.0,1489.0
55,309,3391.0,1489.0
55,310,3391.0,1489.0
55,311,3391.0,1489.0
55,312,3391.0,1489.0
55,313,3391.0,1489.0
55,314,3391.0,1489.0
55,315,3391.0,1489.0
55,316,3391.0,1489.0
55,317,3391.0,1489.0
55,318,3391.0,1489.0
55,319,3391.0,1489.0
55,320,3391.0,1489.0
55,321,3391.0,1489.0
55,322,3391.0,1489.0
55,323,3391.0,1489.0
55,324,3391.0,1489.0
55,325,3391.0,1489.0
55,326,3391.0,1489.0
55,327,3391.0,1489.0
55,328,3391.0,1489.0
55,329,3391.0,1489.0
55,330,3391.0,1489.0
55,331,3391.0,1489.0
55,332,3391.0,1489.0
55,333,3391.0,1489.0
55,334,3391.0,1489.0
55,335,3391.0,1489.0
55,336,3391.0,1489.0
55,337,3391.0,1489.0
55,338,3391.0,1489.0
55,339,3391.0,1489.0
55,340,3391.0,1489.0
55,341,3391.0,1489.0
55,342,3391.0,1489.0
55,343,3391.0,1489.0
55,344,3391.0,1489.0
55,345,3391.0,1489.0
55,346,3391.0,1489.0
55,347,3391.0,1489.0
55,348,3391.0,1489.0
55,349,3391.0,1489.0
55,350,3391.0,1489.0
55,351,3391.0,1489.0
55,352,3391.0,1489.0
55,353,3391.0,1489.0
55,354,3391.0,1489.0
55,355,3391.0,1489.0
55,356,3391.0,1489.0
55,357,3391.0,1489.0
55,358,3391.0,1489.0
55,359,3391.0,1489.0
56,0,1010.0,1824.0
56,1,1010.0,1824.0
56,2,1010.0,1824.0
56,3,1010.0,1824.0
56,4,1010.0,1824.0
56,5,1010.0,1824.0
56,6,1010.0,1824.0
56,7,1010.0,1824.0
56,8,1010.0,1824.0
56,9,1010.0,1824.0
56,10,1010.0,1824.0
56,11,1010.0,1824.0
56,12,1010.0,1824.0
56,13,1010.0,1824.0
56,14,1010.0,1824.0
56,15,1010.0,1824.0
56,16,1010.0,1824.0
56,17,1010.0,1824.0
56,18,1010.0,1824.0
56,19,1010.0,1824.0
56,20,1010.0,1824.0
56,21,1010.0,1824.0
56,22,1010.0,1824.0
56,23,1010.0,1824.0
56,24,1010.0,1824.0
56,25,1010.0,1824.0
56,26,1010.0,1824.0
56,27,1010.0,1824.0
56,28,1010.0,1824.0
56,29,1010.0,1824.0
56,30,1010.0,1824.0
56,31,1010.0,1824.0
56,32,1010.0,1824.0
56,33,1010.0,1824.0
56,34,1010.0,1824.0
56,35,1010.0,1824.0
56,36,1010.0,1824.0
56,37,1010.0,1824.0
56,38,1010.0,1824.0
56,39,1010.0,1824.0
56,40,1010.0,1824.0
56,41,1010.0,1824.0
56,42,1010.0,1824.0
56,43,1010.0,1824.0
56,44,1010.0,1824.0
56,45,1010.0,1824.0
56,46,1010.0,1824.0
56,47,1010.0,1824.0
56,48,1010.0,1824.0
56,49,1010.0,1824.0
56,50,1010.0,1824.0
56,51,1010.0,1824.0
56,52,1010.0,1824.0
56,53,1010.0,1824.0
56,54,1010.0,1824.0
56,55,1010.0,1824.0
56,56,1010.0,1824.0
56,57,1010.0,1824.0
56,58,1010.0,1824.0
56,59,1010.0,1824.0
56,60,1010.0,1824.0
56,61,1010.0,1824.0
56,62,1010.0,1824.0
56,63,1010.0,1824.0
56,64,1010.0,1824.0
56,65,1010.0,1824.0
56,66,1010.0,1824.0
56,67,1010.0,1824.0
56,68,1010.0,1824.0
56,69,1010.0,1824.0
56,70,1010.0,1824.0
56,71,1010.0,1824.0
56,72,1010.0,1824.0
56,73,1010.0,1824.0
56,74,1010.0,1824.0
56,75,1010.0,1824.0
56,76,1010.0,1824.0
56,77,1010.0,1824.0
56,78,1010.0,1824.0
56,79,1010.0,1824.0
56,80,1010.0,1824.0
56,81,1010.0,1824.0
56,82,1010.0,1824.0
56,83,1010.0,1824.0
56,84,1010.0,1824.0
56,85,1010.0,1824.0
56,86,1010.0,1824.0
56,87,1010.0,1824.0
56,88,1010.0,1824.0
56,89,1010.0,1824.0
56,90,1010.0,1824.0
56,91,1010.0,1824.0
56,92,1010.0,1824.0
56,93,1010.0,1824.0
56,94,1010.0,1824.0
56,95,1010.0,1824.0
56,96,1010.0,1824.0
56,97,1010.0,1824.0
56,98,1010.0,1824.0
56,99,1010.0,1824.0
56,100,1010.0,1824.0
56,101,1010.0,1824.0
56,102,1010.0,1824.0
56,103,1010.0,1824.0
56,104,1010.0,1824.0
56,105,1010.0,1824.0
56,106,1010.0,1824.0
56,107,1010.0,1824.0
56,108,1010.0,1824.0
56,109,1010.0,1824.0
56,110,1010.0,1824.0
56,111,1010.0,1824.0
56,112,1010.0,1824.0
56,113,1010.0,1824.0
56,114,1010.0,1824.0
56,115,1010.0,1824.0
56,116,1010.0,1824.0
56,117,1010.0,1824.0
56,118,1010.0,1824.0
56,119,1010.0,1824.0
56,120,1010.0,1824.0
56,121,1010.0,1824.0
56,122,1010.0,1824.0
56,123,1010.0,1824.0
56,124,1010.0,1824.0
56,125,1010.0,1824.0
56,126,1010.0,1824.0
56,127,1010.0,1824.0
56,128,1010.0,1824.0
56,129,1010.0,1824.0
56,130,1010.0,1824.0
56,131,1010.0,1824.0
56,132,1010.0,1824.0
56,133,1010.0,1824.0
56,134,1010.0,1824.0
56,135,1010.0,1824.0
56,136,1010.0,1824.0
56,137,1010.0,1824.0
56,138,1010.0,1824.0
56,139,1010.0,1824.0
56,140,1010.0,1824.0
56,141,1010.0,1824.0
56,142,1010.0,1824.0
56,143,1010.0,1824.0
56,144,1010.0,1824.0
56,145,1010.0,1824.0
56,146,1010.0,1824.0
56,147,1010.0,1824.0
56,148,1010.0,1824.0
56,149,1010.0,1824.0
56,150,1010.0,1824.0
56,151,1010.0,1824.0
56,152,1010.0,1824.0
56,153,1010.0,1824.0
56,154,1010.0,1824.0
56,155,1010.0,1824.0
56,156,1010.0,1824.0
56,157,1010.0,1824.0
56,158,1010.0,1824.0
56,159,1010.0,1824.0
56,160,1010.0,1824.0
56,161,1010.0,1824.0
56,162,1010.0,1824.0
56,163,1010.0,1824.0
56,164,1010.0,1824.0
56,165,1010.0,1824.0
56,166,1010.0,1824.0
56,167,1010.0,1824.0
56,168,1010.0,1824.0
56,169,1010.0,1824.0
56,170,1010.0,1824.0
56,171,1010.0,1824.0
56,172,1010.0,1824.0
56,173,1010.0,1824.0
56,174,1010.0,1824.0
56,175,1010.0,1824.0
56,176,1010.0,1824.0
56,177,1010.0,1824.0
56,178,1010.0,1824.0
56,179,1010.0,1824.0
56,180,1010.0,1824.0
56,181,1010.0,1824.0
56,182,1010.0,1824.0
56,183,1010.0,1824.0
56,184,1010.0,1824.0
56,185,1010.0,1824.0
56,186,1010.0,1824.0
56,187,1010.0,1824.0
56,188,1010.0,1824.0
56,189,1010.0,1824.0
56,190,1010.0,1824.0
56,191,1010.0,1824.0
56,192,1010.0,1824.0
56,193,1010.0,1824.0
56,194,1010.0,1824.0
56,195,1010.0,1824.0
56,196,1010.0,1824.0
56,197,1010.0,1824.0
56,198,1010.0,1824.0
56,199,1010.0,1824.0
56,200,1010.0,1824.0
56,201,1010.0,1824.0
56,202,1010.0,1824.0
56,203,1010.0,1824.0
56,204,1010.0,1824.0
56,205,1010.0,1824.0
56,206,1010.0,1824.0
56,207,1010.0,1824.0
56,208,1010.0,1824.0
56,209,1010.0,1824.0
56,210,1010.0,1824.0
56,211,1010.0,1824.0
56,212,1010.0,1824.0
56,213,1010.0,1824.0
56,214,1010.0,1824.0
56,215,1010.0,1824.0
56,216,1010.0,1824.0
56,217,1010.0,1824.0
56,218,1010.0,1824.0
56,219,1010.0,1824.0
56,220,1010.0,1824.0
56,221,1010.0,1824.0
56,222,1010.0,1824.0
56,223,1010.0,1824.0
56,224,1010.0,1824.0
56,225,1010.0,1824.0
56,226,1010.0,1824.0
56,227,1010.0,1824.0
56,228,1010.0,1824.0
56,229,1010.0,1824.0
56,230,1010.0,1824.0
56,231,1010.0,1824.0
56,232,1010.0,1824.0
56,233,1010.0,1824.0
56,234,1010.0,1824.0
56,235,1010.0,1824.0
56,236,1010.0,1824.0
56,237,1010.0,1824.0
56,238,1010.0,1824.0
56,239,1010.0,1824.0
56,240,1010.0,1824.0
56,241,1010.0,1824.0
56,242,1010.0,1824.0
56,243,1010.0,1824.0
56,244,1010.0,1824.0
56,245,1010.0,1824.0
56,246,1010.0,1824.0
56,247,1010.0,1824.0
56,248,1010.0,1824.0
56,249,1010.0,1824.0
56,250,1010.0,1824.0
56,251,1010.0,1824.0
56,252,1010.0,1824.0
56,253,1010.0,1824.0
56,254,1010.0,1824.0
56,255,1010.0,1824.0
56,256,1010.0,1824.0
56,257,1010.0,1824.0
56,258,1010.0,1824.0
56,259,1010.0,1824.0
56,260,1010.0,1824.0
56,261,1010.0,1824.0
56,262,1010.0,1824.0
56,263,1010.0,1824.0
56,264,1010.0,1824.0
56,265,1010.0,1824.0
56,266,1010.0,1824.0
56,267,1010.0,1824.0
56,268,1010.0,1824.0
56,269,1010.0,1824.0
56,270,1010.0,1824.0
56,271,1010.0,1824.0
56,272,1010.0,1824.0
56,273,1010.0,1824.0
56,274,1010.0,1824.0
56,275,1010.0,1824.0
56,276,1010.0,1824.0
56,277,1010.0,1824.0
56,278,1010.0,1824.0
56,279,1010.0,1824.0
56,280,1010.0,1824.0
56,281,1010.0,1824.0
56,282,1010.0,1824.0
56,283,1010.0,1824.0
56,284,1010.0,1824.0
56,285,1010.0,1824.0
56,286,1010.0,1824.0
56,287,1010.0,1824.0
56,288,1010.0,1824.0
56,289,1010.0,1824.0
56,290,1010.0,1824.0
56,291,1010.0,1824.0
56,292,1010.0,1824.0
56,293,1010.0,1824.0
56,294,1010.0,1824.0
56,295,1010.0,1824.0
56,296,1010.0,1824.0
56,297,1010.0,1824.0
56,298,1010.0,1824.0
56,299,1010.0,1824.0
56,300,1010.0,1824.0
56,301,1010.0,1824.0
56,302,1010.0,1824.0
56,303,1010.0,1824.0
56,304,1010.0,1824.0
56,305,1010.0,1824.0
56,306,1010.0,1824.0
56,307,1010.0,1824.0
56,308,1010.0,1824.0
56,309,1010.0,1824.0
56,310,1010.0,1824.0
56,311,1010.0,1824.0
56,312,1010.0,1824.0
56,313,1010.0,1824.0
56,314,1010.0,1824.0
56,315,1010.0,1824.0
56,316,1010.0,1824.0
56,317,1010.0,1824.0
56,318,1010.0,1824.0
56,319,1010.0,1824.0
56,320,1010.0,1824.0
56,321,1010.0,1824.0
56,322,1010.0,1824.0
56,323,1010.0,1824.0
56,324,1010.0,1824.0
56,325,1010.0,1824.0
56,326,1010.0,1824.0
56,327,1010.0,1824.0
56,328,1010.0,1824.0
56,329,1010.0,1824.0
56,330,1010.0,1824.0
56,331,1010.0,1824.0
56,332,1010.0,1824.0
56,333,1010.0,1824.0
56,334,1010.0,1824.0
56,335,1010.0,1824.0
56,336,1010.0,1824.0
56,337,1010.0,1824.0
56,338,1010.0,1824.0
56,339,1010.0,1824.0
56,340,1010.0,1824.0
56,341,1010.0,1824.0
56,342,1010.0,1824.0
56,343,1010.0,1824.0
56,344,1010.0,1824.0
56,345,1010.0,1824.0
56,346,1010.0,1824.0
56,347,1010.0,1824.0
56,348,1010.0,1824.0
56,349,1010.0,1824.0
56,350,1010.0,1824.0
56,351,1010.0,1824.0
56,352,1010.0,1824.0
56,353,1010.0,1824.0
56,354,1010.0,1824.0
56,355,1010.0,1824.0
56,356,1010.0,1824.0
56,357,1010.0,1824.0
56,358,1010.0,1824.0
56,359,1010.0,1824.0
57,0,2902.0,2619.0
57,1,2902.0,2619.0
57,2,2902.0,2619.0
57,3,2902.0,2619.0
57,4,2902.0,2619.0
57,5,2902.0,2619.0
57,6,2902.0,2619.0
57,7,2902.0,2619.0
57,8,2902.0,2619.0
57,9,2902.0,2619.0
57,10,2902.0,2619.0
57,11,2902.0,2619.0
57,12,2902.0,2619.0
57,13,2902.0,2619.0
57,14,2902.0,2619.0
57,15,2902.0,2619.0
57,16,2902.0,2619.0
57,17,2902.0,2619.0
57,18,2902.0,2619.0
57,19,2902.0,2619.0
57,20,2902.0,2619.0
57,21,2902.0,2619.0
57,22,2902.0,2619.0
57,23,2902.0,2619.0
57,24,2902.0,2619.0
57,25,2902.0,2619.0
57,26,2902.0,2619.0
57,27,2902.0,2619.0
57,28,2902.0,2619.0
57,29,2902.0,2619.0
57,30,2902.0,2619.0
57,31,2902.0,2619.0
57,32,2902.0,2619.0
57,33,2902.0,2619.0
57,34,2902.0,2619.0
57,35,2902.0,2619.0
57,36,2902.0,2619.0
57,37,2902.0,2619.0
57,38,2902.0,2619.0
57,39,2902.0,2619.0
57,40,2902.0,2619.0
57,41,2902.0,2619.0
57,42,2902.0,2619.0
57,43,2902.0,2619.0
57,44,2902.0,2619.0
57,45,2902.0,2619.0
57,46,2902.0,2619.0
57,47,2902.0,2619.0
57,48,2902.0,2619.0
57,49,2902.0,2619.0
57,50,2902.0,2619.0
57,51,2902.0,2619.0
57,52,2902.0,2619.0
57,53,2902.0,2619.0
57,54,2902.0,2619.0
57,55,2902.0,2619.0
57,56,2902.0,2619.0
57,57,2902.0,2619.0
57,58,2902.0,2619.0
57,59,2902.0,2619.0
57,60,2902.0,2619.0
57,61,2902.0,2619.0
57,62,2902.0,2619.0
57,63,2902.0,2619.0
57,64,2902.0,2619.0
57,65,2902.0,2619.0
57,66,2902.0,2619.0
57,67,2902.0,2619.0
57,68,2902.0,2619.0
57,69,2902.0,2619.0
57,70,2902.0,2619.0
57,71,2902.0,2619.0
57,72,2902.0,2619.0
57,73,2902.0,2619.0
57,74,2902.0,2619.0
57,75,2902.0,2619.0
57,76,2902.0,2619.0
57,77,2902.0,2619.0
57,78,2902.0,2619.0
57,79,2902.0,2619.0
57,80,2902.0,2619.0
57,81,2902.0,2619.0
57,82,2902.0,2619.0
57,83,2902.0,2619.0
57,84,2902.0,2619.0
57,85,2902.0,2619.0
57,86,2902.0,2619.0
57,87,2902.0,2619.0
57,88,2902.0,2619.0
57,89,2902.0,2619.0
57,90,2902.0,2619.0
57,91,2902.0,2619.0
57,92,2902.0,2619.0
57,93,2902.0,2619.0
57,94,2902.0,2619.0
57,95,2902.0,2619.0
57,96,2902.0,2619.0
57,97,2902.0,2619.0
57,98,2902.0,2619.0
57,99,2902.0,2619.0
57,100,2902.0,2619.0
57,101,2902.0,2619.0
57,102,2902.0,2619.0
57,103,2902.0,2619.0
57,104,2902.0,2619.0
57,105,2902.0,2619.0
57,106,2902.0,2619.0
57,107,2902.0,2619.0
57,108,2902.0,2619.0
57,109,2902.0,2619.0
57,110,2902.0,2619.0
57,111,2902.0,2619.0
57,112,2902.0,2619.0
57,113,2902.0,2619.0
57,114,2902.0,2619.0
57,115,2902.0,2619.0
57,116,2902.0,2619.0
57,117,2902.0,2619.0
57,118,2902.0,2619.0
57,119,2902.0,2619.0
57,120,2902.0,2619.0
57,121,2902.0,2619.0
57,122,2902.0,2619.0
57,123,2902.0,2619.0
57,124,2902.0,2619.0
57,125,2902.0,2619.0
57,126,2902.0,2619.0
57,127,2902.0,2619.0
57,128,2902.0,2619.0
57,129,2902.0,2619.0
57,130,2902.0,2619.0
57,131,2902.0,2619.0
57,132,2902.0,2619.0
57,133,2902.0,2619.0
57,134,2902.0,2619.0
57,135,2902.0,2619.0
57,136,2902.0,2619.0
57,137,2902.0,2619.0
57,138,2902.0,2619.0
57,139,2902.0,2619.0
57,140,2902.0,2619.0
57,141,2902.0,2619.0
57,142,2902.0,2619.0
57,143,2902.0,2619.0
57,144,2902.0,2619.0
57,145,2902.0,2619.0
57,146,2902.0,2619.0
57,147,2902.0,2619.0
57,148,2902.0,2619.0
57,149,2902.0,2619.0
57,150,2902.0,2619.0
57,151,2902.0,2619.0
57,152,2902.0,2619.0
57,153,2902.0,2619.0
57,154,2902.0,2619.0
57,155,2902.0,2619.0
57,156,2902.0,2619.0
57,157,2902.0,2619.0
57,158,2902.0,2619.0
57,159,2902.0,2619.0
57,160,2902.0,2619.0
57,161,2902.0,2619.0
57,162,2902.0,2619.0
57,163,2902.0,2619.0
57,164,2902.0,2619.0
57,165,2902.0,2619.0
57,166,2902.0,2619.0
57,167,2902.0,2619.0
57,168,2902.0,2619.0
57,169,2902.0,2619.0
57,170,2902.0,2619.0
57,171,2902.0,2619.0
57,172,2902.0,2619.0
57,173,2902.0,2619.0
57,174,2902.0,2619.0
57,175,2902.0,2619.0
57,176,2902.0,2619.0
57,177,2902.0,2619.0
57,178,2902.0,2619.0
57,179,2902.0,2619.0
57,180,2902.0,2619.0
57,181,2902.0,2619.0
57,182,2902.0,2619.0
57,183,2902.0,2619.0
57,184,2902.0,2619.0
57,185,2902.0,2619.0
57,186,2902.0,2619.0
57,187,2902.0,2619.0
57,188,2902.0,2619.0
57,189,2902.0,2619.0
57,190,2902.0,2619.0
57,191,2902.0,2619.0
57,192,2902.0,2619.0
57,193,2902.0,2619.0
57,194,2902.0,2619.0
57,195,2902.0,2619.0
57,196,2902.0,2619.0
57,197,2902.0,2619.0
57,198,2902.0,2619.0
57,199,2902.0,2619.0
57,200,2902.0,2619.0
57,201,2902.0,2619.0
57,202,2902.0,2619.0
57,203,2902.0,2619.0
57,204,2902.0,2619.0
57,205,2902.0,2619.0
57,206,2902.0,2619.0
57,207,2902.0,2619.0
57,208,2902.0,2619.0
57,209,2902.0,2619.0
57,210,2902.0,2619.0
57,211,2902.0,2619.0
57,212,2902.0,2619.0
57,213,2902.0,2619.0
57,214,2902.0,2619.0
57,215,2902.0,2619.0
57,216,2902.0,2619.0
57,217,2902.0,2619.0
57,218,2902.0,2619.0
57,219,2902.0,2619.0
57,220,2902.0,2619.0
57,221,2902.0,2619.0
57,222,2902.0,2619.0
57,223,2902.0,2619.0
57,224,2902.0,2619.0
57,225,2902.0,2619.0
57,226,2902.0,2619.0
57,227,2902.0,2619.0
57,228,2902.0,2619.0
57,229,2902.0,2619.0
57,230,2902.0,2619.0
57,231,2902.0,2619.0
57,232,2902.0,2619.0
57,233,2902.0,2619.0
57,234,2902.0,2619.0
57,235,2902.0,2619.0
57,236,2902.0,2619.0
57,237,2902.0,2619.0
57,238,2902.0,2619.0
57,239,2902.0,2619.0
57,240,2902.0,2619.0
57,241,2902.0,2619.0
57,242,2902.0,2619.0
57,243,2902.0,2619.0
57,244,2902.0,2619.0
57,245,2902.0,2619.0
57,246,2902.0,2619.0
57,247,2902.0,2619.0
57,248,2902.0,2619.0
57,249,2902.0,2619.0
57,250,2902.0,2619.0
57,251,2902.0,2619.0
57,252,2902.0,2619.0
57,253,2902.0,2619.0
57,254,2902.0,2619.0
57,255,2902.0,2619.0
57,256,2902.0,2619.0
57,257,2902.0,2619.0
57,258,2902.0,2619.0
57,259,2902.0,2619.0
57,260,2902.0,2619.0
57,261,2902.0,2619.0
57,262,2902.0,2619.0
57,263,2902.0,2619.0
57,264,2902.0,2619.0
57,265,2902.0,2619.0
57,266,2902.0,2619.0
57,267,2902.0,2619.0
57,268,2902.0,2619.0
57,269,2902.0,2619.0
57,270,2902.0,2619.0
57,271,2902.0,2619.0
57,272,2902.0,2619.0
57,273,2902.0,2619.0
57,274,2902.0,2619.0
57,275,2902.0,2619.0
57,276,2902.0,2619.0
57,277,2902.0,2619.0
57,278,2902.0,2619.0
57,279,2902.0,2619.0
57,280,2902.0,2619.0
57,281,2902.0,2619.0
57,282,2902.0,2619.0
57,283,2902.0,2619.0
57,284,2902.0,2619.0
57,285,2902.0,2619.0
57,286,2902.0,2619.0
57,287,2902.0,2619.0
57,288,2902.0,2619.0
57,289,2902.0,2619.0
57,290,2902.0,2619.0
57,291,2902.0,2619.0
57,292,2902.0,2619.0
57,293,2902.0,2619.0
57,294,2902.0,2619.0
57,295,2902.0,2619.0
57,296,2902.0,2619.0
57,297,2902.0,2619.0
57,298,2902.0,2619.0
57,299,2902.0,2619.0
57,300,2902.0,2619.0
57,301,2902.0,2619.0
57,302,2902.0,2619.0
57,303,2902.0,2619.0
57,304,2902.0,2619.0
57,305,2902.0,2619.0
57,306,2902.0,2619.0
57,307,2902.0,2619.0
57,308,2902.0,2619.0
57,309,2902.0,2619.0
57,310,2902.0,2619.0
57,311,2902.0,2619.0
57,312,2902.0,2619.0
57,313,2902.0,2619.0
57,314,2902.0,2619.0
57,315,2902.0,2619.0
57,316,2902.0,2619.0
57,317,2902.0,2619.0
57,318,2902.0,2619.0
57,319,2902.0,2619.0
57,320,2902.0,2619.0
57,321,2902.0,2619.0
57,322,2902.0,2619.0
57,323,2902.0,2619.0
57,324,2902.0,2619.0
57,325,2902.0,2619.0
57,326,2902.0,2619.0
57,327,2902.0,2619.0
57,328,2902.0,2619.0
57,329,2902.0,2619.0
57,330,2902.0,2619.0
57,331,2902.0,2619.0
57,332,2902.0,2619.0
57,333,2902.0,2619.0
57,334,2902.0,2619.0
57,335,2902.0,2619.0
57,336,2902.0,2619.0
57,337,2902.0,2619.0
57,338,2902.0,2619.0
57,339,2902.0,2619.0
57,340,2902.0,2619.0
57,341,2902.0,2619.0
57,342,2902.0,2619.0
57,343,2902.0,2619.0
57,344,2902.0,2619.0
57,345,2902.0,2619.0
57,346,2902.0,2619.0
57,347,2902.0,2619.0
57,348,2902.0,2619.0
57,349,2902.0,2619.0
57,350,2902.0,2619.0
57,351,2902.0,2619.0
57,352,2902.0,2619.0
57,353,2902.0,2619.0
57,354,2902.0,2619.0
57,355,2902.0,2619.0
57,356,2902.0,2619.0
57,357,2902.0,2619.0
57,358,2902.0,2619.0
57,359,2902.0,2619.0
58,0,1722.0,1295.0
58,1,1722.0,1295.0
58,2,1722.0,1295.0
58,3,1722.0,1295.0
58,4,1722.0,1295.0
58,5,1722.0,1295.0
58,6,1722.0,1295.0
58,7,1722.0,1295.0
58,8,1722.0,1295.0
58,9,1722.0,1295.0
58,10,1722.0,1295.0
58,11,1722.0,1295.0
58,12,1722.0,1295.0
58,13,1722.0,1295.0
58,14,1722.0,1295.0
58,15,1722.0,1295.0
58,16,1722.0,1295.0
58,17,1722.0,1295.0
58,18,1722.0,1295.0
58,19,1722.0,1295.0
58,20,1722.0,1295.0
58,21,1722.0,1295.0
58,22,1722.0,1295.0
58,23,1722.0,1295.0
58,24,1722.0,1295.0
58,25,1722.0,1295.0
58,26,1722.0,1295.0
58,27,1722.0,1295.0
58,28,1722.0,1295.0
58,29,1722.0,1295.0
58,30,1722.0,1295.0
58,31,1722.0,1295.0
58,32,1722.0,1295.0
58,33,1722.0,1295.0
58,34,1722.0,1295.0
58,35,1722.0,1295.0
58,36,1722.0,1295.0
58,37,1722.0,1295.0
58,38,1722.0,1295.0
58,39,1722.0,1295.0
58,40,1722.0,1295.0
58,41,1722.0,1295.0
58,42,1722.0,1295.0
58,43,1722.0,1295.0
58,44,1722.0,1295.0
58,45,1722.0,1295.0
58,46,1722.0,1295.0
58,47,1722.0,1295.0
58,48,1722.0,1295.0
58,49,1722.0,1295.0
58,50,1722.0,1295.0
58,51,1722.0,1295.0
58,52,1722.0,1295.0
58,53,1722.0,1295.0
58,54,1722.0,1295.0
58,55,1722.0,1295.0
58,56,1722.0,1295.0
58,57,1722.0,1295.0
58,58,1722.0,1295.0
58,59,1722.0,1295.0
58,60,1722.0,1295.0
58,61,1722.0,1295.0
58,62,1722.0,1295.0
58,63,1722.0,1295.0
58,64,1722.0,1295.0
58,65,1722.0,1295.0
58,66,1722.0,1295.0
58,67,1722.0,1295.0
58,68,1722.0,1295.0
58,69,1722.0,1295.0
58,70,1722.0,1295.0
58,71,1722.0,1295.0
58,72,1722.0,1295.0
58,73,1722.0,1295.0
58,74,1722.0,1295.0
58,75,1722.0,1295.0
58,76,1722.0,1295.0
58,77,1722.0,1295.0
58,78,1722.0,1295.0
58,79,1722.0,1295.0
58,80,1722.0,1295.0
58,81,1722.0,1295.0
58,82,1722.0,1295.0
58,83,1722.0,1295.0
58,84,1722.0,1295.0
58,85,1722.0,1295.0
58,86,1722.0,1295.0
58,87,1722.0,1295.0
58,88,1722.0,1295.0
58,89,1722.0,1295.0
58,90,1722.0,1295.0
58,91,1722.0,1295.0
58,92,1722.0,1295.0
58,93,1722.0,1295.0
58,94,1722.0,1295.0
58,95,1722.0,1295.0
58,96,1722.0,1295.0
58,97,1722.0,1295.0
58,98,1722.0,1295.0
58,99,1722.0,1295.0
58,100,1722.0,1295.0
58,101,1722.0,1295.0
58,102,1722.0,1295.0
58,103,1722.0,1295.0
58,104,1722.0,1295.0
58,105,1722.0,1295.0
58,106,1722.0,1295.0
58,107,1722.0,1295.0
58,108,1722.0,1295.0
58,109,1722.0,1295.0
58,110,1722.0,1295.0
58,111,1722.0,1295.0
58,112,1722.0,1295.0
58,113,1722.0,1295.0
58,114,1722.0,1295.0
58,115,1722.0,1295.0
58,116,1722.0,1295.0
58,117,1722.0,1295.0
58,118,1722.0,1295.0
58,119,1722.0,1295.0
58,120,1722.0,1295.0
58,121,1722.0,1295.0
58,122,1722.0,1295.0
58,123,1722.0,1295.0
58,124,1722.0,1295.0
58,125,1722.0,1295.0
58,126,1722.0,1295.0
58,127,1722.0,1295.0
58,128,1722.0,1295.0
58,129,1722.0,1295.0
58,130,1722.0,1295.0
58,131,1722.0,1295.0
58,132,1722.0,1295.0
58,133,1722.0,1295.0
58,134,1722.0,1295.0
58,135,1722.0,1295.0
58,136,1722.0,1295.0
58,137,1722.0,1295.0
58,138,1722.0,1295.0
58,139,1722.0,1295.0
58,140,1722.0,1295.0
58,141,1722.0,1295.0
58,142,1722.0,1295.0
58,143,1722.0,1295.0
58,144,1722.0,1295.0
58,145,1722.0,1295.0
58,146,1722.0,1295.0
58,147,1722.0,1295.0
58,148,1722.0,1295.0
58,149,1722.0,1295.0
58,150,1722.0,1295.0
58,151,1722.0,1295.0
58,152,1722.0,1295.0
58,153,1722.0,1295.0
58,154,1722.0,1295.0
58,155,1722.0,1295.0
58,156,1722.0,1295.0
58,157,1722.0,1295.0
58,158,1722.0,1295.0
58,159,1722.0,1295.0
58,160,1722.0,1295.0
58,161,1722.0,1295.0
58,162,1722.0,1295.0
58,163,1722.0,1295.0
58,164,1722.0,1295.0
58,165,1722.0,1295.0
58,166,1722.0,1295.0
58,167,1722.0,1295.0
58,168,1722.0,1295.0
58,169,1722.0,1295.0
58,170,1722.0,1295.0
58,171,1722.0,1295.0
58,172,1722.0,1295.0
58,173,1722.0,1295.0
58,174,1722.0,1295.0
58,175,1722.0,1295.0
58,176,1722.0,1295.0
58,177,1722.0,1295.0
58,178,1722.0,1295.0
58,179,1722.0,1295.0
58,180,1722.0,1295.0
58,181,1722.0,1295.0
58,182,1722.0,1295.0
58,183,1722.0,1295.0
58,184,1722.0,1295.0
58,185,1722.0,1295.0
58,186,1722.0,1295.0
58,187,1722.0,1295.0
58,188,1722.0,1295.0
58,189,1722.0,1295.0
58,190,1722.0,1295.0
58,191,1722.0,1295.0
58,192,1722.0,1295.0
58,193,1722.0,1295.0
58,194,1722.0,1295.0
58,195,1722.0,1295.0
58,196,1722.0,1295.0
58,197,1722.0,1295.0
58,198,1722.0,1295.0
58,199,1722.0,1295.0
58,200,1722.0,1295.0
58,201,1722.0,1295.0
58,202,1722.0,1295.0
58,203,1722.0,1295.0
58,204,1722.0,1295.0
58,205,1722.0,1295.0
58,206,1722.0,1295.0
58,207,1722.0,1295.0
58,208,1722.0,1295.0
58,209,1722.0,1295.0
58,210,1722.0,1295.0
58,211,1722.0,1295.0
58,212,1722.0,1295.0
58,213,1722.0,1295.0
58,214,1722.0,1295.0
58,215,1722.0,1295.0
58,216,1722.0,1295.0
58,217,1722.0,1295.0
58,218,1722.0,1295.0
58,219,1722.0,1295.0
58,220,1722.0,1295.0
58,221,1722.0,1295.0
58,222,1722.0,1295.0
58,223,1722.0,1295.0
58,224,1722.0,1295.0
58,225,1722.0,1295.0
58,226,1722.0,1295.0
58,227,1722.0,1295.0
58,228,1722.0,1295.0
58,229,1722.0,1295.0
58,230,1722.0,1295.0
58,231,1722.0,1295.0
58,232,1722.0,1295.0
58,233,1722.0,1295.0
58,234,1722.0,1295.0
58,235,1722.0,1295.0
58,236,1722.0,1295.0
58,237,1722.0,1295.0
58,238,1722.0,1295.0
58,239,1722.0,1295.0
58,240,1722.0,1295.0
58,241,1722.0,1295.0
58,242,1722.0,1295.0
58,243,1722.0,1295.0
58,244,1722.0,1295.0
58,245,1722.0,1295.0
58,246,1722.0,1295.0
58,247,1722.0,1295.0
58,248,1722.0,1295.0
58,249,1722.0,1295.0
58,250,1722.0,1295.0
58,251,1722.0,1295.0
58,252,1722.0,1295.0
58,253,1722.0,1295.0
58,254,1722.0,1295.0
58,255,1722.0,1295.0
58,256,1722.0,1295.0
58,257,1722.0,1295.0
58,258,1722.0,1295.0
58,259,1722.0,1295.0
58,260,1722.0,1295.0
58,261,1722.0,1295.0
58,262,1722.0,1295.0
58,263,1722.0,1295.0
58,264,1722.0,1295.0
58,265,1722.0,1295.0
58,266,1722.0,1295.0
58,267,1722.0,1295.0
58,268,1722.0,1295.0
58,269,1722.0,1295.0
58,270,1722.0,1295.0
58,271,1722.0,1295.0
58,272,1722.0,1295.0
58,273,1722.0,1295.0
58,274,1722.0,1295.0
58,275,1722.0,1295.0
58,276,1722.0,1295.0
58,277,1722.0,1295.0
58,278,1722.0,1295.0
58,279,1722.0,1295.0
58,280,1722.0,1295.0
58,281,1722.0,1295.0
58,282,1722.0,1295.0
58,283,1722.0,1295.0
58,284,1722.0,1295.0
58,285,1722.0,1295.0
58,286,1722.0,1295.0
58,287,1722.0,1295.0
58,288,1722.0,1295.0
58,289,1722.0,1295.0
58,290,1722.0,1295.0
58,291,1722.0,1295.0
58,292,1722.0,1295.0
58,293,1722.0,1295.0
58,294,1722.0,1295.0
58,295,1722.0,1295.0
58,296,1722.0,1295.0
58,297,1722.0,1295.0
58,298,1722.0,1295.0
58,299,1722.0,1295.0
58,300,1722.0,1295.0
58,301,1722.0,1295.0
58,302,1722.0,1295.0
58,303,1722.0,1295.0
58,304,1722.0,1295.0
58,305,1722.0,1295.0
58,306,1722.0,1295.0
58,307,1722.0,1295.0
58,308,1722.0,1295.0
58,309,1722.0,1295.0
58,310,1722.0,1295.0
58,311,1722.0,1295.0
58,312,1722.0,1295.0
58,313,1722.0,1295.0
58,314,1722.0,1295.0
58,315,1722.0,1295.0
58,316,1722.0,1295.0
58,317,1722.0,1295.0
58,318,1722.0,1295.0
58,319,1722.0,1295.0
58,320,1722.0,1295.0
58,321,1722.0,1295.0
58,322,1722.0,1295.0
58,323,1722.0,1295.0
58,324,1722.0,1295.0
58,325,1722.0,1295.0
58,326,1722.0,1295.0
58,327,1722.0,1295.0
58,328,1722.0,1295.0
58,329,1722.0,1295.0
58,330,1722.0,1295.0
58,331,1722.0,1295.0
58,332,1722.0,1295.0
58,333,1722.0,1295.0
58,334,1722.0,1295.0
58,335,1722.0,1295.0
58,336,1722.0,1295.0
58,337,1722.0,1295.0
58,338,1722.0,1295.0
58,339,1722.0,1295.0
58,340,1722.0,1295.0
58,341,1722.0,1295.0
58,342,1722.0,1295.0
58,343,1722.0,1295.0
58,344,1722.0,1295.0
58,345,1722.0,1295.0
58,346,1722.0,1295.0
58,347,1722.0,1295.0
58,348,1722.0,1295.0
58,349,1722.0,1295.0
58,350,1722.0,1295.0
58,351,1722.0,1295.0
58,352,1722.0,1295.0
58,353,1722.0,1295.0
58,354,1722.0,1295.0
58,355,1722.0,1295.0
58,356,1722.0,1295.0
58,357,1722.0,1295.0
58,358,1722.0,1295.0
58,359,1722.0,1295.0
59,0,3263.0,1324.0
59,1,3263.0,1324.0
59,2,3263.0,1324.0
59,3,3263.0,1324.0
59,4,3263.0,1324.0
59,5,3263.0,1324.0
59,6,3263.0,1324.0
59,7,3263.0,1324.0
59,8,3263.0,1324.0
59,9,3263.0,1324.0
59,10,3263.0,1324.0
59,11,3263.0,1324.0
59,12,3263.0,1324.0
59,13,3263.0,1324.0
59,14,3263.0,1324.0
59,15,3263.0,1324.0
59,16,3263.0,1324.0
59,17,3263.0,1324.0
59,18,3263.0,1324.0
59,19,3263.0,1324.0
59,20,3263.0,1324.0
59,21,3263.0,1324.0
59,22,3263.0,1324.0
59,23,3263.0,1324.0
59,24,3263.0,1324.0
59,25,3263.0,1324.0
59,26,3263.0,1324.0
59,27,3263.0,1324.0
59,28,3263.0,1324.0
59,29,3263.0,1324.0
59,30,3263.0,1324.0
59,31,3263.0,1324.0
59,32,3263.0,1324.0
59,33,3263.0,1324.0
59,34,3263.0,1324.0
59,35,3263.0,1324.0
59,36,3263.0,1324.0
59,37,3263.0,1324.0
59,38,3263.0,1324.0
59,39,3263.0,1324.0
59,40,3263.0,1324.0
59,41,3263.0,1324.0
59,42,3263.0,1324.0
59,43,3263.0,1324.0
59,44,3263.0,1324.0
59,45,3263.0,1324.0
59,46,3263.0,1324.0
59,47,3263.0,1324.0
59,48,3263.0,1324.0
59,49,3263.0,1324.0
59,50,3263.0,1324.0
59,51,3263.0,1324.0
59,52,3263.0,1324.0
59,53,3263.0,1324.0
59,54,3263.0,1324.0
59,55,3263.0,1324.0
59,56,3263.0,1324.0
59,57,3263.0,1324.0
59,58,3263.0,1324.0
59,59,3263.0,1324.0
59,60,3263.0,1324.0
59,61,3263.0,1324.0
59,62,3263.0,1324.0
59,63,3263.0,1324.0
59,64,3263.0,1324.0
59,65,3263.0,1324.0
59,66,3263.0,1324.0
59,67,3263.0,1324.0
59,68,3263.0,1324.0
59,69,3263.0,1324.0
59,70,3263.0,1324.0
59,71,3263.0,1324.0
59,72,3263.0,1324.0
59,73,3263.0,1324.0
59,74,3263.0,1324.0
59,75,3263.0,1324.0
59,76,3263.0,1324.0
59,77,3263.0,1324.0
59,78,3263.0,1324.0
59,79,3263.0,1324.0
59,80,3263.0,1324.0
59,81,3263.0,1324.0
59,82,3263.0,1324.0
59,83,3263.0,1324.0
59,84,3263.0,1324.0
59,85,3263.0,1324.0
59,86,3263.0,1324.0
59,87,3263.0,1324.0
59,88,3263.0,1324.0
59,89,3263.0,1324.0
59,90,3263.0,1324.0
59,91,3263.0,1324.0
59,92,3263.0,1324.0
59,93,3263.0,1324.0
59,94,3263.0,1324.0
59,95,3263.0,1324.0
59,96,3263.0,1324.0
59,97,3263.0,1324.0
59,98,3263.0,1324.0
59,99,3263.0,1324.0
59,100,3263.0,1324.0
59,101,3263.0,1324.0
59,102,3263.0,1324.0
59,103,3263.0,1324.0
59,104,3263.0,1324.0
59,105,3263.0,1324.0
59,106,3263.0,1324.0
59,107,3263.0,1324.0
59,108,3263.0,1324.0
59,109,3263.0,1324.0
59,110,3263.0,1324.0
59,111,3263.0,1324.0
59,112,3263.0,1324.0
59,113,3263.0,1324.0
59,114,3263.0,1324.0
59,115,3263.0,1324.0
59,116,3263.0,1324.0
59,117,3263.0,1324.0
59,118,3263.0,1324.0
59,119,3263.0,1324.0
59,120,3263.0,1324.0
59,121,3263.0,1324.0
59,122,3263.0,1324.0
59,123,3263.0,1324.0
59,124,3263.0,1324.0
59,125,3263.0,1324.0
59,126,3263.0,1324.0
59,127,3263.0,1324.0
59,128,3263.0,1324.0
59,129,3263.0,1324.0
59,130,3263.0,1324.0
59,131,3263.0,1324.0
59,132,3263.0,1324.0
59,133,3263.0,1324.0
59,134,3263.0,1324.0
59,135,3263.0,1324.0
59,136,3263.0,1324.0
59,137,3263.0,1324.0
59,138,3263.0,1324.0
59,139,3263.0,1324.0
59,140,3263.0,1324.0
59,141,3263.0,1324.0
59,142,3263.0,1324.0
59,143,3263.0,1324.0
59,144,3263.0,1324.0
59,145,3263.0,1324.0
59,146,3263.0,1324.0
59,147,3263.0,1324.0
59,148,3263.0,1324.0
59,149,3263.0,1324.0
59,150,3263.0,1324.0
59,151,3263.0,1324.0
59,152,3263.0,1324.0
59,153,3263.0,1324.0
59,154,3263.0,1324.0
59,155,3263.0,1324.0
59,156,3263.0,1324.0
59,157,3263.0,1324.0
59,158,3263.0,1324.0
59,159,3263.0,1324.0
59,160,3263.0,1324.0
59,161,3263.0,1324.0
59,162,3263.0,1324.0
59,163,3263.0,1324.0
59,164,3263.0,1324.0
59,165,3263.0,1324.0
59,166,3263.0,1324.0
59,167,3263.0,1324.0
59,168,3263.0,1324.0
59,169,3263.0,1324.0
59,170,3263.0,1324.0
59,171,3263.0,1324.0
59,172,3263.0,1324.0
59,173,3263.0,1324.0
59,174,3263.0,1324.0
59,175,3263.0,1324.0
59,176,3263.0,1324.0
59,177,3263.0,1324.0
59,178,3263.0,1324.0
59,179,3263.0,1324.0
59,180,3263.0,1324.0
59,181,3263.0,1324.0
59,182,3263.0,1324.0
59,183,3263.0,1324.0
59,184,3263.0,1324.0
59,185,3263.0,1324.0
59,186,3263.0,1324.0
59,187,3263.0,1324.0
59,188,3263.0,1324.0
59,189,3263.0,1324.0
59,190,3263.0,1324.0
59,191,3263.0,1324.0
59,192,3263.0,1324.0
59,193,3263.0,1324.0
59,194,3263.0,1324.0
59,195,3263.0,1324.0
59,196,3263.0,1324.0
59,197,3263.0,1324.0
59,198,3263.0,1324.0
59,199,3263.0,1324.0
59,200,3263.0,1324.0
59,201,3263.0,1324.0
59,202,3263.0,1324.0
59,203,3263.0,1324.0
59,204,3263.0,1324.0
59,205,3263.0,1324.0
59,206,3263.0,1324.0
59,207,3263.0,1324.0
59,208,3263.0,1324.0
59,209,3263.0,1324.0
59,210,3263.0,1324.0
59,211,3263.0,1324.0
59,212,3263.0,1324.0
59,213,3263.0,1324.0
59,214,3263.0,1324.0
59,215,3263.0,1324.0
59,216,3263.0,1324.0
59,217,3263.0,1324.0
59,218,3263.0,1324.0
59,219,3263.0,1324.0
59,220,3263.0,1324.0
59,221,3263.0,1324.0
59,222,3263.0,1324.0
59,223,3263.0,1324.0
59,224,3263.0,1324.0
59,225,3263.0,1324.0
59,226,3263.0,1324.0
59,227,3263.0,1324.0
59,228,3263.0,1324.0
59,229,3263.0,1324.0
59,230,3263.0,1324.0
59,231,3263.0,1324.0
59,232,3263.0,1324.0
59,233,3263.0,1324.0
59,234,3263.0,1324.0
59,235,3263.0,1324.0
59,236,3263.0,1324.0
59,237,3263.0,1324.0
59,238,3263.0,1324.0
59,239,3263.0,1324.0
59,240,3263.0,1324.0
59,241,3263.0,1324.0
59,242,3263.0,1324.0
59,243,3263.0,1324.0
59,244,3263.0,1324.0
59,245,3263.0,1324.0
59,246,3263.0,1324.0
59,247,3263.0,1324.0
59,248,3263.0,1324.0
59,249,3263.0,1324.0
59,250,3263.0,1324.0
59,251,3263.0,1324.0
59,252,3263.0,1324.0
59,253,3263.0,1324.0
59,254,3263.0,1324.0
59,255,3263.0,1324.0
59,256,3263.0,1324.0
59,257,3263.0,1324.0
59,258,3263.0,1324.0
59,259,3263.0,1324.0
59,260,3263.0,1324.0
59,261,3263.0,1324.0
59,262,3263.0,1324.0
59,263,3263.0,1324.0
59,264,3263.0,1324.0
59,265,3263.0,1324.0
59,266,3263.0,1324.0
59,267,3263.0,1324.0
59,268,3263.0,1324.0
59,269,3263.0,1324.0
59,270,3263.0,1324.0
59,271,3263.0,1324.0
59,272,3263.0,1324.0
59,273,3263.0,1324.0
59,274,3263.0,1324.0
59,275,3263.0,1324.0
59,276,3263.0,1324.0
59,277,3263.0,1324.0
59,278,3263.0,1324.0
59,279,3263.0,1324.0
59,280,3263.0,1324.0
59,281,3263.0,1324.0
59,282,3263.0,1324.0
59,283,3263.0,1324.0
59,284,3263.0,1324.0
59,285,3263.0,1324.0
59,286,3263.0,1324.0
59,287,3263.0,1324.0
59,288,3263.0,1324.0
59,289,3263.0,1324.0
59,290,3263.0,1324.0
59,291,3263.0,1324.0
59,292,3263.0,1324.0
59,293,3263.0,1324.0
59,294,3263.0,1324.0
59,295,3263.0,1324.0
59,296,3263.0,1324.0
59,297,3263.0,1324.0
59,298,3263.0,1324.0
59,299,3263.0,1324.0
59,300,3263.0,1324.0
59,301,3263.0,1324.0
59,302,3263.0,1324.0
59,303,3263.0,1324.0
59,304,3263.0,1324.0
59,305,3263.0,1324.0
59,306,3263.0,1324.0
59,307,3263.0,1324.0
59,308,3263.0,1324.0
59,309,3263.0,1324.0
59,310,3263.0,1324.0
59,311,3263.0,1324.0
59,312,3263.0,1324.0
59,313,3263.0,1324.0
59,314,3263.0,1324.0
59,315,3263.0,1324.0
59,316,3263.0,1324.0
59,317,3263.0,1324.0
59,318,3263.0,1324.0
59,319,3263.0,1324.0
59,320,3263.0,1324.0
59,321,3263.0,1324.0
59,322,3263.0,1324.0
59,323,3263.0,1324.0
59,324,3263.0,1324.0
59,325,3263.0,1324.0
59,326,3263.0,1324.0
59,327,3263.0,1324.0
59,328,3263.0,1324.0
59,329,3263.0,1324.0
59,330,3263.0,1324.0
59,331,3263.0,1324.0
59,332,3263.0,1324.0
59,333,3263.0,1324.0
59,334,3263.0,1324.0
59,335,3263.0,1324.0
59,336,3263.0,1324.0
59,337,3263.0,1324.0
59,338,3263.0,1324.0
59,339,3263.0,1324.0
59,340,3263.0,1324.0
59,341,3263.0,1324.0
59,342,3263.0,1324.0
59,343,3263.0,1324.0
59,344,3263.0,1324.0
59,345,3263.0,1324.0
59,346,3263.0,1324.0
59,347,3263.0,1324.0
59,348,3263.0,1324.0
59,349,3263.0,1324.0
59,350,3263.0,1324.0
59,351,3263.0,1324.0
59,352,3263.0,1324.0
59,353,3263.0,1324.0
59,354,3263.0,1324.0
59,355,3263.0,1324.0
59,356,3263.0,1324.0
59,357,3263.0,1324.0
59,358,3263.0,1324.0
59,359,3263.0,1324.0
60,0,734.0,1512.0
60,1,734.0,1512.0
60,2,734.0,1512.0
60,3,734.0,1512.0
60,4,734.0,1512.0
60,5,734.0,1512.0
60,6,734.0,1512.0
60,7,734.0,1512.0
60,8,734.0,1512.0
60,9,734.0,1512.0
60,10,734.0,1512.0
60,11,734.0,1512.0
60,12,734.0,1512.0
60,13,734.0,1512.0
60,14,734.0,1512.0
60,15,734.0,1512.0
60,16,734.0,1512.0
60,17,734.0,1512.0
60,18,734.0,1512.0
60,19,734.0,1512.0
60,20,734.0,1512.0
60,21,734.0,1512.0
60,22,734.0,1512.0
60,23,734.0,1512.0
60,24,734.0,1512.0
60,25,734.0,1512.0
60,26,734.0,1512.0
60,27,734.0,1512.0
60,28,734.0,1512.0
60,29,734.0,1512.0
60,30,734.0,1512.0
60,31,734.0,1512.0
60,32,734.0,1512.0
60,33,734.0,1512.0
60,34,734.0,1512.0
60,35,734.0,1512.0
60,36,734.0,1512.0
60,37,734.0,1512.0
60,38,734.0,1512.0
60,39,734.0,1512.0
60,40,734.0,1512.0
60,41,734.0,1512.0
60,42,734.0,1512.0
60,43,734.0,1512.0
60,44,734.0,1512.0
60,45,734.0,1512.0
60,46,734.0,1512.0
60,47,734.0,1512.0
60,48,734.0,1512.0
60,49,734.0,1512.0
60,50,734.0,1512.0
60,51,734.0,1512.0
60,52,734.0,1512.0
60,53,734.0,1512.0
60,54,734.0,1512.0
60,55,734.0,1512.0
60,56,734.0,1512.0
60,57,734.0,1512.0
60,58,734.0,1512.0
60,59,734.0,1512.0
60,60,734.0,1512.0
60,61,734.0,1512.0
60,62,734.0,1512.0
60,63,734.0,1512.0
60,64,734.0,1512.0
60,65,734.0,1512.0
60,66,734.0,1512.0
60,67,734.0,1512.0
60,68,734.0,1512.0
60,69,734.0,1512.0
60,70,734.0,1512.0
60,71,734.0,1512.0
60,72,734.0,1512.0
60,73,734.0,1512.0
60,74,734.0,1512.0
60,75,734.0,1512.0
60,76,734.0,1512.0
60,77,734.0,1512.0
60,78,734.0,1512.0
60,79,734.0,1512.0
60,80,734.0,1512.0
60,81,734.0,1512.0
60,82,734.0,1512.0
60,83,734.0,1512.0
60,84,734.0,1512.0
60,85,734.0,1512.0
60,86,734.0,1512.0
60,87,734.0,1512.0
60,88,734.0,1512.0
60,89,734.0,1512.0
60,90,734.0,1512.0
60,91,734.0,1512.0
60,92,734.0,1512.0
60,93,734.0,1512.0
60,94,734.0,1512.0
60,95,734.0,1512.0
60,96,734.0,1512.0
60,97,734.0,1512.0
60,98,734.0,1512.0
60,99,734.0,1512.0
60,100,734.0,1512.0
60,101,734.0,1512.0
60,102,734.0,1512.0
60,103,734.0,1512.0
60,104,734.0,1512.0
60,105,734.0,1512.0
60,106,734.0,1512.0
60,107,734.0,1512.0
60,108,734.0,1512.0
60,109,734.0,1512.0
60,110,734.0,1512.0
60,111,734.0,1512.0
60,112,734.0,1512.0
60,113,734.0,1512.0
60,114,734.0,1512.0
60,115,734.0,1512.0
60,116,734.0,1512.0
60,117,734.0,1512.0
60,118,734.0,1512.0
60,119,734.0,1512.0
60,120,734.0,1512.0
60,121,734.0,1512.0
60,122,734.0,1512.0
60,123,734.0,1512.0
60,124,734.0,1512.0
60,125,734.0,1512.0
60,126,734.0,1512.0
60,127,734.0,1512.0
60,128,734.0,1512.0
60,129,734.0,1512.0
60,130,734.0,1512.0
60,131,734.0,1512.0
60,132,734.0,1512.0
60,133,734.0,1512.0
60,134,734.0,1512.0
60,135,734.0,1512.0
60,136,734.0,1512.0
60,137,734.0,1512.0
60,138,734.0,1512.0
60,139,734.0,1512.0
60,140,734.0,1512.0
60,141,734.0,1512.0
60,142,734.0,1512.0
60,143,734.0,1512.0
60,144,734.0,1512.0
60,145,734.0,1512.0
60,146,734.0,1512.0
60,147,734.0,1512.0
60,148,734.0,1512.0
60,149,734.0,1512.0
60,150,734.0,1512.0
60,151,734.0,1512.0
60,152,734.0,1512.0
60,153,734.0,1512.0
60,154,734.0,1512.0
60,155,734.0,1512.0
60,156,734.0,1512.0
60,157,734.0,1512.0
60,158,734.0,1512.0
60,159,734.0,1512.0
60,160,734.0,1512.0
60,161,734.0,1512.0
60,162,734.0,1512.0
60,163,734.0,1512.0
60,164,734.0,1512.0
60,165,734.0,1512.0
60,166,734.0,1512.0
60,167,734.0,1512.0
60,168,734.0,1512.0
60,169,734.0,1512.0
60,170,734.0,1512.0
60,171,734.0,1512.0
60,172,734.0,1512.0
60,173,734.0,1512.0
60,174,734.0,1512.0
60,175,734.0,1512.0
60,176,734.0,1512.0
60,177,734.0,1512.0
60,178,734.0,1512.0
60,179,734.0,1512.0
60,180,734.0,1512.0
60,181,734.0,1512.0
60,182,734.0,1512.0
60,183,734.0,1512.0
60,184,734.0,1512.0
60,185,734.0,1512.0
60,186,734.0,1512.0
60,187,734.0,1512.0
60,188,734.0,1512.0
60,189,734.0,1512.0
60,190,734.0,1512.0
60,191,734.0,1512.0
60,192,734.0,1512.0
60,193,734.0,1512.0
60,194,734.0,1512.0
60,195,734.0,1512.0
60,196,734.0,1512.0
60,197,734.0,1512.0
60,198,734.0,1512.0
60,199,734.0,1512.0
60,200,734.0,1512.0
60,201,734.0,1512.0
60,202,734.0,1512.0
60,203,734.0,1512.0
60,204,734.0,1512.0
60,205,734.0,1512.0
60,206,734.0,1512.0
60,207,734.0,1512.0
60,208,734.0,1512.0
60,209,734.0,1512.0
60,210,734.0,1512.0
60,211,734.0,1512.0
60,212,734.0,1512.0
60,213,734.0,1512.0
60,214,734.0,1512.0
60,215,734.0,1512.0
60,216,734.0,1512.0
60,217,734.0,1512.0
60,218,734.0,1512.0
60,219,734.0,1512.0
60,220,734.0,1512.0
60,221,734.0,1512.0
60,222,734.0,1512.0
60,223,734.0,1512.0
60,224,734.0,1512.0
60,225,734.0,1512.0
60,226,734.0,1512.0
60,227,734.0,1512.0
60,228,734.0,1512.0
60,229,734.0,1512.0
60,230,734.0,1512.0
60,231,734.0,1512.0
60,232,734.0,1512.0
60,233,734.0,1512.0
60,234,734.0,1512.0
60,235,734.0,1512.0
60,236,734.0,1512.0
60,237,734.0,1512.0
60,238,734.0,1512.0
60,239,734.0,1512.0
60,240,734.0,1512.0
60,241,734.0,1512.0
60,242,734.0,1512.0
60,243,734.0,1512.0
60,244,734.0,1512.0
60,245,734.0,1512.0
60,246,734.0,1512.0
60,247,734.0,1512.0
60,248,734.0,1512.0
60,249,734.0,1512.0
60,250,734.0,1512.0
60,251,734.0,1512.0
60,252,734.0,1512.0
60,253,734.0,1512.0
60,254,734.0,1512.0
60,255,734.0,1512.0
60,256,734.0,1512.0
60,257,734.0,1512.0
60,258,734.0,1512.0
60,259,734.0,1512.0
60,260,734.0,1512.0
60,261,734.0,1512.0
60,262,734.0,1512.0
60,263,734.0,1512.0
60,264,734.0,1512.0
60,265,734.0,1512.0
60,266,734.0,1512.0
60,267,734.0,1512.0
60,268,734.0,1512.0
60,269,734.0,1512.0
60,270,734.0,1512.0
60,271,734.0,1512.0
60,272,734.0,1512.0
60,273,734.0,1512.0
60,274,734.0,1512.0
60,275,734.0,1512.0
60,276,734.0,1512.0
60,277,734.0,1512.0
60,278,734.0,1512.0
60,279,734.0,1512.0
60,280,734.0,1512.0
60,281,734.0,1512.0
60,282,734.0,1512.0
60,283,734.0,1512.0
60,284,734.0,1512.0
60,285,734.0,1512.0
60,286,734.0,1512.0
60,287,734.0,1512.0
60,288,734.0,1512.0
60,289,734.0,1512.0
60,290,734.0,1512.0
60,291,734.0,1512.0
60,292,734.0,1512.0
60,293,734.0,1512.0
60,294,734.0,1512.0
60,295,734.0,1512.0
60,296,734.0,1512.0
60,297,734.0,1512.0
60,298,734.0,1512.0
60,299,734.0,1512.0
60,300,734.0,1512.0
60,301,734.0,1512.0
60,302,734.0,1512.0
60,303,734.0,1512.0
60,304,734.0,1512.0
60,305,734.0,1512.0
60,306,734.0,1512.0
60,307,734.0,1512.0
60,308,734.0,1512.0
60,309,734.0,1512.0
60,310,734.0,1512.0
60,311,734.0,1512.0
60,312,734.0,1512.0
60,313,734.0,1512.0
60,314,734.0,1512.0
60,315,734.0,1512.0
60,316,734.0,1512.0
60,317,734.0,1512.0
60,318,734.0,1512.0
60,319,734.0,1512.0
60,320,734.0,1512.0
60,321,734.0,1512.0
60,322,734.0,1512.0
60,323,734.0,1512.0
60,324,734.0,1512.0
60,325,734.0,1512.0
60,326,734.0,1512.0
60,327,734.0,1512.0
60,328,734.0,1512.0
60,329,734.0,1512.0
60,330,734.0,1512.0
60,331,734.0,1512.0
60,332,734.0,1512.0
60,333,734.0,1512.0
60,334,734.0,1512.0
60,335,734.0,1512.0
60,336,734.0,1512.0
60,337,734.0,1512.0
60,338,734.0,1512.0
60,339,734.0,1512.0
60,340,734.0,1512.0
60,341,734.0,1512.0
60,342,734.0,1512.0
60,343,734.0,1512.0
60,344,734.0,1512.0
60,345,734.0,1512.0
60,346,734.0,1512.0
60,347,734.0,1512.0
60,348,734.0,1512.0
60,349,734.0,1512.0
60,350,734.0,1512.0
60,351,734.0,1512.0
60,352,734.0,1512.0
60,353,734.0,1512.0
60,354,734.0,1512.0
60,355,734.0,1512.0
60,356,734.0,1512.0
60,357,734.0,1512.0
60,358,734.0,1512.0
60,359,734.0,1512.0
61,0,2828.0,2305.0
61,1,2828.0,2305.0
61,2,2828.0,2305.0
61,3,2828.0,2305.0
61,4,2828.0,2305.0
61,5,2828.0,2305.0
61,6,2828.0,2305.0
61,7,2828.0,2305.0
61,8,2828.0,2305.0
61,9,2828.0,2305.0
61,10,2828.0,2305.0
61,11,2828.0,2305.0
61,12,2828.0,2305.0
61,13,2828.0,2305.0
61,14,2828.0,2305.0
61,15,2828.0,2305.0
61,16,2828.0,2305.0
61,17,2828.0,2305.0
61,18,2828.0,2305.0
61,19,2828.0,2305.0
61,20,2828.0,2305.0
61,21,2828.0,2305.0
61,22,2828.0,2305.0
61,23,2828.0,2305.0
61,24,2828.0,2305.0
61,25,2828.0,2305.0
61,26,2828.0,2305.0
61,27,2828.0,2305.0
61,28,2828.0,2305.0
61,29,2828.0,2305.0
61,30,2828.0,2305.0
61,31,2828.0,2305.0
61,32,2828.0,2305.0
61,33,2828.0,2305.0
61,34,2828.0,2305.0
61,35,2828.0,2305.0
61,36,2828.0,2305.0
61,37,2828.0,2305.0
61,38,2828.0,2305.0
61,39,2828.0,2305.0
61,40,2828.0,2305.0
61,41,2828.0,2305.0
61,42,2828.0,2305.0
61,43,2828.0,2305.0
61,44,2828.0,2305.0
61,45,2828.0,2305.0
61,46,2828.0,2305.0
61,47,2828.0,2305.0
61,48,2828.0,2305.0
61,49,2828.0,2305.0
61,50,2828.0,2305.0
61,51,2828.0,2305.0
61,52,2828.0,2305.0
61,53,2828.0,2305.0
61,54,2828.0,2305.0
61,55,2828.0,2305.0
61,56,2828.0,2305.0
61,57,2828.0,2305.0
61,58,2828.0,2305.0
61,59,2828.0,2305.0
61,60,2828.0,2305.0
61,61,2828.0,2305.0
61,62,2828.0,2305.0
61,63,2828.0,2305.0
61,64,2828.0,2305.0
61,65,2828.0,2305.0
61,66,2828.0,2305.0
61,67,2828.0,2305.0
61,68,2828.0,2305.0
61,69,2828.0,2305.0
61,70,2828.0,2305.0
61,71,2828.0,2305.0
61,72,2828.0,2305.0
61,73,2828.0,2305.0
61,74,2828.0,2305.0
61,75,2828.0,2305.0
61,76,2828.0,2305.0
61,77,2828.0,2305.0
61,78,2828.0,2305.0
61,79,2828.0,2305.0
61,80,2828.0,2305.0
61,81,2828.0,2305.0
61,82,2828.0,2305.0
61,83,2828.0,2305.0
61,84,2828.0,2305.0
61,85,2828.0,2305.0
61,86,2828.0,2305.0
61,87,2828.0,2305.0
61,88,2828.0,2305.0
61,89,2828.0,2305.0
61,90,2828.0,2305.0
61,91,2828.0,2305.0
61,92,2828.0,2305.0
61,93,2828.0,2305.0
61,94,2828.0,2305.0
61,95,2828.0,2305.0
61,96,2828.0,2305.0
61,97,2828.0,2305.0
61,98,2828.0,2305.0
61,99,2828.0,2305.0
61,100,2828.0,2305.0
61,101,2828.0,2305.0
61,102,2828.0,2305.0
61,103,2828.0,2305.0
61,104,2828.0,2305.0
61,105,2828.0,2305.0
61,106,2828.0,2305.0
61,107,2828.0,2305.0
61,108,2828.0,2305.0
61,109,2828.0,2305.0
61,110,2828.0,2305.0
61,111,2828.0,2305.0
61,112,2828.0,2305.0
61,113,2828.0,2305.0
61,114,2828.0,2305.0
61,115,2828.0,2305.0
61,116,2828.0,2305.0
61,117,2828.0,2305.0
61,118,2828.0,2305.0
61,119,2828.0,2305.0
61,120,2828.0,2305.0
61,121,2828.0,2305.0
61,122,2828.0,2305.0
61,123,2828.0,2305.0
61,124,2828.0,2305.0
61,125,2828.0,2305.0
61,126,2828.0,2305.0
61,127,2828.0,2305.0
61,128,2828.0,2305.0
61,129,2828.0,2305.0
61,130,2828.0,2305.0
61,131,2828.0,2305.0
61,132,2828.0,2305.0
61,133,2828.0,2305.0
61,134,2828.0,2305.0
61,135,2828.0,2305.0
61,136,2828.0,2305.0
61,137,2828.0,2305.0
61,138,2828.0,2305.0
61,139,2828.0,2305.0
61,140,2828.0,2305.0
61,141,2828.0,2305.0
61,142,2828.0,2305.0
61,143,2828.0,2305.0
61,144,2828.0,2305.0
61,145,2828.0,2305.0
61,146,2828.0,2305.0
61,147,2828.0,2305.0
61,148,2828.0,2305.0
61,149,2828.0,2305.0
61,150,2828.0,2305.0
61,151,2828.0,2305.0
61,152,2828.0,2305.0
61,153,2828.0,2305.0
61,154,2828.0,2305.0
61,155,2828.0,2305.0
61,156,2828.0,2305.0
61,157,2828.0,2305.0
61,158,2828.0,2305.0
61,159,2828.0,2305.0
61,160,2828.0,2305.0
61,161,2828.0,2305.0
61,162,2828.0,2305.0
61,163,2828.0,2305.0
61,164,2828.0,2305.0
61,165,2828.0,2305.0
61,166,2828.0,2305.0
61,167,2828.0,2305.0
61,168,2828.0,2305.0
61,169,2828.0,2305.0
61,170,2828.0,2305.0
61,171,2828.0,2305.0
61,172,2828.0,2305.0
61,173,2828.0,2305.0
61,174,2828.0,2305.0
61,175,2828.0,2305.0
61,176,2828.0,2305.0
61,177,2828.0,2305.0
61,178,2828.0,2305.0
61,179,2828.0,2305.0
61,180,2828.0,2305.0
61,181,2828.0,2305.0
61,182,2828.0,2305.0
61,183,2828.0,2305.0
61,184,2828.0,2305.0
61,185,2828.0,2305.0
61,186,2828.0,2305.0
61,187,2828.0,2305.0
61,188,2828.0,2305.0
61,189,2828.0,2305.0
61,190,2828.0,2305.0
61,191,2828.0,2305.0
61,192,2828.0,2305.0
61,193,2828.0,2305.0
61,194,2828.0,2305.0
61,195,2828.0,2305.0
61,196,2828.0,2305.0
61,197,2828.0,2305.0
61,198,2828.0,2305.0
61,199,2828.0,2305.0
61,200,2828.0,2305.0
61,201,2828.0,2305.0
61,202,2828.0,2305.0
61,203,2828.0,2305.0
61,204,2828.0,2305.0
61,205,2828.0,2305.0
61,206,2828.0,2305.0
61,207,2828.0,2305.0
61,208,2828.0,2305.0
61,209,2828.0,2305.0
61,210,2828.0,2305.0
61,211,2828.0,2305.0
61,212,2828.0,2305.0
61,213,2828.0,2305.0
61,214,2828.0,2305.0
61,215,2828.0,2305.0
61,216,2828.0,2305.0
61,217,2828.0,2305.0
61,218,2828.0,2305.0
61,219,2828.0,2305.0
61,220,2828.0,2305.0
61,221,2828.0,2305.0
61,222,2828.0,2305.0
61,223,2828.0,2305.0
61,224,2828.0,2305.0
61,225,2828.0,2305.0
61,226,2828.0,2305.0
61,227,2828.0,2305.0
61,228,2828.0,2305.0
61,229,2828.0,2305.0
61,230,2828.0,2305.0
61,231,2828.0,2305.0
61,232,2828.0,2305.0
61,233,2828.0,2305.0
61,234,2828.0,2305.0
61,235,2828.0,2305.0
61,236,2828.0,2305.0
61,237,2828.0,2305.0
61,238,2828.0,2305.0
61,239,2828.0,2305.0
61,240,2828.0,2305.0
61,241,2828.0,2305.0
61,242,2828.0,2305.0
61,243,2828.0,2305.0
61,244,2828.0,2305.0
61,245,2828.0,2305.0
61,246,2828.0,2305.0
61,247,2828.0,2305.0
61,248,2828.0,2305.0
61,249,2828.0,2305.0
61,250,2828.0,2305.0
61,251,2828.0,2305.0
61,252,2828.0,2305.0
61,253,2828.0,2305.0
61,254,2828.0,2305.0
61,255,2828.0,2305.0
61,256,2828.0,2305.0
61,257,2828.0,2305.0
61,258,2828.0,2305.0
61,259,2828.0,2305.0
61,260,2828.0,2305.0
61,261,2828.0,2305.0
61,262,2828.0,2305.0
61,263,2828.0,2305.0
61,264,2828.0,2305.0
61,265,2828.0,2305.0
61,266,2828.0,2305.0
61,267,2828.0,2305.0
61,268,2828.0,2305.0
61,269,2828.0,2305.0
61,270,2828.0,2305.0
61,271,2828.0,2305.0
61,272,2828.0,2305.0
61,273,2828.0,2305.0
61,274,2828.0,2305.0
61,275,2828.0,2305.0
61,276,2828.0,2305.0
61,277,2828.0,2305.0
61,278,2828.0,2305.0
61,279,2828.0,2305.0
61,280,2828.0,2305.0
61,281,2828.0,2305.0
61,282,2828.0,2305.0
61,283,2828.0,2305.0
61,284,2828.0,2305.0
61,285,2828.0,2305.0
61,286,2828.0,2305.0
61,287,2828.0,2305.0
61,288,2828.0,2305.0
61,289,2828.0,2305.0
61,290,2828.0,2305.0
61,291,2828.0,2305.0
61,292,2828.0,2305.0
61,293,2828.0,2305.0
61,294,2828.0,2305.0
61,295,2828.0,2305.0
61,296,2828.0,2305.0
61,297,2828.0,2305.0
61,298,2828.0,2305.0
61,299,2828.0,2305.0
61,300,2828.0,2305.0
61,301,2828.0,2305.0
61,302,2828.0,2305.0
61,303,2828.0,2305.0
61,304,2828.0,2305.0
61,305,2828.0,2305.0
61,306,2828.0,2305.0
61,307,2828.0,2305.0
61,308,2828.0,2305.0
61,309,2828.0,2305.0
61,310,2828.0,2305.0
61,311,2828.0,2305.0
61,312,2828.0,2305.0
61,313,2828.0,2305.0
61,314,2828.0,2305.0
61,315,2828.0,2305.0
61,316,2828.0,2305.0
61,317,2828.0,2305.0
61,318,2828.0,2305.0
61,319,2828.0,2305.0
61,320,2828.0,2305.0
61,321,2828.0,2305.0
61,322,2828.0,2305.0
61,323,2828.0,2305.0
61,324,2828.0,2305.0
61,325,2828.0,2305.0
61,326,2828.0,2305.0
61,327,2828.0,2305.0
61,328,2828.0,2305.0
61,329,2828.0,2305.0
61,330,2828.0,2305.0
61,331,2828.0,2305.0
61,332,2828.0,2305.0
61,333,2828.0,2305.0
61,334,2828.0,2305.0
61,335,2828.0,2305.0
61,336,2828.0,2305.0
61,337,2828.0,2305.0
61,338,2828.0,2305.0
61,339,2828.0,2305.0
61,340,2828.0,2305.0
61,341,2828.0,2305.0
61,342,2828.0,2305.0
61,343,2828.0,2305.0
61,344,2828.0,2305.0
61,345,2828.0,2305.0
61,346,2828.0,2305.0
61,347,2828.0,2305.0
61,348,2828.0,2305.0
61,349,2828.0,2305.0
61,350,2828.0,2305.0
61,351,2828.0,2305.0
61,352,2828.0,2305.0
61,353,2828.0,2305.0
61,354,2828.0,2305.0
61,355,2828.0,2305.0
61,356,2828.0,2305.0
61,357,2828.0,2305.0
61,358,2828.0,2305.0
61,359,2828.0,2305.0
62,0,945.0,2190.0
62,1,945.0,2190.0
62,2,945.0,2190.0
62,3,945.0,2190.0
62,4,945.0,2190.0
62,5,945.0,2190.0
62,6,945.0,2190.0
62,7,945.0,2190.0
62,8,945.0,2190.0
62,9,945.0,2190.0
62,10,945.0,2190.0
62,11,945.0,2190.0
62,12,945.0,2190.0
62,13,945.0,2190.0
62,14,945.0,2190.0
62,15,945.0,2190.0
62,16,945.0,2190.0
62,17,945.0,2190.0
62,18,945.0,2190.0
62,19,945.0,2190.0
62,20,945.0,2190.0
62,21,945.0,2190.0
62,22,945.0,2190.0
62,23,945.0,2190.0
62,24,945.0,2190.0
62,25,945.0,2190.0
62,26,945.0,2190.0
62,27,945.0,2190.0
62,28,945.0,2190.0
62,29,945.0,2190.0
62,30,945.0,2190.0
62,31,945.0,2190.0
62,32,945.0,2190.0
62,33,945.0,2190.0
62,34,945.0,2190.0
62,35,945.0,2190.0
62,36,945.0,2190.0
62,37,945.0,2190.0
62,38,945.0,2190.0
62,39,945.0,2190.0
62,40,945.0,2190.0
62,41,945.0,2190.0
62,42,945.0,2190.0
62,43,945.0,2190.0
62,44,945.0,2190.0
62,45,945.0,2190.0
62,46,945.0,2190.0
62,47,945.0,2190.0
62,48,945.0,2190.0
62,49,945.0,2190.0
62,50,945.0,2190.0
62,51,945.0,2190.0
62,52,945.0,2190.0
62,53,945.0,2190.0
62,54,945.0,2190.0
62,55,945.0,2190.0
62,56,945.0,2190.0
62,57,945.0,2190.0
62,58,945.0,2190.0
62,59,945.0,2190.0
62,60,945.0,2190.0
62,61,945.0,2190.0
62,62,945.0,2190.0
62,63,945.0,2190.0
62,64,945.0,2190.0
62,65,945.0,2190.0
62,66,945.0,2190.0
62,67,945.0,2190.0
62,68,945.0,2190.0
62,69,945.0,2190.0
62,70,945.0,2190.0
62,71,945.0,2190.0
62,72,945.0,2190.0
62,73,945.0,2190.0
62,74,945.0,2190.0
62,75,945.0,2190.0
62,76,945.0,2190.0
62,77,945.0,2190.0
62,78,945.0,2190.0
62,79,945.0,2190.0
62,80,945.0,2190.0
62,81,945.0,2190.0
62,82,945.0,2190.0
62,83,945.0,2190.0
62,84,945.0,2190.0
62,85,945.0,2190.0
62,86,945.0,2190.0
62,87,945.0,2190.0
62,88,945.0,2190.0
62,89,945.0,2190.0
62,90,945.0,2190.0
62,91,945.0,2190.0
62,92,945.0,2190.0
62,93,945.0,2190.0
62,94,945.0,2190.0
62,95,945.0,2190.0
62,96,945.0,2190.0
62,97,945.0,2190.0
62,98,945.0,2190.0
62,99,945.0,2190.0
62,100,945.0,2190.0
62,101,945.0,2190.0
62,102,945.0,2190.0
62,103,945.0,2190.0
62,104,945.0,2190.0
62,105,945.0,2190.0
62,106,945.0,2190.0
62,107,945.0,2190.0
62,108,945.0,2190.0
62,109,945.0,2190.0
62,110,945.0,2190.0
62,111,945.0,2190.0
62,112,945.0,2190.0
62,113,945.0,2190.0
62,114,945.0,2190.0
62,115,945.0,2190.0
62,116,945.0,2190.0
62,117,945.0,2190.0
62,118,945.0,2190.0
62,119,945.0,2190.0
62,120,945.0,2190.0
62,121,945.0,2190.0
62,122,945.0,2190.0
62,123,945.0,2190.0
62,124,945.0,2190.0
62,125,945.0,2190.0
62,126,945.0,2190.0
62,127,945.0,2190.0
62,128,945.0,2190.0
62,129,945.0,2190.0
62,130,945.0,2190.0
62,131,945.0,2190.0
62,132,945.0,2190.0
62,133,945.0,2190.0
62,134,945.0,2190.0
62,135,945.0,2190.0
62,136,945.0,2190.0
62,137,945.0,2190.0
62,138,945.0,2190.0
62,139,945.0,2190.0
62,140,945.0,2190.0
62,141,945.0,2190.0
62,142,945.0,2190.0
62,143,945.0,2190.0
62,144,945.0,2190.0
62,145,945.0,2190.0
62,146,945.0,2190.0
62,147,945.0,2190.0
62,148,945.0,2190.0
62,149,945.0,2190.0
62,150,945.0,2190.0
62,151,945.0,2190.0
62,152,945.0,2190.0
62,153,945.0,2190.0
62,154,945.0,2190.0
62,155,945.0,2190.0
62,156,945.0,2190.0
62,157,945.0,2190.0
62,158,945.0,2190.0
62,159,945.0,2190.0
62,160,945.0,2190.0
62,161,945.0,2190.0
62,162,945.0,2190.0
62,163,945.0,2190.0
62,164,945.0,2190.0
62,165,945.0,2190.0
62,166,945.0,2190.0
62,167,945.0,2190.0
62,168,945.0,2190.0
62,169,945.0,2190.0
62,170,945.0,2190.0
62,171,945.0,2190.0
62,172,945.0,2190.0
62,173,945.0,2190.0
62,174,945.0,2190.0
62,175,945.0,2190.0
62,176,945.0,2190.0
62,177,945.0,2190.0
62,178,945.0,2190.0
62,179,945.0,2190.0
62,180,945.0,2190.0
62,181,945.0,2190.0
62,182,945.0,2190.0
62,183,945.0,2190.0
62,184,945.0,2190.0
62,185,945.0,2190.0
62,186,945.0,2190.0
62,187,945.0,2190.0
62,188,945.0,2190.0
62,189,945.0,2190.0
62,190,945.0,2190.0
62,191,945.0,2190.0
62,192,945.0,2190.0
62,193,945.0,2190.0
62,194,945.0,2190.0
62,195,945.0,2190.0
62,196,945.0,2190.0
62,197,945.0,2190.0
62,198,945.0,2190.0
62,199,945.0,2190.0
62,200,945.0,2190.0
62,201,945.0,2190.0
62,202,945.0,2190.0
62,203,945.0,2190.0
62,204,945.0,2190.0
62,205,945.0,2190.0
62,206,945.0,2190.0
62,207,945.0,2190.0
62,208,945.0,2190.0
62,209,945.0,2190.0
62,210,945.0,2190.0
62,211,945.0,2190.0
62,212,945.0,2190.0
62,213,945.0,2190.0
62,214,945.0,2190.0
62,215,945.0,2190.0
62,216,945.0,2190.0
62,217,945.0,2190.0
62,218,945.0,2190.0
62,219,945.0,2190.0
62,220,945.0,2190.0
62,221,945.0,2190.0
62,222,945.0,2190.0
62,223,945.0,2190.0
62,224,945.0,2190.0
62,225,945.0,2190.0
62,226,945.0,2190.0
62,227,945.0,2190.0
62,228,945.0,2190.0
62,229,945.0,2190.0
62,230,945.0,2190.0
62,231,945.0,2190.0
62,232,945.0,2190.0
62,233,945.0,2190.0
62,234,945.0,2190.0
62,235,945.0,2190.0
62,236,945.0,2190.0
62,237,945.0,2190.0
62,238,945.0,2190.0
62,239,945.0,2190.0
62,240,945.0,2190.0
62,241,945.0,2190.0
62,242,945.0,2190.0
62,243,945.0,2190.0
62,244,945.0,2190.0
62,245,945.0,2190.0
62,246,945.0,2190.0
62,247,945.0,2190.0
62,248,945.0,2190.0
62,249,945.0,2190.0
62,250,945.0,2190.0
62,251,945.0,2190.0
62,252,945.0,2190.0
62,253,945.0,2190.0
62,254,945.0,2190.0
62,255,945.0,2190.0
62,256,945.0,2190.0
62,257,945.0,2190.0
62,258,945.0,2190.0
62,259,945.0,2190.0
62,260,945.0,2190.0
62,261,945.0,2190.0
62,262,945.0,2190.0
62,263,945.0,2190.0
62,264,945.0,2190.0
62,265,945.0,2190.0
62,266,945.0,2190.0
62,267,945.0,2190.0
62,268,945.0,2190.0
62,269,945.0,2190.0
62,270,945.0,2190.0
62,271,945.0,2190.0
62,272,945.0,2190.0
62,273,945.0,2190.0
62,274,945.0,2190.0
62,275,945.0,2190.0
62,276,945.0,2190.0
62,277,945.0,2190.0
62,278,945.0,2190.0
62,279,945.0,2190.0
62,280,945.0,2190.0
62,281,945.0,2190.0
62,282,945.0,2190.0
62,283,945.0,2190.0
62,284,945.0,2190.0
62,285,945.0,2190.0
62,286,945.0,2190.0
62,287,945.0,2190.0
62,288,945.0,2190.0
62,289,945.0,2190.0
62,290,945.0,2190.0
62,291,945.0,2190.0
62,292,945.0,2190.0
62,293,945.0,2190.0
62,294,945.0,2190.0
62,295,945.0,2190.0
62,296,945.0,2190.0
62,297,945.0,2190.0
62,298,945.0,2190.0
62,299,945.0,2190.0
62,300,945.0,2190.0
62,301,945.0,2190.0
62,302,945.0,2190.0
62,303,945.0,2190.0
62,304,945.0,2190.0
62,305,945.0,2190.0
62,306,945.0,2190.0
62,307,945.0,2190.0
62,308,945.0,2190.0
62,309,945.0,2190.0
62,310,945.0,2190.0
62,311,945.0,2190.0
62,312,945.0,2190.0
62,313,945.0,2190.0
62,314,945.0,2190.0
62,315,945.0,2190.0
62,316,945.0,2190.0
62,317,945.0,2190.0
62,318,945.0,2190.0
62,319,945.0,2190.0
62,320,945.0,2190.0
62,321,945.0,2190.0
62,322,945.0,2190.0
62,323,945.0,2190.0
62,324,945.0,2190.0
62,325,945.0,2190.0
62,326,945.0,2190.0
62,327,945.0,2190.0
62,328,945.0,2190.0
62,329,945.0,2190.0
62,330,945.0,2190.0
62,331,945.0,2190.0
62,332,945.0,2190.0
62,333,945.0,2190.0
62,334,945.0,2190.0
62,335,945.0,2190.0
62,336,945.0,2190.0
62,337,945.0,2190.0
62,338,945.0,2190.0
62,339,945.0,2190.0
62,340,945.0,2190.0
62,341,945.0,2190.0
62,342,945.0,2190.0
62,343,945.0,2190.0
62,344,945.0,2190.0
62,345,945.0,2190.0
62,346,945.0,2190.0
62,347,945.0,2190.0
62,348,945.0,2190.0
62,349,945.0,2190.0
62,350,945.0,2190.0
62,351,945.0,2190.0
62,352,945.0,2190.0
62,353,945.0,2190.0
62,354,945.0,2190.0
62,355,945.0,2190.0
62,356,945.0,2190.0
62,357,945.0,2190.0
62,358,945.0,2190.0
62,359,945.0,2190.0
63,0,1049.0,1322.0
63,1,1049.0,1322.0
63,2,1049.0,1322.0
63,3,1049.0,1322.0
63,4,1049.0,1322.0
63,5,1049.0,1322.0
63,6,1049.0,1322.0
63,7,1049.0,1322.0
63,8,1049.0,1322.0
63,9,1049.0,1322.0
63,10,1049.0,1322.0
63,11,1049.0,1322.0
63,12,1049.0,1322.0
63,13,1049.0,1322.0
63,14,1049.0,1322.0
63,15,1049.0,1322.0
63,16,1049.0,1322.0
63,17,1049.0,1322.0
63,18,1049.0,1322.0
63,19,1049.0,1322.0
63,20,1049.0,1322.0
63,21,1049.0,1322.0
63,22,1049.0,1322.0
63,23,1049.0,1322.0
63,24,1049.0,1322.0
63,25,1049.0,1322.0
63,26,1049.0,1322.0
63,27,1049.0,1322.0
63,28,1049.0,1322.0
63,29,1049.0,1322.0
63,30,1049.0,1322.0
63,31,1049.0,1322.0
63,32,1049.0,1322.0
63,33,1049.0,1322.0
63,34,1049.0,1322.0
63,35,1049.0,1322.0
63,36,1049.0,1322.0
63,37,1049.0,1322.0
63,38,1049.0,1322.0
63,39,1049.0,1322.0
63,40,1049.0,1322.0
63,41,1049.0,1322.0
63,42,1049.0,1322.0
63,43,1049.0,1322.0
63,44,1049.0,1322.0
63,45,1049.0,1322.0
63,46,1049.0,1322.0
63,47,1049.0,1322.0
63,48,1049.0,1322.0
63,49,1049.0,1322.0
63,50,1049.0,1322.0
63,51,1049.0,1322.0
63,52,1049.0,1322.0
63,53,1049.0,1322.0
63,54,1049.0,1322.0
63,55,1049.0,1322.0
63,56,1049.0,1322.0
63,57,1049.0,1322.0
63,58,1049.0,1322.0
63,59,1049.0,1322.0
63,60,1049.0,1322.0
63,61,1049.0,1322.0
63,62,1049.0,1322.0
63,63,1049.0,1322.0
63,64,1049.0,1322.0
63,65,1049.0,1322.0
63,66,1049.0,1322.0
63,67,1049.0,1322.0
63,68,1049.0,1322.0
63,69,1049.0,1322.0
63,70,1049.0,1322.0
63,71,1049.0,1322.0
63,72,1049.0,1322.0
63,73,1049.0,1322.0
63,74,1049.0,1322.0
63,75,1049.0,1322.0
63,76,1049.0,1322.0
63,77,1049.0,1322.0
63,78,1049.0,1322.0
63,79,1049.0,1322.0
63,80,1049.0,1322.0
63,81,1049.0,1322.0
63,82,1049.0,1322.0
63,83,1049.0,1322.0
63,84,1049.0,1322.0
63,85,1049.0,1322.0
63,86,1049.0,1322.0
63,87,1049.0,1322.0
63,88,1049.0,1322.0
63,89,1049.0,1322.0
63,90,1049.0,1322.0
63,91,1049.0,1322.0
63,92,1049.0,1322.0
63,93,1049.0,1322.0
63,94,1049.0,1322.0
63,95,1049.0,1322.0
63,96,1049.0,1322.0
63,97,1049.0,1322.0
63,98,1049.0,1322.0
63,99,1049.0,1322.0
63,100,1049.0,1322.0
63,101,1049.0,1322.0
63,102,1049.0,1322.0
63,103,1049.0,1322.0
63,104,1049.0,1322.0
63,105,1049.0,1322.0
63,106,1049.0,1322.0
63,107,1049.0,1322.0
63,108,1049.0,1322.0
63,109,1049.0,1322.0
63,110,1049.0,1322.0
63,111,1049.0,1322.0
63,112,1049.0,1322.0
63,113,1049.0,1322.0
63,114,1049.0,1322.0
63,115,1049.0,1322.0
63,116,1049.0,1322.0
63,117,1049.0,1322.0
63,118,1049.0,1322.0
63,119,1049.0,1322.0
63,120,1049.0,1322.0
63,121,1049.0,1322.0
63,122,1049.0,1322.0
63,123,1049.0,1322.0
63,124,1049.0,1322.0
63,125,1049.0,1322.0
63,126,1049.0,1322.0
63,127,1049.0,1322.0
63,128,1049.0,1322.0
63,129,1049.0,1322.0
63,130,1049.0,1322.0
63,131,1049.0,1322.0
63,132,1049.0,1322.0
63,133,1049.0,1322.0
63,134,1049.0,1322.0
63,135,1049.0,1322.0
63,136,1049.0,1322.0
63,137,1049.0,1322.0
63,138,1049.0,1322.0
63,139,1049.0,1322.0
63,140,1049.0,1322.0
63,141,1049.0,1322.0
63,142,1049.0,1322.0
63,143,1049.0,1322.0
63,144,1049.0,1322.0
63,145,1049.0,1322.0
63,146,1049.0,1322.0
63,147,1049.0,1322.0
63,148,1049.0,1322.0
63,149,1049.0,1322.0
63,150,1049.0,1322.0
63,151,1049.0,1322.0
63,152,1049.0,1322.0
63,153,1049.0,1322.0
63,154,1049.0,1322.0
63,155,1049.0,1322.0
63,156,1049.0,1322.0
63,157,1049.0,1322.0
63,158,1049.0,1322.0
63,159,1049.0,1322.0
63,160,1049.0,1322.0
63,161,1049.0,1322.0
63,162,1049.0,1322.0
63,163,1049.0,1322.0
63,164,1049.0,1322.0
63,165,1049.0,1322.0
63,166,1049.0,1322.0
63,167,1049.0,1322.0
63,168,1049.0,1322.0
63,169,1049.0,1322.0
63,170,1049.0,1322.0
63,171,1049.0,1322.0
63,172,1049.0,1322.0
63,173,1049.0,1322.0
63,174,1049.0,1322.0
63,175,1049.0,1322.0
63,176,1049.0,1322.0
63,177,1049.0,1322.0
63,178,1049.0,1322.0
63,179,1049.0,1322.0
63,180,1049.0,1322.0
63,181,1049.0,1322.0
63,182,1049.0,1322.0
63,183,1049.0,1322.0
63,184,1049.0,1322.0
63,185,1049.0,1322.0
63,186,1049.0,1322.0
63,187,1049.0,1322.0
63,188,1049.0,1322.0
63,189,1049.0,1322.0
63,190,1049.0,1322.0
63,191,1049.0,1322.0
63,192,1049.0,1322.0
63,193,1049.0,1322.0
63,194,1049.0,1322.0
63,195,1049.0,1322.0
63,196,1049.0,1322.0
63,197,1049.0,1322.0
63,198,1049.0,1322.0
63,199,1049.0,1322.0
63,200,1049.0,1322.0
63,201,1049.0,1322.0
63,202,1049.0,1322.0
63,203,1049.0,1322.0
63,204,1049.0,1322.0
63,205,1049.0,1322.0
63,206,1049.0,1322.0
63,207,1049.0,1322.0
63,208,1049.0,1322.0
63,209,1049.0,1322.0
63,210,1049.0,1322.0
63,211,1049.0,1322.0
63,212,1049.0,1322.0
63,213,1049.0,1322.0
63,214,1049.0,1322.0
63,215,1049.0,1322.0
63,216,1049.0,1322.0
63,217,1049.0,1322.0
63,218,1049.0,1322.0
63,219,1049.0,1322.0
63,220,1049.0,1322.0
63,221,1049.0,1322.0
63,222,1049.0,1322.0
63,223,1049.0,1322.0
63,224,1049.0,1322.0
63,225,1049.0,1322.0
63,226,1049.0,1322.0
63,227,1049.0,1322.0
63,228,1049.0,1322.0
63,229,1049.0,1322.0
63,230,1049.0,1322.0
63,231,1049.0,1322.0
63,232,1049.0,1322.0
63,233,1049.0,1322.0
63,234,1049.0,1322.0
63,235,1049.0,1322.0
63,236,1049.0,1322.0
63,237,1049.0,1322.0
63,238,1049.0,1322.0
63,239,1049.0,1322.0
63,240,1049.0,1322.0
63,241,1049.0,1322.0
63,242,1049.0,1322.0
63,243,1049.0,1322.0
63,244,1049.0,1322.0
63,245,1049.0,1322.0
63,246,1049.0,1322.0
63,247,1049.0,1322.0
63,248,1049.0,1322.0
63,249,1049.0,1322.0
63,250,1049.0,1322.0
63,251,1049.0,1322.0
63,252,1049.0,1322.0
63,253,1049.0,1322.0
63,254,1049.0,1322.0
63,255,1049.0,1322.0
63,256,1049.0,1322.0
63,257,1049.0,1322.0
63,258,1049.0,1322.0
63,259,1049.0,1322.0
63,260,1049.0,1322.0
63,261,1049.0,1322.0
63,262,1049.0,1322.0
63,263,1049.0,1322.0
63,264,1049.0,1322.0
63,265,1049.0,1322.0
63,266,1049.0,1322.0
63,267,1049.0,1322.0
63,268,1049.0,1322.0
63,269,1049.0,1322.0
63,270,1049.0,1322.0
63,271,1049.0,1322.0
63,272,1049.0,1322.0
63,273,1049.0,1322.0
63,274,1049.0,1322.0
63,275,1049.0,1322.0
63,276,1049.0,1322.0
63,277,1049.0,1322.0
63,278,1049.0,1322.0
63,279,1049.0,1322.0
63,280,1049.0,1322.0
63,281,1049.0,1322.0
63,282,1049.0,1322.0
63,283,1049.0,1322.0
63,284,1049.0,1322.0
63,285,1049.0,1322.0
63,286,1049.0,1322.0
63,287,1049.0,1322.0
63,288,1049.0,1322.0
63,289,1049.0,1322.0
63,290,1049.0,1322.0
63,291,1049.0,1322.0
63,292,1049.0,1322.0
63,293,1049.0,1322.0
63,294,1049.0,1322.0
63,295,1049.0,1322.0
63,296,1049.0,1322.0
63,297,1049.0,1322.0
63,298,1049.0,1322.0
63,299,1049.0,1322.0
63,300,1049.0,1322.0
63,301,1049.0,1322.0
63,302,1049.0,1322.0
63,303,1049.0,1322.0
63,304,1049.0,1322.0
63,305,1049.0,1322.0
63,306,1049.0,1322.0
63,307,1049.0,1322.0
63,308,1049.0,1322.0
63,309,1049.0,1322.0
63,310,1049.0,1322.0
63,311,1049.0,1322.0
63,312,1049.0,1322.0
63,313,1049.0,1322.0
63,314,1049.0,1322.0
63,315,1049.0,1322.0
63,316,1049.0,1322.0
63,317,1049.0,1322.0
63,318,1049.0,1322.0
63,319,1049.0,1322.0
63,320,1049.0,1322.0
63,321,1049.0,1322.0
63,322,1049.0,1322.0
63,323,1049.0,1322.0
63,324,1049.0,1322.0
63,325,1049.0,1322.0
63,326,1049.0,1322.0
63,327,1049.0,1322.0
63,328,1049.0,1322.0
63,329,1049.0,1322.0
63,330,1049.0,1322.0
63,331,1049.0,1322.0
63,332,1049.0,1322.0
63,333,1049.0,1322.0
63,334,1049.0,1322.0
63,335,1049.0,1322.0
63,336,1049.0,1322.0
63,337,1049.0,1322.0
63,338,1049.0,1322.0
63,339,1049.0,1322.0
63,340,1049.0,1322.0
63,341,1049.0,1322.0
63,342,1049.0,1322.0
63,343,1049.0,1322.0
63,344,1049.0,1322.0
63,345,1049.0,1322.0
63,346,1049.0,1322.0
63,347,1049.0,1322.0
63,348,1049.0,1322.0
63,349,1049.0,1322.0
63,350,1049.0,1322.0
63,351,1049.0,1322.0
63,352,1049.0,1322.0
63,353,1049.0,1322.0
63,354,1049.0,1322.0
63,355,1049.0,1322.0
63,356,1049.0,1322.0
63,357,1049.0,1322.0
63,358,1049.0,1322.0
63,359,1049.0,1322.0
64,0,923.0,1637.0
64,1,923.0,1637.0
64,2,923.0,1637.0
64,3,923.0,1637.0
64,4,923.0,1637.0
64,5,923.0,1637.0
64,6,923.0,1637.0
64,7,923.0,1637.0
64,8,923.0,1637.0
64,9,923.0,1637.0
64,10,923.0,1637.0
64,11,923.0,1637.0
64,12,923.0,1637.0
64,13,923.0,1637.0
64,14,923.0,1637.0
64,15,923.0,1637.0
64,16,923.0,1637.0
64,17,923.0,1637.0
64,18,923.0,1637.0
64,19,923.0,1637.0
64,20,923.0,1637.0
64,21,923.0,1637.0
64,22,923.0,1637.0
64,23,923.0,1637.0
64,24,923.0,1637.0
64,25,923.0,1637.0
64,26,923.0,1637.0
64,27,923.0,1637.0
64,28,923.0,1637.0
64,29,923.0,1637.0
64,30,923.0,1637.0
64,31,923.0,1637.0
64,32,923.0,1637.0
64,33,923.0,1637.0
64,34,923.0,1637.0
64,35,923.0,1637.0
64,36,923.0,1637.0
64,37,923.0,1637.0
64,38,923.0,1637.0
64,39,923.0,1637.0
64,40,923.0,1637.0
64,41,923.0,1637.0
64,42,923.0,1637.0
64,43,923.0,1637.0
64,44,923.0,1637.0
64,45,923.0,1637.0
64,46,923.0,1637.0
64,47,923.0,1637.0
64,48,923.0,1637.0
64,49,923.0,1637.0
64,50,923.0,1637.0
64,51,923.0,1637.0
64,52,923.0,1637.0
64,53,923.0,1637.0
64,54,923.0,1637.0
64,55,923.0,1637.0
64,56,923.0,1637.0
64,57,923.0,1637.0
64,58,923.0,1637.0
64,59,923.0,1637.0
64,60,923.0,1637.0
64,61,923.0,1637.0
64,62,923.0,1637.0
64,63,923.0,1637.0
64,64,923.0,1637.0
64,65,923.0,1637.0
64,66,923.0,1637.0
64,67,923.0,1637.0
64,68,923.0,1637.0
64,69,923.0,1637.0
64,70,923.0,1637.0
64,71,923.0,1637.0
64,72,923.0,1637.0
64,73,923.0,1637.0
64,74,923.0,1637.0
64,75,923.0,1637.0
64,76,923.0,1637.0
64,77,923.0,1637.0
64,78,923.0,1637.0
64,79,923.0,1637.0
64,80,923.0,1637.0
64,81,923.0,1637.0
64,82,923.0,1637.0
64,83,923.0,1637.0
64,84,923.0,1637.0
64,85,923.0,1637.0
64,86,923.0,1637.0
64,87,923.0,1637.0
64,88,923.0,1637.0
64,89,923.0,1637.0
64,90,923.0,1637.0
64,91,923.0,1637.0
64,92,923.0,1637.0
64,93,923.0,1637.0
64,94,923.0,1637.0
64,95,923.0,1637.0
64,96,923.0,1637.0
64,97,923.0,1637.0
64,98,923.0,1637.0
64,99,923.0,1637.0
64,100,923.0,1637.0
64,101,923.0,1637.0
64,102,923.0,1637.0
64,103,923.0,1637.0
64,104,923.0,1637.0
64,105,923.0,1637.0
64,106,923.0,1637.0
64,107,923.0,1637.0
64,108,923.0,1637.0
64,109,923.0,1637.0
64,110,923.0,1637.0
64,111,923.0,1637.0
64,112,923.0,1637.0
64,113,923.0,1637.0
64,114,923.0,1637.0
64,115,923.0,1637.0
64,116,923.0,1637.0
64,117,923.0,1637.0
64,118,923.0,1637.0
64,119,923.0,1637.0
64,120,923.0,1637.0
64,121,923.0,1637.0
64,122,923.0,1637.0
64,123,923.0,1637.0
64,124,923.0,1637.0
64,125,923.0,1637.0
64,126,923.0,1637.0
64,127,923.0,1637.0
64,128,923.0,1637.0
64,129,923.0,1637.0
64,130,923.0,1637.0
64,131,923.0,1637.0
64,132,923.0,1637.0
64,133,923.0,1637.0
64,134,923.0,1637.0
64,135,923.0,1637.0
64,136,923.0,1637.0
64,137,923.0,1637.0
64,138,923.0,1637.0
64,139,923.0,1637.0
64,140,923.0,1637.0
64,141,923.0,1637.0
64,142,923.0,1637.0
64,143,923.0,1637.0
64,144,923.0,1637.0
64,145,923.0,1637.0
64,146,923.0,1637.0
64,147,923.0,1637.0
64,148,923.0,1637.0
64,149,923.0,1637.0
64,150,923.0,1637.0
64,151,923.0,1637.0
64,152,923.0,1637.0
64,153,923.0,1637.0
64,154,923.0,1637.0
64,155,923.0,1637.0
64,156,923.0,1637.0
64,157,923.0,1637.0
64,158,923.0,1637.0
64,159,923.0,1637.0
64,160,923.0,1637.0
64,161,923.0,1637.0
64,162,923.0,1637.0
64,163,923.0,1637.0
64,164,923.0,1637.0
64,165,923.0,1637.0
64,166,923.0,1637.0
64,167,923.0,1637.0
64,168,923.0,1637.0
64,169,923.0,1637.0
64,170,923.0,1637.0
64,171,923.0,1637.0
64,172,923.0,1637.0
64,173,923.0,1637.0
64,174,923.0,1637.0
64,175,923.0,1637.0
64,176,923.0,1637.0
64,177,923.0,1637.0
64,178,923.0,1637.0
64,179,923.0,1637.0
64,180,923.0,1637.0
64,181,923.0,1637.0
64,182,923.0,1637.0
64,183,923.0,1637.0
64,184,923.0,1637.0
64,185,923.0,1637.0
64,186,923.0,1637.0
64,187,923.0,1637.0
64,188,923.0,1637.0
64,189,923.0,1637.0
64,190,923.0,1637.0
64,191,923.0,1637.0
64,192,923.0,1637.0
64,193,923.0,1637.0
64,194,923.0,1637.0
64,195,923.0,1637.0
64,196,923.0,1637.0
64,197,923.0,1637.0
64,198,923.0,1637.0
64,199,923.0,1637.0
64,200,923.0,1637.0
64,201,923.0,1637.0
64,202,923.0,1637.0
64,203,923.0,1637.0
64,204,923.0,1637.0
64,205,923.0,1637.0
64,206,923.0,1637.0
64,207,923.0,1637.0
64,208,923.0,1637.0
64,209,923.0,1637.0
64,210,923.0,1637.0
64,211,923.0,1637.0
64,212,923.0,1637.0
64,213,923.0,1637.0
64,214,923.0,1637.0
64,215,923.0,1637.0
64,216,923.0,1637.0
64,217,923.0,1637.0
64,218,923.0,1637.0
64,219,923.0,1637.0
64,220,923.0,1637.0
64,221,923.0,1637.0
64,222,923.0,1637.0
64,223,923.0,1637.0
64,224,923.0,1637.0
64,225,923.0,1637.0
64,226,923.0,1637.0
64,227,923.0,1637.0
64,228,923.0,1637.0
64,229,923.0,1637.0
64,230,923.0,1637.0
64,231,923.0,1637.0
64,232,923.0,1637.0
64,233,923.0,1637.0
64,234,923.0,1637.0
64,235,923.0,1637.0
64,236,923.0,1637.0
64,237,923.0,1637.0
64,238,923.0,1637.0
64,239,923.0,1637.0
64,240,923.0,1637.0
64,241,923.0,1637.0
64,242,923.0,1637.0
64,243,923.0,1637.0
64,244,923.0,1637.0
64,245,923.0,1637.0
64,246,923.0,1637.0
64,247,923.0,1637.0
64,248,923.0,1637.0
64,249,923.0,1637.0
64,250,923.0,1637.0
64,251,923.0,1637.0
64,252,923.0,1637.0
64,253,923.0,1637.0
64,254,923.0,1637.0
64,255,923.0,1637.0
64,256,923.0,1637.0
64,257,923.0,1637.0
64,258,923.0,1637.0
64,259,923.0,1637.0
64,260,923.0,1637.0
64,261,923.0,1637.0
64,262,923.0,1637.0
64,263,923.0,1637.0
64,264,923.0,1637.0
64,265,923.0,1637.0
64,266,923.0,1637.0
64,267,923.0,1637.0
64,268,923.0,1637.0
64,269,923.0,1637.0
64,270,923.0,1637.0
64,271,923.0,1637.0
64,272,923.0,1637.0
64,273,923.0,1637.0
64,274,923.0,1637.0
64,275,923.0,1637.0
64,276,923.0,1637.0
64,277,923.0,1637.0
64,278,923.0,1637.0
64,279,923.0,1637.0
64,280,923.0,1637.0
64,281,923.0,1637.0
64,282,923.0,1637.0
64,283,923.0,1637.0
64,284,923.0,1637.0
64,285,923.0,1637.0
64,286,923.0,1637.0
64,287,923.0,1637.0
64,288,923.0,1637.0
64,289,923.0,1637.0
64,290,923.0,1637.0
64,291,923.0,1637.0
64,292,923.0,1637.0
64,293,923.0,1637.0
64,294,923.0,1637.0
64,295,923.0,1637.0
64,296,923.0,1637.0
64,297,923.0,1637.0
64,298,923.0,1637.0
64,299,923.0,1637.0
64,300,923.0,1637.0
64,301,923.0,1637.0
64,302,923.0,1637.0
64,303,923.0,1637.0
64,304,923.0,1637.0
64,305,923.0,1637.0
64,306,923.0,1637.0
64,307,923.0,1637.0
64,308,923.0,1637.0
64,309,923.0,1637.0
64,310,923.0,1637.0
64,311,923.0,1637.0
64,312,923.0,1637.0
64,313,923.0,1637.0
64,314,923.0,1637.0
64,315,923.0,1637.0
64,316,923.0,1637.0
64,317,923.0,1637.0
64,318,923.0,1637.0
64,319,923.0,1637.0
64,320,923.0,1637.0
64,321,923.0,1637.0
64,322,923.0,1637.0
64,323,923.0,1637.0
64,324,923.0,1637.0
64,325,923.0,1637.0
64,326,923.0,1637.0
64,327,923.0,1637.0
64,328,923.0,1637.0
64,329,923.0,1637.0
64,330,923.0,1637.0
64,331,923.0,1637.0
64,332,923.0,1637.0
64,333,923.0,1637.0
64,334,923.0,1637.0
64,335,923.0,1637.0
64,336,923.0,1637.0
64,337,923.0,1637.0
64,338,923.0,1637.0
64,339,923.0,1637.0
64,340,923.0,1637.0
64,341,923.0,1637.0
64,342,923.0,1637.0
64,343,923.0,1637.0
64,344,923.0,1637.0
64,345,923.0,1637.0
64,346,923.0,1637.0
64,347,923.0,1637.0
64,348,923.0,1637.0
64,349,923.0,1637.0
64,350,923.0,1637.0
64,351,923.0,1637.0
64,352,923.0,1637.0
64,353,923.0,1637.0
64,354,923.0,1637.0
64,355,923.0,1637.0
64,356,923.0,1637.0
64,357,923.0,1637.0
64,358,923.0,1637.0
64,359,923.0,1637.0
65,0,2977.0,1875.0
65,1,2977.0,1875.0
65,2,2977.0,1875.0
65,3,2977.0,1875.0
65,4,2977.0,1875.0
65,5,2977.0,1875.0
65,6,2977.0,1875.0
65,7,2977.0,1875.0
65,8,2977.0,1875.0
65,9,2977.0,1875.0
65,10,2977.0,1875.0
65,11,2977.0,1875.0
65,12,2977.0,1875.0
65,13,2977.0,1875.0
65,14,2977.0,1875.0
65,15,2977.0,1875.0
65,16,2977.0,1875.0
65,17,2977.0,1875.0
65,18,2977.0,1875.0
65,19,2977.0,1875.0
65,20,2977.0,1875.0
65,21,2977.0,1875.0
65,22,2977.0,1875.0
65,23,2977.0,1875.0
65,24,2977.0,1875.0
65,25,2977.0,1875.0
65,26,2977.0,1875.0
65,27,2977.0,1875.0
65,28,2977.0,1875.0
65,29,2977.0,1875.0
65,30,2977.0,1875.0
65,31,2977.0,1875.0
65,32,2977.0,1875.0
65,33,2977.0,1875.0
65,34,2977.0,1875.0
65,35,2977.0,1875.0
65,36,2977.0,1875.0
65,37,2977.0,1875.0
65,38,2977.0,1875.0
65,39,2977.0,1875.0
65,40,2977.0,1875.0
65,41,2977.0,1875.0
65,42,2977.0,1875.0
65,43,2977.0,1875.0
65,44,2977.0,1875.0
65,45,2977.0,1875.0
65,46,2977.0,1875.0
65,47,2977.0,1875.0
65,48,2977.0,1875.0
65,49,2977.0,1875.0
65,50,2977.0,1875.0
65,51,2977.0,1875.0
65,52,2977.0,1875.0
65,53,2977.0,1875.0
65,54,2977.0,1875.0
65,55,2977.0,1875.0
65,56,2977.0,1875.0
65,57,2977.0,1875.0
65,58,2977.0,1875.0
65,59,2977.0,1875.0
65,60,2977.0,1875.0
65,61,2977.0,1875.0
65,62,2977.0,1875.0
65,63,2977.0,1875.0
65,64,2977.0,1875.0
65,65,2977.0,1875.0
65,66,2977.0,1875.0
65,67,2977.0,1875.0
65,68,2977.0,1875.0
65,69,2977.0,1875.0
65,70,2977.0,1875.0
65,71,2977.0,1875.0
65,72,2977.0,1875.0
65,73,2977.0,1875.0
65,74,2977.0,1875.0
65,75,2977.0,1875.0
65,76,2977.0,1875.0
65,77,2977.0,1875.0
65,78,2977.0,1875.0
65,79,2977.0,1875.0
65,80,2977.0,1875.0
65,81,2977.0,1875.0
65,82,2977.0,1875.0
65,83,2977.0,1875.0
65,84,2977.0,1875.0
65,85,2977.0,1875.0
65,86,2977.0,1875.0
65,87,2977.0,1875.0
65,88,2977.0,1875.0
65,89,2977.0,1875.0
65,90,2977.0,1875.0
65,91,2977.0,1875.0
65,92,2977.0,1875.0
65,93,2977.0,1875.0
65,94,2977.0,1875.0
65,95,2977.0,1875.0
65,96,2977.0,1875.0
65,97,2977.0,1875.0
65,98,2977.0,1875.0
65,99,2977.0,1875.0
65,100,2977.0,1875.0
65,101,2977.0,1875.0
65,102,2977.0,1875.0
65,103,2977.0,1875.0
65,104,2977.0,1875.0
65,105,2977.0,1875.0
65,106,2977.0,1875.0
65,107,2977.0,1875.0
65,108,2977.0,1875.0
65,109,2977.0,1875.0
65,110,2977.0,1875.0
65,111,2977.0,1875.0
65,112,2977.0,1875.0
65,113,2977.0,1875.0
65,114,2977.0,1875.0
65,115,2977.0,1875.0
65,116,2977.0,1875.0
65,117,2977.0,1875.0
65,118,2977.0,1875.0
65,119,2977.0,1875.0
65,120,2977.0,1875.0
65,121,2977.0,1875.0
65,122,2977.0,1875.0
65,123,2977.0,1875.0
65,124,2977.0,1875.0
65,125,2977.0,1875.0
65,126,2977.0,1875.0
65,127,2977.0,1875.0
65,128,2977.0,1875.0
65,129,2977.0,1875.0
65,130,2977.0,1875.0
65,131,2977.0,1875.0
65,132,2977.0,1875.0
65,133,2977.0,1875.0
65,134,2977.0,1875.0
65,135,2977.0,1875.0
65,136,2977.0,1875.0
65,137,2977.0,1875.0
65,138,2977.0,1875.0
65,139,2977.0,1875.0
65,140,2977.0,1875.0
65,141,2977.0,1875.0
65,142,2977.0,1875.0
65,143,2977.0,1875.0
65,144,2977.0,1875.0
65,145,2977.0,1875.0
65,146,2977.0,1875.0
65,147,2977.0,1875.0
65,148,2977.0,1875.0
65,149,2977.0,1875.0
65,150,2977.0,1875.0
65,151,2977.0,1875.0
65,152,2977.0,1875.0
65,153,2977.0,1875.0
65,154,2977.0,1875.0
65,155,2977.0,1875.0
65,156,2977.0,1875.0
65,157,2977.0,1875.0
65,158,2977.0,1875.0
65,159,2977.0,1875.0
65,160,2977.0,1875.0
65,161,2977.0,1875.0
65,162,2977.0,1875.0
65,163,2977.0,1875.0
65,164,2977.0,1875.0
65,165,2977.0,1875.0
65,166,2977.0,1875.0
65,167,2977.0,1875.0
65,168,2977.0,1875.0
65,169,2977.0,1875.0
65,170,2977.0,1875.0
65,171,2977.0,1875.0
65,172,2977.0,1875.0
65,173,2977.0,1875.0
65,174,2977.0,1875.0
65,175,2977.0,1875.0
65,176,2977.0,1875.0
65,177,2977.0,1875.0
65,178,2977.0,1875.0
65,179,2977.0,1875.0
65,180,2977.0,1875.0
65,181,2977.0,1875.0
65,182,2977.0,1875.0
65,183,2977.0,1875.0
65,184,2977.0,1875.0
65,185,2977.0,1875.0
65,186,2977.0,1875.0
65,187,2977.0,1875.0
65,188,2977.0,1875.0
65,189,2977.0,1875.0
65,190,2977.0,1875.0
65,191,2977.0,1875.0
65,192,2977.0,1875.0
65,193,2977.0,1875.0
65,194,2977.0,1875.0
65,195,2977.0,1875.0
65,196,2977.0,1875.0
65,197,2977.0,1875.0
65,198,2977.0,1875.0
65,199,2977.0,1875.0
65,200,2977.0,1875.0
65,201,2977.0,1875.0
65,202,2977.0,1875.0
65,203,2977.0,1875.0
65,204,2977.0,1875.0
65,205,2977.0,1875.0
65,206,2977.0,1875.0
65,207,2977.0,1875.0
65,208,2977.0,1875.0
65,209,2977.0,1875.0
65,210,2977.0,1875.0
65,211,2977.0,1875.0
65,212,2977.0,1875.0
65,213,2977.0,1875.0
65,214,2977.0,1875.0
65,215,2977.0,1875.0
65,216,2977.0,1875.0
65,217,2977.0,1875.0
65,218,2977.0,1875.0
65,219,2977.0,1875.0
65,220,2977.0,1875.0
65,221,2977.0,1875.0
65,222,2977.0,1875.0
65,223,2977.0,1875.0
65,224,2977.0,1875.0
65,225,2977.0,1875.0
65,226,2977.0,1875.0
65,227,2977.0,1875.0
65,228,2977.0,1875.0
65,229,2977.0,1875.0
65,230,2977.0,1875.0
65,231,2977.0,1875.0
65,232,2977.0,1875.0
65,233,2977.0,1875.0
65,234,2977.0,1875.0
65,235,2977.0,1875.0
65,236,2977.0,1875.0
65,237,2977.0,1875.0
65,238,2977.0,1875.0
65,239,2977.0,1875.0
65,240,2977.0,1875.0
65,241,2977.0,1875.0
65,242,2977.0,1875.0
65,243,2977.0,1875.0
65,244,2977.0,1875.0
65,245,2977.0,1875.0
65,246,2977.0,1875.0
65,247,2977.0,1875.0
65,248,2977.0,1875.0
65,249,2977.0,1875.0
65,250,2977.0,1875.0
65,251,2977.0,1875.0
65,252,2977.0,1875.0
65,253,2977.0,1875.0
65,254,2977.0,1875.0
65,255,2977.0,1875.0
65,256,2977.0,1875.0
65,257,2977.0,1875.0
65,258,2977.0,1875.0
65,259,2977.0,1875.0
65,260,2977.0,1875.0
65,261,2977.0,1875.0
65,262,2977.0,1875.0
65,263,2977.0,1875.0
65,264,2977.0,1875.0
65,265,2977.0,1875.0
65,266,2977.0,1875.0
65,267,2977.0,1875.0
65,268,2977.0,1875.0
65,269,2977.0,1875.0
65,270,2977.0,1875.0
65,271,2977.0,1875.0
65,272,2977.0,1875.0
65,273,2977.0,1875.0
65,274,2977.0,1875.0
65,275,2977.0,1875.0
65,276,2977.0,1875.0
65,277,2977.0,1875.0
65,278,2977.0,1875.0
65,279,2977.0,1875.0
65,280,2977.0,1875.0
65,281,2977.0,1875.0
65,282,2977.0,1875.0
65,283,2977.0,1875.0
65,284,2977.0,1875.0
65,285,2977.0,1875.0
65,286,2977.0,1875.0
65,287,2977.0,1875.0
65,288,2977.0,1875.0
65,289,2977.0,1875.0
65,290,2977.0,1875.0
65,291,2977.0,1875.0
65,292,2977.0,1875.0
65,293,2977.0,1875.0
65,294,2977.0,1875.0
65,295,2977.0,1875.0
65,296,2977.0,1875.0
65,297,2977.0,1875.0
65,298,2977.0,1875.0
65,299,2977.0,1875.0
65,300,2977.0,1875.0
65,301,2977.0,1875.0
65,302,2977.0,1875.0
65,303,2977.0,1875.0
65,304,2977.0,1875.0
65,305,2977.0,1875.0
65,306,2977.0,1875.0
65,307,2977.0,1875.0
65,308,2977.0,1875.0
65,309,2977.0,1875.0
65,310,2977.0,1875.0
65,311,2977.0,1875.0
65,312,2977.0,1875.0
65,313,2977.0,1875.0
65,314,2977.0,1875.0
65,315,2977.0,1875.0
65,316,2977.0,1875.0
65,317,2977.0,1875.0
65,318,2977.0,1875.0
65,319,2977.0,1875.0
65,320,2977.0,1875.0
65,321,2977.0,1875.0
65,322,2977.0,1875.0
65,323,2977.0,1875.0
65,324,2977.0,1875.0
65,325,2977.0,1875.0
65,326,2977.0,1875.0
65,327,2977.0,1875.0
65,328,2977.0,1875.0
65,329,2977.0,1875.0
65,330,2977.0,1875.0
65,331,2977.0,1875.0
65,332,2977.0,1875.0
65,333,2977.0,1875.0
65,334,2977.0,1875.0
65,335,2977.0,1875.0
65,336,2977.0,1875.0
65,337,2977.0,1875.0
65,338,2977.0,1875.0
65,339,2977.0,1875.0
65,340,2977.0,1875.0
65,341,2977.0,1875.0
65,342,2977.0,1875.0
65,343,2977.0,1875.0
65,344,2977.0,1875.0
65,345,2977.0,1875.0
65,346,2977.0,1875.0
65,347,2977.0,1875.0
65,348,2977.0,1875.0
65,349,2977.0,1875.0
65,350,2977.0,1875.0
65,351,2977.0,1875.0
65,352,2977.0,1875.0
65,353,2977.0,1875.0
65,354,2977.0,1875.0
65,355,2977.0,1875.0
65,356,2977.0,1875.0
65,357,2977.0,1875.0
65,358,2977.0,1875.0
65,359,2977.0,1875.0
66,0,1054.0,1975.0
66,1,1054.0,1975.0
66,2,1054.0,1975.0
66,3,1054.0,1975.0
66,4,1054.0,1975.0
66,5,1054.0,1975.0
66,6,1054.0,1975.0
66,7,1054.0,1975.0
66,8,1054.0,1975.0
66,9,1054.0,1975.0
66,10,1054.0,1975.0
66,11,1054.0,1975.0
66,12,1054.0,1975.0
66,13,1054.0,1975.0
66,14,1054.0,1975.0
66,15,1054.0,1975.0
66,16,1054.0,1975.0
66,17,1054.0,1975.0
66,18,1054.0,1975.0
66,19,1054.0,1975.0
66,20,1054.0,1975.0
66,21,1054.0,1975.0
66,22,1054.0,1975.0
66,23,1054.0,1975.0
66,24,1054.0,1975.0
66,25,1054.0,1975.0
66,26,1054.0,1975.0
66,27,1054.0,1975.0
66,28,1054.0,1975.0
66,29,1054.0,1975.0
66,30,1054.0,1975.0
66,31,1054.0,1975.0
66,32,1054.0,1975.0
66,33,1054.0,1975.0
66,34,1054.0,1975.0
66,35,1054.0,1975.0
66,36,1054.0,1975.0
66,37,1054.0,1975.0
66,38,1054.0,1975.0
66,39,1054.0,1975.0
66,40,1054.0,1975.0
66,41,1054.0,1975.0
66,42,1054.0,1975.0
66,43,1054.0,1975.0
66,44,1054.0,1975.0
66,45,1054.0,1975.0
66,46,1054.0,1975.0
66,47,1054.0,1975.0
66,48,1054.0,1975.0
66,49,1054.0,1975.0
66,50,1054.0,1975.0
66,51,1054.0,1975.0
66,52,1054.0,1975.0
66,53,1054.0,1975.0
66,54,1054.0,1975.0
66,55,1054.0,1975.0
66,56,1054.0,1975.0
66,57,1054.0,1975.0
66,58,1054.0,1975.0
66,59,1054.0,1975.0
66,60,1054.0,1975.0
66,61,1054.0,1975.0
66,62,1054.0,1975.0
66,63,1054.0,1975.0
66,64,1054.0,1975.0
66,65,1054.0,1975.0
66,66,1054.0,1975.0
66,67,1054.0,1975.0
66,68,1054.0,1975.0
66,69,1054.0,1975.0
66,70,1054.0,1975.0
66,71,1054.0,1975.0
66,72,1054.0,1975.0
66,73,1054.0,1975.0
66,74,1054.0,1975.0
66,75,1054.0,1975.0
66,76,1054.0,1975.0
66,77,1054.0,1975.0
66,78,1054.0,1975.0
66,79,1054.0,1975.0
66,80,1054.0,1975.0
66,81,1054.0,1975.0
66,82,1054.0,1975.0
66,83,1054.0,1975.0
66,84,1054.0,1975.0
66,85,1054.0,1975.0
66,86,1054.0,1975.0
66,87,1054.0,1975.0
66,88,1054.0,1975.0
66,89,1054.0,1975.0
66,90,1054.0,1975.0
66,91,1054.0,1975.0
66,92,1054.0,1975.0
66,93,1054.0,1975.0
66,94,1054.0,1975.0
66,95,1054.0,1975.0
66,96,1054.0,1975.0
66,97,1054.0,1975.0
66,98,1054.0,1975.0
66,99,1054.0,1975.0
66,100,1054.0,1975.0
66,101,1054.0,1975.0
66,102,1054.0,1975.0
66,103,1054.0,1975.0
66,104,1054.0,1975.0
66,105,1054.0,1975.0
66,106,1054.0,1975.0
66,107,1054.0,1975.0
66,108,1054.0,1975.0
66,109,1054.0,1975.0
66,110,1054.0,1975.0
66,111,1054.0,1975.0
66,112,1054.0,1975.0
66,113,1054.0,1975.0
66,114,1054.0,1975.0
66,115,1054.0,1975.0
66,116,1054.0,1975.0
66,117,1054.0,1975.0
66,118,1054.0,1975.0
66,119,1054.0,1975.0
66,120,1054.0,1975.0
66,121,1054.0,1975.0
66,122,1054.0,1975.0
66,123,1054.0,1975.0
66,124,1054.0,1975.0
66,125,1054.0,1975.0
66,126,1054.0,1975.0
66,127,1054.0,1975.0
66,128,1054.0,1975.0
66,129,1054.0,1975.0
66,130,1054.0,1975.0
66,131,1054.0,1975.0
66,132,1054.0,1975.0
66,133,1054.0,1975.0
66,134,1054.0,1975.0
66,135,1054.0,1975.0
66,136,1054.0,1975.0
66,137,1054.0,1975.0
66,138,1054.0,1975.0
66,139,1054.0,1975.0
66,140,1054.0,1975.0
66,141,1054.0,1975.0
66,142,1054.0,1975.0
66,143,1054.0,1975.0
66,144,1054.0,1975.0
66,145,1054.0,1975.0
66,146,1054.0,1975.0
66,147,1054.0,1975.0
66,148,1054.0,1975.0
66,149,1054.0,1975.0
66,150,1054.0,1975.0
66,151,1054.0,1975.0
66,152,1054.0,1975.0
66,153,1054.0,1975.0
66,154,1054.0,1975.0
66,155,1054.0,1975.0
66,156,1054.0,1975.0
66,157,1054.0,1975.0
66,158,1054.0,1975.0
66,159,1054.0,1975.0
66,160,1054.0,1975.0
66,161,1054.0,1975.0
66,162,1054.0,1975.0
66,163,1054.0,1975.0
66,164,1054.0,1975.0
66,165,1054.0,1975.0
66,166,1054.0,1975.0
66,167,1054.0,1975.0
66,168,1054.0,1975.0
66,169,1054.0,1975.0
66,170,1054.0,1975.0
66,171,1054.0,1975.0
66,172,1054.0,1975.0
66,173,1054.0,1975.0
66,174,1054.0,1975.0
66,175,1054.0,1975.0
66,176,1054.0,1975.0
66,177,1054.0,1975.0
66,178,1054.0,1975.0
66,179,1054.0,1975.0
66,180,1054.0,1975.0
66,181,1054.0,1975.0
66,182,1054.0,1975.0
66,183,1054.0,1975.0
66,184,1054.0,1975.0
66,185,1054.0,1975.0
66,186,1054.0,1975.0
66,187,1054.0,1975.0
66,188,1054.0,1975.0
66,189,1054.0,1975.0
66,190,1054.0,1975.0
66,191,1054.0,1975.0
66,192,1054.0,1975.0
66,193,1054.0,1975.0
66,194,1054.0,1975.0
66,195,1054.0,1975.0
66,196,1054.0,1975.0
66,197,1054.0,1975.0
66,198,1054.0,1975.0
66,199,1054.0,1975.0
66,200,1054.0,1975.0
66,201,1054.0,1975.0
66,202,1054.0,1975.0
66,203,1054.0,1975.0
66,204,1054.0,1975.0
66,205,1054.0,1975.0
66,206,1054.0,1975.0
66,207,1054.0,1975.0
66,208,1054.0,1975.0
66,209,1054.0,1975.0
66,210,1054.0,1975.0
66,211,1054.0,1975.0
66,212,1054.0,1975.0
66,213,1054.0,1975.0
66,214,1054.0,1975.0
66,215,1054.0,1975.0
66,216,1054.0,1975.0
66,217,1054.0,1975.0
66,218,1054.0,1975.0
66,219,1054.0,1975.0
66,220,1054.0,1975.0
66,221,1054.0,1975.0
66,222,1054.0,1975.0
66,223,1054.0,1975.0
66,224,1054.0,1975.0
66,225,1054.0,1975.0
66,226,1054.0,1975.0
66,227,1054.0,1975.0
66,228,1054.0,1975.0
66,229,1054.0,1975.0
66,230,1054.0,1975.0
66,231,1054.0,1975.0
66,232,1054.0,1975.0
66,233,1054.0,1975.0
66,234,1054.0,1975.0
66,235,1054.0,1975.0
66,236,1054.0,1975.0
66,237,1054.0,1975.0
66,238,1054.0,1975.0
66,239,1054.0,1975.0
66,240,1054.0,1975.0
66,241,1054.0,1975.0
66,242,1054.0,1975.0
66,243,1054.0,1975.0
66,244,1054.0,1975.0
66,245,1054.0,1975.0
66,246,1054.0,1975.0
66,247,1054.0,1975.0
66,248,1054.0,1975.0
66,249,1054.0,1975.0
66,250,1054.0,1975.0
66,251,1054.0,1975.0
66,252,1054.0,1975.0
66,253,1054.0,1975.0
66,254,1054.0,1975.0
66,255,1054.0,1975.0
66,256,1054.0,1975.0
66,257,1054.0,1975.0
66,258,1054.0,1975.0
66,259,1054.0,1975.0
66,260,1054.0,1975.0
66,261,1054.0,1975.0
66,262,1054.0,1975.0
66,263,1054.0,1975.0
66,264,1054.0,1975.0
66,265,1054.0,1975.0
66,266,1054.0,1975.0
66,267,1054.0,1975.0
66,268,1054.0,1975.0
66,269,1054.0,1975.0
66,270,1054.0,1975.0
66,271,1054.0,1975.0
66,272,1054.0,1975.0
66,273,1054.0,1975.0
66,274,1054.0,1975.0
66,275,1054.0,1975.0
66,276,1054.0,1975.0
66,277,1054.0,1975.0
66,278,1054.0,1975.0
66,279,1054.0,1975.0
66,280,1054.0,1975.0
66,281,1054.0,1975.0
66,282,1054.0,1975.0
66,283,1054.0,1975.0
66,284,1054.0,1975.0
66,285,1054.0,1975.0
66,286,1054.0,1975.0
66,287,1054.0,1975.0
66,288,1054.0,1975.0
66,289,1054.0,1975.0
66,290,1054.0,1975.0
66,291,1054.0,1975.0
66,292,1054.0,1975.0
66,293,1054.0,1975.0
66,294,1054.0,1975.0
66,295,1054.0,1975.0
66,296,1054.0,1975.0
66,297,1054.0,1975.0
66,298,1054.0,1975.0
66,299,1054.0,1975.0
66,300,1054.0,1975.0
66,301,1054.0,1975.0
66,302,1054.0,1975.0
66,303,1054.0,1975.0
66,304,1054.0,1975.0
66,305,1054.0,1975.0
66,306,1054.0,1975.0
66,307,1054.0,1975.0
66,308,1054.0,1975.0
66,309,1054.0,1975.0
66,310,1054.0,1975.0
66,311,1054.0,1975.0
66,312,1054.0,1975.0
66,313,1054.0,1975.0
66,314,1054.0,1975.0
66,315,1054.0,1975.0
66,316,1054.0,1975.0
66,317,1054.0,1975.0
66,318,1054.0,1975.0
66,319,1054.0,1975.0
66,320,1054.0,1975.0
66,321,1054.0,1975.0
66,322,1054.0,1975.0
66,323,1054.0,1975.0
66,324,1054.0,1975.0
66,325,1054.0,1975.0
66,326,1054.0,1975.0
66,327,1054.0,1975.0
66,328,1054.0,1975.0
66,329,1054.0,1975.0
66,330,1054.0,1975.0
66,331,1054.0,1975.0
66,332,1054.0,1975.0
66,333,1054.0,1975.0
66,334,1054.0,1975.0
66,335,1054.0,1975.0
66,336,1054.0,1975.0
66,337,1054.0,1975.0
66,338,1054.0,1975.0
66,339,1054.0,1975.0
66,340,1054.0,1975.0
66,341,1054.0,1975.0
66,342,1054.0,1975.0
66,343,1054.0,1975.0
66,344,1054.0,1975.0
66,345,1054.0,1975.0
66,346,1054.0,1975.0
66,347,1054.0,1975.0
66,348,1054.0,1975.0
66,349,1054.0,1975.0
66,350,1054.0,1975.0
66,351,1054.0,1975.0
66,352,1054.0,1975.0
66,353,1054.0,1975.0
66,354,1054.0,1975.0
66,355,1054.0,1975.0
66,356,1054.0,1975.0
66,357,1054.0,1975.0
66,358,1054.0,1975.0
66,359,1054.0,1975.0
67,0,1224.0,1930.0
67,1,1224.0,1930.0
67,2,1224.0,1930.0
67,3,1224.0,1930.0
67,4,1224.0,1930.0
67,5,1224.0,1930.0
67,6,1224.0,1930.0
67,7,1224.0,1930.0
67,8,1224.0,1930.0
67,9,1224.0,1930.0
67,10,1224.0,1930.0
67,11,1224.0,1930.0
67,12,1224.0,1930.0
67,13,1224.0,1930.0
67,14,1224.0,1930.0
67,15,1224.0,1930.0
67,16,1224.0,1930.0
67,17,1224.0,1930.0
67,18,1224.0,1930.0
67,19,1224.0,1930.0
67,20,1224.0,1930.0
67,21,1224.0,1930.0
67,22,1224.0,1930.0
67,23,1224.0,1930.0
67,24,1224.0,1930.0
67,25,1224.0,1930.0
67,26,1224.0,1930.0
67,27,1224.0,1930.0
67,28,1224.0,1930.0
67,29,1224.0,1930.0
67,30,1224.0,1930.0
67,31,1224.0,1930.0
67,32,1224.0,1930.0
67,33,1224.0,1930.0
67,34,1224.0,1930.0
67,35,1224.0,1930.0
67,36,1224.0,1930.0
67,37,1224.0,1930.0
67,38,1224.0,1930.0
67,39,1224.0,1930.0
67,40,1224.0,1930.0
67,41,1224.0,1930.0
67,42,1224.0,1930.0
67,43,1224.0,1930.0
67,44,1224.0,1930.0
67,45,1224.0,1930.0
67,46,1224.0,1930.0
67,47,1224.0,1930.0
67,48,1224.0,1930.0
67,49,1224.0,1930.0
67,50,1224.0,1930.0
67,51,1224.0,1930.0
67,52,1224.0,1930.0
67,53,1224.0,1930.0
67,54,1224.0,1930.0
67,55,1224.0,1930.0
67,56,1224.0,1930.0
67,57,1224.0,1930.0
67,58,1224.0,1930.0
67,59,1224.0,1930.0
67,60,1224.0,1930.0
67,61,1224.0,1930.0
67,62,1224.0,1930.0
67,63,1224.0,1930.0
67,64,1224.0,1930.0
67,65,1224.0,1930.0
67,66,1224.0,1930.0
67,67,1224.0,1930.0
67,68,1224.0,1930.0
67,69,1224.0,1930.0
67,70,1224.0,1930.0
67,71,1224.0,1930.0
67,72,1224.0,1930.0
67,73,1224.0,1930.0
67,74,1224.0,1930.0
67,75,1224.0,1930.0
67,76,1224.0,1930.0
67,77,1224.0,1930.0
67,78,1224.0,1930.0
67,79,1224.0,1930.0
67,80,1224.0,1930.0
67,81,1224.0,1930.0
67,82,1224.0,1930.0
67,83,1224.0,1930.0
67,84,1224.0,1930.0
67,85,1224.0,1930.0
67,86,1224.0,1930.0
67,87,1224.0,1930.0
67,88,1224.0,1930.0
67,89,1224.0,1930.0
67,90,1224.0,1930.0
67,91,1224.0,1930.0
67,92,1224.0,1930.0
67,93,1224.0,1930.0
67,94,1224.0,1930.0
67,95,1224.0,1930.0
67,96,1224.0,1930.0
67,97,1224.0,1930.0
67,98,1224.0,1930.0
67,99,1224.0,1930.0
67,100,1224.0,1930.0
67,101,1224.0,1930.0
67,102,1224.0,1930.0
67,103,1224.0,1930.0
67,104,1224.0,1930.0
67,105,1224.0,1930.0
67,106,1224.0,1930.0
67,107,1224.0,1930.0
67,108,1224.0,1930.0
67,109,1224.0,1930.0
67,110,1224.0,1930.0
67,111,1224.0,1930.0
67,112,1224.0,1930.0
67,113,1224.0,1930.0
67,114,1224.0,1930.0
67,115,1224.0,1930.0
67,116,1224.0,1930.0
67,117,1224.0,1930.0
67,118,1224.0,1930.0
67,119,1224.0,1930.0
67,120,1224.0,1930.0
67,121,1224.0,1930.0
67,122,1224.0,1930.0
67,123,1224.0,1930.0
67,124,1224.0,1930.0
67,125,1224.0,1930.0
67,126,1224.0,1930.0
67,127,1224.0,1930.0
67,128,1224.0,1930.0
67,129,1224.0,1930.0
67,130,1224.0,1930.0
67,131,1224.0,1930.0
67,132,1224.0,1930.0
67,133,1224.0,1930.0
67,134,1224.0,1930.0
67,135,1224.0,1930.0
67,136,1224.0,1930.0
67,137,1224.0,1930.0
67,138,1224.0,1930.0
67,139,1224.0,1930.0
67,140,1224.0,1930.0
67,141,1224.0,1930.0
67,142,1224.0,1930.0
67,143,1224.0,1930.0
67,144,1224.0,1930.0
67,145,1224.0,1930.0
67,146,1224.0,1930.0
67,147,1224.0,1930.0
67,148,1224.0,1930.0
67,149,1224.0,1930.0
67,150,1224.0,1930.0
67,151,1224.0,1930.0
67,152,1224.0,1930.0
67,153,1224.0,1930.0
67,154,1224.0,1930.0
67,155,1224.0,1930.0
67,156,1224.0,1930.0
67,157,1224.0,1930.0
67,158,1224.0,1930.0
67,159,1224.0,1930.0
67,160,1224.0,1930.0
67,161,1224.0,1930.0
67,162,1224.0,1930.0
67,163,1224.0,1930.0
67,164,1224.0,1930.0
67,165,1224.0,1930.0
67,166,1224.0,1930.0
67,167,1224.0,1930.0
67,168,1224.0,1930.0
67,169,1224.0,1930.0
67,170,1224.0,1930.0
67,171,1224.0,1930.0
67,172,1224.0,1930.0
67,173,1224.0,1930.0
67,174,1224.0,1930.0
67,175,1224.0,1930.0
67,176,1224.0,1930.0
67,177,1224.0,1930.0
67,178,1224.0,1930.0
67,179,1224.0,1930.0
67,180,1224.0,1930.0
67,181,1224.0,1930.0
67,182,1224.0,1930.0
67,183,1224.0,1930.0
67,184,1224.0,1930.0
67,185,1224.0,1930.0
67,186,1224.0,1930.0
67,187,1224.0,1930.0
67,188,1224.0,1930.0
67,189,1224.0,1930.0
67,190,1224.0,1930.0
67,191,1224.0,1930.0
67,192,1224.0,1930.0
67,193,1224.0,1930.0
67,194,1224.0,1930.0
67,195,1224.0,1930.0
67,196,1224.0,1930.0
67,197,1224.0,1930.0
67,198,1224.0,1930.0
67,199,1224.0,1930.0
67,200,1224.0,1930.0
67,201,1224.0,1930.0
67,202,1224.0,1930.0
67,203,1224.0,1930.0
67,204,1224.0,1930.0
67,205,1224.0,1930.0
67,206,1224.0,1930.0
67,207,1224.0,1930.0
67,208,1224.0,1930.0
67,209,1224.0,1930.0
67,210,1224.0,1930.0
67,211,1224.0,1930.0
67,212,1224.0,1930.0
67,213,1224.0,1930.0
67,214,1224.0,1930.0
67,215,1224.0,1930.0
67,216,1224.0,1930.0
67,217,1224.0,1930.0
67,218,1224.0,1930.0
67,219,1224.0,1930.0
67,220,1224.0,1930.0
67,221,1224.0,1930.0
67,222,1224.0,1930.0
67,223,1224.0,1930.0
67,224,1224.0,1930.0
67,225,1224.0,1930.0
67,226,1224.0,1930.0
67,227,1224.0,1930.0
67,228,1224.0,1930.0
67,229,1224.0,1930.0
67,230,1224.0,1930.0
67,231,1224.0,1930.0
67,232,1224.0,1930.0
67,233,1224.0,1930.0
67,234,1224.0,1930.0
67,235,1224.0,1930.0
67,236,1224.0,1930.0
67,237,1224.0,1930.0
67,238,1224.0,1930.0
67,239,1224.0,1930.0
67,240,1224.0,1930.0
67,241,1224.0,1930.0
67,242,1224.0,1930.0
67,243,1224.0,1930.0
67,244,1224.0,1930.0
67,245,1224.0,1930.0
67,246,1224.0,1930.0
67,247,1224.0,1930.0
67,248,1224.0,1930.0
67,249,1224.0,1930.0
67,250,1224.0,1930.0
67,251,1224.0,1930.0
67,252,1224.0,1930.0
67,253,1224.0,1930.0
67,254,1224.0,1930.0
67,255,1224.0,1930.0
67,256,1224.0,1930.0
67,257,1224.0,1930.0
67,258,1224.0,1930.0
67,259,1224.0,1930.0
67,260,1224.0,1930.0
67,261,1224.0,1930.0
67,262,1224.0,1930.0
67,263,1224.0,1930.0
67,264,1224.0,1930.0
67,265,1224.0,1930.0
67,266,1224.0,1930.0
67,267,1224.0,1930.0
67,268,1224.0,1930.0
67,269,1224.0,1930.0
67,270,1224.0,1930.0
67,271,1224.0,1930.0
67,272,1224.0,1930.0
67,273,1224.0,1930.0
67,274,1224.0,1930.0
67,275,1224.0,1930.0
67,276,1224.0,1930.0
67,277,1224.0,1930.0
67,278,1224.0,1930.0
67,279,1224.0,1930.0
67,280,1224.0,1930.0
67,281,1224.0,1930.0
67,282,1224.0,1930.0
67,283,1224.0,1930.0
67,284,1224.0,1930.0
67,285,1224.0,1930.0
67,286,1224.0,1930.0
67,287,1224.0,1930.0
67,288,1224.0,1930.0
67,289,1224.0,1930.0
67,290,1224.0,1930.0
67,291,1224.0,1930.0
67,292,1224.0,1930.0
67,293,1224.0,1930.0
67,294,1224.0,1930.0
67,295,1224.0,1930.0
67,296,1224.0,1930.0
67,297,1224.0,1930.0
67,298,1224.0,1930.0
67,299,1224.0,1930.0
67,300,1224.0,1930.0
67,301,1224.0,1930.0
67,302,1224.0,1930.0
67,303,1224.0,1930.0
67,304,1224.0,1930.0
67,305,1224.0,1930.0
67,306,1224.0,1930.0
67,307,1224.0,1930.0
67,308,1224.0,1930.0
67,309,1224.0,1930.0
67,310,1224.0,1930.0
67,311,1224.0,1930.0
67,312,1224.0,1930.0
67,313,1224.0,1930.0
67,314,1224.0,1930.0
67,315,1224.0,1930.0
67,316,1224.0,1930.0
67,317,1224.0,1930.0
67,318,1224.0,1930.0
67,319,1224.0,1930.0
67,320,1224.0,1930.0
67,321,1224.0,1930.0
67,322,1224.0,1930.0
67,323,1224.0,1930.0
67,324,1224.0,1930.0
67,325,1224.0,1930.0
67,326,1224.0,1930.0
67,327,1224.0,1930.0
67,328,1224.0,1930.0
67,329,1224.0,1930.0
67,330,1224.0,1930.0
67,331,1224.0,1930.0
67,332,1224.0,1930.0
67,333,1224.0,1930.0
67,334,1224.0,1930.0
67,335,1224.0,1930.0
67,336,1224.0,1930.0
67,337,1224.0,1930.0
67,338,1224.0,1930.0
67,339,1224.0,1930.0
67,340,1224.0,1930.0
67,341,1224.0,1930.0
67,342,1224.0,1930.0
67,343,1224.0,1930.0
67,344,1224.0,1930.0
67,345,1224.0,1930.0
67,346,1224.0,1930.0
67,347,1224.0,1930.0
67,348,1224.0,1930.0
67,349,1224.0,1930.0
67,350,1224.0,1930.0
67,351,1224.0,1930.0
67,352,1224.0,1930.0
67,353,1224.0,1930.0
67,354,1224.0,1930.0
67,355,1224.0,1930.0
67,356,1224.0,1930.0
67,357,1224.0,1930.0
67,358,1224.0,1930.0
67,359,1224.0,1930.0
68,0,2841.0,1799.0
68,1,2841.0,1799.0
68,2,2841.0,1799.0
68,3,2841.0,1799.0
68,4,2841.0,1799.0
68,5,2841.0,1799.0
68,6,2841.0,1799.0
68,7,2841.0,1799.0
68,8,2841.0,1799.0
68,9,2841.0,1799.0
68,10,2841.0,1799.0
68,11,2841.0,1799.0
68,12,2841.0,1799.0
68,13,2841.0,1799.0
68,14,2841.0,1799.0
68,15,2841.0,1799.0
68,16,2841.0,1799.0
68,17,2841.0,1799.0
68,18,2841.0,1799.0
68,19,2841.0,1799.0
68,20,2841.0,1799.0
68,21,2841.0,1799.0
68,22,2841.0,1799.0
68,23,2841.0,1799.0
68,24,2841.0,1799.0
68,25,2841.0,1799.0
68,26,2841.0,1799.0
68,27,2841.0,1799.0
68,28,2841.0,1799.0
68,29,2841.0,1799.0
68,30,2841.0,1799.0
68,31,2841.0,1799.0
68,32,2841.0,1799.0
68,33,2841.0,1799.0
68,34,2841.0,1799.0
68,35,2841.0,1799.0
68,36,2841.0,1799.0
68,37,2841.0,1799.0
68,38,2841.0,1799.0
68,39,2841.0,1799.0
68,40,2841.0,1799.0
68,41,2841.0,1799.0
68,42,2841.0,1799.0
68,43,2841.0,1799.0
68,44,2841.0,1799.0
68,45,2841.0,1799.0
68,46,2841.0,1799.0
68,47,2841.0,1799.0
68,48,2841.0,1799.0
68,49,2841.0,1799.0
68,50,2841.0,1799.0
68,51,2841.0,1799.0
68,52,2841.0,1799.0
68,53,2841.0,1799.0
68,54,2841.0,1799.0
68,55,2841.0,1799.0
68,56,2841.0,1799.0
68,57,2841.0,1799.0
68,58,2841.0,1799.0
68,59,2841.0,1799.0
68,60,2841.0,1799.0
68,61,2841.0,1799.0
68,62,2841.0,1799.0
68,63,2841.0,1799.0
68,64,2841.0,1799.0
68,65,2841.0,1799.0
68,66,2841.0,1799.0
68,67,2841.0,1799.0
68,68,2841.0,1799.0
68,69,2841.0,1799.0
68,70,2841.0,1799.0
68,71,2841.0,1799.0
68,72,2841.0,1799.0
68,73,2841.0,1799.0
68,74,2841.0,1799.0
68,75,2841.0,1799.0
68,76,2841.0,1799.0
68,77,2841.0,1799.0
68,78,2841.0,1799.0
68,79,2841.0,1799.0
68,80,2841.0,1799.0
68,81,2841.0,1799.0
68,82,2841.0,1799.0
68,83,2841.0,1799.0
68,84,2841.0,1799.0
68,85,2841.0,1799.0
68,86,2841.0,1799.0
68,87,2841.0,1799.0
68,88,2841.0,1799.0
68,89,2841.0,1799.0
68,90,2841.0,1799.0
68,91,2841.0,1799.0
68,92,2841.0,1799.0
68,93,2841.0,1799.0
68,94,2841.0,1799.0
68,95,2841.0,1799.0
68,96,2841.0,1799.0
68,97,2841.0,1799.0
68,98,2841.0,1799.0
68,99,2841.0,1799.0
68,100,2841.0,1799.0
68,101,2841.0,1799.0
68,102,2841.0,1799.0
68,103,2841.0,1799.0
68,104,2841.0,1799.0
68,105,2841.0,1799.0
68,106,2841.0,1799.0
68,107,2841.0,1799.0
68,108,2841.0,1799.0
68,109,2841.0,1799.0
68,110,2841.0,1799.0
68,111,2841.0,1799.0
68,112,2841.0,1799.0
68,113,2841.0,1799.0
68,114,2841.0,1799.0
68,115,2841.0,1799.0
68,116,2841.0,1799.0
68,117,2841.0,1799.0
68,118,2841.0,1799.0
68,119,2841.0,1799.0
68,120,2841.0,1799.0
68,121,2841.0,1799.0
68,122,2841.0,1799.0
68,123,2841.0,1799.0
68,124,2841.0,1799.0
68,125,2841.0,1799.0
68,126,2841.0,1799.0
68,127,2841.0,1799.0
68,128,2841.0,1799.0
68,129,2841.0,1799.0
68,130,2841.0,1799.0
68,131,2841.0,1799.0
68,132,2841.0,1799.0
68,133,2841.0,1799.0
68,134,2841.0,1799.0
68,135,2841.0,1799.0
68,136,2841.0,1799.0
68,137,2841.0,1799.0
68,138,2841.0,1799.0
68,139,2841.0,1799.0
68,140,2841.0,1799.0
68,141,2841.0,1799.0
68,142,2841.0,1799.0
68,143,2841.0,1799.0
68,144,2841.0,1799.0
68,145,2841.0,1799.0
68,146,2841.0,1799.0
68,147,2841.0,1799.0
68,148,2841.0,1799.0
68,149,2841.0,1799.0
68,150,2841.0,1799.0
68,151,2841.0,1799.0
68,152,2841.0,1799.0
68,153,2841.0,1799.0
68,154,2841.0,1799.0
68,155,2841.0,1799.0
68,156,2841.0,1799.0
68,157,2841.0,1799.0
68,158,2841.0,1799.0
68,159,2841.0,1799.0
68,160,2841.0,1799.0
68,161,2841.0,1799.0
68,162,2841.0,1799.0
68,163,2841.0,1799.0
68,164,2841.0,1799.0
68,165,2841.0,1799.0
68,166,2841.0,1799.0
68,167,2841.0,1799.0
68,168,2841.0,1799.0
68,169,2841.0,1799.0
68,170,2841.0,1799.0
68,171,2841.0,1799.0
68,172,2841.0,1799.0
68,173,2841.0,1799.0
68,174,2841.0,1799.0
68,175,2841.0,1799.0
68,176,2841.0,1799.0
68,177,2841.0,1799.0
68,178,2841.0,1799.0
68,179,2841.0,1799.0
68,180,2841.0,1799.0
68,181,2841.0,1799.0
68,182,2841.0,1799.0
68,183,2841.0,1799.0
68,184,2841.0,1799.0
68,185,2841.0,1799.0
68,186,2841.0,1799.0
68,187,2841.0,1799.0
68,188,2841.0,1799.0
68,189,2841.0,1799.0
68,190,2841.0,1799.0
68,191,2841.0,1799.0
68,192,2841.0,1799.0
68,193,2841.0,1799.0
68,194,2841.0,1799.0
68,195,2841.0,1799.0
68,196,2841.0,1799.0
68,197,2841.0,1799.0
68,198,2841.0,1799.0
68,199,2841.0,1799.0
68,200,2841.0,1799.0
68,201,2841.0,1799.0
68,202,2841.0,1799.0
68,203,2841.0,1799.0
68,204,2841.0,1799.0
68,205,2841.0,1799.0
68,206,2841.0,1799.0
68,207,2841.0,1799.0
68,208,2841.0,1799.0
68,209,2841.0,1799.0
68,210,2841.0,1799.0
68,211,2841.0,1799.0
68,212,2841.0,1799.0
68,213,2841.0,1799.0
68,214,2841.0,1799.0
68,215,2841.0,1799.0
68,216,2841.0,1799.0
68,217,2841.0,1799.0
68,218,2841.0,1799.0
68,219,2841.0,1799.0
68,220,2841.0,1799.0
68,221,2841.0,1799.0
68,222,2841.0,1799.0
68,223,2841.0,1799.0
68,224,2841.0,1799.0
68,225,2841.0,1799.0
68,226,2841.0,1799.0
68,227,2841.0,1799.0
68,228,2841.0,1799.0
68,229,2841.0,1799.0
68,230,2841.0,1799.0
68,231,2841.0,1799.0
68,232,2841.0,1799.0
68,233,2841.0,1799.0
68,234,2841.0,1799.0
68,235,2841.0,1799.0
68,236,2841.0,1799.0
68,237,2841.0,1799.0
68,238,2841.0,1799.0
68,239,2841.0,1799.0
68,240,2841.0,1799.0
68,241,2841.0,1799.0
68,242,2841.0,1799.0
68,243,2841.0,1799.0
68,244,2841.0,1799.0
68,245,2841.0,1799.0
68,246,2841.0,1799.0
68,247,2841.0,1799.0
68,248,2841.0,1799.0
68,249,2841.0,1799.0
68,250,2841.0,1799.0
68,251,2841.0,1799.0
68,252,2841.0,1799.0
68,253,2841.0,1799.0
68,254,2841.0,1799.0
68,255,2841.0,1799.0
68,256,2841.0,1799.0
68,257,2841.0,1799.0
68,258,2841.0,1799.0
68,259,2841.0,1799.0
68,260,2841.0,1799.0
68,261,2841.0,1799.0
68,262,2841.0,1799.0
68,263,2841.0,1799.0
68,264,2841.0,1799.0
68,265,2841.0,1799.0
68,266,2841.0,1799.0
68,267,2841.0,1799.0
68,268,2841.0,1799.0
68,269,2841.0,1799.0
68,270,2841.0,1799.0
68,271,2841.0,1799.0
68,272,2841.0,1799.0
68,273,2841.0,1799.0
68,274,2841.0,1799.0
68,275,2841.0,1799.0
68,276,2841.0,1799.0
68,277,2841.0,1799.0
68,278,2841.0,1799.0
68,279,2841.0,1799.0
68,280,2841.0,1799.0
68,281,2841.0,1799.0
68,282,2841.0,1799.0
68,283,2841.0,1799.0
68,284,2841.0,1799.0
68,285,2841.0,1799.0
68,286,2841.0,1799.0
68,287,2841.0,1799.0
68,288,2841.0,1799.0
68,289,2841.0,1799.0
68,290,2841.0,1799.0
68,291,2841.0,1799.0
68,292,2841.0,1799.0
68,293,2841.0,1799.0
68,294,2841.0,1799.0
68,295,2841.0,1799.0
68,296,2841.0,1799.0
68,297,2841.0,1799.0
68,298,2841.0,1799.0
68,299,2841.0,1799.0
68,300,2841.0,1799.0
68,301,2841.0,1799.0
68,302,2841.0,1799.0
68,303,2841.0,1799.0
68,304,2841.0,1799.0
68,305,2841.0,1799.0
68,306,2841.0,1799.0
68,307,2841.0,1799.0
68,308,2841.0,1799.0
68,309,2841.0,1799.0
68,310,2841.0,1799.0
68,311,2841.0,1799.0
68,312,2841.0,1799.0
68,313,2841.0,1799.0
68,314,2841.0,1799.0
68,315,2841.0,1799.0
68,316,2841.0,1799.0
68,317,2841.0,1799.0
68,318,2841.0,1799.0
68,319,2841.0,1799.0
68,320,2841.0,1799.0
68,321,2841.0,1799.0
68,322,2841.0,1799.0
68,323,2841.0,1799.0
68,324,2841.0,1799.0
68,325,2841.0,1799.0
68,326,2841.0,1799.0
68,327,2841.0,1799.0
68,328,2841.0,1799.0
68,329,2841.0,1799.0
68,330,2841.0,1799.0
68,331,2841.0,1799.0
68,332,2841.0,1799.0
68,333,2841.0,1799.0
68,334,2841.0,1799.0
68,335,2841.0,1799.0
68,336,2841.0,1799.0
68,337,2841.0,1799.0
68,338,2841.0,1799.0
68,339,2841.0,1799.0
68,340,2841.0,1799.0
68,341,2841.0,1799.0
68,342,2841.0,1799.0
68,343,2841.0,1799.0
68,344,2841.0,1799.0
68,345,2841.0,1799.0
68,346,2841.0,1799.0
68,347,2841.0,1799.0
68,348,2841.0,1799.0
68,349,2841.0,1799.0
68,350,2841.0,1799.0
68,351,2841.0,1799.0
68,352,2841.0,1799.0
68,353,2841.0,1799.0
68,354,2841.0,1799.0
68,355,2841.0,1799.0
68,356,2841.0,1799.0
68,357,2841.0,1799.0
68,358,2841.0,1799.0
68,359,2841.0,1799.0
69,0,1422.0,2161.0
69,1,1422.0,2161.0
69,2,1422.0,2161.0
69,3,1422.0,2161.0
69,4,1422.0,2161.0
69,5,1422.0,2161.0
69,6,1422.0,2161.0
69,7,1422.0,2161.0
69,8,1422.0,2161.0
69,9,1422.0,2161.0
69,10,1422.0,2161.0
69,11,1422.0,2161.0
69,12,1422.0,2161.0
69,13,1422.0,2161.0
69,14,1422.0,2161.0
69,15,1422.0,2161.0
69,16,1422.0,2161.0
69,17,1422.0,2161.0
69,18,1422.0,2161.0
69,19,1422.0,2161.0
69,20,1422.0,2161.0
69,21,1422.0,2161.0
69,22,1422.0,2161.0
69,23,1422.0,2161.0
69,24,1422.0,2161.0
69,25,1422.0,2161.0
69,26,1422.0,2161.0
69,27,1422.0,2161.0
69,28,1422.0,2161.0
69,29,1422.0,2161.0
69,30,1422.0,2161.0
69,31,1422.0,2161.0
69,32,1422.0,2161.0
69,33,1422.0,2161.0
69,34,1422.0,2161.0
69,35,1422.0,2161.0
69,36,1422.0,2161.0
69,37,1422.0,2161.0
69,38,1422.0,2161.0
69,39,1422.0,2161.0
69,40,1422.0,2161.0
69,41,1422.0,2161.0
69,42,1422.0,2161.0
69,43,1422.0,2161.0
69,44,1422.0,2161.0
69,45,1422.0,2161.0
69,46,1422.0,2161.0
69,47,1422.0,2161.0
69,48,1422.0,2161.0
69,49,1422.0,2161.0
69,50,1422.0,2161.0
69,51,1422.0,2161.0
69,52,1422.0,2161.0
69,53,1422.0,2161.0
69,54,1422.0,2161.0
69,55,1422.0,2161.0
69,56,1422.0,2161.0
69,57,1422.0,2161.0
69,58,1422.0,2161.0
69,59,1422.0,2161.0
69,60,1422.0,2161.0
69,61,1422.0,2161.0
69,62,1422.0,2161.0
69,63,1422.0,2161.0
69,64,1422.0,2161.0
69,65,1422.0,2161.0
69,66,1422.0,2161.0
69,67,1422.0,2161.0
69,68,1422.0,2161.0
69,69,1422.0,2161.0
69,70,1422.0,2161.0
69,71,1422.0,2161.0
69,72,1422.0,2161.0
69,73,1422.0,2161.0
69,74,1422.0,2161.0
69,75,1422.0,2161.0
69,76,1422.0,2161.0
69,77,1422.0,2161.0
69,78,1422.0,2161.0
69,79,1422.0,2161.0
69,80,1422.0,2161.0
69,81,1422.0,2161.0
69,82,1422.0,2161.0
69,83,1422.0,2161.0
69,84,1422.0,2161.0
69,85,1422.0,2161.0
69,86,1422.0,2161.0
69,87,1422.0,2161.0
69,88,1422.0,2161.0
69,89,1422.0,2161.0
69,90,1422.0,2161.0
69,91,1422.0,2161.0
69,92,1422.0,2161.0
69,93,1422.0,2161.0
69,94,1422.0,2161.0
69,95,1422.0,2161.0
69,96,1422.0,2161.0
69,97,1422.0,2161.0
69,98,1422.0,2161.0
69,99,1422.0,2161.0
69,100,1422.0,2161.0
69,101,1422.0,2161.0
69,102,1422.0,2161.0
69,103,1422.0,2161.0
69,104,1422.0,2161.0
69,105,1422.0,2161.0
69,106,1422.0,2161.0
69,107,1422.0,2161.0
69,108,1422.0,2161.0
69,109,1422.0,2161.0
69,110,1422.0,2161.0
69,111,1422.0,2161.0
69,112,1422.0,2161.0
69,113,1422.0,2161.0
69,114,1422.0,2161.0
69,115,1422.0,2161.0
69,116,1422.0,2161.0
69,117,1422.0,2161.0
69,118,1422.0,2161.0
69,119,1422.0,2161.0
69,120,1422.0,2161.0
69,121,1422.0,2161.0
69,122,1422.0,2161.0
69,123,1422.0,2161.0
69,124,1422.0,2161.0
69,125,1422.0,2161.0
69,126,1422.0,2161.0
69,127,1422.0,2161.0
69,128,1422.0,2161.0
69,129,1422.0,2161.0
69,130,1422.0,2161.0
69,131,1422.0,2161.0
69,132,1422.0,2161.0
69,133,1422.0,2161.0
69,134,1422.0,2161.0
69,135,1422.0,2161.0
69,136,1422.0,2161.0
69,137,1422.0,2161.0
69,138,1422.0,2161.0
69,139,1422.0,2161.0
69,140,1422.0,2161.0
69,141,1422.0,2161.0
69,142,1422.0,2161.0
69,143,1422.0,2161.0
69,144,1422.0,2161.0
69,145,1422.0,2161.0
69,146,1422.0,2161.0
69,147,1422.0,2161.0
69,148,1422.0,2161.0
69,149,1422.0,2161.0
69,150,1422.0,2161.0
69,151,1422.0,2161.0
69,152,1422.0,2161.0
69,153,1422.0,2161.0
69,154,1422.0,2161.0
69,155,1422.0,2161.0
69,156,1422.0,2161.0
69,157,1422.0,2161.0
69,158,1422.0,2161.0
69,159,1422.0,2161.0
69,160,1422.0,2161.0
69,161,1422.0,2161.0
69,162,1422.0,2161.0
69,163,1422.0,2161.0
69,164,1422.0,2161.0
69,165,1422.0,2161.0
69,166,1422.0,2161.0
69,167,1422.0,2161.0
69,168,1422.0,2161.0
69,169,1422.0,2161.0
69,170,1422.0,2161.0
69,171,1422.0,2161.0
69,172,1422.0,2161.0
69,173,1422.0,2161.0
69,174,1422.0,2161.0
69,175,1422.0,2161.0
69,176,1422.0,2161.0
69,177,1422.0,2161.0
69,178,1422.0,2161.0
69,179,1422.0,2161.0
69,180,1422.0,2161.0
69,181,1422.0,2161.0
69,182,1422.0,2161.0
69,183,1422.0,2161.0
69,184,1422.0,2161.0
69,185,1422.0,2161.0
69,186,1422.0,2161.0
69,187,1422.0,2161.0
69,188,1422.0,2161.0
69,189,1422.0,2161.0
69,190,1422.0,2161.0
69,191,1422.0,2161.0
69,192,1422.0,2161.0
69,193,1422.0,2161.0
69,194,1422.0,2161.0
69,195,1422.0,2161.0
69,196,1422.0,2161.0
69,197,1422.0,2161.0
69,198,1422.0,2161.0
69,199,1422.0,2161.0
69,200,1422.0,2161.0
69,201,1422.0,2161.0
69,202,1422.0,2161.0
69,203,1422.0,2161.0
69,204,1422.0,2161.0
69,205,1422.0,2161.0
69,206,1422.0,2161.0
69,207,1422.0,2161.0
69,208,1422.0,2161.0
69,209,1422.0,2161.0
69,210,1422.0,2161.0
69,211,1422.0,2161.0
69,212,1422.0,2161.0
69,213,1422.0,2161.0
69,214,1422.0,2161.0
69,215,1422.0,2161.0
69,216,1422.0,2161.0
69,217,1422.0,2161.0
69,218,1422.0,2161.0
69,219,1422.0,2161.0
69,220,1422.0,2161.0
69,221,1422.0,2161.0
69,222,1422.0,2161.0
69,223,1422.0,2161.0
69,224,1422.0,2161.0
69,225,1422.0,2161.0
69,226,1422.0,2161.0
69,227,1422.0,2161.0
69,228,1422.0,2161.0
69,229,1422.0,2161.0
69,230,1422.0,2161.0
69,231,1422.0,2161.0
69,232,1422.0,2161.0
69,233,1422.0,2161.0
69,234,1422.0,2161.0
69,235,1422.0,2161.0
69,236,1422.0,2161.0
69,237,1422.0,2161.0
69,238,1422.0,2161.0
69,239,1422.0,2161.0
69,240,1422.0,2161.0
69,241,1422.0,2161.0
69,242,1422.0,2161.0
69,243,1422.0,2161.0
69,244,1422.0,2161.0
69,245,1422.0,2161.0
69,246,1422.0,2161.0
69,247,1422.0,2161.0
69,248,1422.0,2161.0
69,249,1422.0,2161.0
69,250,1422.0,2161.0
69,251,1422.0,2161.0
69,252,1422.0,2161.0
69,253,1422.0,2161.0
69,254,1422.0,2161.0
69,255,1422.0,2161.0
69,256,1422.0,2161.0
69,257,1422.0,2161.0
69,258,1422.0,2161.0
69,259,1422.0,2161.0
69,260,1422.0,2161.0
69,261,1422.0,2161.0
69,262,1422.0,2161.0
69,263,1422.0,2161.0
69,264,1422.0,2161.0
69,265,1422.0,2161.0
69,266,1422.0,2161.0
69,267,1422.0,2161.0
69,268,1422.0,2161.0
69,269,1422.0,2161.0
69,270,1422.0,2161.0
69,271,1422.0,2161.0
69,272,1422.0,2161.0
69,273,1422.0,2161.0
69,274,1422.0,2161.0
69,275,1422.0,2161.0
69,276,1422.0,2161.0
69,277,1422.0,2161.0
69,278,1422.0,2161.0
69,279,1422.0,2161.0
69,280,1422.0,2161.0
69,281,1422.0,2161.0
69,282,1422.0,2161.0
69,283,1422.0,2161.0
69,284,1422.0,2161.0
69,285,1422.0,2161.0
69,286,1422.0,2161.0
69,287,1422.0,2161.0
69,288,1422.0,2161.0
69,289,1422.0,2161.0
69,290,1422.0,2161.0
69,291,1422.0,2161.0
69,292,1422.0,2161.0
69,293,1422.0,2161.0
69,294,1422.0,2161.0
69,295,1422.0,2161.0
69,296,1422.0,2161.0
69,297,1422.0,2161.0
69,298,1422.0,2161.0
69,299,1422.0,2161.0
69,300,1422.0,2161.0
69,301,1422.0,2161.0
69,302,1422.0,2161.0
69,303,1422.0,2161.0
69,304,1422.0,2161.0
69,305,1422.0,2161.0
69,306,1422.0,2161.0
69,307,1422.0,2161.0
69,308,1422.0,2161.0
69,309,1422.0,2161.0
69,310,1422.0,2161.0
69,311,1422.0,2161.0
69,312,1422.0,2161.0
69,313,1422.0,2161.0
69,314,1422.0,2161.0
69,315,1422.0,2161.0
69,316,1422.0,2161.0
69,317,1422.0,2161.0
69,318,1422.0,2161.0
69,319,1422.0,2161.0
69,320,1422.0,2161.0
69,321,1422.0,2161.0
69,322,1422.0,2161.0
69,323,1422.0,2161.0
69,324,1422.0,2161.0
69,325,1422.0,2161.0
69,326,1422.0,2161.0
69,327,1422.0,2161.0
69,328,1422.0,2161.0
69,329,1422.0,2161.0
69,330,1422.0,2161.0
69,331,1422.0,2161.0
69,332,1422.0,2161.0
69,333,1422.0,2161.0
69,334,1422.0,2161.0
69,335,1422.0,2161.0
69,336,1422.0,2161.0
69,337,1422.0,2161.0
69,338,1422.0,2161.0
69,339,1422.0,2161.0
69,340,1422.0,2161.0
69,341,1422.0,2161.0
69,342,1422.0,2161.0
69,343,1422.0,2161.0
69,344,1422.0,2161.0
69,345,1422.0,2161.0
69,346,1422.0,2161.0
69,347,1422.0,2161.0
69,348,1422.0,2161.0
69,349,1422.0,2161.0
69,350,1422.0,2161.0
69,351,1422.0,2161.0
69,352,1422.0,2161.0
69,353,1422.0,2161.0
69,354,1422.0,2161.0
69,355,1422.0,2161.0
69,356,1422.0,2161.0
69,357,1422.0,2161.0
69,358,1422.0,2161.0
69,359,1422.0,2161.0
70,0,1148.0,2056.0
70,1,1148.0,2056.0
70,2,1148.0,2056.0
70,3,1148.0,2056.0
70,4,1148.0,2056.0
70,5,1148.0,2056.0
70,6,1148.0,2056.0
70,7,1148.0,2056.0
70,8,1148.0,2056.0
70,9,1148.0,2056.0
70,10,1148.0,2056.0
70,11,1148.0,2056.0
70,12,1148.0,2056.0
70,13,1148.0,2056.0
70,14,1148.0,2056.0
70,15,1148.0,2056.0
70,16,1148.0,2056.0
70,17,1148.0,2056.0
70,18,1148.0,2056.0
70,19,1148.0,2056.0
70,20,1148.0,2056.0
70,21,1148.0,2056.0
70,22,1148.0,2056.0
70,23,1148.0,2056.0
70,24,1148.0,2056.0
70,25,1148.0,2056.0
70,26,1148.0,2056.0
70,27,1148.0,2056.0
70,28,1148.0,2056.0
70,29,1148.0,2056.0
70,30,1148.0,2056.0
70,31,1148.0,2056.0
70,32,1148.0,2056.0
70,33,1148.0,2056.0
70,34,1148.0,2056.0
70,35,1148.0,2056.0
70,36,1148.0,2056.0
70,37,1148.0,2056.0
70,38,1148.0,2056.0
70,39,1148.0,2056.0
70,40,1148.0,2056.0
70,41,1148.0,2056.0
70,42,1148.0,2056.0
70,43,1148.0,2056.0
70,44,1148.0,2056.0
70,45,1148.0,2056.0
70,46,1148.0,2056.0
70,47,1148.0,2056.0
70,48,1148.0,2056.0
70,49,1148.0,2056.0
70,50,1148.0,2056.0
70,51,1148.0,2056.0
70,52,1148.0,2056.0
70,53,1148.0,2056.0
70,54,1148.0,2056.0
70,55,1148.0,2056.0
70,56,1148.0,2056.0
70,57,1148.0,2056.0
70,58,1148.0,2056.0
70,59,1148.0,2056.0
70,60,1148.0,2056.0
70,61,1148.0,2056.0
70,62,1148.0,2056.0
70,63,1148.0,2056.0
70,64,1148.0,2056.0
70,65,1148.0,2056.0
70,66,1148.0,2056.0
70,67,1148.0,2056.0
70,68,1148.0,2056.0
70,69,1148.0,2056.0
70,70,1148.0,2056.0
70,71,1148.0,2056.0
70,72,1148.0,2056.0
70,73,1148.0,2056.0
70,74,1148.0,2056.0
70,75,1148.0,2056.0
70,76,1148.0,2056.0
70,77,1148.0,2056.0
70,78,1148.0,2056.0
70,79,1148.0,2056.0
70,80,1148.0,2056.0
70,81,1148.0,2056.0
70,82,1148.0,2056.0
70,83,1148.0,2056.0
70,84,1148.0,2056.0
70,85,1148.0,2056.0
70,86,1148.0,2056.0
70,87,1148.0,2056.0
70,88,1148.0,2056.0
70,89,1148.0,2056.0
70,90,1148.0,2056.0
70,91,1148.0,2056.0
70,92,1148.0,2056.0
70,93,1148.0,2056.0
70,94,1148.0,2056.0
70,95,1148.0,2056.0
70,96,1148.0,2056.0
70,97,1148.0,2056.0
70,98,1148.0,2056.0
70,99,1148.0,2056.0
70,100,1148.0,2056.0
70,101,1148.0,2056.0
70,102,1148.0,2056.0
70,103,1148.0,2056.0
70,104,1148.0,2056.0
70,105,1148.0,2056.0
70,106,1148.0,2056.0
70,107,1148.0,2056.0
70,108,1148.0,2056.0
70,109,1148.0,2056.0
70,110,1148.0,2056.0
70,111,1148.0,2056.0
70,112,1148.0,2056.0
70,113,1148.0,2056.0
70,114,1148.0,2056.0
70,115,1148.0,2056.0
70,116,1148.0,2056.0
70,117,1148.0,2056.0
70,118,1148.0,2056.0
70,119,1148.0,2056.0
70,120,1148.0,2056.0
70,121,1148.0,2056.0
70,122,1148.0,2056.0
70,123,1148.0,2056.0
70,124,1148.0,2056.0
70,125,1148.0,2056.0
70,126,1148.0,2056.0
70,127,1148.0,2056.0
70,128,1148.0,2056.0
70,129,1148.0,2056.0
70,130,1148.0,2056.0
70,131,1148.0,2056.0
70,132,1148.0,2056.0
70,133,1148.0,2056.0
70,134,1148.0,2056.0
70,135,1148.0,2056.0
70,136,1148.0,2056.0
70,137,1148.0,2056.0
70,138,1148.0,2056.0
70,139,1148.0,2056.0
70,140,1148.0,2056.0
70,141,1148.0,2056.0
70,142,1148.0,2056.0
70,143,1148.0,2056.0
70,144,1148.0,2056.0
70,145,1148.0,2056.0
70,146,1148.0,2056.0
70,147,1148.0,2056.0
70,148,1148.0,2056.0
70,149,1148.0,2056.0
70,150,1148.0,2056.0
70,151,1148.0,2056.0
70,152,1148.0,2056.0
70,153,1148.0,2056.0
70,154,1148.0,2056.0
70,155,1148.0,2056.0
70,156,1148.0,2056.0
70,157,1148.0,2056.0
70,158,1148.0,2056.0
70,159,1148.0,2056.0
70,160,1148.0,2056.0
70,161,1148.0,2056.0
70,162,1148.0,2056.0
70,163,1148.0,2056.0
70,164,1148.0,2056.0
70,165,1148.0,2056.0
70,166,1148.0,2056.0
70,167,1148.0,2056.0
70,168,1148.0,2056.0
70,169,1148.0,2056.0
70,170,1148.0,2056.0
70,171,1148.0,2056.0
70,172,1148.0,2056.0
70,173,1148.0,2056.0
70,174,1148.0,2056.0
70,175,1148.0,2056.0
70,176,1148.0,2056.0
70,177,1148.0,2056.0
70,178,1148.0,2056.0
70,179,1148.0,2056.0
70,180,1148.0,2056.0
70,181,1148.0,2056.0
70,182,1148.0,2056.0
70,183,1148.0,2056.0
70,184,1148.0,2056.0
70,185,1148.0,2056.0
70,186,1148.0,2056.0
70,187,1148.0,2056.0
70,188,1148.0,2056.0
70,189,1148.0,2056.0
70,190,1148.0,2056.0
70,191,1148.0,2056.0
70,192,1148.0,2056.0
70,193,1148.0,2056.0
70,194,1148.0,2056.0
70,195,1148.0,2056.0
70,196,1148.0,2056.0
70,197,1148.0,2056.0
70,198,1148.0,2056.0
70,199,1148.0,2056.0
70,200,1148.0,2056.0
70,201,1148.0,2056.0
70,202,1148.0,2056.0
70,203,1148.0,2056.0
70,204,1148.0,2056.0
70,205,1148.0,2056.0
70,206,1148.0,2056.0
70,207,1148.0,2056.0
70,208,1148.0,2056.0
70,209,1148.0,2056.0
70,210,1148.0,2056.0
70,211,1148.0,2056.0
70,212,1148.0,2056.0
70,213,1148.0,2056.0
70,214,1148.0,2056.0
70,215,1148.0,2056.0
70,216,1148.0,2056.0
70,217,1148.0,2056.0
70,218,1148.0,2056.0
70,219,1148.0,2056.0
70,220,1148.0,2056.0
70,221,1148.0,2056.0
70,222,1148.0,2056.0
70,223,1148.0,2056.0
70,224,1148.0,2056.0
70,225,1148.0,2056.0
70,226,1148.0,2056.0
70,227,1148.0,2056.0
70,228,1148.0,2056.0
70,229,1148.0,2056.0
70,230,1148.0,2056.0
70,231,1148.0,2056.0
70,232,1148.0,2056.0
70,233,1148.0,2056.0
70,234,1148.0,2056.0
70,235,1148.0,2056.0
70,236,1148.0,2056.0
70,237,1148.0,2056.0
70,238,1148.0,2056.0
70,239,1148.0,2056.0
70,240,1148.0,2056.0
70,241,1148.0,2056.0
70,242,1148.0,2056.0
70,243,1148.0,2056.0
70,244,1148.0,2056.0
70,245,1148.0,2056.0
70,246,1148.0,2056.0
70,247,1148.0,2056.0
70,248,1148.0,2056.0
70,249,1148.0,2056.0
70,250,1148.0,2056.0
70,251,1148.0,2056.0
70,252,1148.0,2056.0
70,253,1148.0,2056.0
70,254,1148.0,2056.0
70,255,1148.0,2056.0
70,256,1148.0,2056.0
70,257,1148.0,2056.0
70,258,1148.0,2056.0
70,259,1148.0,2056.0
70,260,1148.0,2056.0
70,261,1148.0,2056.0
70,262,1148.0,2056.0
70,263,1148.0,2056.0
70,264,1148.0,2056.0
70,265,1148.0,2056.0
70,266,1148.0,2056.0
70,267,1148.0,2056.0
70,268,1148.0,2056.0
70,269,1148.0,2056.0
70,270,1148.0,2056.0
70,271,1148.0,2056.0
70,272,1148.0,2056.0
70,273,1148.0,2056.0
70,274,1148.0,2056.0
70,275,1148.0,2056.0
70,276,1148.0,2056.0
70,277,1148.0,2056.0
70,278,1148.0,2056.0
70,279,1148.0,2056.0
70,280,1148.0,2056.0
70,281,1148.0,2056.0
70,282,1148.0,2056.0
70,283,1148.0,2056.0
70,284,1148.0,2056.0
70,285,1148.0,2056.0
70,286,1148.0,2056.0
70,287,1148.0,2056.0
70,288,1148.0,2056.0
70,289,1148.0,2056.0
70,290,1148.0,2056.0
70,291,1148.0,2056.0
70,292,1148.0,2056.0
70,293,1148.0,2056.0
70,294,1148.0,2056.0
70,295,1148.0,2056.0
70,296,1148.0,2056.0
70,297,1148.0,2056.0
70,298,1148.0,2056.0
70,299,1148.0,2056.0
70,300,1148.0,2056.0
70,301,1148.0,2056.0
70,302,1148.0,2056.0
70,303,1148.0,2056.0
70,304,1148.0,2056.0
70,305,1148.0,2056.0
70,306,1148.0,2056.0
70,307,1148.0,2056.0
70,308,1148.0,2056.0
70,309,1148.0,2056.0
70,310,1148.0,2056.0
70,311,1148.0,2056.0
70,312,1148.0,2056.0
70,313,1148.0,2056.0
70,314,1148.0,2056.0
70,315,1148.0,2056.0
70,316,1148.0,2056.0
70,317,1148.0,2056.0
70,318,1148.0,2056.0
70,319,1148.0,2056.0
70,320,1148.0,2056.0
70,321,1148.0,2056.0
70,322,1148.0,2056.0
70,323,1148.0,2056.0
70,324,1148.0,2056.0
70,325,1148.0,2056.0
70,326,1148.0,2056.0
70,327,1148.0,2056.0
70,328,1148.0,2056.0
70,329,1148.0,2056.0
70,330,1148.0,2056.0
70,331,1148.0,2056.0
70,332,1148.0,2056.0
70,333,1148.0,2056.0
70,334,1148.0,2056.0
70,335,1148.0,2056.0
70,336,1148.0,2056.0
70,337,1148.0,2056.0
70,338,1148.0,2056.0
70,339,1148.0,2056.0
70,340,1148.0,2056.0
70,341,1148.0,2056.0
70,342,1148.0,2056.0
70,343,1148.0,2056.0
70,344,1148.0,2056.0
70,345,1148.0,2056.0
70,346,1148.0,2056.0
70,347,1148.0,2056.0
70,348,1148.0,2056.0
70,349,1148.0,2056.0
70,350,1148.0,2056.0
70,351,1148.0,2056.0
70,352,1148.0,2056.0
70,353,1148.0,2056.0
70,354,1148.0,2056.0
70,355,1148.0,2056.0
70,356,1148.0,2056.0
70,357,1148.0,2056.0
70,358,1148.0,2056.0
70,359,1148.0,2056.0
71,0,2958.0,1745.0
71,1,2958.0,1745.0
71,2,2958.0,1745.0
71,3,2958.0,1745.0
71,4,2958.0,1745.0
71,5,2958.0,1745.0
71,6,2958.0,1745.0
71,7,2958.0,1745.0
71,8,2958.0,1745.0
71,9,2958.0,1745.0
71,10,2958.0,1745.0
71,11,2958.0,1745.0
71,12,2958.0,1745.0
71,13,2958.0,1745.0
71,14,2958.0,1745.0
71,15,2958.0,1745.0
71,16,2958.0,1745.0
71,17,2958.0,1745.0
71,18,2958.0,1745.0
71,19,2958.0,1745.0
71,20,2958.0,1745.0
71,21,2958.0,1745.0
71,22,2958.0,1745.0
71,23,2958.0,1745.0
71,24,2958.0,1745.0
71,25,2958.0,1745.0
71,26,2958.0,1745.0
71,27,2958.0,1745.0
71,28,2958.0,1745.0
71,29,2958.0,1745.0
71,30,2958.0,1745.0
71,31,2958.0,1745.0
71,32,2958.0,1745.0
71,33,2958.0,1745.0
71,34,2958.0,1745.0
71,35,2958.0,1745.0
71,36,2958.0,1745.0
71,37,2958.0,1745.0
71,38,2958.0,1745.0
71,39,2958.0,1745.0
71,40,2958.0,1745.0
71,41,2958.0,1745.0
71,42,2958.0,1745.0
71,43,2958.0,1745.0
71,44,2958.0,1745.0
71,45,2958.0,1745.0
71,46,2958.0,1745.0
71,47,2958.0,1745.0
71,48,2958.0,1745.0
71,49,2958.0,1745.0
71,50,2958.0,1745.0
71,51,2958.0,1745.0
71,52,2958.0,1745.0
71,53,2958.0,1745.0
71,54,2958.0,1745.0
71,55,2958.0,1745.0
71,56,2958.0,1745.0
71,57,2958.0,1745.0
71,58,2958.0,1745.0
71,59,2958.0,1745.0
71,60,2958.0,1745.0
71,61,2958.0,1745.0
71,62,2958.0,1745.0
71,63,2958.0,1745.0
71,64,2958.0,1745.0
71,65,2958.0,1745.0
71,66,2958.0,1745.0
71,67,2958.0,1745.0
71,68,2958.0,1745.0
71,69,2958.0,1745.0
71,70,2958.0,1745.0
71,71,2958.0,1745.0
71,72,2958.0,1745.0
71,73,2958.0,1745.0
71,74,2958.0,1745.0
71,75,2958.0,1745.0
71,76,2958.0,1745.0
71,77,2958.0,1745.0
71,78,2958.0,1745.0
71,79,2958.0,1745.0
71,80,2958.0,1745.0
71,81,2958.0,1745.0
71,82,2958.0,1745.0
71,83,2958.0,1745.0
71,84,2958.0,1745.0
71,85,2958.0,1745.0
71,86,2958.0,1745.0
71,87,2958.0,1745.0
71,88,2958.0,1745.0
71,89,2958.0,1745.0
71,90,2958.0,1745.0
71,91,2958.0,1745.0
71,92,2958.0,1745.0
71,93,2958.0,1745.0
71,94,2958.0,1745.0
71,95,2958.0,1745.0
71,96,2958.0,1745.0
71,97,2958.0,1745.0
71,98,2958.0,1745.0
71,99,2958.0,1745.0
71,100,2958.0,1745.0
71,101,2958.0,1745.0
71,102,2958.0,1745.0
71,103,2958.0,1745.0
71,104,2958.0,1745.0
71,105,2958.0,1745.0
71,106,2958.0,1745.0
71,107,2958.0,1745.0
71,108,2958.0,1745.0
71,109,2958.0,1745.0
71,110,2958.0,1745.0
71,111,2958.0,1745.0
71,112,2958.0,1745.0
71,113,2958.0,1745.0
71,114,2958.0,1745.0
71,115,2958.0,1745.0
71,116,2958.0,1745.0
71,117,2958.0,1745.0
71,118,2958.0,1745.0
71,119,2958.0,1745.0
71,120,2958.0,1745.0
71,121,2958.0,1745.0
71,122,2958.0,1745.0
71,123,2958.0,1745.0
71,124,2958.0,1745.0
71,125,2958.0,1745.0
71,126,2958.0,1745.0
71,127,2958.0,1745.0
71,128,2958.0,1745.0
71,129,2958.0,1745.0
71,130,2958.0,1745.0
71,131,2958.0,1745.0
71,132,2958.0,1745.0
71,133,2958.0,1745.0
71,134,2958.0,1745.0
71,135,2958.0,1745.0
71,136,2958.0,1745.0
71,137,2958.0,1745.0
71,138,2958.0,1745.0
71,139,2958.0,1745.0
71,140,2958.0,1745.0
71,141,2958.0,1745.0
71,142,2958.0,1745.0
71,143,2958.0,1745.0
71,144,2958.0,1745.0
71,145,2958.0,1745.0
71,146,2958.0,1745.0
71,147,2958.0,1745.0
71,148,2958.0,1745.0
71,149,2958.0,1745.0
71,150,2958.0,1745.0
71,151,2958.0,1745.0
71,152,2958.0,1745.0
71,153,2958.0,1745.0
71,154,2958.0,1745.0
71,155,2958.0,1745.0
71,156,2958.0,1745.0
71,157,2958.0,1745.0
71,158,2958.0,1745.0
71,159,2958.0,1745.0
71,160,2958.0,1745.0
71,161,2958.0,1745.0
71,162,2958.0,1745.0
71,163,2958.0,1745.0
71,164,2958.0,1745.0
71,165,2958.0,1745.0
71,166,2958.0,1745.0
71,167,2958.0,1745.0
71,168,2958.0,1745.0
71,169,2958.0,1745.0
71,170,2958.0,1745.0
71,171,2958.0,1745.0
71,172,2958.0,1745.0
71,173,2958.0,1745.0
71,174,2958.0,1745.0
71,175,2958.0,1745.0
71,176,2958.0,1745.0
71,177,2958.0,1745.0
71,178,2958.0,1745.0
71,179,2958.0,1745.0
71,180,2958.0,1745.0
71,181,2958.0,1745.0
71,182,2958.0,1745.0
71,183,2958.0,1745.0
71,184,2958.0,1745.0
71,185,2958.0,1745.0
71,186,2958.0,1745.0
71,187,2958.0,1745.0
71,188,2958.0,1745.0
71,189,2958.0,1745.0
71,190,2958.0,1745.0
71,191,2958.0,1745.0
71,192,2958.0,1745.0
71,193,2958.0,1745.0
71,194,2958.0,1745.0
71,195,2958.0,1745.0
71,196,2958.0,1745.0
71,197,2958.0,1745.0
71,198,2958.0,1745.0
71,199,2958.0,1745.0
71,200,2958.0,1745.0
71,201,2958.0,1745.0
71,202,2958.0,1745.0
71,203,2958.0,1745.0
71,204,2958.0,1745.0
71,205,2958.0,1745.0
71,206,2958.0,1745.0
71,207,2958.0,1745.0
71,208,2958.0,1745.0
71,209,2958.0,1745.0
71,210,2958.0,1745.0
71,211,2958.0,1745.0
71,212,2958.0,1745.0
71,213,2958.0,1745.0
71,214,2958.0,1745.0
71,215,2958.0,1745.0
71,216,2958.0,1745.0
71,217,2958.0,1745.0
71,218,2958.0,1745.0
71,219,2958.0,1745.0
71,220,2958.0,1745.0
71,221,2958.0,1745.0
71,222,2958.0,1745.0
71,223,2958.0,1745.0
71,224,2958.0,1745.0
71,225,2958.0,1745.0
71,226,2958.0,1745.0
71,227,2958.0,1745.0
71,228,2958.0,1745.0
71,229,2958.0,1745.0
71,230,2958.0,1745.0
71,231,2958.0,1745.0
71,232,2958.0,1745.0
71,233,2958.0,1745.0
71,234,2958.0,1745.0
71,235,2958.0,1745.0
71,236,2958.0,1745.0
71,237,2958.0,1745.0
71,238,2958.0,1745.0
71,239,2958.0,1745.0
71,240,2958.0,1745.0
71,241,2958.0,1745.0
71,242,2958.0,1745.0
71,243,2958.0,1745.0
71,244,2958.0,1745.0
71,245,2958.0,1745.0
71,246,2958.0,1745.0
71,247,2958.0,1745.0
71,248,2958.0,1745.0
71,249,2958.0,1745.0
71,250,2958.0,1745.0
71,251,2958.0,1745.0
71,252,2958.0,1745.0
71,253,2958.0,1745.0
71,254,2958.0,1745.0
71,255,2958.0,1745.0
71,256,2958.0,1745.0
71,257,2958.0,1745.0
71,258,2958.0,1745.0
71,259,2958.0,1745.0
71,260,2958.0,1745.0
71,261,2958.0,1745.0
71,262,2958.0,1745.0
71,263,2958.0,1745.0
71,264,2958.0,1745.0
71,265,2958.0,1745.0
71,266,2958.0,1745.0
71,267,2958.0,1745.0
71,268,2958.0,1745.0
71,269,2958.0,1745.0
71,270,2958.0,1745.0
71,271,2958.0,1745.0
71,272,2958.0,1745.0
71,273,2958.0,1745.0
71,274,2958.0,1745.0
71,275,2958.0,1745.0
71,276,2958.0,1745.0
71,277,2958.0,1745.0
71,278,2958.0,1745.0
71,279,2958.0,1745.0
71,280,2958.0,1745.0
71,281,2958.0,1745.0
71,282,2958.0,1745.0
71,283,2958.0,1745.0
71,284,2958.0,1745.0
71,285,2958.0,1745.0
71,286,2958.0,1745.0
71,287,2958.0,1745.0
71,288,2958.0,1745.0
71,289,2958.0,1745.0
71,290,2958.0,1745.0
71,291,2958.0,1745.0
71,292,2958.0,1745.0
71,293,2958.0,1745.0
71,294,2958.0,1745.0
71,295,2958.0,1745.0
71,296,2958.0,1745.0
71,297,2958.0,1745.0
71,298,2958.0,1745.0
71,299,2958.0,1745.0
71,300,2958.0,1745.0
71,301,2958.0,1745.0
71,302,2958.0,1745.0
71,303,2958.0,1745.0
71,304,2958.0,1745.0
71,305,2958.0,1745.0
71,306,2958.0,1745.0
71,307,2958.0,1745.0
71,308,2958.0,1745.0
71,309,2958.0,1745.0
71,310,2958.0,1745.0
71,311,2958.0,1745.0
71,312,2958.0,1745.0
71,313,2958.0,1745.0
71,314,2958.0,1745.0
71,315,2958.0,1745.0
71,316,2958.0,1745.0
71,317,2958.0,1745.0
71,318,2958.0,1745.0
71,319,2958.0,1745.0
71,320,2958.0,1745.0
71,321,2958.0,1745.0
71,322,2958.0,1745.0
71,323,2958.0,1745.0
71,324,2958.0,1745.0
71,325,2958.0,1745.0
71,326,2958.0,1745.0
71,327,2958.0,1745.0
71,328,2958.0,1745.0
71,329,2958.0,1745.0
71,330,2958.0,1745.0
71,331,2958.0,1745.0
71,332,2958.0,1745.0
71,333,2958.0,1745.0
71,334,2958.0,1745.0
71,335,2958.0,1745.0
71,336,2958.0,1745.0
71,337,2958.0,1745.0
71,338,2958.0,1745.0
71,339,2958.0,1745.0
71,340,2958.0,1745.0
71,341,2958.0,1745.0
71,342,2958.0,1745.0
71,343,2958.0,1745.0
71,344,2958.0,1745.0
71,345,2958.0,1745.0
71,346,2958.0,1745.0
71,347,2958.0,1745.0
71,348,2958.0,1745.0
71,349,2958.0,1745.0
71,350,2958.0,1745.0
71,351,2958.0,1745.0
71,352,2958.0,1745.0
71,353,2958.0,1745.0
71,354,2958.0,1745.0
71,355,2958.0,1745.0
71,356,2958.0,1745.0
71,357,2958.0,1745.0
71,358,2958.0,1745.0
71,359,2958.0,1745.0
72,0,1566.0,2116.0
72,1,1566.0,2116.0
72,2,1566.0,2116.0
72,3,1566.0,2116.0
72,4,1566.0,2116.0
72,5,1566.0,2116.0
72,6,1566.0,2116.0
72,7,1566.0,2116.0
72,8,1566.0,2116.0
72,9,1566.0,2116.0
72,10,1566.0,2116.0
72,11,1566.0,2116.0
72,12,1566.0,2116.0
72,13,1566.0,2116.0
72,14,1566.0,2116.0
72,15,1566.0,2116.0
72,16,1566.0,2116.0
72,17,1566.0,2116.0
72,18,1566.0,2116.0
72,19,1566.0,2116.0
72,20,1566.0,2116.0
72,21,1566.0,2116.0
72,22,1566.0,2116.0
72,23,1566.0,2116.0
72,24,1566.0,2116.0
72,25,1566.0,2116.0
72,26,1566.0,2116.0
72,27,1566.0,2116.0
72,28,1566.0,2116.0
72,29,1566.0,2116.0
72,30,1566.0,2116.0
72,31,1566.0,2116.0
72,32,1566.0,2116.0
72,33,1566.0,2116.0
72,34,1566.0,2116.0
72,35,1566.0,2116.0
72,36,1566.0,2116.0
72,37,1566.0,2116.0
72,38,1566.0,2116.0
72,39,1566.0,2116.0
72,40,1566.0,2116.0
72,41,1566.0,2116.0
72,42,1566.0,2116.0
72,43,1566.0,2116.0
72,44,1566.0,2116.0
72,45,1566.0,2116.0
72,46,1566.0,2116.0
72,47,1566.0,2116.0
72,48,1566.0,2116.0
72,49,1566.0,2116.0
72,50,1566.0,2116.0
72,51,1566.0,2116.0
72,52,1566.0,2116.0
72,53,1566.0,2116.0
72,54,1566.0,2116.0
72,55,1566.0,2116.0
72,56,1566.0,2116.0
72,57,1566.0,2116.0
72,58,1566.0,2116.0
72,59,1566.0,2116.0
72,60,1566.0,2116.0
72,61,1566.0,2116.0
72,62,1566.0,2116.0
72,63,1566.0,2116.0
72,64,1566.0,2116.0
72,65,1566.0,2116.0
72,66,1566.0,2116.0
72,67,1566.0,2116.0
72,68,1566.0,2116.0
72,69,1566.0,2116.0
72,70,1566.0,2116.0
72,71,1566.0,2116.0
72,72,1566.0,2116.0
72,73,1566.0,2116.0
72,74,1566.0,2116.0
72,75,1566.0,2116.0
72,76,1566.0,2116.0
72,77,1566.0,2116.0
72,78,1566.0,2116.0
72,79,1566.0,2116.0
72,80,1566.0,2116.0
72,81,1566.0,2116.0
72,82,1566.0,2116.0
72,83,1566.0,2116.0
72,84,1566.0,2116.0
72,85,1566.0,2116.0
72,86,1566.0,2116.0
72,87,1566.0,2116.0
72,88,1566.0,2116.0
72,89,1566.0,2116.0
72,90,1566.0,2116.0
72,91,1566.0,2116.0
72,92,1566.0,2116.0
72,93,1566.0,2116.0
72,94,1566.0,2116.0
72,95,1566.0,2116.0
72,96,1566.0,2116.0
72,97,1566.0,2116.0
72,98,1566.0,2116.0
72,99,1566.0,2116.0
72,100,1566.0,2116.0
72,101,1566.0,2116.0
72,102,1566.0,2116.0
72,103,1566.0,2116.0
72,104,1566.0,2116.0
72,105,1566.0,2116.0
72,106,1566.0,2116.0
72,107,1566.0,2116.0
72,108,1566.0,2116.0
72,109,1566.0,2116.0
72,110,1566.0,2116.0
72,111,1566.0,2116.0
72,112,1566.0,2116.0
72,113,1566.0,2116.0
72,114,1566.0,2116.0
72,115,1566.0,2116.0
72,116,1566.0,2116.0
72,117,1566.0,2116.0
72,118,1566.0,2116.0
72,119,1566.0,2116.0
72,120,1566.0,2116.0
72,121,1566.0,2116.0
72,122,1566.0,2116.0
72,123,1566.0,2116.0
72,124,1566.0,2116.0
72,125,1566.0,2116.0
72,126,1566.0,2116.0
72,127,1566.0,2116.0
72,128,1566.0,2116.0
72,129,1566.0,2116.0
72,130,1566.0,2116.0
72,131,1566.0,2116.0
72,132,1566.0,2116.0
72,133,1566.0,2116.0
72,134,1566.0,2116.0
72,135,1566.0,2116.0
72,136,1566.0,2116.0
72,137,1566.0,2116.0
72,138,1566.0,2116.0
72,139,1566.0,2116.0
72,140,1566.0,2116.0
72,141,1566.0,2116.0
72,142,1566.0,2116.0
72,143,1566.0,2116.0
72,144,1566.0,2116.0
72,145,1566.0,2116.0
72,146,1566.0,2116.0
72,147,1566.0,2116.0
72,148,1566.0,2116.0
72,149,1566.0,2116.0
72,150,1566.0,2116.0
72,151,1566.0,2116.0
72,152,1566.0,2116.0
72,153,1566.0,2116.0
72,154,1566.0,2116.0
72,155,1566.0,2116.0
72,156,1566.0,2116.0
72,157,1566.0,2116.0
72,158,1566.0,2116.0
72,159,1566.0,2116.0
72,160,1566.0,2116.0
72,161,1566.0,2116.0
72,162,1566.0,2116.0
72,163,1566.0,2116.0
72,164,1566.0,2116.0
72,165,1566.0,2116.0
72,166,1566.0,2116.0
72,167,1566.0,2116.0
72,168,1566.0,2116.0
72,169,1566.0,2116.0
72,170,1566.0,2116.0
72,171,1566.0,2116.0
72,172,1566.0,2116.0
72,173,1566.0,2116.0
72,174,1566.0,2116.0
72,175,1566.0,2116.0
72,176,1566.0,2116.0
72,177,1566.0,2116.0
72,178,1566.0,2116.0
72,179,1566.0,2116.0
72,180,1566.0,2116.0
72,181,1566.0,2116.0
72,182,1566.0,2116.0
72,183,1566.0,2116.0
72,184,1566.0,2116.0
72,185,1566.0,2116.0
72,186,1566.0,2116.0
72,187,1566.0,2116.0
72,188,1566.0,2116.0
72,189,1566.0,2116.0
72,190,1566.0,2116.0
72,191,1566.0,2116.0
72,192,1566.0,2116.0
72,193,1566.0,2116.0
72,194,1566.0,2116.0
72,195,1566.0,2116.0
72,196,1566.0,2116.0
72,197,1566.0,2116.0
72,198,1566.0,2116.0
72,199,1566.0,2116.0
72,200,1566.0,2116.0
72,201,1566.0,2116.0
72,202,1566.0,2116.0
72,203,1566.0,2116.0
72,204,1566.0,2116.0
72,205,1566.0,2116.0
72,206,1566.0,2116.0
72,207,1566.0,2116.0
72,208,1566.0,2116.0
72,209,1566.0,2116.0
72,210,1566.0,2116.0
72,211,1566.0,2116.0
72,212,1566.0,2116.0
72,213,1566.0,2116.0
72,214,1566.0,2116.0
72,215,1566.0,2116.0
72,216,1566.0,2116.0
72,217,1566.0,2116.0
72,218,1566.0,2116.0
72,219,1566.0,2116.0
72,220,1566.0,2116.0
72,221,1566.0,2116.0
72,222,1566.0,2116.0
72,223,1566.0,2116.0
72,224,1566.0,2116.0
72,225,1566.0,2116.0
72,226,1566.0,2116.0
72,227,1566.0,2116.0
72,228,1566.0,2116.0
72,229,1566.0,2116.0
72,230,1566.0,2116.0
72,231,1566.0,2116.0
72,232,1566.0,2116.0
72,233,1566.0,2116.0
72,234,1566.0,2116.0
72,235,1566.0,2116.0
72,236,1566.0,2116.0
72,237,1566.0,2116.0
72,238,1566.0,2116.0
72,239,1566.0,2116.0
72,240,1566.0,2116.0
72,241,1566.0,2116.0
72,242,1566.0,2116.0
72,243,1566.0,2116.0
72,244,1566.0,2116.0
72,245,1566.0,2116.0
72,246,1566.0,2116.0
72,247,1566.0,2116.0
72,248,1566.0,2116.0
72,249,1566.0,2116.0
72,250,1566.0,2116.0
72,251,1566.0,2116.0
72,252,1566.0,2116.0
72,253,1566.0,2116.0
72,254,1566.0,2116.0
72,255,1566.0,2116.0
72,256,1566.0,2116.0
72,257,1566.0,2116.0
72,258,1566.0,2116.0
72,259,1566.0,2116.0
72,260,1566.0,2116.0
72,261,1566.0,2116.0
72,262,1566.0,2116.0
72,263,1566.0,2116.0
72,264,1566.0,2116.0
72,265,1566.0,2116.0
72,266,1566.0,2116.0
72,267,1566.0,2116.0
72,268,1566.0,2116.0
72,269,1566.0,2116.0
72,270,1566.0,2116.0
72,271,1566.0,2116.0
72,272,1566.0,2116.0
72,273,1566.0,2116.0
72,274,1566.0,2116.0
72,275,1566.0,2116.0
72,276,1566.0,2116.0
72,277,1566.0,2116.0
72,278,1566.0,2116.0
72,279,1566.0,2116.0
72,280,1566.0,2116.0
72,281,1566.0,2116.0
72,282,1566.0,2116.0
72,283,1566.0,2116.0
72,284,1566.0,2116.0
72,285,1566.0,2116.0
72,286,1566.0,2116.0
72,287,1566.0,2116.0
72,288,1566.0,2116.0
72,289,1566.0,2116.0
72,290,1566.0,2116.0
72,291,1566.0,2116.0
72,292,1566.0,2116.0
72,293,1566.0,2116.0
72,294,1566.0,2116.0
72,295,1566.0,2116.0
72,296,1566.0,2116.0
72,297,1566.0,2116.0
72,298,1566.0,2116.0
72,299,1566.0,2116.0
72,300,1566.0,2116.0
72,301,1566.0,2116.0
72,302,1566.0,2116.0
72,303,1566.0,2116.0
72,304,1566.0,2116.0
72,305,1566.0,2116.0
72,306,1566.0,2116.0
72,307,1566.0,2116.0
72,308,1566.0,2116.0
72,309,1566.0,2116.0
72,310,1566.0,2116.0
72,311,1566.0,2116.0
72,312,1566.0,2116.0
72,313,1566.0,2116.0
72,314,1566.0,2116.0
72,315,1566.0,2116.0
72,316,1566.0,2116.0
72,317,1566.0,2116.0
72,318,1566.0,2116.0
72,319,1566.0,2116.0
72,320,1566.0,2116.0
72,321,1566.0,2116.0
72,322,1566.0,2116.0
72,323,1566.0,2116.0
72,324,1566.0,2116.0
72,325,1566.0,2116.0
72,326,1566.0,2116.0
72,327,1566.0,2116.0
72,328,1566.0,2116.0
72,329,1566.0,2116.0
72,330,1566.0,2116.0
72,331,1566.0,2116.0
72,332,1566.0,2116.0
72,333,1566.0,2116.0
72,334,1566.0,2116.0
72,335,1566.0,2116.0
72,336,1566.0,2116.0
72,337,1566.0,2116.0
72,338,1566.0,2116.0
72,339,1566.0,2116.0
72,340,1566.0,2116.0
72,341,1566.0,2116.0
72,342,1566.0,2116.0
72,343,1566.0,2116.0
72,344,1566.0,2116.0
72,345,1566.0,2116.0
72,346,1566.0,2116.0
72,347,1566.0,2116.0
72,348,1566.0,2116.0
72,349,1566.0,2116.0
72,350,1566.0,2116.0
72,351,1566.0,2116.0
72,352,1566.0,2116.0
72,353,1566.0,2116.0
72,354,1566.0,2116.0
72,355,1566.0,2116.0
72,356,1566.0,2116.0
72,357,1566.0,2116.0
72,358,1566.0,2116.0
72,359,1566.0,2116.0
73,0,1500.0,1952.0
73,1,1500.0,1952.0
73,2,1500.0,1952.0
73,3,1500.0,1952.0
73,4,1500.0,1952.0
73,5,1500.0,1952.0
73,6,1500.0,1952.0
73,7,1500.0,1952.0
73,8,1500.0,1952.0
73,9,1500.0,1952.0
73,10,1500.0,1952.0
73,11,1500.0,1952.0
73,12,1500.0,1952.0
73,13,1500.0,1952.0
73,14,1500.0,1952.0
73,15,1500.0,1952.0
73,16,1500.0,1952.0
73,17,1500.0,1952.0
73,18,1500.0,1952.0
73,19,1500.0,1952.0
73,20,1500.0,1952.0
73,21,1500.0,1952.0
73,22,1500.0,1952.0
73,23,1500.0,1952.0
73,24,1500.0,1952.0
73,25,1500.0,1952.0
73,26,1500.0,1952.0
73,27,1500.0,1952.0
73,28,1500.0,1952.0
73,29,1500.0,1952.0
73,30,1500.0,1952.0
73,31,1500.0,1952.0
73,32,1500.0,1952.0
73,33,1500.0,1952.0
73,34,1500.0,1952.0
73,35,1500.0,1952.0
73,36,1500.0,1952.0
73,37,1500.0,1952.0
73,38,1500.0,1952.0
73,39,1500.0,1952.0
73,40,1500.0,1952.0
73,41,1500.0,1952.0
73,42,1500.0,1952.0
73,43,1500.0,1952.0
73,44,1500.0,1952.0
73,45,1500.0,1952.0
73,46,1500.0,1952.0
73,47,1500.0,1952.0
73,48,1500.0,1952.0
73,49,1500.0,1952.0
73,50,1500.0,1952.0
73,51,1500.0,1952.0
73,52,1500.0,1952.0
73,53,1500.0,1952.0
73,54,1500.0,1952.0
73,55,1500.0,1952.0
73,56,1500.0,1952.0
73,57,1500.0,1952.0
73,58,1500.0,1952.0
73,59,1500.0,1952.0
73,60,1500.0,1952.0
73,61,1500.0,1952.0
73,62,1500.0,1952.0
73,63,1500.0,1952.0
73,64,1500.0,1952.0
73,65,1500.0,1952.0
73,66,1500.0,1952.0
73,67,1500.0,1952.0
73,68,1500.0,1952.0
73,69,1500.0,1952.0
73,70,1500.0,1952.0
73,71,1500.0,1952.0
73,72,1500.0,1952.0
73,73,1500.0,1952.0
73,74,1500.0,1952.0
73,75,1500.0,1952.0
73,76,1500.0,1952.0
73,77,1500.0,1952.0
73,78,1500.0,1952.0
73,79,1500.0,1952.0
73,80,1500.0,1952.0
73,81,1500.0,1952.0
73,82,1500.0,1952.0
73,83,1500.0,1952.0
73,84,1500.0,1952.0
73,85,1500.0,1952.0
73,86,1500.0,1952.0
73,87,1500.0,1952.0
73,88,1500.0,1952.0
73,89,1500.0,1952.0
73,90,1500.0,1952.0
73,91,1500.0,1952.0
73,92,1500.0,1952.0
73,93,1500.0,1952.0
73,94,1500.0,1952.0
73,95,1500.0,1952.0
73,96,1500.0,1952.0
73,97,1500.0,1952.0
73,98,1500.0,1952.0
73,99,1500.0,1952.0
73,100,1500.0,1952.0
73,101,1500.0,1952.0
73,102,1500.0,1952.0
73,103,1500.0,1952.0
73,104,1500.0,1952.0
73,105,1500.0,1952.0
73,106,1500.0,1952.0
73,107,1500.0,1952.0
73,108,1500.0,1952.0
73,109,1500.0,1952.0
73,110,1500.0,1952.0
73,111,1500.0,1952.0
73,112,1500.0,1952.0
73,113,1500.0,1952.0
73,114,1500.0,1952.0
73,115,1500.0,1952.0
73,116,1500.0,1952.0
73,117,1500.0,1952.0
73,118,1500.0,1952.0
73,119,1500.0,1952.0
73,120,1500.0,1952.0
73,121,1500.0,1952.0
73,122,1500.0,1952.0
73,123,1500.0,1952.0
73,124,1500.0,1952.0
73,125,1500.0,1952.0
73,126,1500.0,1952.0
73,127,1500.0,1952.0
73,128,1500.0,1952.0
73,129,1500.0,1952.0
73,130,1500.0,1952.0
73,131,1500.0,1952.0
73,132,1500.0,1952.0
73,133,1500.0,1952.0
73,134,1500.0,1952.0
73,135,1500.0,1952.0
73,136,1500.0,1952.0
73,137,1500.0,1952.0
73,138,1500.0,1952.0
73,139,1500.0,1952.0
73,140,1500.0,1952.0
73,141,1500.0,1952.0
73,142,1500.0,1952.0
73,143,1500.0,1952.0
73,144,1500.0,1952.0
73,145,1500.0,1952.0
73,146,1500.0,1952.0
73,147,1500.0,1952.0
73,148,1500.0,1952.0
73,149,1500.0,1952.0
73,150,1500.0,1952.0
73,151,1500.0,1952.0
73,152,1500.0,1952.0
73,153,1500.0,1952.0
73,154,1500.0,1952.0
73,155,1500.0,1952.0
73,156,1500.0,1952.0
73,157,1500.0,1952.0
73,158,1500.0,1952.0
73,159,1500.0,1952.0
73,160,1500.0,1952.0
73,161,1500.0,1952.0
73,162,1500.0,1952.0
73,163,1500.0,1952.0
73,164,1500.0,1952.0
73,165,1500.0,1952.0
73,166,1500.0,1952.0
73,167,1500.0,1952.0
73,168,1500.0,1952.0
73,169,1500.0,1952.0
73,170,1500.0,1952.0
73,171,1500.0,1952.0
73,172,1500.0,1952.0
73,173,1500.0,1952.0
73,174,1500.0,1952.0
73,175,1500.0,1952.0
73,176,1500.0,1952.0
73,177,1500.0,1952.0
73,178,1500.0,1952.0
73,179,1500.0,1952.0
73,180,1500.0,1952.0
73,181,1500.0,1952.0
73,182,1500.0,1952.0
73,183,1500.0,1952.0
73,184,1500.0,1952.0
73,185,1500.0,1952.0
73,186,1500.0,1952.0
73,187,1500.0,1952.0
73,188,1500.0,1952.0
73,189,1500.0,1952.0
73,190,1500.0,1952.0
73,191,1500.0,1952.0
73,192,1500.0,1952.0
73,193,1500.0,1952.0
73,194,1500.0,1952.0
73,195,1500.0,1952.0
73,196,1500.0,1952.0
73,197,1500.0,1952.0
73,198,1500.0,1952.0
73,199,1500.0,1952.0
73,200,1500.0,1952.0
73,201,1500.0,1952.0
73,202,1500.0,1952.0
73,203,1500.0,1952.0
73,204,1500.0,1952.0
73,205,1500.0,1952.0
73,206,1500.0,1952.0
73,207,1500.0,1952.0
73,208,1500.0,1952.0
73,209,1500.0,1952.0
73,210,1500.0,1952.0
73,211,1500.0,1952.0
73,212,1500.0,1952.0
73,213,1500.0,1952.0
73,214,1500.0,1952.0
73,215,1500.0,1952.0
73,216,1500.0,1952.0
73,217,1500.0,1952.0
73,218,1500.0,1952.0
73,219,1500.0,1952.0
73,220,1500.0,1952.0
73,221,1500.0,1952.0
73,222,1500.0,1952.0
73,223,1500.0,1952.0
73,224,1500.0,1952.0
73,225,1500.0,1952.0
73,226,1500.0,1952.0
73,227,1500.0,1952.0
73,228,1500.0,1952.0
73,229,1500.0,1952.0
73,230,1500.0,1952.0
73,231,1500.0,1952.0
73,232,1500.0,1952.0
73,233,1500.0,1952.0
73,234,1500.0,1952.0
73,235,1500.0,1952.0
73,236,1500.0,1952.0
73,237,1500.0,1952.0
73,238,1500.0,1952.0
73,239,1500.0,1952.0
73,240,1500.0,1952.0
73,241,1500.0,1952.0
73,242,1500.0,1952.0
73,243,1500.0,1952.0
73,244,1500.0,1952.0
73,245,1500.0,1952.0
73,246,1500.0,1952.0
73,247,1500.0,1952.0
73,248,1500.0,1952.0
73,249,1500.0,1952.0
73,250,1500.0,1952.0
73,251,1500.0,1952.0
73,252,1500.0,1952.0
73,253,1500.0,1952.0
73,254,1500.0,1952.0
73,255,1500.0,1952.0
73,256,1500.0,1952.0
73,257,1500.0,1952.0
73,258,1500.0,1952.0
73,259,1500.0,1952.0
73,260,1500.0,1952.0
73,261,1500.0,1952.0
73,262,1500.0,1952.0
73,263,1500.0,1952.0
73,264,1500.0,1952.0
73,265,1500.0,1952.0
73,266,1500.0,1952.0
73,267,1500.0,1952.0
73,268,1500.0,1952.0
73,269,1500.0,1952.0
73,270,1500.0,1952.0
73,271,1500.0,1952.0
73,272,1500.0,1952.0
73,273,1500.0,1952.0
73,274,1500.0,1952.0
73,275,1500.0,1952.0
73,276,1500.0,1952.0
73,277,1500.0,1952.0
73,278,1500.0,1952.0
73,279,1500.0,1952.0
73,280,1500.0,1952.0
73,281,1500.0,1952.0
73,282,1500.0,1952.0
73,283,1500.0,1952.0
73,284,1500.0,1952.0
73,285,1500.0,1952.0
73,286,1500.0,1952.0
73,287,1500.0,1952.0
73,288,1500.0,1952.0
73,289,1500.0,1952.0
73,290,1500.0,1952.0
73,291,1500.0,1952.0
73,292,1500.0,1952.0
73,293,1500.0,1952.0
73,294,1500.0,1952.0
73,295,1500.0,1952.0
73,296,1500.0,1952.0
73,297,1500.0,1952.0
73,298,1500.0,1952.0
73,299,1500.0,1952.0
73,300,1500.0,1952.0
73,301,1500.0,1952.0
73,302,1500.0,1952.0
73,303,1500.0,1952.0
73,304,1500.0,1952.0
73,305,1500.0,1952.0
73,306,1500.0,1952.0
73,307,1500.0,1952.0
73,308,1500.0,1952.0
73,309,1500.0,1952.0
73,310,1500.0,1952.0
73,311,1500.0,1952.0
73,312,1500.0,1952.0
73,313,1500.0,1952.0
73,314,1500.0,1952.0
73,315,1500.0,1952.0
73,316,1500.0,1952.0
73,317,1500.0,1952.0
73,318,1500.0,1952.0
73,319,1500.0,1952.0
73,320,1500.0,1952.0
73,321,1500.0,1952.0
73,322,1500.0,1952.0
73,323,1500.0,1952.0
73,324,1500.0,1952.0
73,325,1500.0,1952.0
73,326,1500.0,1952.0
73,327,1500.0,1952.0
73,328,1500.0,1952.0
73,329,1500.0,1952.0
73,330,1500.0,1952.0
73,331,1500.0,1952.0
73,332,1500.0,1952.0
73,333,1500.0,1952.0
73,334,1500.0,1952.0
73,335,1500.0,1952.0
73,336,1500.0,1952.0
73,337,1500.0,1952.0
73,338,1500.0,1952.0
73,339,1500.0,1952.0
73,340,1500.0,1952.0
73,341,1500.0,1952.0
73,342,1500.0,1952.0
73,343,1500.0,1952.0
73,344,1500.0,1952.0
73,345,1500.0,1952.0
73,346,1500.0,1952.0
73,347,1500.0,1952.0
73,348,1500.0,1952.0
73,349,1500.0,1952.0
73,350,1500.0,1952.0
73,351,1500.0,1952.0
73,352,1500.0,1952.0
73,353,1500.0,1952.0
73,354,1500.0,1952.0
73,355,1500.0,1952.0
73,356,1500.0,1952.0
73,357,1500.0,1952.0
73,358,1500.0,1952.0
73,359,1500.0,1952.0
74,0,2914.0,2051.0
74,1,2914.0,2051.0
74,2,2914.0,2051.0
74,3,2914.0,2051.0
74,4,2914.0,2051.0
74,5,2914.0,2051.0
74,6,2914.0,2051.0
74,7,2914.0,2051.0
74,8,2914.0,2051.0
74,9,2914.0,2051.0
74,10,2914.0,2051.0
74,11,2914.0,2051.0
74,12,2914.0,2051.0
74,13,2914.0,2051.0
74,14,2914.0,2051.0
74,15,2914.0,2051.0
74,16,2914.0,2051.0
74,17,2914.0,2051.0
74,18,2914.0,2051.0
74,19,2914.0,2051.0
74,20,2914.0,2051.0
74,21,2914.0,2051.0
74,22,2914.0,2051.0
74,23,2914.0,2051.0
74,24,2914.0,2051.0
74,25,2914.0,2051.0
74,26,2914.0,2051.0
74,27,2914.0,2051.0
74,28,2914.0,2051.0
74,29,2914.0,2051.0
74,30,2914.0,2051.0
74,31,2914.0,2051.0
74,32,2914.0,2051.0
74,33,2914.0,2051.0
74,34,2914.0,2051.0
74,35,2914.0,2051.0
74,36,2914.0,2051.0
74,37,2914.0,2051.0
74,38,2914.0,2051.0
74,39,2914.0,2051.0
74,40,2914.0,2051.0
74,41,2914.0,2051.0
74,42,2914.0,2051.0
74,43,2914.0,2051.0
74,44,2914.0,2051.0
74,45,2914.0,2051.0
74,46,2914.0,2051.0
74,47,2914.0,2051.0
74,48,2914.0,2051.0
74,49,2914.0,2051.0
74,50,2914.0,2051.0
74,51,2914.0,2051.0
74,52,2914.0,2051.0
74,53,2914.0,2051.0
74,54,2914.0,2051.0
74,55,2914.0,2051.0
74,56,2914.0,2051.0
74,57,2914.0,2051.0
74,58,2914.0,2051.0
74,59,2914.0,2051.0
74,60,2914.0,2051.0
74,61,2914.0,2051.0
74,62,2914.0,2051.0
74,63,2914.0,2051.0
74,64,2914.0,2051.0
74,65,2914.0,2051.0
74,66,2914.0,2051.0
74,67,2914.0,2051.0
74,68,2914.0,2051.0
74,69,2914.0,2051.0
74,70,2914.0,2051.0
74,71,2914.0,2051.0
74,72,2914.0,2051.0
74,73,2914.0,2051.0
74,74,2914.0,2051.0
74,75,2914.0,2051.0
74,76,2914.0,2051.0
74,77,2914.0,2051.0
74,78,2914.0,2051.0
74,79,2914.0,2051.0
74,80,2914.0,2051.0
74,81,2914.0,2051.0
74,82,2914.0,2051.0
74,83,2914.0,2051.0
74,84,2914.0,2051.0
74,85,2914.0,2051.0
74,86,2914.0,2051.0
74,87,2914.0,2051.0
74,88,2914.0,2051.0
74,89,2914.0,2051.0
74,90,2914.0,2051.0
74,91,2914.0,2051.0
74,92,2914.0,2051.0
74,93,2914.0,2051.0
74,94,2914.0,2051.0
74,95,2914.0,2051.0
74,96,2914.0,2051.0
74,97,2914.0,2051.0
74,98,2914.0,2051.0
74,99,2914.0,2051.0
74,100,2914.0,2051.0
74,101,2914.0,2051.0
74,102,2914.0,2051.0
74,103,2914.0,2051.0
74,104,2914.0,2051.0
74,105,2914.0,2051.0
74,106,2914.0,2051.0
74,107,2914.0,2051.0
74,108,2914.0,2051.0
74,109,2914.0,2051.0
74,110,2914.0,2051.0
74,111,2914.0,2051.0
74,112,2914.0,2051.0
74,113,2914.0,2051.0
74,114,2914.0,2051.0
74,115,2914.0,2051.0
74,116,2914.0,2051.0
74,117,2914.0,2051.0
74,118,2914.0,2051.0
74,119,2914.0,2051.0
74,120,2914.0,2051.0
74,121,2914.0,2051.0
74,122,2914.0,2051.0
74,123,2914.0,2051.0
74,124,2914.0,2051.0
74,125,2914.0,2051.0
74,126,2914.0,2051.0
74,127,2914.0,2051.0
74,128,2914.0,2051.0
74,129,2914.0,2051.0
74,130,2914.0,2051.0
74,131,2914.0,2051.0
74,132,2914.0,2051.0
74,133,2914.0,2051.0
74,134,2914.0,2051.0
74,135,2914.0,2051.0
74,136,2914.0,2051.0
74,137,2914.0,2051.0
74,138,2914.0,2051.0
74,139,2914.0,2051.0
74,140,2914.0,2051.0
74,141,2914.0,2051.0
74,142,2914.0,2051.0
74,143,2914.0,2051.0
74,144,2914.0,2051.0
74,145,2914.0,2051.0
74,146,2914.0,2051.0
74,147,2914.0,2051.0
74,148,2914.0,2051.0
74,149,2914.0,2051.0
74,150,2914.0,2051.0
74,151,2914.0,2051.0
74,152,2914.0,2051.0
74,153,2914.0,2051.0
74,154,2914.0,2051.0
74,155,2914.0,2051.0
74,156,2914.0,2051.0
74,157,2914.0,2051.0
74,158,2914.0,2051.0
74,159,2914.0,2051.0
74,160,2914.0,2051.0
74,161,2914.0,2051.0
74,162,2914.0,2051.0
74,163,2914.0,2051.0
74,164,2914.0,2051.0
74,165,2914.0,2051.0
74,166,2914.0,2051.0
74,167,2914.0,2051.0
74,168,2914.0,2051.0
74,169,2914.0,2051.0
74,170,2914.0,2051.0
74,171,2914.0,2051.0
74,172,2914.0,2051.0
74,173,2914.0,2051.0
74,174,2914.0,2051.0
74,175,2914.0,2051.0
74,176,2914.0,2051.0
74,177,2914.0,2051.0
74,178,2914.0,2051.0
74,179,2914.0,2051.0
74,180,2914.0,2051.0
74,181,2914.0,2051.0
74,182,2914.0,2051.0
74,183,2914.0,2051.0
74,184,2914.0,2051.0
74,185,2914.0,2051.0
74,186,2914.0,2051.0
74,187,2914.0,2051.0
74,188,2914.0,2051.0
74,189,2914.0,2051.0
74,190,2914.0,2051.0
74,191,2914.0,2051.0
74,192,2914.0,2051.0
74,193,2914.0,2051.0
74,194,2914.0,2051.0
74,195,2914.0,2051.0
74,196,2914.0,2051.0
74,197,2914.0,2051.0
74,198,2914.0,2051.0
74,199,2914.0,2051.0
74,200,2914.0,2051.0
74,201,2914.0,2051.0
74,202,2914.0,2051.0
74,203,2914.0,2051.0
74,204,2914.0,2051.0
74,205,2914.0,2051.0
74,206,2914.0,2051.0
74,207,2914.0,2051.0
74,208,2914.0,2051.0
74,209,2914.0,2051.0
74,210,2914.0,2051.0
74,211,2914.0,2051.0
74,212,2914.0,2051.0
74,213,2914.0,2051.0
74,214,2914.0,2051.0
74,215,2914.0,2051.0
74,216,2914.0,2051.0
74,217,2914.0,2051.0
74,218,2914.0,2051.0
74,219,2914.0,2051.0
74,220,2914.0,2051.0
74,221,2914.0,2051.0
74,222,2914.0,2051.0
74,223,2914.0,2051.0
74,224,2914.0,2051.0
74,225,2914.0,2051.0
74,226,2914.0,2051.0
74,227,2914.0,2051.0
74,228,2914.0,2051.0
74,229,2914.0,2051.0
74,230,2914.0,2051.0
74,231,2914.0,2051.0
74,232,2914.0,2051.0
74,233,2914.0,2051.0
74,234,2914.0,2051.0
74,235,2914.0,2051.0
74,236,2914.0,2051.0
74,237,2914.0,2051.0
74,238,2914.0,2051.0
74,239,2914.0,2051.0
74,240,2914.0,2051.0
74,241,2914.0,2051.0
74,242,2914.0,2051.0
74,243,2914.0,2051.0
74,244,2914.0,2051.0
74,245,2914.0,2051.0
74,246,2914.0,2051.0
74,247,2914.0,2051.0
74,248,2914.0,2051.0
74,249,2914.0,2051.0
74,250,2914.0,2051.0
74,251,2914.0,2051.0
74,252,2914.0,2051.0
74,253,2914.0,2051.0
74,254,2914.0,2051.0
74,255,2914.0,2051.0
74,256,2914.0,2051.0
74,257,2914.0,2051.0
74,258,2914.0,2051.0
74,259,2914.0,2051.0
74,260,2914.0,2051.0
74,261,2914.0,2051.0
74,262,2914.0,2051.0
74,263,2914.0,2051.0
74,264,2914.0,2051.0
74,265,2914.0,2051.0
74,266,2914.0,2051.0
74,267,2914.0,2051.0
74,268,2914.0,2051.0
74,269,2914.0,2051.0
74,270,2914.0,2051.0
74,271,2914.0,2051.0
74,272,2914.0,2051.0
74,273,2914.0,2051.0
74,274,2914.0,2051.0
74,275,2914.0,2051.0
74,276,2914.0,2051.0
74,277,2914.0,2051.0
74,278,2914.0,2051.0
74,279,2914.0,2051.0
74,280,2914.0,2051.0
74,281,2914.0,2051.0
74,282,2914.0,2051.0
74,283,2914.0,2051.0
74,284,2914.0,2051.0
74,285,2914.0,2051.0
74,286,2914.0,2051.0
74,287,2914.0,2051.0
74,288,2914.0,2051.0
74,289,2914.0,2051.0
74,290,2914.0,2051.0
74,291,2914.0,2051.0
74,292,2914.0,2051.0
74,293,2914.0,2051.0
74,294,2914.0,2051.0
74,295,2914.0,2051.0
74,296,2914.0,2051.0
74,297,2914.0,2051.0
74,298,2914.0,2051.0
74,299,2914.0,2051.0
74,300,2914.0,2051.0
74,301,2914.0,2051.0
74,302,2914.0,2051.0
74,303,2914.0,2051.0
74,304,2914.0,2051.0
74,305,2914.0,2051.0
74,306,2914.0,2051.0
74,307,2914.0,2051.0
74,308,2914.0,2051.0
74,309,2914.0,2051.0
74,310,2914.0,2051.0
74,311,2914.0,2051.0
74,312,2914.0,2051.0
74,313,2914.0,2051.0
74,314,2914.0,2051.0
74,315,2914.0,2051.0
74,316,2914.0,2051.0
74,317,2914.0,2051.0
74,318,2914.0,2051.0
74,319,2914.0,2051.0
74,320,2914.0,2051.0
74,321,2914.0,2051.0
74,322,2914.0,2051.0
74,323,2914.0,2051.0
74,324,2914.0,2051.0
74,325,2914.0,2051.0
74,326,2914.0,2051.0
74,327,2914.0,2051.0
74,328,2914.0,2051.0
74,329,2914.0,2051.0
74,330,2914.0,2051.0
74,331,2914.0,2051.0
74,332,2914.0,2051.0
74,333,2914.0,2051.0
74,334,2914.0,2051.0
74,335,2914.0,2051.0
74,336,2914.0,2051.0
74,337,2914.0,2051.0
74,338,2914.0,2051.0
74,339,2914.0,2051.0
74,340,2914.0,2051.0
74,341,2914.0,2051.0
74,342,2914.0,2051.0
74,343,2914.0,2051.0
74,344,2914.0,2051.0
74,345,2914.0,2051.0
74,346,2914.0,2051.0
74,347,2914.0,2051.0
74,348,2914.0,2051.0
74,349,2914.0,2051.0
74,350,2914.0,2051.0
74,351,2914.0,2051.0
74,352,2914.0,2051.0
74,353,2914.0,2051.0
74,354,2914.0,2051.0
74,355,2914.0,2051.0
74,356,2914.0,2051.0
74,357,2914.0,2051.0
74,358,2914.0,2051.0
74,359,2914.0,2051.0
75,0,1916.0,2089.0
75,1,1916.0,2089.0
75,2,1916.0,2089.0
75,3,1916.0,2089.0
75,4,1916.0,2089.0
75,5,1916.0,2089.0
75,6,1916.0,2089.0
75,7,1916.0,2089.0
75,8,1916.0,2089.0
75,9,1916.0,2089.0
75,10,1916.0,2089.0
75,11,1916.0,2089.0
75,12,1916.0,2089.0
75,13,1916.0,2089.0
75,14,1916.0,2089.0
75,15,1916.0,2089.0
75,16,1916.0,2089.0
75,17,1916.0,2089.0
75,18,1916.0,2089.0
75,19,1916.0,2089.0
75,20,1916.0,2089.0
75,21,1916.0,2089.0
75,22,1916.0,2089.0
75,23,1916.0,2089.0
75,24,1916.0,2089.0
75,25,1916.0,2089.0
75,26,1916.0,2089.0
75,27,1916.0,2089.0
75,28,1916.0,2089.0
75,29,1916.0,2089.0
75,30,1916.0,2089.0
75,31,1916.0,2089.0
75,32,1916.0,2089.0
75,33,1916.0,2089.0
75,34,1916.0,2089.0
75,35,1916.0,2089.0
75,36,1916.0,2089.0
75,37,1916.0,2089.0
75,38,1916.0,2089.0
75,39,1916.0,2089.0
75,40,1916.0,2089.0
75,41,1916.0,2089.0
75,42,1916.0,2089.0
75,43,1916.0,2089.0
75,44,1916.0,2089.0
75,45,1916.0,2089.0
75,46,1916.0,2089.0
75,47,1916.0,2089.0
75,48,1916.0,2089.0
75,49,1916.0,2089.0
75,50,1916.0,2089.0
75,51,1916.0,2089.0
75,52,1916.0,2089.0
75,53,1916.0,2089.0
75,54,1916.0,2089.0
75,55,1916.0,2089.0
75,56,1916.0,2089.0
75,57,1916.0,2089.0
75,58,1916.0,2089.0
75,59,1916.0,2089.0
75,60,1916.0,2089.0
75,61,1916.0,2089.0
75,62,1916.0,2089.0
75,63,1916.0,2089.0
75,64,1916.0,2089.0
75,65,1916.0,2089.0
75,66,1916.0,2089.0
75,67,1916.0,2089.0
75,68,1916.0,2089.0
75,69,1916.0,2089.0
75,70,1916.0,2089.0
75,71,1916.0,2089.0
75,72,1916.0,2089.0
75,73,1916.0,2089.0
75,74,1916.0,2089.0
75,75,1916.0,2089.0
75,76,1916.0,2089.0
75,77,1916.0,2089.0
75,78,1916.0,2089.0
75,79,1916.0,2089.0
75,80,1916.0,2089.0
75,81,1916.0,2089.0
75,82,1916.0,2089.0
75,83,1916.0,2089.0
75,84,1916.0,2089.0
75,85,1916.0,2089.0
75,86,1916.0,2089.0
75,87,1916.0,2089.0
75,88,1916.0,2089.0
75,89,1916.0,2089.0
75,90,1916.0,2089.0
75,91,1916.0,2089.0
75,92,1916.0,2089.0
75,93,1916.0,2089.0
75,94,1916.0,2089.0
75,95,1916.0,2089.0
75,96,1916.0,2089.0
75,97,1916.0,2089.0
75,98,1916.0,2089.0
75,99,1916.0,2089.0
75,100,1916.0,2089.0
75,101,1916.0,2089.0
75,102,1916.0,2089.0
75,103,1916.0,2089.0
75,104,1916.0,2089.0
75,105,1916.0,2089.0
75,106,1916.0,2089.0
75,107,1916.0,2089.0
75,108,1916.0,2089.0
75,109,1916.0,2089.0
75,110,1916.0,2089.0
75,111,1916.0,2089.0
75,112,1916.0,2089.0
75,113,1916.0,2089.0
75,114,1916.0,2089.0
75,115,1916.0,2089.0
75,116,1916.0,2089.0
75,117,1916.0,2089.0
75,118,1916.0,2089.0
75,119,1916.0,2089.0
75,120,1916.0,2089.0
75,121,1916.0,2089.0
75,122,1916.0,2089.0
75,123,1916.0,2089.0
75,124,1916.0,2089.0
75,125,1916.0,2089.0
75,126,1916.0,2089.0
75,127,1916.0,2089.0
75,128,1916.0,2089.0
75,129,1916.0,2089.0
75,130,1916.0,2089.0
75,131,1916.0,2089.0
75,132,1916.0,2089.0
75,133,1916.0,2089.0
75,134,1916.0,2089.0
75,135,1916.0,2089.0
75,136,1916.0,2089.0
75,137,1916.0,2089.0
75,138,1916.0,2089.0
75,139,1916.0,2089.0
75,140,1916.0,2089.0
75,141,1916.0,2089.0
75,142,1916.0,2089.0
75,143,1916.0,2089.0
75,144,1916.0,2089.0
75,145,1916.0,2089.0
75,146,1916.0,2089.0
75,147,1916.0,2089.0
75,148,1916.0,2089.0
75,149,1916.0,2089.0
75,150,1916.0,2089.0
75,151,1916.0,2089.0
75,152,1916.0,2089.0
75,153,1916.0,2089.0
75,154,1916.0,2089.0
75,155,1916.0,2089.0
75,156,1916.0,2089.0
75,157,1916.0,2089.0
75,158,1916.0,2089.0
75,159,1916.0,2089.0
75,160,1916.0,2089.0
75,161,1916.0,2089.0
75,162,1916.0,2089.0
75,163,1916.0,2089.0
75,164,1916.0,2089.0
75,165,1916.0,2089.0
75,166,1916.0,2089.0
75,167,1916.0,2089.0
75,168,1916.0,2089.0
75,169,1916.0,2089.0
75,170,1916.0,2089.0
75,171,1916.0,2089.0
75,172,1916.0,2089.0
75,173,1916.0,2089.0
75,174,1916.0,2089.0
75,175,1916.0,2089.0
75,176,1916.0,2089.0
75,177,1916.0,2089.0
75,178,1916.0,2089.0
75,179,1916.0,2089.0
75,180,1916.0,2089.0
75,181,1916.0,2089.0
75,182,1916.0,2089.0
75,183,1916.0,2089.0
75,184,1916.0,2089.0
75,185,1916.0,2089.0
75,186,1916.0,2089.0
75,187,1916.0,2089.0
75,188,1916.0,2089.0
75,189,1916.0,2089.0
75,190,1916.0,2089.0
75,191,1916.0,2089.0
75,192,1916.0,2089.0
75,193,1916.0,2089.0
75,194,1916.0,2089.0
75,195,1916.0,2089.0
75,196,1916.0,2089.0
75,197,1916.0,2089.0
75,198,1916.0,2089.0
75,199,1916.0,2089.0
75,200,1916.0,2089.0
75,201,1916.0,2089.0
75,202,1916.0,2089.0
75,203,1916.0,2089.0
75,204,1916.0,2089.0
75,205,1916.0,2089.0
75,206,1916.0,2089.0
75,207,1916.0,2089.0
75,208,1916.0,2089.0
75,209,1916.0,2089.0
75,210,1916.0,2089.0
75,211,1916.0,2089.0
75,212,1916.0,2089.0
75,213,1916.0,2089.0
75,214,1916.0,2089.0
75,215,1916.0,2089.0
75,216,1916.0,2089.0
75,217,1916.0,2089.0
75,218,1916.0,2089.0
75,219,1916.0,2089.0
75,220,1916.0,2089.0
75,221,1916.0,2089.0
75,222,1916.0,2089.0
75,223,1916.0,2089.0
75,224,1916.0,2089.0
75,225,1916.0,2089.0
75,226,1916.0,2089.0
75,227,1916.0,2089.0
75,228,1916.0,2089.0
75,229,1916.0,2089.0
75,230,1916.0,2089.0
75,231,1916.0,2089.0
75,232,1916.0,2089.0
75,233,1916.0,2089.0
75,234,1916.0,2089.0
75,235,1916.0,2089.0
75,236,1916.0,2089.0
75,237,1916.0,2089.0
75,238,1916.0,2089.0
75,239,1916.0,2089.0
75,240,1916.0,2089.0
75,241,1916.0,2089.0
75,242,1916.0,2089.0
75,243,1916.0,2089.0
75,244,1916.0,2089.0
75,245,1916.0,2089.0
75,246,1916.0,2089.0
75,247,1916.0,2089.0
75,248,1916.0,2089.0
75,249,1916.0,2089.0
75,250,1916.0,2089.0
75,251,1916.0,2089.0
75,252,1916.0,2089.0
75,253,1916.0,2089.0
75,254,1916.0,2089.0
75,255,1916.0,2089.0
75,256,1916.0,2089.0
75,257,1916.0,2089.0
75,258,1916.0,2089.0
75,259,1916.0,2089.0
75,260,1916.0,2089.0
75,261,1916.0,2089.0
75,262,1916.0,2089.0
75,263,1916.0,2089.0
75,264,1916.0,2089.0
75,265,1916.0,2089.0
75,266,1916.0,2089.0
75,267,1916.0,2089.0
75,268,1916.0,2089.0
75,269,1916.0,2089.0
75,270,1916.0,2089.0
75,271,1916.0,2089.0
75,272,1916.0,2089.0
75,273,1916.0,2089.0
75,274,1916.0,2089.0
75,275,1916.0,2089.0
75,276,1916.0,2089.0
75,277,1916.0,2089.0
75,278,1916.0,2089.0
75,279,1916.0,2089.0
75,280,1916.0,2089.0
75,281,1916.0,2089.0
75,282,1916.0,2089.0
75,283,1916.0,2089.0
75,284,1916.0,2089.0
75,285,1916.0,2089.0
75,286,1916.0,2089.0
75,287,1916.0,2089.0
75,288,1916.0,2089.0
75,289,1916.0,2089.0
75,290,1916.0,2089.0
75,291,1916.0,2089.0
75,292,1916.0,2089.0
75,293,1916.0,2089.0
75,294,1916.0,2089.0
75,295,1916.0,2089.0
75,296,1916.0,2089.0
75,297,1916.0,2089.0
75,298,1916.0,2089.0
75,299,1916.0,2089.0
75,300,1916.0,2089.0
75,301,1916.0,2089.0
75,302,1916.0,2089.0
75,303,1916.0,2089.0
75,304,1916.0,2089.0
75,305,1916.0,2089.0
75,306,1916.0,2089.0
75,307,1916.0,2089.0
75,308,1916.0,2089.0
75,309,1916.0,2089.0
75,310,1916.0,2089.0
75,311,1916.0,2089.0
75,312,1916.0,2089.0
75,313,1916.0,2089.0
75,314,1916.0,2089.0
75,315,1916.0,2089.0
75,316,1916.0,2089.0
75,317,1916.0,2089.0
75,318,1916.0,2089.0
75,319,1916.0,2089.0
75,320,1916.0,2089.0
75,321,1916.0,2089.0
75,322,1916.0,2089.0
75,323,1916.0,2089.0
75,324,1916.0,2089.0
75,325,1916.0,2089.0
75,326,1916.0,2089.0
75,327,1916.0,2089.0
75,328,1916.0,2089.0
75,329,1916.0,2089.0
75,330,1916.0,2089.0
75,331,1916.0,2089.0
75,332,1916.0,2089.0
75,333,1916.0,2089.0
75,334,1916.0,2089.0
75,335,1916.0,2089.0
75,336,1916.0,2089.0
75,337,1916.0,2089.0
75,338,1916.0,2089.0
75,339,1916.0,2089.0
75,340,1916.0,2089.0
75,341,1916.0,2089.0
75,342,1916.0,2089.0
75,343,1916.0,2089.0
75,344,1916.0,2089.0
75,345,1916.0,2089.0
75,346,1916.0,2089.0
75,347,1916.0,2089.0
75,348,1916.0,2089.0
75,349,1916.0,2089.0
75,350,1916.0,2089.0
75,351,1916.0,2089.0
75,352,1916.0,2089.0
75,353,1916.0,2089.0
75,354,1916.0,2089.0
75,355,1916.0,2089.0
75,356,1916.0,2089.0
75,357,1916.0,2089.0
75,358,1916.0,2089.0
75,359,1916.0,2089.0
