channel_1_image_0_a_timepoint_00000.png,23-Mar-2026 14:38:26,0
channel_1_image_0_a_timepoint_00001.png,23-Mar-2026 14:38:32,0.1
channel_1_image_0_a_timepoint_00002.png,23-Mar-2026 14:38:39,0.216666666666667
channel_1_image_0_a_timepoint_00003.png,23-Mar-2026 14:38:46,0.333333333333333
channel_1_image_0_a_timepoint_00004.png,23-Mar-2026 14:38:53,0.45
channel_1_image_0_a_timepoint_00005.png,23-Mar-2026 14:39:00,0.566666666666667
channel_1_image_0_a_timepoint_00006.png,23-Mar-2026 14:39:06,0.666666666666667
channel_1_image_0_a_timepoint_00007.png,23-Mar-2026 14:39:13,0.783333333333333
channel_1_image_0_a_timepoint_00008.png,23-Mar-2026 14:39:20,0.9
channel_1_image_0_a_timepoint_00009.png,23-Mar-2026 14:39:27,1.01666666666667
channel_1_image_0_a_timepoint_00010.png,23-Mar-2026 14:39:34,1.13333333333333
channel_1_image_0_a_timepoint_00011.png,23-Mar-2026 14:39:41,1.25
channel_1_image_0_a_timepoint_00012.png,23-Mar-2026 14:39:47,1.35
channel_1_image_0_a_timepoint_00013.png,23-Mar-2026 14:39:54,1.46666666666667
channel_1_image_0_a_timepoint_00014.png,23-Mar-2026 14:40:01,1.58333333333333
channel_1_image_0_a_timepoint_00015.png,23-Mar-2026 14:40:08,1.7
channel_1_image_0_a_timepoint_00016.png,23-Mar-2026 14:40:15,1.81666666666667
channel_1_image_0_a_timepoint_00017.png,23-Mar-2026 14:40:21,1.91666666666667
channel_1_image_0_a_timepoint_00018.png,23-Mar-2026 14:40:28,2.03333333333333
channel_1_image_0_a_timepoint_00019.png,23-Mar-2026 14:40:35,2.15
channel_1_image_0_a_timepoint_00020.png,23-Mar-2026 14:40:42,2.26666666666667
channel_1_image_0_a_timepoint_00021.png,23-Mar-2026 14:40:48,2.36666666666667
channel_1_image_0_a_timepoint_00022.png,23-Mar-2026 14:40:53,2.45
channel_1_image_0_a_timepoint_00023.png,23-Mar-2026 14:41:00,2.56666666666667
channel_1_image_0_a_timepoint_00024.png,23-Mar-2026 14:41:07,2.68333333333333
channel_1_image_0_a_timepoint_00025.png,23-Mar-2026 14:41:14,2.8
channel_1_image_0_a_timepoint_00026.png,23-Mar-2026 14:41:20,2.9
channel_1_image_0_a_timepoint_00027.png,23-Mar-2026 14:41:25,2.98333333333333
channel_1_image_0_a_timepoint_00028.png,23-Mar-2026 14:41:32,3.1
channel_1_image_0_a_timepoint_00029.png,23-Mar-2026 14:41:39,3.21666666666667
channel_1_image_0_a_timepoint_00030.png,23-Mar-2026 14:41:46,3.33333333333333
channel_1_image_0_a_timepoint_00031.png,23-Mar-2026 14:41:53,3.45
channel_1_image_0_a_timepoint_00032.png,23-Mar-2026 14:42:00,3.56666666666667
channel_1_image_0_a_timepoint_00033.png,23-Mar-2026 14:42:07,3.68333333333333
channel_1_image_0_a_timepoint_00034.png,23-Mar-2026 14:42:14,3.8
channel_1_image_0_a_timepoint_00035.png,23-Mar-2026 14:42:21,3.91666666666667
channel_1_image_0_a_timepoint_00036.png,23-Mar-2026 14:42:27,4.01666666666667
channel_1_image_0_a_timepoint_00037.png,23-Mar-2026 14:42:34,4.13333333333333
channel_1_image_0_a_timepoint_00038.png,23-Mar-2026 14:42:41,4.25
channel_1_image_0_a_timepoint_00039.png,23-Mar-2026 14:42:48,4.36666666666667
channel_1_image_0_a_timepoint_00040.png,23-Mar-2026 14:42:55,4.48333333333333
channel_1_image_0_a_timepoint_00041.png,23-Mar-2026 14:43:02,4.6
channel_1_image_0_a_timepoint_00042.png,23-Mar-2026 14:43:09,4.71666666666667
channel_1_image_0_a_timepoint_00043.png,23-Mar-2026 14:43:16,4.83333333333333
channel_1_image_0_a_timepoint_00044.png,23-Mar-2026 14:43:22,4.93333333333333
channel_1_image_0_a_timepoint_00045.png,23-Mar-2026 14:43:29,5.05
channel_1_image_0_a_timepoint_00046.png,23-Mar-2026 14:43:36,5.16666666666667
channel_1_image_0_a_timepoint_00047.png,23-Mar-2026 14:43:43,5.28333333333333
channel_1_image_0_a_timepoint_00048.png,23-Mar-2026 14:43:50,5.4
channel_1_image_0_a_timepoint_00049.png,23-Mar-2026 14:43:57,5.51666666666667
channel_1_image_0_a_timepoint_00050.png,23-Mar-2026 14:44:04,5.63333333333333
channel_1_image_0_a_timepoint_00051.png,23-Mar-2026 14:44:11,5.75
channel_1_image_0_a_timepoint_00052.png,23-Mar-2026 14:44:14,5.8
channel_1_image_0_a_timepoint_00053.png,23-Mar-2026 14:44:21,5.91666666666667
channel_1_image_0_a_timepoint_00054.png,23-Mar-2026 14:44:28,6.03333333333333
channel_1_image_0_a_timepoint_00055.png,23-Mar-2026 14:44:35,6.15
channel_1_image_0_a_timepoint_00056.png,23-Mar-2026 14:44:42,6.26666666666667
channel_1_image_0_a_timepoint_00057.png,23-Mar-2026 14:44:49,6.38333333333333
channel_1_image_0_a_timepoint_00058.png,23-Mar-2026 14:44:55,6.48333333333333
channel_1_image_0_a_timepoint_00059.png,23-Mar-2026 14:45:02,6.6
channel_1_image_0_a_timepoint_00060.png,23-Mar-2026 14:45:09,6.71666666666667
channel_1_image_0_a_timepoint_00061.png,23-Mar-2026 14:45:16,6.83333333333333
channel_1_image_0_a_timepoint_00062.png,23-Mar-2026 14:45:23,6.95
channel_1_image_0_a_timepoint_00063.png,23-Mar-2026 14:45:30,7.06666666666667
channel_1_image_0_a_timepoint_00064.png,23-Mar-2026 14:45:34,7.13333333333333
channel_1_image_0_a_timepoint_00065.png,23-Mar-2026 14:45:41,7.25
channel_1_image_0_a_timepoint_00066.png,23-Mar-2026 14:45:48,7.36666666666667
channel_1_image_0_a_timepoint_00067.png,23-Mar-2026 14:45:55,7.48333333333333
channel_1_image_0_a_timepoint_00068.png,23-Mar-2026 14:46:02,7.6
channel_1_image_0_a_timepoint_00069.png,23-Mar-2026 14:46:09,7.71666666666667
channel_1_image_0_a_timepoint_00070.png,23-Mar-2026 14:46:16,7.83333333333333
channel_1_image_0_a_timepoint_00071.png,23-Mar-2026 14:46:23,7.95
channel_1_image_0_a_timepoint_00072.png,23-Mar-2026 14:46:29,8.05
channel_1_image_0_a_timepoint_00073.png,23-Mar-2026 14:46:36,8.16666666666667
channel_1_image_0_a_timepoint_00074.png,23-Mar-2026 14:46:43,8.28333333333333
channel_1_image_0_a_timepoint_00075.png,23-Mar-2026 14:46:50,8.4
channel_1_image_0_a_timepoint_00076.png,23-Mar-2026 14:46:57,8.51666666666667
channel_1_image_0_a_timepoint_00077.png,23-Mar-2026 14:47:04,8.63333333333333
channel_1_image_0_a_timepoint_00078.png,23-Mar-2026 14:47:11,8.75
channel_1_image_0_a_timepoint_00079.png,23-Mar-2026 14:47:17,8.85
channel_1_image_0_a_timepoint_00080.png,23-Mar-2026 14:47:24,8.96666666666667
channel_1_image_0_a_timepoint_00081.png,23-Mar-2026 14:47:31,9.08333333333333
channel_1_image_0_a_timepoint_00082.png,23-Mar-2026 14:47:38,9.2
channel_1_image_0_a_timepoint_00083.png,23-Mar-2026 14:47:45,9.31666666666667
channel_1_image_0_a_timepoint_00084.png,23-Mar-2026 14:47:52,9.43333333333333
channel_1_image_0_a_timepoint_00085.png,23-Mar-2026 14:47:59,9.55
channel_1_image_0_a_timepoint_00086.png,23-Mar-2026 14:48:06,9.66666666666667
channel_1_image_0_a_timepoint_00087.png,23-Mar-2026 14:48:13,9.78333333333333
channel_1_image_0_a_timepoint_00088.png,23-Mar-2026 14:48:20,9.9
channel_1_image_0_a_timepoint_00089.png,23-Mar-2026 14:48:27,10.0166666666667
channel_1_image_0_a_timepoint_00090.png,23-Mar-2026 14:48:33,10.1166666666667
channel_1_image_0_a_timepoint_00091.png,23-Mar-2026 14:48:40,10.2333333333333
channel_1_image_0_a_timepoint_00092.png,23-Mar-2026 14:48:47,10.35
channel_1_image_0_a_timepoint_00093.png,23-Mar-2026 14:48:54,10.4666666666667
channel_1_image_0_a_timepoint_00094.png,23-Mar-2026 14:49:01,10.5833333333333
channel_1_image_0_a_timepoint_00095.png,23-Mar-2026 14:49:08,10.7
channel_1_image_0_a_timepoint_00096.png,23-Mar-2026 14:49:11,10.75
channel_1_image_0_a_timepoint_00097.png,23-Mar-2026 14:49:18,10.8666666666667
channel_1_image_0_a_timepoint_00098.png,23-Mar-2026 14:49:24,10.9666666666667
channel_1_image_0_a_timepoint_00099.png,23-Mar-2026 14:49:31,11.0833333333333
channel_1_image_0_a_timepoint_00100.png,23-Mar-2026 14:49:38,11.2
channel_1_image_0_a_timepoint_00101.png,23-Mar-2026 14:49:45,11.3166666666667
channel_1_image_0_a_timepoint_00102.png,23-Mar-2026 14:49:52,11.4333333333333
channel_1_image_0_a_timepoint_00103.png,23-Mar-2026 14:49:59,11.55
channel_1_image_0_a_timepoint_00104.png,23-Mar-2026 14:50:06,11.6666666666667
channel_1_image_0_a_timepoint_00105.png,23-Mar-2026 14:50:13,11.7833333333333
channel_1_image_0_a_timepoint_00106.png,23-Mar-2026 14:50:20,11.9
channel_1_image_0_a_timepoint_00107.png,23-Mar-2026 14:50:26,12
channel_1_image_0_a_timepoint_00108.png,23-Mar-2026 14:50:33,12.1166666666667
channel_1_image_0_a_timepoint_00109.png,23-Mar-2026 14:50:40,12.2333333333333
channel_1_image_0_a_timepoint_00110.png,23-Mar-2026 14:50:47,12.35
channel_1_image_0_a_timepoint_00111.png,23-Mar-2026 14:50:54,12.4666666666667
channel_1_image_0_a_timepoint_00112.png,23-Mar-2026 14:51:01,12.5833333333333
channel_1_image_0_a_timepoint_00113.png,23-Mar-2026 14:51:08,12.7
channel_1_image_0_a_timepoint_00114.png,23-Mar-2026 14:51:15,12.8166666666667
channel_1_image_0_a_timepoint_00115.png,23-Mar-2026 14:51:22,12.9333333333333
channel_1_image_0_a_timepoint_00116.png,23-Mar-2026 14:51:29,13.05
channel_1_image_0_a_timepoint_00117.png,23-Mar-2026 14:51:36,13.1666666666667
channel_1_image_0_a_timepoint_00118.png,23-Mar-2026 14:51:43,13.2833333333333
channel_1_image_0_a_timepoint_00119.png,23-Mar-2026 14:51:49,13.3833333333333
channel_1_image_0_a_timepoint_00120.png,23-Mar-2026 14:51:56,13.5
channel_1_image_0_a_timepoint_00121.png,23-Mar-2026 14:52:03,13.6166666666667
channel_1_image_0_a_timepoint_00122.png,23-Mar-2026 14:52:10,13.7333333333333
channel_1_image_0_a_timepoint_00123.png,23-Mar-2026 14:52:17,13.85
channel_1_image_0_a_timepoint_00124.png,23-Mar-2026 14:52:22,13.9333333333333
channel_1_image_0_a_timepoint_00125.png,23-Mar-2026 14:52:27,14.0166666666667
channel_1_image_0_a_timepoint_00126.png,23-Mar-2026 14:52:34,14.1333333333333
channel_1_image_0_a_timepoint_00127.png,23-Mar-2026 14:52:41,14.25
channel_1_image_0_a_timepoint_00128.png,23-Mar-2026 14:52:48,14.3666666666667
channel_1_image_0_a_timepoint_00129.png,23-Mar-2026 14:52:54,14.4666666666667
channel_1_image_0_a_timepoint_00130.png,23-Mar-2026 14:53:01,14.5833333333333
channel_1_image_0_a_timepoint_00131.png,23-Mar-2026 14:53:08,14.7
channel_1_image_0_a_timepoint_00132.png,23-Mar-2026 14:53:15,14.8166666666667
channel_1_image_0_a_timepoint_00133.png,23-Mar-2026 14:53:22,14.9333333333333
channel_1_image_0_a_timepoint_00134.png,23-Mar-2026 14:53:29,15.05
channel_1_image_0_a_timepoint_00135.png,23-Mar-2026 14:53:36,15.1666666666667
channel_1_image_0_a_timepoint_00136.png,23-Mar-2026 14:53:43,15.2833333333333
channel_1_image_0_a_timepoint_00137.png,23-Mar-2026 14:53:49,15.3833333333333
channel_1_image_0_a_timepoint_00138.png,23-Mar-2026 14:53:56,15.5
channel_1_image_0_a_timepoint_00139.png,23-Mar-2026 14:54:03,15.6166666666667
channel_1_image_0_a_timepoint_00140.png,23-Mar-2026 14:54:10,15.7333333333333
channel_1_image_0_a_timepoint_00141.png,23-Mar-2026 14:54:17,15.85
channel_1_image_0_a_timepoint_00142.png,23-Mar-2026 14:54:24,15.9666666666667
channel_1_image_0_a_timepoint_00143.png,23-Mar-2026 14:54:31,16.0833333333333
channel_1_image_0_a_timepoint_00144.png,23-Mar-2026 14:54:38,16.2
channel_1_image_0_a_timepoint_00145.png,23-Mar-2026 14:54:45,16.3166666666667
channel_1_image_0_a_timepoint_00146.png,23-Mar-2026 14:54:52,16.4333333333333
channel_1_image_0_a_timepoint_00147.png,23-Mar-2026 14:54:59,16.55
channel_1_image_0_a_timepoint_00148.png,23-Mar-2026 14:55:06,16.6666666666667
channel_1_image_0_a_timepoint_00149.png,23-Mar-2026 14:55:12,16.7666666666667
channel_1_image_0_a_timepoint_00150.png,23-Mar-2026 14:55:19,16.8833333333333
channel_1_image_0_a_timepoint_00151.png,23-Mar-2026 14:55:26,17
channel_1_image_0_a_timepoint_00152.png,23-Mar-2026 14:55:33,17.1166666666667
channel_1_image_0_a_timepoint_00153.png,23-Mar-2026 14:55:40,17.2333333333333
channel_1_image_0_a_timepoint_00154.png,23-Mar-2026 14:55:47,17.35
channel_1_image_0_a_timepoint_00155.png,23-Mar-2026 14:55:54,17.4666666666667
channel_1_image_0_a_timepoint_00156.png,23-Mar-2026 14:56:01,17.5833333333333
channel_1_image_0_a_timepoint_00157.png,23-Mar-2026 14:56:07,17.6833333333333
channel_1_image_0_a_timepoint_00158.png,23-Mar-2026 14:56:14,17.8
channel_1_image_0_a_timepoint_00159.png,23-Mar-2026 14:56:21,17.9166666666667
channel_1_image_0_a_timepoint_00160.png,23-Mar-2026 14:56:28,18.0333333333333
channel_1_image_0_a_timepoint_00161.png,23-Mar-2026 14:56:35,18.15
channel_1_image_0_a_timepoint_00162.png,23-Mar-2026 14:56:42,18.2666666666667
channel_1_image_0_a_timepoint_00163.png,23-Mar-2026 14:56:49,18.3833333333333
channel_1_image_0_a_timepoint_00164.png,23-Mar-2026 14:56:56,18.5
channel_1_image_0_a_timepoint_00165.png,23-Mar-2026 14:57:03,18.6166666666667
channel_1_image_0_a_timepoint_00166.png,23-Mar-2026 14:57:10,18.7333333333333
channel_1_image_0_a_timepoint_00167.png,23-Mar-2026 14:57:17,18.85
channel_1_image_0_a_timepoint_00168.png,23-Mar-2026 14:57:23,18.95
channel_1_image_0_a_timepoint_00169.png,23-Mar-2026 14:57:30,19.0666666666667
channel_1_image_0_a_timepoint_00170.png,23-Mar-2026 14:57:37,19.1833333333333
channel_1_image_0_a_timepoint_00171.png,23-Mar-2026 14:57:44,19.3
channel_1_image_0_a_timepoint_00172.png,23-Mar-2026 14:57:51,19.4166666666667
channel_1_image_0_a_timepoint_00173.png,23-Mar-2026 14:57:58,19.5333333333333
channel_1_image_0_a_timepoint_00174.png,23-Mar-2026 14:58:05,19.65
channel_1_image_0_a_timepoint_00175.png,23-Mar-2026 14:58:12,19.7666666666667
channel_1_image_0_a_timepoint_00176.png,23-Mar-2026 14:58:18,19.8666666666667
channel_1_image_0_a_timepoint_00177.png,23-Mar-2026 14:58:25,19.9833333333333
channel_1_image_0_a_timepoint_00178.png,23-Mar-2026 14:58:32,20.1
channel_1_image_0_a_timepoint_00179.png,23-Mar-2026 14:58:39,20.2166666666667
channel_1_image_0_a_timepoint_00180.png,23-Mar-2026 14:58:46,20.3333333333333
channel_1_image_0_a_timepoint_00181.png,23-Mar-2026 14:58:52,20.4333333333333
channel_1_image_0_a_timepoint_00182.png,23-Mar-2026 14:58:59,20.55
channel_1_image_0_a_timepoint_00183.png,23-Mar-2026 14:59:08,20.7
channel_1_image_0_a_timepoint_00184.png,23-Mar-2026 14:59:15,20.8166666666667
channel_1_image_0_a_timepoint_00185.png,23-Mar-2026 14:59:22,20.9333333333333
channel_1_image_0_a_timepoint_00186.png,23-Mar-2026 14:59:28,21.0333333333333
channel_1_image_0_a_timepoint_00187.png,23-Mar-2026 14:59:35,21.15
channel_1_image_0_a_timepoint_00188.png,23-Mar-2026 14:59:42,21.2666666666667
channel_1_image_0_a_timepoint_00189.png,23-Mar-2026 14:59:49,21.3833333333333
channel_1_image_0_a_timepoint_00190.png,23-Mar-2026 14:59:56,21.5
channel_1_image_0_a_timepoint_00191.png,23-Mar-2026 15:00:03,21.6166666666667
channel_1_image_0_a_timepoint_00192.png,23-Mar-2026 15:00:10,21.7333333333333
channel_1_image_0_a_timepoint_00193.png,23-Mar-2026 15:00:17,21.85
channel_1_image_0_a_timepoint_00194.png,23-Mar-2026 15:00:24,21.9666666666667
channel_1_image_0_a_timepoint_00195.png,23-Mar-2026 15:00:31,22.0833333333333
channel_1_image_0_a_timepoint_00196.png,23-Mar-2026 15:00:38,22.2
channel_1_image_0_a_timepoint_00197.png,23-Mar-2026 15:00:45,22.3166666666667
channel_1_image_0_a_timepoint_00198.png,23-Mar-2026 15:00:51,22.4166666666667
channel_1_image_0_a_timepoint_00199.png,23-Mar-2026 15:00:58,22.5333333333333
channel_1_image_0_a_timepoint_00200.png,23-Mar-2026 15:01:05,22.65
channel_1_image_0_a_timepoint_00201.png,23-Mar-2026 15:01:12,22.7666666666667
channel_1_image_0_a_timepoint_00202.png,23-Mar-2026 15:01:19,22.8833333333333
channel_1_image_0_a_timepoint_00203.png,23-Mar-2026 15:01:26,23
channel_1_image_0_a_timepoint_00204.png,23-Mar-2026 15:01:33,23.1166666666667
channel_1_image_0_a_timepoint_00205.png,23-Mar-2026 15:01:40,23.2333333333333
channel_1_image_0_a_timepoint_00206.png,23-Mar-2026 15:01:46,23.3333333333333
channel_1_image_0_a_timepoint_00207.png,23-Mar-2026 15:01:53,23.45
channel_1_image_0_a_timepoint_00208.png,23-Mar-2026 15:02:00,23.5666666666667
channel_1_image_0_a_timepoint_00209.png,23-Mar-2026 15:02:07,23.6833333333333
channel_1_image_0_a_timepoint_00210.png,23-Mar-2026 15:02:14,23.8
channel_1_image_0_a_timepoint_00211.png,23-Mar-2026 15:02:21,23.9166666666667
channel_1_image_0_a_timepoint_00212.png,23-Mar-2026 15:02:28,24.0333333333333
channel_1_image_0_a_timepoint_00213.png,23-Mar-2026 15:02:35,24.15
channel_1_image_0_a_timepoint_00214.png,23-Mar-2026 15:02:42,24.2666666666667
channel_1_image_0_a_timepoint_00215.png,23-Mar-2026 15:02:48,24.3666666666667
channel_1_image_0_a_timepoint_00216.png,23-Mar-2026 15:02:55,24.4833333333333
channel_1_image_0_a_timepoint_00217.png,23-Mar-2026 15:03:02,24.6
channel_1_image_0_a_timepoint_00218.png,23-Mar-2026 15:03:09,24.7166666666667
channel_1_image_0_a_timepoint_00219.png,23-Mar-2026 15:03:16,24.8333333333333
channel_1_image_0_a_timepoint_00220.png,23-Mar-2026 15:03:23,24.95
channel_1_image_0_a_timepoint_00221.png,23-Mar-2026 15:03:30,25.0666666666667
channel_1_image_0_a_timepoint_00222.png,23-Mar-2026 15:03:37,25.1833333333333
channel_1_image_0_a_timepoint_00223.png,23-Mar-2026 15:03:44,25.3
channel_1_image_0_a_timepoint_00224.png,23-Mar-2026 15:03:51,25.4166666666667
channel_1_image_0_a_timepoint_00225.png,23-Mar-2026 15:03:58,25.5333333333333
channel_1_image_0_a_timepoint_00226.png,23-Mar-2026 15:04:04,25.6333333333333
channel_1_image_0_a_timepoint_00227.png,23-Mar-2026 15:04:11,25.75
channel_1_image_0_a_timepoint_00228.png,23-Mar-2026 15:04:18,25.8666666666667
channel_1_image_0_a_timepoint_00229.png,23-Mar-2026 15:04:25,25.9833333333333
channel_1_image_0_a_timepoint_00230.png,23-Mar-2026 15:04:32,26.1
channel_1_image_0_a_timepoint_00231.png,23-Mar-2026 15:04:39,26.2166666666667
channel_1_image_0_a_timepoint_00232.png,23-Mar-2026 15:04:46,26.3333333333333
channel_1_image_0_a_timepoint_00233.png,23-Mar-2026 15:04:53,26.45
channel_1_image_0_a_timepoint_00234.png,23-Mar-2026 15:05:00,26.5666666666667
channel_1_image_0_a_timepoint_00235.png,23-Mar-2026 15:05:07,26.6833333333333
channel_1_image_0_a_timepoint_00236.png,23-Mar-2026 15:05:13,26.7833333333333
channel_1_image_0_a_timepoint_00237.png,23-Mar-2026 15:05:20,26.9
channel_1_image_0_a_timepoint_00238.png,23-Mar-2026 15:05:27,27.0166666666667
channel_1_image_0_a_timepoint_00239.png,23-Mar-2026 15:05:34,27.1333333333333
channel_1_image_0_a_timepoint_00240.png,23-Mar-2026 15:05:41,27.25
channel_1_image_0_a_timepoint_00241.png,23-Mar-2026 15:05:48,27.3666666666667
channel_1_image_0_a_timepoint_00242.png,23-Mar-2026 15:05:55,27.4833333333333
channel_1_image_0_a_timepoint_00243.png,23-Mar-2026 15:06:02,27.6
channel_1_image_0_a_timepoint_00244.png,23-Mar-2026 15:06:09,27.7166666666667
channel_1_image_0_a_timepoint_00245.png,23-Mar-2026 15:06:15,27.8166666666667
channel_1_image_0_a_timepoint_00246.png,23-Mar-2026 15:06:22,27.9333333333333
channel_1_image_0_a_timepoint_00247.png,23-Mar-2026 15:06:29,28.05
channel_1_image_0_a_timepoint_00248.png,23-Mar-2026 15:06:36,28.1666666666667
channel_1_image_0_a_timepoint_00249.png,23-Mar-2026 15:06:43,28.2833333333333
channel_1_image_0_a_timepoint_00250.png,23-Mar-2026 15:06:50,28.4
channel_1_image_0_a_timepoint_00251.png,23-Mar-2026 15:06:57,28.5166666666667
channel_1_image_0_a_timepoint_00252.png,23-Mar-2026 15:07:04,28.6333333333333
channel_1_image_0_a_timepoint_00253.png,23-Mar-2026 15:07:10,28.7333333333333
channel_1_image_0_a_timepoint_00254.png,23-Mar-2026 15:07:17,28.85
channel_1_image_0_a_timepoint_00255.png,23-Mar-2026 15:07:24,28.9666666666667
channel_1_image_0_a_timepoint_00256.png,23-Mar-2026 15:07:31,29.0833333333333
channel_1_image_0_a_timepoint_00257.png,23-Mar-2026 15:07:38,29.2
channel_1_image_0_a_timepoint_00258.png,23-Mar-2026 15:07:45,29.3166666666667
channel_1_image_0_a_timepoint_00259.png,23-Mar-2026 15:07:52,29.4333333333333
channel_1_image_0_a_timepoint_00260.png,23-Mar-2026 15:07:59,29.55
channel_1_image_0_a_timepoint_00261.png,23-Mar-2026 15:08:04,29.6333333333333
channel_1_image_0_a_timepoint_00262.png,23-Mar-2026 15:08:11,29.75
channel_1_image_0_a_timepoint_00263.png,23-Mar-2026 15:08:18,29.8666666666667
channel_1_image_0_a_timepoint_00264.png,23-Mar-2026 15:08:25,29.9833333333333
channel_1_image_0_a_timepoint_00265.png,23-Mar-2026 15:08:30,30.0666666666667
channel_1_image_0_a_timepoint_00266.png,23-Mar-2026 15:08:37,30.1833333333333
channel_1_image_0_a_timepoint_00267.png,23-Mar-2026 15:08:44,30.3
channel_1_image_0_a_timepoint_00268.png,23-Mar-2026 15:08:50,30.4
channel_1_image_0_a_timepoint_00269.png,23-Mar-2026 15:08:57,30.5166666666667
channel_1_image_0_a_timepoint_00270.png,23-Mar-2026 15:09:04,30.6333333333333
channel_1_image_0_a_timepoint_00271.png,23-Mar-2026 15:09:11,30.75
channel_1_image_0_a_timepoint_00272.png,23-Mar-2026 15:09:17,30.85
channel_1_image_0_a_timepoint_00273.png,23-Mar-2026 15:09:24,30.9666666666667
channel_1_image_0_a_timepoint_00274.png,23-Mar-2026 15:09:31,31.0833333333333
channel_1_image_0_a_timepoint_00275.png,23-Mar-2026 15:09:37,31.1833333333333
channel_1_image_0_a_timepoint_00276.png,23-Mar-2026 15:09:44,31.3
channel_1_image_0_a_timepoint_00277.png,23-Mar-2026 15:09:51,31.4166666666667
channel_1_image_0_a_timepoint_00278.png,23-Mar-2026 15:09:58,31.5333333333333
channel_1_image_0_a_timepoint_00279.png,23-Mar-2026 15:10:05,31.65
channel_1_image_0_a_timepoint_00280.png,23-Mar-2026 15:10:12,31.7666666666667
channel_1_image_0_a_timepoint_00281.png,23-Mar-2026 15:10:18,31.8666666666667
channel_1_image_0_a_timepoint_00282.png,23-Mar-2026 15:10:24,31.9666666666667
channel_1_image_0_a_timepoint_00283.png,23-Mar-2026 15:10:31,32.0833333333333
channel_1_image_0_a_timepoint_00284.png,23-Mar-2026 15:10:38,32.2
channel_1_image_0_a_timepoint_00285.png,23-Mar-2026 15:10:44,32.3
channel_1_image_0_a_timepoint_00286.png,23-Mar-2026 15:10:51,32.4166666666667
channel_1_image_0_a_timepoint_00287.png,23-Mar-2026 15:10:58,32.5333333333333
channel_1_image_0_a_timepoint_00288.png,23-Mar-2026 15:11:05,32.65
channel_1_image_0_a_timepoint_00289.png,23-Mar-2026 15:11:12,32.7666666666667
channel_1_image_0_a_timepoint_00290.png,23-Mar-2026 15:11:19,32.8833333333333
channel_1_image_0_a_timepoint_00291.png,23-Mar-2026 15:11:25,32.9833333333333
channel_1_image_0_a_timepoint_00292.png,23-Mar-2026 15:11:32,33.1
channel_1_image_0_a_timepoint_00293.png,23-Mar-2026 15:11:39,33.2166666666667
channel_1_image_0_a_timepoint_00294.png,23-Mar-2026 15:11:46,33.3333333333333
channel_1_image_0_a_timepoint_00295.png,23-Mar-2026 15:11:53,33.45
channel_1_image_0_a_timepoint_00296.png,23-Mar-2026 15:12:00,33.5666666666667
channel_1_image_0_a_timepoint_00297.png,23-Mar-2026 15:12:07,33.6833333333333
channel_1_image_0_a_timepoint_00298.png,23-Mar-2026 15:12:13,33.7833333333333
channel_1_image_0_a_timepoint_00299.png,23-Mar-2026 15:12:20,33.9
channel_1_image_0_a_timepoint_00300.png,23-Mar-2026 15:12:27,34.0166666666667
channel_1_image_0_a_timepoint_00301.png,23-Mar-2026 15:12:34,34.1333333333333
channel_1_image_0_a_timepoint_00302.png,23-Mar-2026 15:12:41,34.25
channel_1_image_0_a_timepoint_00303.png,23-Mar-2026 15:12:44,34.3
channel_1_image_0_a_timepoint_00304.png,23-Mar-2026 15:12:51,34.4166666666667
channel_1_image_0_a_timepoint_00305.png,23-Mar-2026 15:12:58,34.5333333333333
channel_1_image_0_a_timepoint_00306.png,23-Mar-2026 15:13:05,34.65
channel_1_image_0_a_timepoint_00307.png,23-Mar-2026 15:13:12,34.7666666666667
channel_1_image_0_a_timepoint_00308.png,23-Mar-2026 15:13:18,34.8666666666667
channel_1_image_0_a_timepoint_00309.png,23-Mar-2026 15:13:25,34.9833333333333
channel_1_image_0_a_timepoint_00310.png,23-Mar-2026 15:13:32,35.1
channel_1_image_0_a_timepoint_00311.png,23-Mar-2026 15:13:39,35.2166666666667
channel_1_image_0_a_timepoint_00312.png,23-Mar-2026 15:13:46,35.3333333333333
channel_1_image_0_a_timepoint_00313.png,23-Mar-2026 15:13:53,35.45
channel_1_image_0_a_timepoint_00314.png,23-Mar-2026 15:13:59,35.55
channel_1_image_0_a_timepoint_00315.png,23-Mar-2026 15:14:06,35.6666666666667
channel_1_image_0_a_timepoint_00316.png,23-Mar-2026 15:14:10,35.7333333333333
channel_1_image_0_a_timepoint_00317.png,23-Mar-2026 15:14:17,35.85
channel_1_image_0_a_timepoint_00318.png,23-Mar-2026 15:14:24,35.9666666666667
channel_1_image_0_a_timepoint_00319.png,23-Mar-2026 15:14:30,36.0666666666667
channel_1_image_0_a_timepoint_00320.png,23-Mar-2026 15:14:37,36.1833333333333
channel_1_image_0_a_timepoint_00321.png,23-Mar-2026 15:14:44,36.3
channel_1_image_0_a_timepoint_00322.png,23-Mar-2026 15:14:51,36.4166666666667
channel_1_image_0_a_timepoint_00323.png,23-Mar-2026 15:14:58,36.5333333333333
channel_1_image_0_a_timepoint_00324.png,23-Mar-2026 15:15:04,36.6333333333333
channel_1_image_0_a_timepoint_00325.png,23-Mar-2026 15:15:11,36.75
channel_1_image_0_a_timepoint_00326.png,23-Mar-2026 15:15:18,36.8666666666667
channel_1_image_0_a_timepoint_00327.png,23-Mar-2026 15:15:25,36.9833333333333
channel_1_image_0_a_timepoint_00328.png,23-Mar-2026 15:15:32,37.1
channel_1_image_0_a_timepoint_00329.png,23-Mar-2026 15:15:38,37.2
channel_1_image_0_a_timepoint_00330.png,23-Mar-2026 15:15:45,37.3166666666667
channel_1_image_0_a_timepoint_00331.png,23-Mar-2026 15:15:52,37.4333333333333
channel_1_image_0_a_timepoint_00332.png,23-Mar-2026 15:15:59,37.55
channel_1_image_0_a_timepoint_00333.png,23-Mar-2026 15:16:06,37.6666666666667
channel_1_image_0_a_timepoint_00334.png,23-Mar-2026 15:16:13,37.7833333333333
channel_1_image_0_a_timepoint_00335.png,23-Mar-2026 15:16:20,37.9
channel_1_image_0_a_timepoint_00336.png,23-Mar-2026 15:16:26,38
channel_1_image_0_a_timepoint_00337.png,23-Mar-2026 15:16:33,38.1166666666667
channel_1_image_0_a_timepoint_00338.png,23-Mar-2026 15:16:40,38.2333333333333
channel_1_image_0_a_timepoint_00339.png,23-Mar-2026 15:16:47,38.35
channel_1_image_0_a_timepoint_00340.png,23-Mar-2026 15:16:54,38.4666666666667
channel_1_image_0_a_timepoint_00341.png,23-Mar-2026 15:17:01,38.5833333333333
channel_1_image_0_a_timepoint_00342.png,23-Mar-2026 15:17:07,38.6833333333333
channel_1_image_0_a_timepoint_00343.png,23-Mar-2026 15:17:14,38.8
channel_1_image_0_a_timepoint_00344.png,23-Mar-2026 15:17:21,38.9166666666667
channel_1_image_0_a_timepoint_00345.png,23-Mar-2026 15:17:28,39.0333333333333
channel_1_image_0_a_timepoint_00346.png,23-Mar-2026 15:17:35,39.15
channel_1_image_0_a_timepoint_00347.png,23-Mar-2026 15:17:42,39.2666666666667
channel_1_image_0_a_timepoint_00348.png,23-Mar-2026 15:17:48,39.3666666666667
channel_1_image_0_a_timepoint_00349.png,23-Mar-2026 15:17:55,39.4833333333333
channel_1_image_0_a_timepoint_00350.png,23-Mar-2026 15:18:02,39.6
channel_1_image_0_a_timepoint_00351.png,23-Mar-2026 15:18:09,39.7166666666667
channel_1_image_0_a_timepoint_00352.png,23-Mar-2026 15:18:16,39.8333333333333
channel_1_image_0_a_timepoint_00353.png,23-Mar-2026 15:18:23,39.95
channel_1_image_0_a_timepoint_00354.png,23-Mar-2026 15:18:30,40.0666666666667
channel_1_image_0_a_timepoint_00355.png,23-Mar-2026 15:18:36,40.1666666666667
channel_1_image_0_a_timepoint_00356.png,23-Mar-2026 15:18:43,40.2833333333333
channel_1_image_0_a_timepoint_00357.png,23-Mar-2026 15:18:50,40.4
channel_1_image_0_a_timepoint_00358.png,23-Mar-2026 15:18:57,40.5166666666667
channel_1_image_0_a_timepoint_00359.png,23-Mar-2026 15:19:04,40.6333333333333
channel_1_image_0_a_timepoint_00360.png,23-Mar-2026 15:19:11,40.75
channel_1_image_0_a_timepoint_00361.png,23-Mar-2026 15:19:18,40.8666666666667
channel_1_image_0_a_timepoint_00362.png,23-Mar-2026 15:19:23,40.95
channel_1_image_0_a_timepoint_00363.png,23-Mar-2026 15:19:29,41.05
channel_1_image_0_a_timepoint_00364.png,23-Mar-2026 15:19:36,41.1666666666667
channel_1_image_0_a_timepoint_00365.png,23-Mar-2026 15:19:43,41.2833333333333
channel_1_image_0_a_timepoint_00366.png,23-Mar-2026 15:19:50,41.4
channel_1_image_0_a_timepoint_00367.png,23-Mar-2026 15:19:57,41.5166666666667
channel_1_image_0_a_timepoint_00368.png,23-Mar-2026 15:20:03,41.6166666666667
channel_1_image_0_a_timepoint_00369.png,23-Mar-2026 15:20:10,41.7333333333333
channel_1_image_0_a_timepoint_00370.png,23-Mar-2026 15:20:17,41.85
channel_1_image_0_a_timepoint_00371.png,23-Mar-2026 15:20:24,41.9666666666667
channel_1_image_0_a_timepoint_00372.png,23-Mar-2026 15:20:31,42.0833333333333
channel_1_image_0_a_timepoint_00373.png,23-Mar-2026 15:20:38,42.2
channel_1_image_0_a_timepoint_00374.png,23-Mar-2026 15:20:45,42.3166666666667
channel_1_image_0_a_timepoint_00375.png,23-Mar-2026 15:20:51,42.4166666666667
channel_1_image_0_a_timepoint_00376.png,23-Mar-2026 15:20:58,42.5333333333333
channel_1_image_0_a_timepoint_00377.png,23-Mar-2026 15:21:05,42.65
channel_1_image_0_a_timepoint_00378.png,23-Mar-2026 15:21:12,42.7666666666667
channel_1_image_0_a_timepoint_00379.png,23-Mar-2026 15:21:19,42.8833333333333
channel_1_image_0_a_timepoint_00380.png,23-Mar-2026 15:21:26,43
channel_1_image_0_a_timepoint_00381.png,23-Mar-2026 15:21:32,43.1
channel_1_image_0_a_timepoint_00382.png,23-Mar-2026 15:21:39,43.2166666666667
channel_1_image_0_a_timepoint_00383.png,23-Mar-2026 15:21:46,43.3333333333333
channel_1_image_0_a_timepoint_00384.png,23-Mar-2026 15:21:53,43.45
channel_1_image_0_a_timepoint_00385.png,23-Mar-2026 15:22:00,43.5666666666667
channel_1_image_0_a_timepoint_00386.png,23-Mar-2026 15:22:07,43.6833333333333
channel_1_image_0_a_timepoint_00387.png,23-Mar-2026 15:22:14,43.8
channel_1_image_0_a_timepoint_00388.png,23-Mar-2026 15:22:20,43.9
channel_1_image_0_a_timepoint_00389.png,23-Mar-2026 15:22:27,44.0166666666667
channel_1_image_0_a_timepoint_00390.png,23-Mar-2026 15:22:34,44.1333333333333
channel_1_image_0_a_timepoint_00391.png,23-Mar-2026 15:22:41,44.25
channel_1_image_0_a_timepoint_00392.png,23-Mar-2026 15:22:48,44.3666666666667
channel_1_image_0_a_timepoint_00393.png,23-Mar-2026 15:22:54,44.4666666666667
channel_1_image_0_a_timepoint_00394.png,23-Mar-2026 15:23:00,44.5666666666667
channel_1_image_0_a_timepoint_00395.png,23-Mar-2026 15:23:07,44.6833333333333
channel_1_image_0_a_timepoint_00396.png,23-Mar-2026 15:23:14,44.8
channel_1_image_0_a_timepoint_00397.png,23-Mar-2026 15:23:21,44.9166666666667
channel_1_image_0_a_timepoint_00398.png,23-Mar-2026 15:23:28,45.0333333333333
channel_1_image_0_a_timepoint_00399.png,23-Mar-2026 15:23:35,45.15
channel_1_image_0_a_timepoint_00400.png,23-Mar-2026 15:23:41,45.25
channel_1_image_0_a_timepoint_00401.png,23-Mar-2026 15:23:48,45.3666666666667
channel_1_image_0_a_timepoint_00402.png,23-Mar-2026 15:23:55,45.4833333333333
channel_1_image_0_a_timepoint_00403.png,23-Mar-2026 15:24:02,45.6
channel_1_image_0_a_timepoint_00404.png,23-Mar-2026 15:24:09,45.7166666666667
channel_1_image_0_a_timepoint_00405.png,23-Mar-2026 15:24:16,45.8333333333333
channel_1_image_0_a_timepoint_00406.png,23-Mar-2026 15:24:23,45.95
channel_1_image_0_a_timepoint_00407.png,23-Mar-2026 15:24:29,46.05
channel_1_image_0_a_timepoint_00408.png,23-Mar-2026 15:24:36,46.1666666666667
channel_1_image_0_a_timepoint_00409.png,23-Mar-2026 15:24:43,46.2833333333333
channel_1_image_0_a_timepoint_00410.png,23-Mar-2026 15:24:50,46.4
channel_1_image_0_a_timepoint_00411.png,23-Mar-2026 15:24:57,46.5166666666667
channel_1_image_0_a_timepoint_00412.png,23-Mar-2026 15:25:04,46.6333333333333
channel_1_image_0_a_timepoint_00413.png,23-Mar-2026 15:25:10,46.7333333333333
channel_1_image_0_a_timepoint_00414.png,23-Mar-2026 15:25:17,46.85
channel_1_image_0_a_timepoint_00415.png,23-Mar-2026 15:25:24,46.9666666666667
channel_1_image_0_a_timepoint_00416.png,23-Mar-2026 15:25:31,47.0833333333333
channel_1_image_0_a_timepoint_00417.png,23-Mar-2026 15:25:38,47.2
channel_1_image_0_a_timepoint_00418.png,23-Mar-2026 15:25:45,47.3166666666667
channel_1_image_0_a_timepoint_00419.png,23-Mar-2026 15:25:51,47.4166666666667
channel_1_image_0_a_timepoint_00420.png,23-Mar-2026 15:25:58,47.5333333333333
channel_1_image_0_a_timepoint_00421.png,23-Mar-2026 15:26:04,47.6333333333333
channel_1_image_0_a_timepoint_00422.png,23-Mar-2026 15:26:10,47.7333333333333
channel_1_image_0_a_timepoint_00423.png,23-Mar-2026 15:26:17,47.85
channel_1_image_0_a_timepoint_00424.png,23-Mar-2026 15:26:24,47.9666666666667
channel_1_image_0_a_timepoint_00425.png,23-Mar-2026 15:26:31,48.0833333333333
channel_1_image_0_a_timepoint_00426.png,23-Mar-2026 15:26:37,48.1833333333333
channel_1_image_0_a_timepoint_00427.png,23-Mar-2026 15:26:44,48.3
channel_1_image_0_a_timepoint_00428.png,23-Mar-2026 15:26:48,48.3666666666667
channel_1_image_0_a_timepoint_00429.png,23-Mar-2026 15:26:55,48.4833333333333
channel_1_image_0_a_timepoint_00430.png,23-Mar-2026 15:27:02,48.6
channel_1_image_0_a_timepoint_00431.png,23-Mar-2026 15:27:05,48.65
channel_1_image_0_a_timepoint_00432.png,23-Mar-2026 15:27:11,48.75
channel_1_image_0_a_timepoint_00433.png,23-Mar-2026 15:27:18,48.8666666666667
channel_1_image_0_a_timepoint_00434.png,23-Mar-2026 15:27:25,48.9833333333333
channel_1_image_0_a_timepoint_00435.png,23-Mar-2026 15:27:30,49.0666666666667
channel_1_image_0_a_timepoint_00436.png,23-Mar-2026 15:27:36,49.1666666666667
channel_1_image_0_a_timepoint_00437.png,23-Mar-2026 15:27:43,49.2833333333333
channel_1_image_0_a_timepoint_00438.png,23-Mar-2026 15:27:50,49.4
channel_1_image_0_a_timepoint_00439.png,23-Mar-2026 15:27:57,49.5166666666667
channel_1_image_0_a_timepoint_00440.png,23-Mar-2026 15:28:04,49.6333333333333
channel_1_image_0_a_timepoint_00441.png,23-Mar-2026 15:28:11,49.75
channel_1_image_0_a_timepoint_00442.png,23-Mar-2026 15:28:17,49.85
channel_1_image_0_a_timepoint_00443.png,23-Mar-2026 15:28:24,49.9666666666667
channel_1_image_0_a_timepoint_00444.png,23-Mar-2026 15:28:31,50.0833333333333
channel_1_image_0_a_timepoint_00445.png,23-Mar-2026 15:28:38,50.2
channel_1_image_0_a_timepoint_00446.png,23-Mar-2026 15:28:45,50.3166666666667
channel_1_image_0_a_timepoint_00447.png,23-Mar-2026 15:28:52,50.4333333333333
channel_1_image_0_a_timepoint_00448.png,23-Mar-2026 15:28:58,50.5333333333333
channel_1_image_0_a_timepoint_00449.png,23-Mar-2026 15:29:05,50.65
channel_1_image_0_a_timepoint_00450.png,23-Mar-2026 15:29:11,50.75
channel_1_image_0_a_timepoint_00451.png,23-Mar-2026 15:29:18,50.8666666666667
channel_1_image_0_a_timepoint_00452.png,23-Mar-2026 15:29:25,50.9833333333333
channel_1_image_0_a_timepoint_00453.png,23-Mar-2026 15:29:31,51.0833333333333
channel_1_image_0_a_timepoint_00454.png,23-Mar-2026 15:29:38,51.2
channel_1_image_0_a_timepoint_00455.png,23-Mar-2026 15:29:45,51.3166666666667
channel_1_image_0_a_timepoint_00456.png,23-Mar-2026 15:29:52,51.4333333333333
channel_1_image_0_a_timepoint_00457.png,23-Mar-2026 15:29:59,51.55
channel_1_image_0_a_timepoint_00458.png,23-Mar-2026 15:30:06,51.6666666666667
channel_1_image_0_a_timepoint_00459.png,23-Mar-2026 15:30:12,51.7666666666667
channel_1_image_0_a_timepoint_00460.png,23-Mar-2026 15:30:19,51.8833333333333
channel_1_image_0_a_timepoint_00461.png,23-Mar-2026 15:30:26,52
channel_1_image_0_a_timepoint_00462.png,23-Mar-2026 15:30:30,52.0666666666667
channel_1_image_0_a_timepoint_00463.png,23-Mar-2026 15:30:37,52.1833333333333
channel_1_image_0_a_timepoint_00464.png,23-Mar-2026 15:30:44,52.3
channel_1_image_0_a_timepoint_00465.png,23-Mar-2026 15:30:51,52.4166666666667
channel_1_image_0_a_timepoint_00466.png,23-Mar-2026 15:30:57,52.5166666666667
channel_1_image_0_a_timepoint_00467.png,23-Mar-2026 15:31:04,52.6333333333333
channel_1_image_0_a_timepoint_00468.png,23-Mar-2026 15:31:11,52.75
channel_1_image_0_a_timepoint_00469.png,23-Mar-2026 15:31:18,52.8666666666667
channel_1_image_0_a_timepoint_00470.png,23-Mar-2026 15:31:24,52.9666666666667
channel_1_image_0_a_timepoint_00471.png,23-Mar-2026 15:31:31,53.0833333333333
channel_1_image_0_a_timepoint_00472.png,23-Mar-2026 15:31:38,53.2
channel_1_image_0_a_timepoint_00473.png,23-Mar-2026 15:31:45,53.3166666666667
channel_1_image_0_a_timepoint_00474.png,23-Mar-2026 15:31:52,53.4333333333333
channel_1_image_0_a_timepoint_00475.png,23-Mar-2026 15:31:59,53.55
channel_1_image_0_a_timepoint_00476.png,23-Mar-2026 15:32:06,53.6666666666667
channel_1_image_0_a_timepoint_00477.png,23-Mar-2026 15:32:12,53.7666666666667
channel_1_image_0_a_timepoint_00478.png,23-Mar-2026 15:32:19,53.8833333333333
channel_1_image_0_a_timepoint_00479.png,23-Mar-2026 15:32:26,54
channel_1_image_0_a_timepoint_00480.png,23-Mar-2026 15:32:33,54.1166666666667
channel_1_image_0_a_timepoint_00481.png,23-Mar-2026 15:32:40,54.2333333333333
channel_1_image_0_a_timepoint_00482.png,23-Mar-2026 15:32:47,54.35
channel_1_image_0_a_timepoint_00483.png,23-Mar-2026 15:32:53,54.45
channel_1_image_0_a_timepoint_00484.png,23-Mar-2026 15:33:00,54.5666666666667
channel_1_image_0_a_timepoint_00485.png,23-Mar-2026 15:33:07,54.6833333333333
channel_1_image_0_a_timepoint_00486.png,23-Mar-2026 15:33:14,54.8
channel_1_image_0_a_timepoint_00487.png,23-Mar-2026 15:33:21,54.9166666666667
channel_1_image_0_a_timepoint_00488.png,23-Mar-2026 15:33:28,55.0333333333333
channel_1_image_0_a_timepoint_00489.png,23-Mar-2026 15:33:34,55.1333333333333
channel_1_image_0_a_timepoint_00490.png,23-Mar-2026 15:33:41,55.25
channel_1_image_0_a_timepoint_00491.png,23-Mar-2026 15:33:48,55.3666666666667
channel_1_image_0_a_timepoint_00492.png,23-Mar-2026 15:33:55,55.4833333333333
channel_1_image_0_a_timepoint_00493.png,23-Mar-2026 15:34:02,55.6
channel_1_image_0_a_timepoint_00494.png,23-Mar-2026 15:34:09,55.7166666666667
channel_1_image_0_a_timepoint_00495.png,23-Mar-2026 15:34:15,55.8166666666667
channel_1_image_0_a_timepoint_00496.png,23-Mar-2026 15:34:22,55.9333333333333
channel_1_image_0_a_timepoint_00497.png,23-Mar-2026 15:34:29,56.05
channel_1_image_0_a_timepoint_00498.png,23-Mar-2026 15:34:36,56.1666666666667
channel_1_image_0_a_timepoint_00499.png,23-Mar-2026 15:34:43,56.2833333333333
channel_1_image_0_a_timepoint_00500.png,23-Mar-2026 15:34:50,56.4
channel_1_image_0_a_timepoint_00501.png,23-Mar-2026 15:34:56,56.5
channel_1_image_0_a_timepoint_00502.png,23-Mar-2026 15:35:03,56.6166666666667
channel_1_image_0_a_timepoint_00503.png,23-Mar-2026 15:35:10,56.7333333333333
channel_1_image_0_a_timepoint_00504.png,23-Mar-2026 15:35:17,56.85
channel_1_image_0_a_timepoint_00505.png,23-Mar-2026 15:35:24,56.9666666666667
channel_1_image_0_a_timepoint_00506.png,23-Mar-2026 15:35:31,57.0833333333333
channel_1_image_0_a_timepoint_00507.png,23-Mar-2026 15:35:38,57.2
channel_1_image_0_a_timepoint_00508.png,23-Mar-2026 15:35:44,57.3
channel_1_image_0_a_timepoint_00509.png,23-Mar-2026 15:35:51,57.4166666666667
channel_1_image_0_a_timepoint_00510.png,23-Mar-2026 15:35:58,57.5333333333333
channel_1_image_0_a_timepoint_00511.png,23-Mar-2026 15:36:05,57.65
channel_1_image_0_a_timepoint_00512.png,23-Mar-2026 15:36:12,57.7666666666667
channel_1_image_0_a_timepoint_00513.png,23-Mar-2026 15:36:19,57.8833333333333
channel_1_image_0_a_timepoint_00514.png,23-Mar-2026 15:36:25,57.9833333333333
channel_1_image_0_a_timepoint_00515.png,23-Mar-2026 15:36:32,58.1
channel_1_image_0_a_timepoint_00516.png,23-Mar-2026 15:36:39,58.2166666666667
channel_1_image_0_a_timepoint_00517.png,23-Mar-2026 15:36:46,58.3333333333333
channel_1_image_0_a_timepoint_00518.png,23-Mar-2026 15:36:53,58.45
channel_1_image_0_a_timepoint_00519.png,23-Mar-2026 15:37:00,58.5666666666667
channel_1_image_0_a_timepoint_00520.png,23-Mar-2026 15:37:07,58.6833333333333
channel_1_image_0_a_timepoint_00521.png,23-Mar-2026 15:37:13,58.7833333333333
channel_1_image_0_a_timepoint_00522.png,23-Mar-2026 15:37:20,58.9
channel_1_image_0_a_timepoint_00523.png,23-Mar-2026 15:37:27,59.0166666666667
channel_1_image_0_a_timepoint_00524.png,23-Mar-2026 15:37:34,59.1333333333333
channel_1_image_0_a_timepoint_00525.png,23-Mar-2026 15:37:39,59.2166666666667
channel_1_image_0_a_timepoint_00526.png,23-Mar-2026 15:37:46,59.3333333333333
channel_1_image_0_a_timepoint_00527.png,23-Mar-2026 15:37:53,59.45
channel_1_image_0_a_timepoint_00528.png,23-Mar-2026 15:38:00,59.5666666666667
channel_1_image_0_a_timepoint_00529.png,23-Mar-2026 15:38:07,59.6833333333333
channel_1_image_0_a_timepoint_00530.png,23-Mar-2026 15:38:14,59.8
channel_1_image_0_a_timepoint_00531.png,23-Mar-2026 15:38:20,59.9
channel_1_image_0_a_timepoint_00532.png,23-Mar-2026 15:38:27,60.0166666666667
channel_1_image_0_a_timepoint_00533.png,23-Mar-2026 15:38:34,60.1333333333333
channel_1_image_0_a_timepoint_00534.png,23-Mar-2026 15:38:41,60.25
channel_1_image_0_a_timepoint_00535.png,23-Mar-2026 15:38:48,60.3666666666667
channel_1_image_0_a_timepoint_00536.png,23-Mar-2026 15:38:55,60.4833333333333
channel_1_image_0_a_timepoint_00537.png,23-Mar-2026 15:39:01,60.5833333333333
channel_1_image_0_a_timepoint_00538.png,23-Mar-2026 15:39:08,60.7
channel_1_image_0_a_timepoint_00539.png,23-Mar-2026 15:39:15,60.8166666666667
channel_1_image_0_a_timepoint_00540.png,23-Mar-2026 15:39:22,60.9333333333333
channel_1_image_0_a_timepoint_00541.png,23-Mar-2026 15:39:29,61.05
channel_1_image_0_a_timepoint_00542.png,23-Mar-2026 15:39:36,61.1666666666667
channel_1_image_0_a_timepoint_00543.png,23-Mar-2026 15:39:42,61.2666666666667
channel_1_image_0_a_timepoint_00544.png,23-Mar-2026 15:39:49,61.3833333333333
channel_1_image_0_a_timepoint_00545.png,23-Mar-2026 15:39:56,61.5
channel_1_image_0_a_timepoint_00546.png,23-Mar-2026 15:40:03,61.6166666666667
channel_1_image_0_a_timepoint_00547.png,23-Mar-2026 15:40:10,61.7333333333333
channel_1_image_0_a_timepoint_00548.png,23-Mar-2026 15:40:14,61.8
channel_1_image_0_a_timepoint_00549.png,23-Mar-2026 15:40:21,61.9166666666667
channel_1_image_0_a_timepoint_00550.png,23-Mar-2026 15:40:28,62.0333333333333
channel_1_image_0_a_timepoint_00551.png,23-Mar-2026 15:40:35,62.15
channel_1_image_0_a_timepoint_00552.png,23-Mar-2026 15:40:42,62.2666666666667
channel_1_image_0_a_timepoint_00553.png,23-Mar-2026 15:40:48,62.3666666666667
channel_1_image_0_a_timepoint_00554.png,23-Mar-2026 15:40:55,62.4833333333333
channel_1_image_0_a_timepoint_00555.png,23-Mar-2026 15:41:02,62.6
channel_1_image_0_a_timepoint_00556.png,23-Mar-2026 15:41:09,62.7166666666667
channel_1_image_0_a_timepoint_00557.png,23-Mar-2026 15:41:16,62.8333333333333
channel_1_image_0_a_timepoint_00558.png,23-Mar-2026 15:41:23,62.95
channel_1_image_0_a_timepoint_00559.png,23-Mar-2026 15:41:29,63.05
channel_1_image_0_a_timepoint_00560.png,23-Mar-2026 15:41:34,63.1333333333333
channel_1_image_0_a_timepoint_00561.png,23-Mar-2026 15:41:41,63.25
channel_1_image_0_a_timepoint_00562.png,23-Mar-2026 15:41:48,63.3666666666667
channel_1_image_0_a_timepoint_00563.png,23-Mar-2026 15:41:55,63.4833333333333
channel_1_image_0_a_timepoint_00564.png,23-Mar-2026 15:42:02,63.6
channel_1_image_0_a_timepoint_00565.png,23-Mar-2026 15:42:09,63.7166666666667
channel_1_image_0_a_timepoint_00566.png,23-Mar-2026 15:42:16,63.8333333333333
channel_1_image_0_a_timepoint_00567.png,23-Mar-2026 15:42:23,63.95
channel_1_image_0_a_timepoint_00568.png,23-Mar-2026 15:42:29,64.05
channel_1_image_0_a_timepoint_00569.png,23-Mar-2026 15:42:36,64.1666666666667
channel_1_image_0_a_timepoint_00570.png,23-Mar-2026 15:42:43,64.2833333333333
channel_1_image_0_a_timepoint_00571.png,23-Mar-2026 15:42:50,64.4
channel_1_image_0_a_timepoint_00572.png,23-Mar-2026 15:42:57,64.5166666666667
channel_1_image_0_a_timepoint_00573.png,23-Mar-2026 15:43:04,64.6333333333333
channel_1_image_0_a_timepoint_00574.png,23-Mar-2026 15:43:11,64.75
channel_1_image_0_a_timepoint_00575.png,23-Mar-2026 15:43:17,64.85
channel_1_image_0_a_timepoint_00576.png,23-Mar-2026 15:43:24,64.9666666666667
channel_1_image_0_a_timepoint_00577.png,23-Mar-2026 15:43:31,65.0833333333333
channel_1_image_0_a_timepoint_00578.png,23-Mar-2026 15:43:38,65.2
channel_1_image_0_a_timepoint_00579.png,23-Mar-2026 15:43:45,65.3166666666667
channel_1_image_0_a_timepoint_00580.png,23-Mar-2026 15:43:52,65.4333333333333
channel_1_image_0_a_timepoint_00581.png,23-Mar-2026 15:43:59,65.55
channel_1_image_0_a_timepoint_00582.png,23-Mar-2026 15:44:06,65.6666666666667
channel_1_image_0_a_timepoint_00583.png,23-Mar-2026 15:44:12,65.7666666666667
channel_1_image_0_a_timepoint_00584.png,23-Mar-2026 15:44:19,65.8833333333333
channel_1_image_0_a_timepoint_00585.png,23-Mar-2026 15:44:25,65.9833333333333
channel_1_image_0_a_timepoint_00586.png,23-Mar-2026 15:44:32,66.1
channel_1_image_0_a_timepoint_00587.png,23-Mar-2026 15:44:39,66.2166666666667
channel_1_image_0_a_timepoint_00588.png,23-Mar-2026 15:44:46,66.3333333333333
channel_1_image_0_a_timepoint_00589.png,23-Mar-2026 15:44:53,66.45
channel_1_image_0_a_timepoint_00590.png,23-Mar-2026 15:45:00,66.5666666666667
channel_1_image_0_a_timepoint_00591.png,23-Mar-2026 15:45:06,66.6666666666667
channel_1_image_0_a_timepoint_00592.png,23-Mar-2026 15:45:11,66.75
channel_1_image_0_a_timepoint_00593.png,23-Mar-2026 15:45:18,66.8666666666667
channel_1_image_0_a_timepoint_00594.png,23-Mar-2026 15:45:24,66.9666666666667
channel_1_image_0_a_timepoint_00595.png,23-Mar-2026 15:45:31,67.0833333333333
channel_1_image_0_a_timepoint_00596.png,23-Mar-2026 15:45:38,67.2
channel_1_image_0_a_timepoint_00597.png,23-Mar-2026 15:45:45,67.3166666666667
channel_1_image_0_a_timepoint_00598.png,23-Mar-2026 15:45:52,67.4333333333333
channel_1_image_0_a_timepoint_00599.png,23-Mar-2026 15:45:58,67.5333333333333
channel_1_image_0_a_timepoint_00600.png,23-Mar-2026 15:46:05,67.65
channel_1_image_0_a_timepoint_00601.png,23-Mar-2026 15:46:12,67.7666666666667
channel_1_image_0_a_timepoint_00602.png,23-Mar-2026 15:46:19,67.8833333333333
channel_1_image_0_a_timepoint_00603.png,23-Mar-2026 15:46:26,68
channel_1_image_0_a_timepoint_00604.png,23-Mar-2026 15:46:33,68.1166666666667
channel_1_image_0_a_timepoint_00605.png,23-Mar-2026 15:46:40,68.2333333333333
channel_1_image_0_a_timepoint_00606.png,23-Mar-2026 15:46:46,68.3333333333333
channel_1_image_0_a_timepoint_00607.png,23-Mar-2026 15:46:53,68.45
channel_1_image_0_a_timepoint_00608.png,23-Mar-2026 15:47:00,68.5666666666667
channel_1_image_0_a_timepoint_00609.png,23-Mar-2026 15:47:07,68.6833333333333
channel_1_image_0_a_timepoint_00610.png,23-Mar-2026 15:47:14,68.8
channel_1_image_0_a_timepoint_00611.png,23-Mar-2026 15:47:21,68.9166666666667
channel_1_image_0_a_timepoint_00612.png,23-Mar-2026 15:47:27,69.0166666666667
channel_1_image_0_a_timepoint_00613.png,23-Mar-2026 15:47:34,69.1333333333333
channel_1_image_0_a_timepoint_00614.png,23-Mar-2026 15:47:41,69.25
channel_1_image_0_a_timepoint_00615.png,23-Mar-2026 15:47:48,69.3666666666667
channel_1_image_0_a_timepoint_00616.png,23-Mar-2026 15:47:55,69.4833333333333
channel_1_image_0_a_timepoint_00617.png,23-Mar-2026 15:48:01,69.5833333333333
channel_1_image_0_a_timepoint_00618.png,23-Mar-2026 15:48:08,69.7
channel_1_image_0_a_timepoint_00619.png,23-Mar-2026 15:48:15,69.8166666666667
channel_1_image_0_a_timepoint_00620.png,23-Mar-2026 15:48:22,69.9333333333333
channel_1_image_0_a_timepoint_00621.png,23-Mar-2026 15:48:29,70.05
channel_1_image_0_a_timepoint_00622.png,23-Mar-2026 15:48:36,70.1666666666667
channel_1_image_0_a_timepoint_00623.png,23-Mar-2026 15:48:42,70.2666666666667
channel_1_image_0_a_timepoint_00624.png,23-Mar-2026 15:48:49,70.3833333333333
channel_1_image_0_a_timepoint_00625.png,23-Mar-2026 15:48:56,70.5
channel_1_image_0_a_timepoint_00626.png,23-Mar-2026 15:49:03,70.6166666666667
channel_1_image_0_a_timepoint_00627.png,23-Mar-2026 15:49:10,70.7333333333333
channel_1_image_0_a_timepoint_00628.png,23-Mar-2026 15:49:17,70.85
channel_1_image_0_a_timepoint_00629.png,23-Mar-2026 15:49:24,70.9666666666667
channel_1_image_0_a_timepoint_00630.png,23-Mar-2026 15:49:30,71.0666666666667
channel_1_image_0_a_timepoint_00631.png,23-Mar-2026 15:49:37,71.1833333333333
channel_1_image_0_a_timepoint_00632.png,23-Mar-2026 15:49:44,71.3
channel_1_image_0_a_timepoint_00633.png,23-Mar-2026 15:49:51,71.4166666666667
channel_1_image_0_a_timepoint_00634.png,23-Mar-2026 15:49:58,71.5333333333333
channel_1_image_0_a_timepoint_00635.png,23-Mar-2026 15:50:05,71.65
channel_1_image_0_a_timepoint_00636.png,23-Mar-2026 15:50:12,71.7666666666667
channel_1_image_0_a_timepoint_00637.png,23-Mar-2026 15:50:18,71.8666666666667
channel_1_image_0_a_timepoint_00638.png,23-Mar-2026 15:50:25,71.9833333333333
channel_1_image_0_a_timepoint_00639.png,23-Mar-2026 15:50:32,72.1
channel_1_image_0_a_timepoint_00640.png,23-Mar-2026 15:50:39,72.2166666666667
channel_1_image_0_a_timepoint_00641.png,23-Mar-2026 15:50:46,72.3333333333333
channel_1_image_0_a_timepoint_00642.png,23-Mar-2026 15:50:53,72.45
channel_1_image_0_a_timepoint_00643.png,23-Mar-2026 15:50:59,72.55
channel_1_image_0_a_timepoint_00644.png,23-Mar-2026 15:51:06,72.6666666666667
channel_1_image_0_a_timepoint_00645.png,23-Mar-2026 15:51:13,72.7833333333333
channel_1_image_0_a_timepoint_00646.png,23-Mar-2026 15:51:20,72.9
channel_1_image_0_a_timepoint_00647.png,23-Mar-2026 15:51:27,73.0166666666667
channel_1_image_0_a_timepoint_00648.png,23-Mar-2026 15:51:34,73.1333333333333
channel_1_image_0_a_timepoint_00649.png,23-Mar-2026 15:51:40,73.2333333333333
channel_1_image_0_a_timepoint_00650.png,23-Mar-2026 15:51:47,73.35
channel_1_image_0_a_timepoint_00651.png,23-Mar-2026 15:51:54,73.4666666666667
channel_1_image_0_a_timepoint_00652.png,23-Mar-2026 15:52:01,73.5833333333333
channel_1_image_0_a_timepoint_00653.png,23-Mar-2026 15:52:08,73.7
channel_1_image_0_a_timepoint_00654.png,23-Mar-2026 15:52:15,73.8166666666667
channel_1_image_0_a_timepoint_00655.png,23-Mar-2026 15:52:21,73.9166666666667
channel_1_image_0_a_timepoint_00656.png,23-Mar-2026 15:52:28,74.0333333333333
channel_1_image_0_a_timepoint_00657.png,23-Mar-2026 15:52:35,74.15
channel_1_image_0_a_timepoint_00658.png,23-Mar-2026 15:52:42,74.2666666666667
channel_1_image_0_a_timepoint_00659.png,23-Mar-2026 15:52:49,74.3833333333333
channel_1_image_0_a_timepoint_00660.png,23-Mar-2026 15:52:55,74.4833333333333
channel_1_image_0_a_timepoint_00661.png,23-Mar-2026 15:53:02,74.6
channel_1_image_0_a_timepoint_00662.png,23-Mar-2026 15:53:09,74.7166666666667
channel_1_image_0_a_timepoint_00663.png,23-Mar-2026 15:53:16,74.8333333333333
channel_1_image_0_a_timepoint_00664.png,23-Mar-2026 15:53:23,74.95
channel_1_image_0_a_timepoint_00665.png,23-Mar-2026 15:53:30,75.0666666666667
channel_1_image_0_a_timepoint_00666.png,23-Mar-2026 15:53:36,75.1666666666667
channel_1_image_0_a_timepoint_00667.png,23-Mar-2026 15:53:43,75.2833333333333
channel_1_image_0_a_timepoint_00668.png,23-Mar-2026 15:53:50,75.4
channel_1_image_0_a_timepoint_00669.png,23-Mar-2026 15:53:57,75.5166666666667
channel_1_image_0_a_timepoint_00670.png,23-Mar-2026 15:54:04,75.6333333333333
channel_1_image_0_a_timepoint_00671.png,23-Mar-2026 15:54:11,75.75
channel_1_image_0_a_timepoint_00672.png,23-Mar-2026 15:54:17,75.85
channel_1_image_0_a_timepoint_00673.png,23-Mar-2026 15:54:24,75.9666666666667
channel_1_image_0_a_timepoint_00674.png,23-Mar-2026 15:54:31,76.0833333333333
channel_1_image_0_a_timepoint_00675.png,23-Mar-2026 15:54:38,76.2
channel_1_image_0_a_timepoint_00676.png,23-Mar-2026 15:54:45,76.3166666666667
channel_1_image_0_a_timepoint_00677.png,23-Mar-2026 15:54:52,76.4333333333333
channel_1_image_0_a_timepoint_00678.png,23-Mar-2026 15:54:58,76.5333333333333
channel_1_image_0_a_timepoint_00679.png,23-Mar-2026 15:55:05,76.65
channel_1_image_0_a_timepoint_00680.png,23-Mar-2026 15:55:12,76.7666666666667
channel_1_image_0_a_timepoint_00681.png,23-Mar-2026 15:55:19,76.8833333333333
channel_1_image_0_a_timepoint_00682.png,23-Mar-2026 15:55:26,77
channel_1_image_0_a_timepoint_00683.png,23-Mar-2026 15:55:33,77.1166666666667
channel_1_image_0_a_timepoint_00684.png,23-Mar-2026 15:55:39,77.2166666666667
channel_1_image_0_a_timepoint_00685.png,23-Mar-2026 15:55:46,77.3333333333333
channel_1_image_0_a_timepoint_00686.png,23-Mar-2026 15:55:53,77.45
channel_1_image_0_a_timepoint_00687.png,23-Mar-2026 15:55:58,77.5333333333333
channel_1_image_0_a_timepoint_00688.png,23-Mar-2026 15:56:05,77.65
channel_1_image_0_a_timepoint_00689.png,23-Mar-2026 15:56:12,77.7666666666667
channel_1_image_0_a_timepoint_00690.png,23-Mar-2026 15:56:19,77.8833333333333
channel_1_image_0_a_timepoint_00691.png,23-Mar-2026 15:56:26,78
channel_1_image_0_a_timepoint_00692.png,23-Mar-2026 15:56:32,78.1
channel_1_image_0_a_timepoint_00693.png,23-Mar-2026 15:56:39,78.2166666666667
channel_1_image_0_a_timepoint_00694.png,23-Mar-2026 15:56:46,78.3333333333333
channel_1_image_0_a_timepoint_00695.png,23-Mar-2026 15:56:53,78.45
channel_1_image_0_a_timepoint_00696.png,23-Mar-2026 15:56:59,78.55
channel_1_image_0_a_timepoint_00697.png,23-Mar-2026 15:57:06,78.6666666666667
channel_1_image_0_a_timepoint_00698.png,23-Mar-2026 15:57:13,78.7833333333333
channel_1_image_0_a_timepoint_00699.png,23-Mar-2026 15:57:19,78.8833333333333
channel_1_image_0_a_timepoint_00700.png,23-Mar-2026 15:57:26,79
channel_1_image_0_a_timepoint_00701.png,23-Mar-2026 15:57:33,79.1166666666667
channel_1_image_0_a_timepoint_00702.png,23-Mar-2026 15:57:40,79.2333333333333
channel_1_image_0_a_timepoint_00703.png,23-Mar-2026 15:57:47,79.35
channel_1_image_0_a_timepoint_00704.png,23-Mar-2026 15:57:54,79.4666666666667
channel_1_image_0_a_timepoint_00705.png,23-Mar-2026 15:58:01,79.5833333333333
channel_1_image_0_a_timepoint_00706.png,23-Mar-2026 15:58:07,79.6833333333333
channel_1_image_0_a_timepoint_00707.png,23-Mar-2026 15:58:14,79.8
channel_1_image_0_a_timepoint_00708.png,23-Mar-2026 15:58:21,79.9166666666667
channel_1_image_0_a_timepoint_00709.png,23-Mar-2026 15:58:28,80.0333333333333
channel_1_image_0_a_timepoint_00710.png,23-Mar-2026 15:58:35,80.15
channel_1_image_0_a_timepoint_00711.png,23-Mar-2026 15:58:41,80.25
channel_1_image_0_a_timepoint_00712.png,23-Mar-2026 15:58:48,80.3666666666667
channel_1_image_0_a_timepoint_00713.png,23-Mar-2026 15:58:55,80.4833333333333
channel_1_image_0_a_timepoint_00714.png,23-Mar-2026 15:59:02,80.6
channel_1_image_0_a_timepoint_00715.png,23-Mar-2026 15:59:09,80.7166666666667
channel_1_image_0_a_timepoint_00716.png,23-Mar-2026 15:59:16,80.8333333333333
channel_1_image_0_a_timepoint_00717.png,23-Mar-2026 15:59:22,80.9333333333333
channel_1_image_0_a_timepoint_00718.png,23-Mar-2026 15:59:29,81.05
channel_1_image_0_a_timepoint_00719.png,23-Mar-2026 15:59:36,81.1666666666667
channel_1_image_0_a_timepoint_00720.png,23-Mar-2026 15:59:43,81.2833333333333
channel_1_image_0_a_timepoint_00721.png,23-Mar-2026 15:59:50,81.4
channel_1_image_0_a_timepoint_00722.png,23-Mar-2026 15:59:57,81.5166666666667
channel_1_image_0_a_timepoint_00723.png,23-Mar-2026 16:00:03,81.6166666666667
channel_1_image_0_a_timepoint_00724.png,23-Mar-2026 16:00:10,81.7333333333333
channel_1_image_0_a_timepoint_00725.png,23-Mar-2026 16:00:17,81.85
channel_1_image_0_a_timepoint_00726.png,23-Mar-2026 16:00:24,81.9666666666667
channel_1_image_0_a_timepoint_00727.png,23-Mar-2026 16:00:31,82.0833333333333
channel_1_image_0_a_timepoint_00728.png,23-Mar-2026 16:00:38,82.2
channel_1_image_0_a_timepoint_00729.png,23-Mar-2026 16:00:42,82.2666666666667
channel_1_image_0_a_timepoint_00730.png,23-Mar-2026 16:00:49,82.3833333333333
channel_1_image_0_a_timepoint_00731.png,23-Mar-2026 16:00:56,82.5
channel_1_image_0_a_timepoint_00732.png,23-Mar-2026 16:01:03,82.6166666666667
channel_1_image_0_a_timepoint_00733.png,23-Mar-2026 16:01:10,82.7333333333333
channel_1_image_0_a_timepoint_00734.png,23-Mar-2026 16:01:17,82.85
channel_1_image_0_a_timepoint_00735.png,23-Mar-2026 16:01:24,82.9666666666667
channel_1_image_0_a_timepoint_00736.png,23-Mar-2026 16:01:30,83.0666666666667
channel_1_image_0_a_timepoint_00737.png,23-Mar-2026 16:01:37,83.1833333333333
channel_1_image_0_a_timepoint_00738.png,23-Mar-2026 16:01:44,83.3
channel_1_image_0_a_timepoint_00739.png,23-Mar-2026 16:01:51,83.4166666666667
channel_1_image_0_a_timepoint_00740.png,23-Mar-2026 16:01:58,83.5333333333333
channel_1_image_0_a_timepoint_00741.png,23-Mar-2026 16:02:05,83.65
channel_1_image_0_a_timepoint_00742.png,23-Mar-2026 16:02:11,83.75
channel_1_image_0_a_timepoint_00743.png,23-Mar-2026 16:02:18,83.8666666666667
channel_1_image_0_a_timepoint_00744.png,23-Mar-2026 16:02:25,83.9833333333333
channel_1_image_0_a_timepoint_00745.png,23-Mar-2026 16:02:32,84.1
channel_1_image_0_a_timepoint_00746.png,23-Mar-2026 16:02:38,84.2
channel_1_image_0_a_timepoint_00747.png,23-Mar-2026 16:02:45,84.3166666666667
channel_1_image_0_a_timepoint_00748.png,23-Mar-2026 16:02:52,84.4333333333333
channel_1_image_0_a_timepoint_00749.png,23-Mar-2026 16:02:59,84.55
channel_1_image_0_a_timepoint_00750.png,23-Mar-2026 16:03:06,84.6666666666667
channel_1_image_0_a_timepoint_00751.png,23-Mar-2026 16:03:13,84.7833333333333
channel_1_image_0_a_timepoint_00752.png,23-Mar-2026 16:03:19,84.8833333333333
channel_1_image_0_a_timepoint_00753.png,23-Mar-2026 16:03:26,85
channel_1_image_0_a_timepoint_00754.png,23-Mar-2026 16:03:33,85.1166666666667
channel_1_image_0_a_timepoint_00755.png,23-Mar-2026 16:03:40,85.2333333333333
channel_1_image_0_a_timepoint_00756.png,23-Mar-2026 16:03:47,85.35
channel_1_image_0_a_timepoint_00757.png,23-Mar-2026 16:03:54,85.4666666666667
channel_1_image_0_a_timepoint_00758.png,23-Mar-2026 16:04:00,85.5666666666667
channel_1_image_0_a_timepoint_00759.png,23-Mar-2026 16:04:07,85.6833333333333
channel_1_image_0_a_timepoint_00760.png,23-Mar-2026 16:04:14,85.8
channel_1_image_0_a_timepoint_00761.png,23-Mar-2026 16:04:21,85.9166666666667
channel_1_image_0_a_timepoint_00762.png,23-Mar-2026 16:04:28,86.0333333333333
channel_1_image_0_a_timepoint_00763.png,23-Mar-2026 16:04:35,86.15
channel_1_image_0_a_timepoint_00764.png,23-Mar-2026 16:04:42,86.2666666666667
channel_1_image_0_a_timepoint_00765.png,23-Mar-2026 16:04:48,86.3666666666667
channel_1_image_0_a_timepoint_00766.png,23-Mar-2026 16:04:55,86.4833333333333
channel_1_image_0_a_timepoint_00767.png,23-Mar-2026 16:05:02,86.6
channel_1_image_0_a_timepoint_00768.png,23-Mar-2026 16:05:09,86.7166666666667
channel_1_image_0_a_timepoint_00769.png,23-Mar-2026 16:05:16,86.8333333333333
channel_1_image_0_a_timepoint_00770.png,23-Mar-2026 16:05:23,86.95
channel_1_image_0_a_timepoint_00771.png,23-Mar-2026 16:05:29,87.05
channel_1_image_0_a_timepoint_00772.png,23-Mar-2026 16:05:36,87.1666666666667
channel_1_image_0_a_timepoint_00773.png,23-Mar-2026 16:05:43,87.2833333333333
channel_1_image_0_a_timepoint_00774.png,23-Mar-2026 16:05:49,87.3833333333333
channel_1_image_0_a_timepoint_00775.png,23-Mar-2026 16:05:56,87.5
channel_1_image_0_a_timepoint_00776.png,23-Mar-2026 16:06:03,87.6166666666667
channel_1_image_0_a_timepoint_00777.png,23-Mar-2026 16:06:09,87.7166666666667
channel_1_image_0_a_timepoint_00778.png,23-Mar-2026 16:06:16,87.8333333333333
channel_1_image_0_a_timepoint_00779.png,23-Mar-2026 16:06:23,87.95
channel_1_image_0_a_timepoint_00780.png,23-Mar-2026 16:06:30,88.0666666666667
channel_1_image_0_a_timepoint_00781.png,23-Mar-2026 16:06:37,88.1833333333333
channel_1_image_0_a_timepoint_00782.png,23-Mar-2026 16:06:44,88.3
channel_1_image_0_a_timepoint_00783.png,23-Mar-2026 16:06:51,88.4166666666667
channel_1_image_0_a_timepoint_00784.png,23-Mar-2026 16:06:57,88.5166666666667
channel_1_image_0_a_timepoint_00785.png,23-Mar-2026 16:07:04,88.6333333333333
channel_1_image_0_a_timepoint_00786.png,23-Mar-2026 16:07:11,88.75
channel_1_image_0_a_timepoint_00787.png,23-Mar-2026 16:07:18,88.8666666666667
channel_1_image_0_a_timepoint_00788.png,23-Mar-2026 16:07:25,88.9833333333333
channel_1_image_0_a_timepoint_00789.png,23-Mar-2026 16:07:32,89.1
channel_1_image_0_a_timepoint_00790.png,23-Mar-2026 16:07:38,89.2
channel_1_image_0_a_timepoint_00791.png,23-Mar-2026 16:07:45,89.3166666666667
channel_1_image_0_a_timepoint_00792.png,23-Mar-2026 16:07:52,89.4333333333333
channel_1_image_0_a_timepoint_00793.png,23-Mar-2026 16:07:59,89.55
channel_1_image_0_a_timepoint_00794.png,23-Mar-2026 16:08:06,89.6666666666667
channel_1_image_0_a_timepoint_00795.png,23-Mar-2026 16:08:13,89.7833333333333
channel_1_image_0_a_timepoint_00796.png,23-Mar-2026 16:08:20,89.9
channel_1_image_0_a_timepoint_00797.png,23-Mar-2026 16:08:26,90
channel_1_image_0_a_timepoint_00798.png,23-Mar-2026 16:08:33,90.1166666666667
channel_1_image_0_a_timepoint_00799.png,23-Mar-2026 16:08:40,90.2333333333333
channel_1_image_0_a_timepoint_00800.png,23-Mar-2026 16:08:47,90.35
channel_1_image_0_a_timepoint_00801.png,23-Mar-2026 16:08:54,90.4666666666667
channel_1_image_0_a_timepoint_00802.png,23-Mar-2026 16:09:01,90.5833333333333
channel_1_image_0_a_timepoint_00803.png,23-Mar-2026 16:09:07,90.6833333333333
channel_1_image_0_a_timepoint_00804.png,23-Mar-2026 16:09:14,90.8
channel_1_image_0_a_timepoint_00805.png,23-Mar-2026 16:09:21,90.9166666666667
channel_1_image_0_a_timepoint_00806.png,23-Mar-2026 16:09:28,91.0333333333333
channel_1_image_0_a_timepoint_00807.png,23-Mar-2026 16:09:35,91.15
channel_1_image_0_a_timepoint_00808.png,23-Mar-2026 16:09:42,91.2666666666667
channel_1_image_0_a_timepoint_00809.png,23-Mar-2026 16:09:48,91.3666666666667
channel_1_image_0_a_timepoint_00810.png,23-Mar-2026 16:09:55,91.4833333333333
channel_1_image_0_a_timepoint_00811.png,23-Mar-2026 16:10:02,91.6
channel_1_image_0_a_timepoint_00812.png,23-Mar-2026 16:10:09,91.7166666666667
channel_1_image_0_a_timepoint_00813.png,23-Mar-2026 16:10:16,91.8333333333333
channel_1_image_0_a_timepoint_00814.png,23-Mar-2026 16:10:22,91.9333333333333
channel_1_image_0_a_timepoint_00815.png,23-Mar-2026 16:10:29,92.05
channel_1_image_0_a_timepoint_00816.png,23-Mar-2026 16:10:36,92.1666666666667
channel_1_image_0_a_timepoint_00817.png,23-Mar-2026 16:10:43,92.2833333333333
channel_1_image_0_a_timepoint_00818.png,23-Mar-2026 16:10:50,92.4
channel_1_image_0_a_timepoint_00819.png,23-Mar-2026 16:10:57,92.5166666666667
channel_1_image_0_a_timepoint_00820.png,23-Mar-2026 16:11:03,92.6166666666667
channel_1_image_0_a_timepoint_00821.png,23-Mar-2026 16:11:10,92.7333333333333
channel_1_image_0_a_timepoint_00822.png,23-Mar-2026 16:11:17,92.85
channel_1_image_0_a_timepoint_00823.png,23-Mar-2026 16:11:24,92.9666666666667
channel_1_image_0_a_timepoint_00824.png,23-Mar-2026 16:11:31,93.0833333333333
channel_1_image_0_a_timepoint_00825.png,23-Mar-2026 16:11:38,93.2
channel_1_image_0_a_timepoint_00826.png,23-Mar-2026 16:11:45,93.3166666666667
channel_1_image_0_a_timepoint_00827.png,23-Mar-2026 16:11:52,93.4333333333333
channel_1_image_0_a_timepoint_00828.png,23-Mar-2026 16:11:58,93.5333333333333
channel_1_image_0_a_timepoint_00829.png,23-Mar-2026 16:12:05,93.65
channel_1_image_0_a_timepoint_00830.png,23-Mar-2026 16:12:12,93.7666666666667
channel_1_image_0_a_timepoint_00831.png,23-Mar-2026 16:12:19,93.8833333333333
channel_1_image_0_a_timepoint_00832.png,23-Mar-2026 16:12:26,94
channel_1_image_0_a_timepoint_00833.png,23-Mar-2026 16:12:33,94.1166666666667
channel_1_image_0_a_timepoint_00834.png,23-Mar-2026 16:12:39,94.2166666666667
channel_1_image_0_a_timepoint_00835.png,23-Mar-2026 16:12:46,94.3333333333333
channel_1_image_0_a_timepoint_00836.png,23-Mar-2026 16:12:53,94.45
channel_1_image_0_a_timepoint_00837.png,23-Mar-2026 16:13:00,94.5666666666667
channel_1_image_0_a_timepoint_00838.png,23-Mar-2026 16:13:07,94.6833333333333
channel_1_image_0_a_timepoint_00839.png,23-Mar-2026 16:13:14,94.8
channel_1_image_0_a_timepoint_00840.png,23-Mar-2026 16:13:21,94.9166666666667
channel_1_image_0_a_timepoint_00841.png,23-Mar-2026 16:13:28,95.0333333333333
channel_1_image_0_a_timepoint_00842.png,23-Mar-2026 16:13:35,95.15
channel_1_image_0_a_timepoint_00843.png,23-Mar-2026 16:13:38,95.2
channel_1_image_0_a_timepoint_00844.png,23-Mar-2026 16:13:45,95.3166666666667
channel_1_image_0_a_timepoint_00845.png,23-Mar-2026 16:13:52,95.4333333333333
channel_1_image_0_a_timepoint_00846.png,23-Mar-2026 16:13:59,95.55
channel_1_image_0_a_timepoint_00847.png,23-Mar-2026 16:14:06,95.6666666666667
channel_1_image_0_a_timepoint_00848.png,23-Mar-2026 16:14:12,95.7666666666667
channel_1_image_0_a_timepoint_00849.png,23-Mar-2026 16:14:19,95.8833333333333
channel_1_image_0_a_timepoint_00850.png,23-Mar-2026 16:14:26,96
channel_1_image_0_a_timepoint_00851.png,23-Mar-2026 16:14:33,96.1166666666667
channel_1_image_0_a_timepoint_00852.png,23-Mar-2026 16:14:40,96.2333333333333
channel_1_image_0_a_timepoint_00853.png,23-Mar-2026 16:14:46,96.3333333333333
channel_1_image_0_a_timepoint_00854.png,23-Mar-2026 16:14:53,96.45
channel_1_image_0_a_timepoint_00855.png,23-Mar-2026 16:14:59,96.55
channel_1_image_0_a_timepoint_00856.png,23-Mar-2026 16:15:05,96.65
channel_1_image_0_a_timepoint_00857.png,23-Mar-2026 16:15:12,96.7666666666667
channel_1_image_0_a_timepoint_00858.png,23-Mar-2026 16:15:18,96.8666666666667
channel_1_image_0_a_timepoint_00859.png,23-Mar-2026 16:15:25,96.9833333333333
channel_1_image_0_a_timepoint_00860.png,23-Mar-2026 16:15:32,97.1
channel_1_image_0_a_timepoint_00861.png,23-Mar-2026 16:15:39,97.2166666666667
channel_1_image_0_a_timepoint_00862.png,23-Mar-2026 16:15:46,97.3333333333333
channel_1_image_0_a_timepoint_00863.png,23-Mar-2026 16:15:52,97.4333333333333
channel_1_image_0_a_timepoint_00864.png,23-Mar-2026 16:15:59,97.55
channel_1_image_0_a_timepoint_00865.png,23-Mar-2026 16:16:06,97.6666666666667
channel_1_image_0_a_timepoint_00866.png,23-Mar-2026 16:16:13,97.7833333333333
channel_1_image_0_a_timepoint_00867.png,23-Mar-2026 16:16:18,97.8666666666667
channel_1_image_0_a_timepoint_00868.png,23-Mar-2026 16:16:25,97.9833333333333
channel_1_image_0_a_timepoint_00869.png,23-Mar-2026 16:16:32,98.1
channel_1_image_0_a_timepoint_00870.png,23-Mar-2026 16:16:38,98.2
channel_1_image_0_a_timepoint_00871.png,23-Mar-2026 16:16:45,98.3166666666667
channel_1_image_0_a_timepoint_00872.png,23-Mar-2026 16:16:52,98.4333333333333
channel_1_image_0_a_timepoint_00873.png,23-Mar-2026 16:16:59,98.55
channel_1_image_0_a_timepoint_00874.png,23-Mar-2026 16:17:06,98.6666666666667
channel_1_image_0_a_timepoint_00875.png,23-Mar-2026 16:17:12,98.7666666666667
channel_1_image_0_a_timepoint_00876.png,23-Mar-2026 16:17:19,98.8833333333333
channel_1_image_0_a_timepoint_00877.png,23-Mar-2026 16:17:26,99
channel_1_image_0_a_timepoint_00878.png,23-Mar-2026 16:17:33,99.1166666666667
channel_1_image_0_a_timepoint_00879.png,23-Mar-2026 16:17:40,99.2333333333333
channel_1_image_0_a_timepoint_00880.png,23-Mar-2026 16:17:47,99.35
channel_1_image_0_a_timepoint_00881.png,23-Mar-2026 16:17:53,99.45
channel_1_image_0_a_timepoint_00882.png,23-Mar-2026 16:18:00,99.5666666666667
channel_1_image_0_a_timepoint_00883.png,23-Mar-2026 16:18:07,99.6833333333333
channel_1_image_0_a_timepoint_00884.png,23-Mar-2026 16:18:14,99.8
channel_1_image_0_a_timepoint_00885.png,23-Mar-2026 16:18:20,99.9
channel_1_image_0_a_timepoint_00886.png,23-Mar-2026 16:18:27,100.016666666667
channel_1_image_0_a_timepoint_00887.png,23-Mar-2026 16:18:34,100.133333333333
channel_1_image_0_a_timepoint_00888.png,23-Mar-2026 16:18:41,100.25
channel_1_image_0_a_timepoint_00889.png,23-Mar-2026 16:18:48,100.366666666667
channel_1_image_0_a_timepoint_00890.png,23-Mar-2026 16:18:55,100.483333333333
channel_1_image_0_a_timepoint_00891.png,23-Mar-2026 16:19:01,100.583333333333
channel_1_image_0_a_timepoint_00892.png,23-Mar-2026 16:19:08,100.7
channel_1_image_0_a_timepoint_00893.png,23-Mar-2026 16:19:15,100.816666666667
channel_1_image_0_a_timepoint_00894.png,23-Mar-2026 16:19:22,100.933333333333
channel_1_image_0_a_timepoint_00895.png,23-Mar-2026 16:19:29,101.05
channel_1_image_0_a_timepoint_00896.png,23-Mar-2026 16:19:36,101.166666666667
channel_1_image_0_a_timepoint_00897.png,23-Mar-2026 16:19:43,101.283333333333
channel_1_image_0_a_timepoint_00898.png,23-Mar-2026 16:19:50,101.4
channel_1_image_0_a_timepoint_00899.png,23-Mar-2026 16:19:56,101.5
channel_1_image_0_a_timepoint_00900.png,23-Mar-2026 16:20:03,101.616666666667
channel_1_image_0_a_timepoint_00901.png,23-Mar-2026 16:20:10,101.733333333333
channel_1_image_0_a_timepoint_00902.png,23-Mar-2026 16:20:17,101.85
channel_1_image_0_a_timepoint_00903.png,23-Mar-2026 16:20:24,101.966666666667
channel_1_image_0_a_timepoint_00904.png,23-Mar-2026 16:20:31,102.083333333333
channel_1_image_0_a_timepoint_00905.png,23-Mar-2026 16:20:37,102.183333333333
channel_1_image_0_a_timepoint_00906.png,23-Mar-2026 16:20:44,102.3
channel_1_image_0_a_timepoint_00907.png,23-Mar-2026 16:20:51,102.416666666667
channel_1_image_0_a_timepoint_00908.png,23-Mar-2026 16:20:58,102.533333333333
channel_1_image_0_a_timepoint_00909.png,23-Mar-2026 16:21:05,102.65
channel_1_image_0_a_timepoint_00910.png,23-Mar-2026 16:21:12,102.766666666667
channel_1_image_0_a_timepoint_00911.png,23-Mar-2026 16:21:18,102.866666666667
channel_1_image_0_a_timepoint_00912.png,23-Mar-2026 16:21:25,102.983333333333
channel_1_image_0_a_timepoint_00913.png,23-Mar-2026 16:21:32,103.1
channel_1_image_0_a_timepoint_00914.png,23-Mar-2026 16:21:39,103.216666666667
channel_1_image_0_a_timepoint_00915.png,23-Mar-2026 16:21:46,103.333333333333
channel_1_image_0_a_timepoint_00916.png,23-Mar-2026 16:21:53,103.45
channel_1_image_0_a_timepoint_00917.png,23-Mar-2026 16:22:00,103.566666666667
channel_1_image_0_a_timepoint_00918.png,23-Mar-2026 16:22:06,103.666666666667
channel_1_image_0_a_timepoint_00919.png,23-Mar-2026 16:22:13,103.783333333333
channel_1_image_0_a_timepoint_00920.png,23-Mar-2026 16:22:20,103.9
channel_1_image_0_a_timepoint_00921.png,23-Mar-2026 16:22:27,104.016666666667
channel_1_image_0_a_timepoint_00922.png,23-Mar-2026 16:22:34,104.133333333333
channel_1_image_0_a_timepoint_00923.png,23-Mar-2026 16:22:41,104.25
channel_1_image_0_a_timepoint_00924.png,23-Mar-2026 16:22:47,104.35
channel_1_image_0_a_timepoint_00925.png,23-Mar-2026 16:22:54,104.466666666667
channel_1_image_0_a_timepoint_00926.png,23-Mar-2026 16:23:01,104.583333333333
channel_1_image_0_a_timepoint_00927.png,23-Mar-2026 16:23:08,104.7
channel_1_image_0_a_timepoint_00928.png,23-Mar-2026 16:23:15,104.816666666667
channel_1_image_0_a_timepoint_00929.png,23-Mar-2026 16:23:22,104.933333333333
channel_1_image_0_a_timepoint_00930.png,23-Mar-2026 16:23:29,105.05
channel_1_image_0_a_timepoint_00931.png,23-Mar-2026 16:23:36,105.166666666667
channel_1_image_0_a_timepoint_00932.png,23-Mar-2026 16:23:42,105.266666666667
channel_1_image_0_a_timepoint_00933.png,23-Mar-2026 16:23:49,105.383333333333
channel_1_image_0_a_timepoint_00934.png,23-Mar-2026 16:23:56,105.5
channel_1_image_0_a_timepoint_00935.png,23-Mar-2026 16:24:03,105.616666666667
channel_1_image_0_a_timepoint_00936.png,23-Mar-2026 16:24:10,105.733333333333
channel_1_image_0_a_timepoint_00937.png,23-Mar-2026 16:24:17,105.85
channel_1_image_0_a_timepoint_00938.png,23-Mar-2026 16:24:24,105.966666666667
channel_1_image_0_a_timepoint_00939.png,23-Mar-2026 16:24:31,106.083333333333
channel_1_image_0_a_timepoint_00940.png,23-Mar-2026 16:24:37,106.183333333333
channel_1_image_0_a_timepoint_00941.png,23-Mar-2026 16:24:44,106.3
channel_1_image_0_a_timepoint_00942.png,23-Mar-2026 16:24:51,106.416666666667
channel_1_image_0_a_timepoint_00943.png,23-Mar-2026 16:24:58,106.533333333333
channel_1_image_0_a_timepoint_00944.png,23-Mar-2026 16:25:05,106.65
channel_1_image_0_a_timepoint_00945.png,23-Mar-2026 16:25:11,106.75
channel_1_image_0_a_timepoint_00946.png,23-Mar-2026 16:25:18,106.866666666667
channel_1_image_0_a_timepoint_00947.png,23-Mar-2026 16:25:25,106.983333333333
channel_1_image_0_a_timepoint_00948.png,23-Mar-2026 16:25:32,107.1
channel_1_image_0_a_timepoint_00949.png,23-Mar-2026 16:25:39,107.216666666667
channel_1_image_0_a_timepoint_00950.png,23-Mar-2026 16:25:46,107.333333333333
channel_1_image_0_a_timepoint_00951.png,23-Mar-2026 16:25:51,107.416666666667
channel_1_image_0_a_timepoint_00952.png,23-Mar-2026 16:25:56,107.5
channel_1_image_0_a_timepoint_00953.png,23-Mar-2026 16:26:03,107.616666666667
channel_1_image_0_a_timepoint_00954.png,23-Mar-2026 16:26:10,107.733333333333
channel_1_image_0_a_timepoint_00955.png,23-Mar-2026 16:26:17,107.85
channel_1_image_0_a_timepoint_00956.png,23-Mar-2026 16:26:24,107.966666666667
channel_1_image_0_a_timepoint_00957.png,23-Mar-2026 16:26:31,108.083333333333
channel_1_image_0_a_timepoint_00958.png,23-Mar-2026 16:26:37,108.183333333333
channel_1_image_0_a_timepoint_00959.png,23-Mar-2026 16:26:44,108.3
channel_1_image_0_a_timepoint_00960.png,23-Mar-2026 16:26:51,108.416666666667
channel_1_image_0_a_timepoint_00961.png,23-Mar-2026 16:26:58,108.533333333333
channel_1_image_0_a_timepoint_00962.png,23-Mar-2026 16:27:05,108.65
channel_1_image_0_a_timepoint_00963.png,23-Mar-2026 16:27:12,108.766666666667
channel_1_image_0_a_timepoint_00964.png,23-Mar-2026 16:27:18,108.866666666667
channel_1_image_0_a_timepoint_00965.png,23-Mar-2026 16:27:25,108.983333333333
channel_1_image_0_a_timepoint_00966.png,23-Mar-2026 16:27:32,109.1
channel_1_image_0_a_timepoint_00967.png,23-Mar-2026 16:27:35,109.15
channel_1_image_0_a_timepoint_00968.png,23-Mar-2026 16:27:42,109.266666666667
channel_1_image_0_a_timepoint_00969.png,23-Mar-2026 16:27:49,109.383333333333
channel_1_image_0_a_timepoint_00970.png,23-Mar-2026 16:27:55,109.483333333333
channel_1_image_0_a_timepoint_00971.png,23-Mar-2026 16:28:02,109.6
channel_1_image_0_a_timepoint_00972.png,23-Mar-2026 16:28:09,109.716666666667
channel_1_image_0_a_timepoint_00973.png,23-Mar-2026 16:28:16,109.833333333333
channel_1_image_0_a_timepoint_00974.png,23-Mar-2026 16:28:23,109.95
channel_1_image_0_a_timepoint_00975.png,23-Mar-2026 16:28:30,110.066666666667
channel_1_image_0_a_timepoint_00976.png,23-Mar-2026 16:28:37,110.183333333333
channel_1_image_0_a_timepoint_00977.png,23-Mar-2026 16:28:43,110.283333333333
channel_1_image_0_a_timepoint_00978.png,23-Mar-2026 16:28:50,110.4
channel_1_image_0_a_timepoint_00979.png,23-Mar-2026 16:28:57,110.516666666667
channel_1_image_0_a_timepoint_00980.png,23-Mar-2026 16:29:04,110.633333333333
channel_1_image_0_a_timepoint_00981.png,23-Mar-2026 16:29:11,110.75
channel_1_image_0_a_timepoint_00982.png,23-Mar-2026 16:29:17,110.85
channel_1_image_0_a_timepoint_00983.png,23-Mar-2026 16:29:24,110.966666666667
channel_1_image_0_a_timepoint_00984.png,23-Mar-2026 16:29:31,111.083333333333
channel_1_image_0_a_timepoint_00985.png,23-Mar-2026 16:29:38,111.2
channel_1_image_0_a_timepoint_00986.png,23-Mar-2026 16:29:45,111.316666666667
channel_1_image_0_a_timepoint_00987.png,23-Mar-2026 16:29:52,111.433333333333
channel_1_image_0_a_timepoint_00988.png,23-Mar-2026 16:29:58,111.533333333333
channel_1_image_0_a_timepoint_00989.png,23-Mar-2026 16:30:05,111.65
channel_1_image_0_a_timepoint_00990.png,23-Mar-2026 16:30:12,111.766666666667
channel_1_image_0_a_timepoint_00991.png,23-Mar-2026 16:30:19,111.883333333333
channel_1_image_0_a_timepoint_00992.png,23-Mar-2026 16:30:26,112
channel_1_image_0_a_timepoint_00993.png,23-Mar-2026 16:30:33,112.116666666667
channel_1_image_0_a_timepoint_00994.png,23-Mar-2026 16:30:40,112.233333333333
channel_1_image_0_a_timepoint_00995.png,23-Mar-2026 16:30:46,112.333333333333
channel_1_image_0_a_timepoint_00996.png,23-Mar-2026 16:30:53,112.45
channel_1_image_0_a_timepoint_00997.png,23-Mar-2026 16:31:00,112.566666666667
channel_1_image_0_a_timepoint_00998.png,23-Mar-2026 16:31:07,112.683333333333
channel_1_image_0_a_timepoint_00999.png,23-Mar-2026 16:31:14,112.8
channel_1_image_0_a_timepoint_01000.png,23-Mar-2026 16:31:21,112.916666666667
channel_1_image_0_a_timepoint_01001.png,23-Mar-2026 16:31:28,113.033333333333
channel_1_image_0_a_timepoint_01002.png,23-Mar-2026 16:31:34,113.133333333333
channel_1_image_0_a_timepoint_01003.png,23-Mar-2026 16:31:41,113.25
channel_1_image_0_a_timepoint_01004.png,23-Mar-2026 16:31:48,113.366666666667
channel_1_image_0_a_timepoint_01005.png,23-Mar-2026 16:31:55,113.483333333333
channel_1_image_0_a_timepoint_01006.png,23-Mar-2026 16:32:02,113.6
channel_1_image_0_a_timepoint_01007.png,23-Mar-2026 16:32:09,113.716666666667
channel_1_image_0_a_timepoint_01008.png,23-Mar-2026 16:32:16,113.833333333333
channel_1_image_0_a_timepoint_01009.png,23-Mar-2026 16:32:22,113.933333333333
channel_1_image_0_a_timepoint_01010.png,23-Mar-2026 16:32:29,114.05
channel_1_image_0_a_timepoint_01011.png,23-Mar-2026 16:32:36,114.166666666667
channel_1_image_0_a_timepoint_01012.png,23-Mar-2026 16:32:43,114.283333333333
channel_1_image_0_a_timepoint_01013.png,23-Mar-2026 16:32:50,114.4
channel_1_image_0_a_timepoint_01014.png,23-Mar-2026 16:32:57,114.516666666667
channel_1_image_0_a_timepoint_01015.png,23-Mar-2026 16:33:03,114.616666666667
channel_1_image_0_a_timepoint_01016.png,23-Mar-2026 16:33:10,114.733333333333
channel_1_image_0_a_timepoint_01017.png,23-Mar-2026 16:33:17,114.85
channel_1_image_0_a_timepoint_01018.png,23-Mar-2026 16:33:24,114.966666666667
channel_1_image_0_a_timepoint_01019.png,23-Mar-2026 16:33:31,115.083333333333
channel_1_image_0_a_timepoint_01020.png,23-Mar-2026 16:33:38,115.2
channel_1_image_0_a_timepoint_01021.png,23-Mar-2026 16:33:41,115.25
channel_1_image_0_a_timepoint_01022.png,23-Mar-2026 16:33:48,115.366666666667
channel_1_image_0_a_timepoint_01023.png,23-Mar-2026 16:33:54,115.466666666667
channel_1_image_0_a_timepoint_01024.png,23-Mar-2026 16:34:01,115.583333333333
channel_1_image_0_a_timepoint_01025.png,23-Mar-2026 16:34:08,115.7
channel_1_image_0_a_timepoint_01026.png,23-Mar-2026 16:34:15,115.816666666667
channel_1_image_0_a_timepoint_01027.png,23-Mar-2026 16:34:22,115.933333333333
channel_1_image_0_a_timepoint_01028.png,23-Mar-2026 16:34:29,116.05
channel_1_image_0_a_timepoint_01029.png,23-Mar-2026 16:34:36,116.166666666667
channel_1_image_0_a_timepoint_01030.png,23-Mar-2026 16:34:42,116.266666666667
channel_1_image_0_a_timepoint_01031.png,23-Mar-2026 16:34:49,116.383333333333
channel_1_image_0_a_timepoint_01032.png,23-Mar-2026 16:34:56,116.5
channel_1_image_0_a_timepoint_01033.png,23-Mar-2026 16:35:03,116.616666666667
channel_1_image_0_a_timepoint_01034.png,23-Mar-2026 16:35:10,116.733333333333
channel_1_image_0_a_timepoint_01035.png,23-Mar-2026 16:35:17,116.85
channel_1_image_0_a_timepoint_01036.png,23-Mar-2026 16:35:24,116.966666666667
channel_1_image_0_a_timepoint_01037.png,23-Mar-2026 16:35:30,117.066666666667
channel_1_image_0_a_timepoint_01038.png,23-Mar-2026 16:35:37,117.183333333333
channel_1_image_0_a_timepoint_01039.png,23-Mar-2026 16:35:44,117.3
channel_1_image_0_a_timepoint_01040.png,23-Mar-2026 16:35:51,117.416666666667
channel_1_image_0_a_timepoint_01041.png,23-Mar-2026 16:35:58,117.533333333333
channel_1_image_0_a_timepoint_01042.png,23-Mar-2026 16:36:05,117.65
channel_1_image_0_a_timepoint_01043.png,23-Mar-2026 16:36:12,117.766666666667
channel_1_image_0_a_timepoint_01044.png,23-Mar-2026 16:36:18,117.866666666667
channel_1_image_0_a_timepoint_01045.png,23-Mar-2026 16:36:25,117.983333333333
channel_1_image_0_a_timepoint_01046.png,23-Mar-2026 16:36:32,118.1
channel_1_image_0_a_timepoint_01047.png,23-Mar-2026 16:36:39,118.216666666667
channel_1_image_0_a_timepoint_01048.png,23-Mar-2026 16:36:46,118.333333333333
channel_1_image_0_a_timepoint_01049.png,23-Mar-2026 16:36:53,118.45
channel_1_image_0_a_timepoint_01050.png,23-Mar-2026 16:37:00,118.566666666667
channel_1_image_0_a_timepoint_01051.png,23-Mar-2026 16:37:06,118.666666666667
channel_1_image_0_a_timepoint_01052.png,23-Mar-2026 16:37:13,118.783333333333
channel_1_image_0_a_timepoint_01053.png,23-Mar-2026 16:37:20,118.9
channel_1_image_0_a_timepoint_01054.png,23-Mar-2026 16:37:27,119.016666666667
channel_1_image_0_a_timepoint_01055.png,23-Mar-2026 16:37:34,119.133333333333
channel_1_image_0_a_timepoint_01056.png,23-Mar-2026 16:37:41,119.25
channel_1_image_0_a_timepoint_01057.png,23-Mar-2026 16:37:48,119.366666666667
channel_1_image_0_a_timepoint_01058.png,23-Mar-2026 16:37:54,119.466666666667
channel_1_image_0_a_timepoint_01059.png,23-Mar-2026 16:38:01,119.583333333333
channel_1_image_0_a_timepoint_01060.png,23-Mar-2026 16:38:08,119.7
channel_1_image_0_a_timepoint_01061.png,23-Mar-2026 16:38:15,119.816666666667
channel_1_image_0_a_timepoint_01062.png,23-Mar-2026 16:38:22,119.933333333333
channel_1_image_0_a_timepoint_01063.png,23-Mar-2026 16:38:28,120.033333333333
channel_1_image_0_a_timepoint_01064.png,23-Mar-2026 16:38:35,120.15
channel_1_image_0_a_timepoint_01065.png,23-Mar-2026 16:38:42,120.266666666667
channel_1_image_0_a_timepoint_01066.png,23-Mar-2026 16:38:49,120.383333333333
channel_1_image_0_a_timepoint_01067.png,23-Mar-2026 16:38:56,120.5
channel_1_image_0_a_timepoint_01068.png,23-Mar-2026 16:39:03,120.616666666667
channel_1_image_0_a_timepoint_01069.png,23-Mar-2026 16:39:09,120.716666666667
channel_1_image_0_a_timepoint_01070.png,23-Mar-2026 16:39:16,120.833333333333
channel_1_image_0_a_timepoint_01071.png,23-Mar-2026 16:39:23,120.95
channel_1_image_0_a_timepoint_01072.png,23-Mar-2026 16:39:30,121.066666666667
channel_1_image_0_a_timepoint_01073.png,23-Mar-2026 16:39:37,121.183333333333
channel_1_image_0_a_timepoint_01074.png,23-Mar-2026 16:39:44,121.3
channel_1_image_0_a_timepoint_01075.png,23-Mar-2026 16:39:51,121.416666666667
channel_1_image_0_a_timepoint_01076.png,23-Mar-2026 16:39:58,121.533333333333
channel_1_image_0_a_timepoint_01077.png,23-Mar-2026 16:40:04,121.633333333333
channel_1_image_0_a_timepoint_01078.png,23-Mar-2026 16:40:11,121.75
channel_1_image_0_a_timepoint_01079.png,23-Mar-2026 16:40:18,121.866666666667
channel_1_image_0_a_timepoint_01080.png,23-Mar-2026 16:40:25,121.983333333333
channel_1_image_0_a_timepoint_01081.png,23-Mar-2026 16:40:32,122.1
channel_1_image_0_a_timepoint_01082.png,23-Mar-2026 16:40:38,122.2
channel_1_image_0_a_timepoint_01083.png,23-Mar-2026 16:40:45,122.316666666667
channel_1_image_0_a_timepoint_01084.png,23-Mar-2026 16:40:52,122.433333333333
channel_1_image_0_a_timepoint_01085.png,23-Mar-2026 16:40:58,122.533333333333
channel_1_image_0_a_timepoint_01086.png,23-Mar-2026 16:41:05,122.65
channel_1_image_0_a_timepoint_01087.png,23-Mar-2026 16:41:12,122.766666666667
channel_1_image_0_a_timepoint_01088.png,23-Mar-2026 16:41:19,122.883333333333
channel_1_image_0_a_timepoint_01089.png,23-Mar-2026 16:41:26,123
channel_1_image_0_a_timepoint_01090.png,23-Mar-2026 16:41:33,123.116666666667
channel_1_image_0_a_timepoint_01091.png,23-Mar-2026 16:41:39,123.216666666667
channel_1_image_0_a_timepoint_01092.png,23-Mar-2026 16:41:45,123.316666666667
channel_1_image_0_a_timepoint_01093.png,23-Mar-2026 16:41:50,123.4
channel_1_image_0_a_timepoint_01094.png,23-Mar-2026 16:41:57,123.516666666667
channel_1_image_0_a_timepoint_01095.png,23-Mar-2026 16:42:04,123.633333333333
channel_1_image_0_a_timepoint_01096.png,23-Mar-2026 16:42:11,123.75
channel_1_image_0_a_timepoint_01097.png,23-Mar-2026 16:42:18,123.866666666667
channel_1_image_0_a_timepoint_01098.png,23-Mar-2026 16:42:25,123.983333333333
channel_1_image_0_a_timepoint_01099.png,23-Mar-2026 16:42:31,124.083333333333
channel_1_image_0_a_timepoint_01100.png,23-Mar-2026 16:42:38,124.2
channel_1_image_0_a_timepoint_01101.png,23-Mar-2026 16:42:45,124.316666666667
channel_1_image_0_a_timepoint_01102.png,23-Mar-2026 16:42:52,124.433333333333
channel_1_image_0_a_timepoint_01103.png,23-Mar-2026 16:42:59,124.55
channel_1_image_0_a_timepoint_01104.png,23-Mar-2026 16:43:05,124.65
channel_1_image_0_a_timepoint_01105.png,23-Mar-2026 16:43:12,124.766666666667
channel_1_image_0_a_timepoint_01106.png,23-Mar-2026 16:43:19,124.883333333333
channel_1_image_0_a_timepoint_01107.png,23-Mar-2026 16:43:26,125
channel_1_image_0_a_timepoint_01108.png,23-Mar-2026 16:43:33,125.116666666667
channel_1_image_0_a_timepoint_01109.png,23-Mar-2026 16:43:40,125.233333333333
channel_1_image_0_a_timepoint_01110.png,23-Mar-2026 16:43:46,125.333333333333
channel_1_image_0_a_timepoint_01111.png,23-Mar-2026 16:43:53,125.45
channel_1_image_0_a_timepoint_01112.png,23-Mar-2026 16:44:00,125.566666666667
channel_1_image_0_a_timepoint_01113.png,23-Mar-2026 16:44:07,125.683333333333
channel_1_image_0_a_timepoint_01114.png,23-Mar-2026 16:44:14,125.8
channel_1_image_0_a_timepoint_01115.png,23-Mar-2026 16:44:21,125.916666666667
channel_1_image_0_a_timepoint_01116.png,23-Mar-2026 16:44:28,126.033333333333
channel_1_image_0_a_timepoint_01117.png,23-Mar-2026 16:44:34,126.133333333333
channel_1_image_0_a_timepoint_01118.png,23-Mar-2026 16:44:41,126.25
channel_1_image_0_a_timepoint_01119.png,23-Mar-2026 16:44:48,126.366666666667
channel_1_image_0_a_timepoint_01120.png,23-Mar-2026 16:44:54,126.466666666667
channel_1_image_0_a_timepoint_01121.png,23-Mar-2026 16:45:00,126.566666666667
channel_1_image_0_a_timepoint_01122.png,23-Mar-2026 16:45:07,126.683333333333
channel_1_image_0_a_timepoint_01123.png,23-Mar-2026 16:45:14,126.8
channel_1_image_0_a_timepoint_01124.png,23-Mar-2026 16:45:21,126.916666666667
channel_1_image_0_a_timepoint_01125.png,23-Mar-2026 16:45:28,127.033333333333
channel_1_image_0_a_timepoint_01126.png,23-Mar-2026 16:45:34,127.133333333333
channel_1_image_0_a_timepoint_01127.png,23-Mar-2026 16:45:41,127.25
channel_1_image_0_a_timepoint_01128.png,23-Mar-2026 16:45:48,127.366666666667
channel_1_image_0_a_timepoint_01129.png,23-Mar-2026 16:45:55,127.483333333333
channel_1_image_0_a_timepoint_01130.png,23-Mar-2026 16:46:02,127.6
channel_1_image_0_a_timepoint_01131.png,23-Mar-2026 16:46:09,127.716666666667
channel_1_image_0_a_timepoint_01132.png,23-Mar-2026 16:46:15,127.816666666667
channel_1_image_0_a_timepoint_01133.png,23-Mar-2026 16:46:22,127.933333333333
channel_1_image_0_a_timepoint_01134.png,23-Mar-2026 16:46:29,128.05
channel_1_image_0_a_timepoint_01135.png,23-Mar-2026 16:46:36,128.166666666667
channel_1_image_0_a_timepoint_01136.png,23-Mar-2026 16:46:43,128.283333333333
channel_1_image_0_a_timepoint_01137.png,23-Mar-2026 16:46:49,128.383333333333
channel_1_image_0_a_timepoint_01138.png,23-Mar-2026 16:46:56,128.5
channel_1_image_0_a_timepoint_01139.png,23-Mar-2026 16:47:03,128.616666666667
channel_1_image_0_a_timepoint_01140.png,23-Mar-2026 16:47:10,128.733333333333
channel_1_image_0_a_timepoint_01141.png,23-Mar-2026 16:47:17,128.85
channel_1_image_0_a_timepoint_01142.png,23-Mar-2026 16:47:24,128.966666666667
channel_1_image_0_a_timepoint_01143.png,23-Mar-2026 16:47:30,129.066666666667
channel_1_image_0_a_timepoint_01144.png,23-Mar-2026 16:47:37,129.183333333333
channel_1_image_0_a_timepoint_01145.png,23-Mar-2026 16:47:44,129.3
channel_1_image_0_a_timepoint_01146.png,23-Mar-2026 16:47:51,129.416666666667
channel_1_image_0_a_timepoint_01147.png,23-Mar-2026 16:47:58,129.533333333333
channel_1_image_0_a_timepoint_01148.png,23-Mar-2026 16:48:05,129.65
channel_1_image_0_a_timepoint_01149.png,23-Mar-2026 16:48:12,129.766666666667
channel_1_image_0_a_timepoint_01150.png,23-Mar-2026 16:48:19,129.883333333333
channel_1_image_0_a_timepoint_01151.png,23-Mar-2026 16:48:25,129.983333333333
channel_1_image_0_a_timepoint_01152.png,23-Mar-2026 16:48:32,130.1
channel_1_image_0_a_timepoint_01153.png,23-Mar-2026 16:48:39,130.216666666667
channel_1_image_0_a_timepoint_01154.png,23-Mar-2026 16:48:43,130.283333333333
channel_1_image_0_a_timepoint_01155.png,23-Mar-2026 16:48:50,130.4
channel_1_image_0_a_timepoint_01156.png,23-Mar-2026 16:48:57,130.516666666667
channel_1_image_0_a_timepoint_01157.png,23-Mar-2026 16:49:04,130.633333333333
channel_1_image_0_a_timepoint_01158.png,23-Mar-2026 16:49:11,130.75
channel_1_image_0_a_timepoint_01159.png,23-Mar-2026 16:49:18,130.866666666667
channel_1_image_0_a_timepoint_01160.png,23-Mar-2026 16:49:25,130.983333333333
channel_1_image_0_a_timepoint_01161.png,23-Mar-2026 16:49:32,131.1
channel_1_image_0_a_timepoint_01162.png,23-Mar-2026 16:49:38,131.2
channel_1_image_0_a_timepoint_01163.png,23-Mar-2026 16:49:45,131.316666666667
channel_1_image_0_a_timepoint_01164.png,23-Mar-2026 16:49:52,131.433333333333
channel_1_image_0_a_timepoint_01165.png,23-Mar-2026 16:49:58,131.533333333333
channel_1_image_0_a_timepoint_01166.png,23-Mar-2026 16:50:05,131.65
channel_1_image_0_a_timepoint_01167.png,23-Mar-2026 16:50:12,131.766666666667
channel_1_image_0_a_timepoint_01168.png,23-Mar-2026 16:50:19,131.883333333333
channel_1_image_0_a_timepoint_01169.png,23-Mar-2026 16:50:25,131.983333333333
channel_1_image_0_a_timepoint_01170.png,23-Mar-2026 16:50:32,132.1
channel_1_image_0_a_timepoint_01171.png,23-Mar-2026 16:50:39,132.216666666667
channel_1_image_0_a_timepoint_01172.png,23-Mar-2026 16:50:46,132.333333333333
channel_1_image_0_a_timepoint_01173.png,23-Mar-2026 16:50:53,132.45
channel_1_image_0_a_timepoint_01174.png,23-Mar-2026 16:51:00,132.566666666667
channel_1_image_0_a_timepoint_01175.png,23-Mar-2026 16:51:06,132.666666666667
channel_1_image_0_a_timepoint_01176.png,23-Mar-2026 16:51:13,132.783333333333
channel_1_image_0_a_timepoint_01177.png,23-Mar-2026 16:51:20,132.9
channel_1_image_0_a_timepoint_01178.png,23-Mar-2026 16:51:27,133.016666666667
channel_1_image_0_a_timepoint_01179.png,23-Mar-2026 16:51:34,133.133333333333
channel_1_image_0_a_timepoint_01180.png,23-Mar-2026 16:51:41,133.25
channel_1_image_0_a_timepoint_01181.png,23-Mar-2026 16:51:47,133.35
channel_1_image_0_a_timepoint_01182.png,23-Mar-2026 16:51:54,133.466666666667
channel_1_image_0_a_timepoint_01183.png,23-Mar-2026 16:52:01,133.583333333333
channel_1_image_0_a_timepoint_01184.png,23-Mar-2026 16:52:08,133.7
channel_1_image_0_a_timepoint_01185.png,23-Mar-2026 16:52:15,133.816666666667
channel_1_image_0_a_timepoint_01186.png,23-Mar-2026 16:52:21,133.916666666667
channel_1_image_0_a_timepoint_01187.png,23-Mar-2026 16:52:28,134.033333333333
channel_1_image_0_a_timepoint_01188.png,23-Mar-2026 16:52:35,134.15
channel_1_image_0_a_timepoint_01189.png,23-Mar-2026 16:52:42,134.266666666667
channel_1_image_0_a_timepoint_01190.png,23-Mar-2026 16:52:49,134.383333333333
channel_1_image_0_a_timepoint_01191.png,23-Mar-2026 16:52:56,134.5
channel_1_image_0_a_timepoint_01192.png,23-Mar-2026 16:53:02,134.6
channel_1_image_0_a_timepoint_01193.png,23-Mar-2026 16:53:09,134.716666666667
channel_1_image_0_a_timepoint_01194.png,23-Mar-2026 16:53:16,134.833333333333
channel_1_image_0_a_timepoint_01195.png,23-Mar-2026 16:53:23,134.95
channel_1_image_0_a_timepoint_01196.png,23-Mar-2026 16:53:30,135.066666666667
channel_1_image_0_a_timepoint_01197.png,23-Mar-2026 16:53:37,135.183333333333
channel_1_image_0_a_timepoint_01198.png,23-Mar-2026 16:53:43,135.283333333333
channel_1_image_0_a_timepoint_01199.png,23-Mar-2026 16:53:50,135.4
channel_1_image_0_a_timepoint_01200.png,23-Mar-2026 16:53:57,135.516666666667
channel_1_image_0_a_timepoint_01201.png,23-Mar-2026 16:54:04,135.633333333333
channel_1_image_0_a_timepoint_01202.png,23-Mar-2026 16:54:11,135.75
channel_1_image_0_a_timepoint_01203.png,23-Mar-2026 16:54:18,135.866666666667
channel_1_image_0_a_timepoint_01204.png,23-Mar-2026 16:54:25,135.983333333333
channel_1_image_0_a_timepoint_01205.png,23-Mar-2026 16:54:31,136.083333333333
channel_1_image_0_a_timepoint_01206.png,23-Mar-2026 16:54:38,136.2
channel_1_image_0_a_timepoint_01207.png,23-Mar-2026 16:54:45,136.316666666667
channel_1_image_0_a_timepoint_01208.png,23-Mar-2026 16:54:52,136.433333333333
channel_1_image_0_a_timepoint_01209.png,23-Mar-2026 16:54:59,136.55
channel_1_image_0_a_timepoint_01210.png,23-Mar-2026 16:55:06,136.666666666667
channel_1_image_0_a_timepoint_01211.png,23-Mar-2026 16:55:13,136.783333333333
channel_1_image_0_a_timepoint_01212.png,23-Mar-2026 16:55:19,136.883333333333
channel_1_image_0_a_timepoint_01213.png,23-Mar-2026 16:55:26,137
channel_1_image_0_a_timepoint_01214.png,23-Mar-2026 16:55:33,137.116666666667
channel_1_image_0_a_timepoint_01215.png,23-Mar-2026 16:55:39,137.216666666667
channel_1_image_0_a_timepoint_01216.png,23-Mar-2026 16:55:46,137.333333333333
channel_1_image_0_a_timepoint_01217.png,23-Mar-2026 16:55:53,137.45
channel_1_image_0_a_timepoint_01218.png,23-Mar-2026 16:56:00,137.566666666667
channel_1_image_0_a_timepoint_01219.png,23-Mar-2026 16:56:07,137.683333333333
channel_1_image_0_a_timepoint_01220.png,23-Mar-2026 16:56:11,137.75
channel_1_image_0_a_timepoint_01221.png,23-Mar-2026 16:56:17,137.85
channel_1_image_0_a_timepoint_01222.png,23-Mar-2026 16:56:24,137.966666666667
channel_1_image_0_a_timepoint_01223.png,23-Mar-2026 16:56:31,138.083333333333
channel_1_image_0_a_timepoint_01224.png,23-Mar-2026 16:56:38,138.2
channel_1_image_0_a_timepoint_01225.png,23-Mar-2026 16:56:45,138.316666666667
channel_1_image_0_a_timepoint_01226.png,23-Mar-2026 16:56:52,138.433333333333
channel_1_image_0_a_timepoint_01227.png,23-Mar-2026 16:56:59,138.55
channel_1_image_0_a_timepoint_01228.png,23-Mar-2026 16:57:05,138.65
channel_1_image_0_a_timepoint_01229.png,23-Mar-2026 16:57:12,138.766666666667
channel_1_image_0_a_timepoint_01230.png,23-Mar-2026 16:57:19,138.883333333333
channel_1_image_0_a_timepoint_01231.png,23-Mar-2026 16:57:26,139
channel_1_image_0_a_timepoint_01232.png,23-Mar-2026 16:57:33,139.116666666667
channel_1_image_0_a_timepoint_01233.png,23-Mar-2026 16:57:40,139.233333333333
channel_1_image_0_a_timepoint_01234.png,23-Mar-2026 16:57:46,139.333333333333
channel_1_image_0_a_timepoint_01235.png,23-Mar-2026 16:57:53,139.45
channel_1_image_0_a_timepoint_01236.png,23-Mar-2026 16:58:00,139.566666666667
channel_1_image_0_a_timepoint_01237.png,23-Mar-2026 16:58:07,139.683333333333
channel_1_image_0_a_timepoint_01238.png,23-Mar-2026 16:58:14,139.8
channel_1_image_0_a_timepoint_01239.png,23-Mar-2026 16:58:21,139.916666666667
channel_1_image_0_a_timepoint_01240.png,23-Mar-2026 16:58:28,140.033333333333
channel_1_image_0_a_timepoint_01241.png,23-Mar-2026 16:58:34,140.133333333333
channel_1_image_0_a_timepoint_01242.png,23-Mar-2026 16:58:41,140.25
channel_1_image_0_a_timepoint_01243.png,23-Mar-2026 16:58:48,140.366666666667
channel_1_image_0_a_timepoint_01244.png,23-Mar-2026 16:58:55,140.483333333333
channel_1_image_0_a_timepoint_01245.png,23-Mar-2026 16:59:02,140.6
channel_1_image_0_a_timepoint_01246.png,23-Mar-2026 16:59:09,140.716666666667
channel_1_image_0_a_timepoint_01247.png,23-Mar-2026 16:59:15,140.816666666667
channel_1_image_0_a_timepoint_01248.png,23-Mar-2026 16:59:22,140.933333333333
channel_1_image_0_a_timepoint_01249.png,23-Mar-2026 16:59:29,141.05
channel_1_image_0_a_timepoint_01250.png,23-Mar-2026 16:59:36,141.166666666667
channel_1_image_0_a_timepoint_01251.png,23-Mar-2026 16:59:43,141.283333333333
channel_1_image_0_a_timepoint_01252.png,23-Mar-2026 16:59:50,141.4
channel_1_image_0_a_timepoint_01253.png,23-Mar-2026 16:59:56,141.5
channel_1_image_0_a_timepoint_01254.png,23-Mar-2026 17:00:03,141.616666666667
channel_1_image_0_a_timepoint_01255.png,23-Mar-2026 17:00:10,141.733333333333
channel_1_image_0_a_timepoint_01256.png,23-Mar-2026 17:00:17,141.85
channel_1_image_0_a_timepoint_01257.png,23-Mar-2026 17:00:24,141.966666666667
channel_1_image_0_a_timepoint_01258.png,23-Mar-2026 17:00:31,142.083333333333
channel_1_image_0_a_timepoint_01259.png,23-Mar-2026 17:00:38,142.2
channel_1_image_0_a_timepoint_01260.png,23-Mar-2026 17:00:45,142.316666666667
channel_1_image_0_a_timepoint_01261.png,23-Mar-2026 17:00:51,142.416666666667
channel_1_image_0_a_timepoint_01262.png,23-Mar-2026 17:00:58,142.533333333333
channel_1_image_0_a_timepoint_01263.png,23-Mar-2026 17:01:05,142.65
channel_1_image_0_a_timepoint_01264.png,23-Mar-2026 17:01:12,142.766666666667
channel_1_image_0_a_timepoint_01265.png,23-Mar-2026 17:01:19,142.883333333333
channel_1_image_0_a_timepoint_01266.png,23-Mar-2026 17:01:26,143
channel_1_image_0_a_timepoint_01267.png,23-Mar-2026 17:01:33,143.116666666667
channel_1_image_0_a_timepoint_01268.png,23-Mar-2026 17:01:39,143.216666666667
channel_1_image_0_a_timepoint_01269.png,23-Mar-2026 17:01:46,143.333333333333
channel_1_image_0_a_timepoint_01270.png,23-Mar-2026 17:01:53,143.45
channel_1_image_0_a_timepoint_01271.png,23-Mar-2026 17:02:00,143.566666666667
channel_1_image_0_a_timepoint_01272.png,23-Mar-2026 17:02:07,143.683333333333
channel_1_image_0_a_timepoint_01273.png,23-Mar-2026 17:02:13,143.783333333333
channel_1_image_0_a_timepoint_01274.png,23-Mar-2026 17:02:20,143.9
channel_1_image_0_a_timepoint_01275.png,23-Mar-2026 17:02:27,144.016666666667
channel_1_image_0_a_timepoint_01276.png,23-Mar-2026 17:02:34,144.133333333333
channel_1_image_0_a_timepoint_01277.png,23-Mar-2026 17:02:41,144.25
channel_1_image_0_a_timepoint_01278.png,23-Mar-2026 17:02:48,144.366666666667
channel_1_image_0_a_timepoint_01279.png,23-Mar-2026 17:02:54,144.466666666667
channel_1_image_0_a_timepoint_01280.png,23-Mar-2026 17:03:01,144.583333333333
channel_1_image_0_a_timepoint_01281.png,23-Mar-2026 17:03:08,144.7
channel_1_image_0_a_timepoint_01282.png,23-Mar-2026 17:03:15,144.816666666667
channel_1_image_0_a_timepoint_01283.png,23-Mar-2026 17:03:22,144.933333333333
channel_1_image_0_a_timepoint_01284.png,23-Mar-2026 17:03:29,145.05
channel_1_image_0_a_timepoint_01285.png,23-Mar-2026 17:03:35,145.15
channel_1_image_0_a_timepoint_01286.png,23-Mar-2026 17:03:42,145.266666666667
channel_1_image_0_a_timepoint_01287.png,23-Mar-2026 17:03:49,145.383333333333
channel_1_image_0_a_timepoint_01288.png,23-Mar-2026 17:03:56,145.5
channel_1_image_0_a_timepoint_01289.png,23-Mar-2026 17:04:03,145.616666666667
channel_1_image_0_a_timepoint_01290.png,23-Mar-2026 17:04:10,145.733333333333
channel_1_image_0_a_timepoint_01291.png,23-Mar-2026 17:04:17,145.85
channel_1_image_0_a_timepoint_01292.png,23-Mar-2026 17:04:24,145.966666666667
channel_1_image_0_a_timepoint_01293.png,23-Mar-2026 17:04:30,146.066666666667
channel_1_image_0_a_timepoint_01294.png,23-Mar-2026 17:04:37,146.183333333333
channel_1_image_0_a_timepoint_01295.png,23-Mar-2026 17:04:44,146.3
channel_1_image_0_a_timepoint_01296.png,23-Mar-2026 17:04:51,146.416666666667
channel_1_image_0_a_timepoint_01297.png,23-Mar-2026 17:04:58,146.533333333333
channel_1_image_0_a_timepoint_01298.png,23-Mar-2026 17:05:05,146.65
channel_1_image_0_a_timepoint_01299.png,23-Mar-2026 17:05:11,146.75
channel_1_image_0_a_timepoint_01300.png,23-Mar-2026 17:05:18,146.866666666667
channel_1_image_0_a_timepoint_01301.png,23-Mar-2026 17:05:25,146.983333333333
channel_1_image_0_a_timepoint_01302.png,23-Mar-2026 17:05:32,147.1
channel_1_image_0_a_timepoint_01303.png,23-Mar-2026 17:05:39,147.216666666667
channel_1_image_0_a_timepoint_01304.png,23-Mar-2026 17:05:46,147.333333333333
channel_1_image_0_a_timepoint_01305.png,23-Mar-2026 17:05:53,147.45
channel_1_image_0_a_timepoint_01306.png,23-Mar-2026 17:05:59,147.55
channel_1_image_0_a_timepoint_01307.png,23-Mar-2026 17:06:06,147.666666666667
channel_1_image_0_a_timepoint_01308.png,23-Mar-2026 17:06:13,147.783333333333
channel_1_image_0_a_timepoint_01309.png,23-Mar-2026 17:06:20,147.9
channel_1_image_0_a_timepoint_01310.png,23-Mar-2026 17:06:26,148
channel_1_image_0_a_timepoint_01311.png,23-Mar-2026 17:06:33,148.116666666667
channel_1_image_0_a_timepoint_01312.png,23-Mar-2026 17:06:40,148.233333333333
channel_1_image_0_a_timepoint_01313.png,23-Mar-2026 17:06:47,148.35
channel_1_image_0_a_timepoint_01314.png,23-Mar-2026 17:06:53,148.45
channel_1_image_0_a_timepoint_01315.png,23-Mar-2026 17:07:00,148.566666666667
channel_1_image_0_a_timepoint_01316.png,23-Mar-2026 17:07:07,148.683333333333
channel_1_image_0_a_timepoint_01317.png,23-Mar-2026 17:07:14,148.8
channel_1_image_0_a_timepoint_01318.png,23-Mar-2026 17:07:21,148.916666666667
channel_1_image_0_a_timepoint_01319.png,23-Mar-2026 17:07:28,149.033333333333
channel_1_image_0_a_timepoint_01320.png,23-Mar-2026 17:07:34,149.133333333333
channel_1_image_0_a_timepoint_01321.png,23-Mar-2026 17:07:41,149.25
channel_1_image_0_a_timepoint_01322.png,23-Mar-2026 17:07:48,149.366666666667
channel_1_image_0_a_timepoint_01323.png,23-Mar-2026 17:07:55,149.483333333333
channel_1_image_0_a_timepoint_01324.png,23-Mar-2026 17:08:02,149.6
channel_1_image_0_a_timepoint_01325.png,23-Mar-2026 17:08:09,149.716666666667
channel_1_image_0_a_timepoint_01326.png,23-Mar-2026 17:08:15,149.816666666667
channel_1_image_0_a_timepoint_01327.png,23-Mar-2026 17:08:22,149.933333333333
channel_1_image_0_a_timepoint_01328.png,23-Mar-2026 17:08:29,150.05
channel_1_image_0_a_timepoint_01329.png,23-Mar-2026 17:08:36,150.166666666667
channel_1_image_0_a_timepoint_01330.png,23-Mar-2026 17:08:43,150.283333333333
channel_1_image_0_a_timepoint_01331.png,23-Mar-2026 17:08:49,150.383333333333
channel_1_image_0_a_timepoint_01332.png,23-Mar-2026 17:08:56,150.5
channel_1_image_0_a_timepoint_01333.png,23-Mar-2026 17:09:03,150.616666666667
channel_1_image_0_a_timepoint_01334.png,23-Mar-2026 17:09:10,150.733333333333
channel_1_image_0_a_timepoint_01335.png,23-Mar-2026 17:09:17,150.85
channel_1_image_0_a_timepoint_01336.png,23-Mar-2026 17:09:24,150.966666666667
channel_1_image_0_a_timepoint_01337.png,23-Mar-2026 17:09:31,151.083333333333
channel_1_image_0_a_timepoint_01338.png,23-Mar-2026 17:09:38,151.2
channel_1_image_0_a_timepoint_01339.png,23-Mar-2026 17:09:44,151.3
channel_1_image_0_a_timepoint_01340.png,23-Mar-2026 17:09:51,151.416666666667
channel_1_image_0_a_timepoint_01341.png,23-Mar-2026 17:09:58,151.533333333333
channel_1_image_0_a_timepoint_01342.png,23-Mar-2026 17:10:05,151.65
channel_1_image_0_a_timepoint_01343.png,23-Mar-2026 17:10:12,151.766666666667
channel_1_image_0_a_timepoint_01344.png,23-Mar-2026 17:10:19,151.883333333333
channel_1_image_0_a_timepoint_01345.png,23-Mar-2026 17:10:25,151.983333333333
channel_1_image_0_a_timepoint_01346.png,23-Mar-2026 17:10:32,152.1
channel_1_image_0_a_timepoint_01347.png,23-Mar-2026 17:10:39,152.216666666667
channel_1_image_0_a_timepoint_01348.png,23-Mar-2026 17:10:46,152.333333333333
channel_1_image_0_a_timepoint_01349.png,23-Mar-2026 17:10:53,152.45
channel_1_image_0_a_timepoint_01350.png,23-Mar-2026 17:11:00,152.566666666667
channel_1_image_0_a_timepoint_01351.png,23-Mar-2026 17:11:06,152.666666666667
channel_1_image_0_a_timepoint_01352.png,23-Mar-2026 17:11:13,152.783333333333
channel_1_image_0_a_timepoint_01353.png,23-Mar-2026 17:11:20,152.9
channel_1_image_0_a_timepoint_01354.png,23-Mar-2026 17:11:27,153.016666666667
channel_1_image_0_a_timepoint_01355.png,23-Mar-2026 17:11:34,153.133333333333
channel_1_image_0_a_timepoint_01356.png,23-Mar-2026 17:11:40,153.233333333333
channel_1_image_0_a_timepoint_01357.png,23-Mar-2026 17:11:47,153.35
channel_1_image_0_a_timepoint_01358.png,23-Mar-2026 17:11:54,153.466666666667
channel_1_image_0_a_timepoint_01359.png,23-Mar-2026 17:12:01,153.583333333333
channel_1_image_0_a_timepoint_01360.png,23-Mar-2026 17:12:08,153.7
channel_1_image_0_a_timepoint_01361.png,23-Mar-2026 17:12:15,153.816666666667
channel_1_image_0_a_timepoint_01362.png,23-Mar-2026 17:12:21,153.916666666667
channel_1_image_0_a_timepoint_01363.png,23-Mar-2026 17:12:28,154.033333333333
channel_1_image_0_a_timepoint_01364.png,23-Mar-2026 17:12:35,154.15
channel_1_image_0_a_timepoint_01365.png,23-Mar-2026 17:12:42,154.266666666667
channel_1_image_0_a_timepoint_01366.png,23-Mar-2026 17:12:49,154.383333333333
channel_1_image_0_a_timepoint_01367.png,23-Mar-2026 17:12:56,154.5
channel_1_image_0_a_timepoint_01368.png,23-Mar-2026 17:13:03,154.616666666667
channel_1_image_0_a_timepoint_01369.png,23-Mar-2026 17:13:09,154.716666666667
channel_1_image_0_a_timepoint_01370.png,23-Mar-2026 17:13:16,154.833333333333
channel_1_image_0_a_timepoint_01371.png,23-Mar-2026 17:13:23,154.95
channel_1_image_0_a_timepoint_01372.png,23-Mar-2026 17:13:30,155.066666666667
channel_1_image_0_a_timepoint_01373.png,23-Mar-2026 17:13:37,155.183333333333
channel_1_image_0_a_timepoint_01374.png,23-Mar-2026 17:13:44,155.3
channel_1_image_0_a_timepoint_01375.png,23-Mar-2026 17:13:51,155.416666666667
channel_1_image_0_a_timepoint_01376.png,23-Mar-2026 17:13:57,155.516666666667
channel_1_image_0_a_timepoint_01377.png,23-Mar-2026 17:14:04,155.633333333333
channel_1_image_0_a_timepoint_01378.png,23-Mar-2026 17:14:11,155.75
channel_1_image_0_a_timepoint_01379.png,23-Mar-2026 17:14:18,155.866666666667
channel_1_image_0_a_timepoint_01380.png,23-Mar-2026 17:14:25,155.983333333333
channel_1_image_0_a_timepoint_01381.png,23-Mar-2026 17:14:32,156.1
channel_1_image_0_a_timepoint_01382.png,23-Mar-2026 17:14:39,156.216666666667
channel_1_image_0_a_timepoint_01383.png,23-Mar-2026 17:14:45,156.316666666667
channel_1_image_0_a_timepoint_01384.png,23-Mar-2026 17:14:52,156.433333333333
channel_1_image_0_a_timepoint_01385.png,23-Mar-2026 17:14:59,156.55
channel_1_image_0_a_timepoint_01386.png,23-Mar-2026 17:15:06,156.666666666667
channel_1_image_0_a_timepoint_01387.png,23-Mar-2026 17:15:13,156.783333333333
channel_1_image_0_a_timepoint_01388.png,23-Mar-2026 17:15:20,156.9
channel_1_image_0_a_timepoint_01389.png,23-Mar-2026 17:15:26,157
channel_1_image_0_a_timepoint_01390.png,23-Mar-2026 17:15:33,157.116666666667
channel_1_image_0_a_timepoint_01391.png,23-Mar-2026 17:15:40,157.233333333333
channel_1_image_0_a_timepoint_01392.png,23-Mar-2026 17:15:47,157.35
channel_1_image_0_a_timepoint_01393.png,23-Mar-2026 17:15:54,157.466666666667
channel_1_image_0_a_timepoint_01394.png,23-Mar-2026 17:16:01,157.583333333333
channel_1_image_0_a_timepoint_01395.png,23-Mar-2026 17:16:07,157.683333333333
channel_1_image_0_a_timepoint_01396.png,23-Mar-2026 17:16:14,157.8
channel_1_image_0_a_timepoint_01397.png,23-Mar-2026 17:16:21,157.916666666667
channel_1_image_0_a_timepoint_01398.png,23-Mar-2026 17:16:28,158.033333333333
channel_1_image_0_a_timepoint_01399.png,23-Mar-2026 17:16:35,158.15
channel_1_image_0_a_timepoint_01400.png,23-Mar-2026 17:16:41,158.25
channel_1_image_0_a_timepoint_01401.png,23-Mar-2026 17:16:48,158.366666666667
channel_1_image_0_a_timepoint_01402.png,23-Mar-2026 17:16:55,158.483333333333
channel_1_image_0_a_timepoint_01403.png,23-Mar-2026 17:17:02,158.6
channel_1_image_0_a_timepoint_01404.png,23-Mar-2026 17:17:09,158.716666666667
channel_1_image_0_a_timepoint_01405.png,23-Mar-2026 17:17:16,158.833333333333
channel_1_image_0_a_timepoint_01406.png,23-Mar-2026 17:17:22,158.933333333333
channel_1_image_0_a_timepoint_01407.png,23-Mar-2026 17:17:29,159.05
channel_1_image_0_a_timepoint_01408.png,23-Mar-2026 17:17:36,159.166666666667
channel_1_image_0_a_timepoint_01409.png,23-Mar-2026 17:17:43,159.283333333333
channel_1_image_0_a_timepoint_01410.png,23-Mar-2026 17:17:50,159.4
channel_1_image_0_a_timepoint_01411.png,23-Mar-2026 17:17:57,159.516666666667
channel_1_image_0_a_timepoint_01412.png,23-Mar-2026 17:18:04,159.633333333333
channel_1_image_0_a_timepoint_01413.png,23-Mar-2026 17:18:10,159.733333333333
channel_1_image_0_a_timepoint_01414.png,23-Mar-2026 17:18:17,159.85
channel_1_image_0_a_timepoint_01415.png,23-Mar-2026 17:18:24,159.966666666667
channel_1_image_0_a_timepoint_01416.png,23-Mar-2026 17:18:31,160.083333333333
channel_1_image_0_a_timepoint_01417.png,23-Mar-2026 17:18:38,160.2
channel_1_image_0_a_timepoint_01418.png,23-Mar-2026 17:18:44,160.3
channel_1_image_0_a_timepoint_01419.png,23-Mar-2026 17:18:51,160.416666666667
channel_1_image_0_a_timepoint_01420.png,23-Mar-2026 17:18:58,160.533333333333
channel_1_image_0_a_timepoint_01421.png,23-Mar-2026 17:19:05,160.65
channel_1_image_0_a_timepoint_01422.png,23-Mar-2026 17:19:12,160.766666666667
channel_1_image_0_a_timepoint_01423.png,23-Mar-2026 17:19:19,160.883333333333
channel_1_image_0_a_timepoint_01424.png,23-Mar-2026 17:19:25,160.983333333333
channel_1_image_0_a_timepoint_01425.png,23-Mar-2026 17:19:32,161.1
channel_1_image_0_a_timepoint_01426.png,23-Mar-2026 17:19:39,161.216666666667
channel_1_image_0_a_timepoint_01427.png,23-Mar-2026 17:19:46,161.333333333333
channel_1_image_0_a_timepoint_01428.png,23-Mar-2026 17:19:53,161.45
channel_1_image_0_a_timepoint_01429.png,23-Mar-2026 17:20:00,161.566666666667
channel_1_image_0_a_timepoint_01430.png,23-Mar-2026 17:20:07,161.683333333333
channel_1_image_0_a_timepoint_01431.png,23-Mar-2026 17:20:14,161.8
channel_1_image_0_a_timepoint_01432.png,23-Mar-2026 17:20:20,161.9
channel_1_image_0_a_timepoint_01433.png,23-Mar-2026 17:20:25,161.983333333333
channel_1_image_0_a_timepoint_01434.png,23-Mar-2026 17:20:30,162.066666666667
channel_1_image_0_a_timepoint_01435.png,23-Mar-2026 17:20:36,162.166666666667
channel_1_image_0_a_timepoint_01436.png,23-Mar-2026 17:20:43,162.283333333333
channel_1_image_0_a_timepoint_01437.png,23-Mar-2026 17:20:50,162.4
channel_1_image_0_a_timepoint_01438.png,23-Mar-2026 17:20:57,162.516666666667
channel_1_image_0_a_timepoint_01439.png,23-Mar-2026 17:21:04,162.633333333333
channel_1_image_0_a_timepoint_01440.png,23-Mar-2026 17:21:10,162.733333333333
channel_1_image_0_a_timepoint_01441.png,23-Mar-2026 17:21:17,162.85
channel_1_image_0_a_timepoint_01442.png,23-Mar-2026 17:21:24,162.966666666667
channel_1_image_0_a_timepoint_01443.png,23-Mar-2026 17:21:31,163.083333333333
channel_1_image_0_a_timepoint_01444.png,23-Mar-2026 17:21:38,163.2
channel_1_image_0_a_timepoint_01445.png,23-Mar-2026 17:21:44,163.3
channel_1_image_0_a_timepoint_01446.png,23-Mar-2026 17:21:51,163.416666666667
channel_1_image_0_a_timepoint_01447.png,23-Mar-2026 17:21:58,163.533333333333
channel_1_image_0_a_timepoint_01448.png,23-Mar-2026 17:22:05,163.65
channel_1_image_0_a_timepoint_01449.png,23-Mar-2026 17:22:12,163.766666666667
channel_1_image_0_a_timepoint_01450.png,23-Mar-2026 17:22:19,163.883333333333
channel_1_image_0_a_timepoint_01451.png,23-Mar-2026 17:22:26,164
channel_1_image_0_a_timepoint_01452.png,23-Mar-2026 17:22:32,164.1
channel_1_image_0_a_timepoint_01453.png,23-Mar-2026 17:22:39,164.216666666667
channel_1_image_0_a_timepoint_01454.png,23-Mar-2026 17:22:46,164.333333333333
channel_1_image_0_a_timepoint_01455.png,23-Mar-2026 17:22:53,164.45
channel_1_image_0_a_timepoint_01456.png,23-Mar-2026 17:23:00,164.566666666667
channel_1_image_0_a_timepoint_01457.png,23-Mar-2026 17:23:07,164.683333333333
channel_1_image_0_a_timepoint_01458.png,23-Mar-2026 17:23:14,164.8
channel_1_image_0_a_timepoint_01459.png,23-Mar-2026 17:23:20,164.9
channel_1_image_0_a_timepoint_01460.png,23-Mar-2026 17:23:27,165.016666666667
channel_1_image_0_a_timepoint_01461.png,23-Mar-2026 17:23:34,165.133333333333
channel_1_image_0_a_timepoint_01462.png,23-Mar-2026 17:23:41,165.25
channel_1_image_0_a_timepoint_01463.png,23-Mar-2026 17:23:48,165.366666666667
channel_1_image_0_a_timepoint_01464.png,23-Mar-2026 17:23:54,165.466666666667
channel_1_image_0_a_timepoint_01465.png,23-Mar-2026 17:24:01,165.583333333333
channel_1_image_0_a_timepoint_01466.png,23-Mar-2026 17:24:08,165.7
channel_1_image_0_a_timepoint_01467.png,23-Mar-2026 17:24:15,165.816666666667
channel_1_image_0_a_timepoint_01468.png,23-Mar-2026 17:24:22,165.933333333333
channel_1_image_0_a_timepoint_01469.png,23-Mar-2026 17:24:29,166.05
channel_1_image_0_a_timepoint_01470.png,23-Mar-2026 17:24:35,166.15
channel_1_image_0_a_timepoint_01471.png,23-Mar-2026 17:24:42,166.266666666667
channel_1_image_0_a_timepoint_01472.png,23-Mar-2026 17:24:49,166.383333333333
channel_1_image_0_a_timepoint_01473.png,23-Mar-2026 17:24:56,166.5
channel_1_image_0_a_timepoint_01474.png,23-Mar-2026 17:25:03,166.616666666667
channel_1_image_0_a_timepoint_01475.png,23-Mar-2026 17:25:10,166.733333333333
channel_1_image_0_a_timepoint_01476.png,23-Mar-2026 17:25:16,166.833333333333
channel_1_image_0_a_timepoint_01477.png,23-Mar-2026 17:25:23,166.95
channel_1_image_0_a_timepoint_01478.png,23-Mar-2026 17:25:30,167.066666666667
channel_1_image_0_a_timepoint_01479.png,23-Mar-2026 17:25:37,167.183333333333
channel_1_image_0_a_timepoint_01480.png,23-Mar-2026 17:25:44,167.3
channel_1_image_0_a_timepoint_01481.png,23-Mar-2026 17:25:50,167.4
channel_1_image_0_a_timepoint_01482.png,23-Mar-2026 17:25:57,167.516666666667
channel_1_image_0_a_timepoint_01483.png,23-Mar-2026 17:26:04,167.633333333333
channel_1_image_0_a_timepoint_01484.png,23-Mar-2026 17:26:11,167.75
channel_1_image_0_a_timepoint_01485.png,23-Mar-2026 17:26:18,167.866666666667
channel_1_image_0_a_timepoint_01486.png,23-Mar-2026 17:26:25,167.983333333333
channel_1_image_0_a_timepoint_01487.png,23-Mar-2026 17:26:32,168.1
channel_1_image_0_a_timepoint_01488.png,23-Mar-2026 17:26:38,168.2
channel_1_image_0_a_timepoint_01489.png,23-Mar-2026 17:26:45,168.316666666667
channel_1_image_0_a_timepoint_01490.png,23-Mar-2026 17:26:52,168.433333333333
channel_1_image_0_a_timepoint_01491.png,23-Mar-2026 17:26:59,168.55
channel_1_image_0_a_timepoint_01492.png,23-Mar-2026 17:27:06,168.666666666667
channel_1_image_0_a_timepoint_01493.png,23-Mar-2026 17:27:13,168.783333333333
channel_1_image_0_a_timepoint_01494.png,23-Mar-2026 17:27:20,168.9
channel_1_image_0_a_timepoint_01495.png,23-Mar-2026 17:27:26,169
channel_1_image_0_a_timepoint_01496.png,23-Mar-2026 17:27:33,169.116666666667
channel_1_image_0_a_timepoint_01497.png,23-Mar-2026 17:27:40,169.233333333333
channel_1_image_0_a_timepoint_01498.png,23-Mar-2026 17:27:47,169.35
channel_1_image_0_a_timepoint_01499.png,23-Mar-2026 17:27:54,169.466666666667
channel_1_image_0_a_timepoint_01500.png,23-Mar-2026 17:28:01,169.583333333333
channel_1_image_0_a_timepoint_01501.png,23-Mar-2026 17:28:07,169.683333333333
channel_1_image_0_a_timepoint_01502.png,23-Mar-2026 17:28:14,169.8
channel_1_image_0_a_timepoint_01503.png,23-Mar-2026 17:28:21,169.916666666667
channel_1_image_0_a_timepoint_01504.png,23-Mar-2026 17:28:28,170.033333333333
channel_1_image_0_a_timepoint_01505.png,23-Mar-2026 17:28:35,170.15
channel_1_image_0_a_timepoint_01506.png,23-Mar-2026 17:28:41,170.25
channel_1_image_0_a_timepoint_01507.png,23-Mar-2026 17:28:48,170.366666666667
channel_1_image_0_a_timepoint_01508.png,23-Mar-2026 17:28:55,170.483333333333
channel_1_image_0_a_timepoint_01509.png,23-Mar-2026 17:29:02,170.6
channel_1_image_0_a_timepoint_01510.png,23-Mar-2026 17:29:09,170.716666666667
channel_1_image_0_a_timepoint_01511.png,23-Mar-2026 17:29:16,170.833333333333
channel_1_image_0_a_timepoint_01512.png,23-Mar-2026 17:29:23,170.95
channel_1_image_0_a_timepoint_01513.png,23-Mar-2026 17:29:29,171.05
channel_1_image_0_a_timepoint_01514.png,23-Mar-2026 17:29:36,171.166666666667
channel_1_image_0_a_timepoint_01515.png,23-Mar-2026 17:29:43,171.283333333333
channel_1_image_0_a_timepoint_01516.png,23-Mar-2026 17:29:50,171.4
channel_1_image_0_a_timepoint_01517.png,23-Mar-2026 17:29:57,171.516666666667
channel_1_image_0_a_timepoint_01518.png,23-Mar-2026 17:30:04,171.633333333333
channel_1_image_0_a_timepoint_01519.png,23-Mar-2026 17:30:10,171.733333333333
channel_1_image_0_a_timepoint_01520.png,23-Mar-2026 17:30:17,171.85
channel_1_image_0_a_timepoint_01521.png,23-Mar-2026 17:30:20,171.9
channel_1_image_0_a_timepoint_01522.png,23-Mar-2026 17:30:27,172.016666666667
channel_1_image_0_a_timepoint_01523.png,23-Mar-2026 17:30:34,172.133333333333
channel_1_image_0_a_timepoint_01524.png,23-Mar-2026 17:30:40,172.233333333333
channel_1_image_0_a_timepoint_01525.png,23-Mar-2026 17:30:47,172.35
channel_1_image_0_a_timepoint_01526.png,23-Mar-2026 17:30:54,172.466666666667
channel_1_image_0_a_timepoint_01527.png,23-Mar-2026 17:31:01,172.583333333333
channel_1_image_0_a_timepoint_01528.png,23-Mar-2026 17:31:08,172.7
channel_1_image_0_a_timepoint_01529.png,23-Mar-2026 17:31:14,172.8
channel_1_image_0_a_timepoint_01530.png,23-Mar-2026 17:31:21,172.916666666667
channel_1_image_0_a_timepoint_01531.png,23-Mar-2026 17:31:28,173.033333333333
channel_1_image_0_a_timepoint_01532.png,23-Mar-2026 17:31:35,173.15
channel_1_image_0_a_timepoint_01533.png,23-Mar-2026 17:31:42,173.266666666667
channel_1_image_0_a_timepoint_01534.png,23-Mar-2026 17:31:48,173.366666666667
channel_1_image_0_a_timepoint_01535.png,23-Mar-2026 17:31:55,173.483333333333
channel_1_image_0_a_timepoint_01536.png,23-Mar-2026 17:32:02,173.6
channel_1_image_0_a_timepoint_01537.png,23-Mar-2026 17:32:09,173.716666666667
channel_1_image_0_a_timepoint_01538.png,23-Mar-2026 17:32:16,173.833333333333
channel_1_image_0_a_timepoint_01539.png,23-Mar-2026 17:32:23,173.95
channel_1_image_0_a_timepoint_01540.png,23-Mar-2026 17:32:30,174.066666666667
channel_1_image_0_a_timepoint_01541.png,23-Mar-2026 17:32:36,174.166666666667
channel_1_image_0_a_timepoint_01542.png,23-Mar-2026 17:32:43,174.283333333333
channel_1_image_0_a_timepoint_01543.png,23-Mar-2026 17:32:50,174.4
channel_1_image_0_a_timepoint_01544.png,23-Mar-2026 17:32:57,174.516666666667
channel_1_image_0_a_timepoint_01545.png,23-Mar-2026 17:33:04,174.633333333333
channel_1_image_0_a_timepoint_01546.png,23-Mar-2026 17:33:11,174.75
channel_1_image_0_a_timepoint_01547.png,23-Mar-2026 17:33:16,174.833333333333
channel_1_image_0_a_timepoint_01548.png,23-Mar-2026 17:33:21,174.916666666667
channel_1_image_0_a_timepoint_01549.png,23-Mar-2026 17:33:28,175.033333333333
channel_1_image_0_a_timepoint_01550.png,23-Mar-2026 17:33:34,175.133333333333
channel_1_image_0_a_timepoint_01551.png,23-Mar-2026 17:33:41,175.25
channel_1_image_0_a_timepoint_01552.png,23-Mar-2026 17:33:48,175.366666666667
channel_1_image_0_a_timepoint_01553.png,23-Mar-2026 17:33:55,175.483333333333
channel_1_image_0_a_timepoint_01554.png,23-Mar-2026 17:34:02,175.6
channel_1_image_0_a_timepoint_01555.png,23-Mar-2026 17:34:09,175.716666666667
channel_1_image_0_a_timepoint_01556.png,23-Mar-2026 17:34:16,175.833333333333
channel_1_image_0_a_timepoint_01557.png,23-Mar-2026 17:34:22,175.933333333333
channel_1_image_0_a_timepoint_01558.png,23-Mar-2026 17:34:29,176.05
channel_1_image_0_a_timepoint_01559.png,23-Mar-2026 17:34:36,176.166666666667
channel_1_image_0_a_timepoint_01560.png,23-Mar-2026 17:34:43,176.283333333333
channel_1_image_0_a_timepoint_01561.png,23-Mar-2026 17:34:50,176.4
channel_1_image_0_a_timepoint_01562.png,23-Mar-2026 17:34:57,176.516666666667
channel_1_image_0_a_timepoint_01563.png,23-Mar-2026 17:35:03,176.616666666667
channel_1_image_0_a_timepoint_01564.png,23-Mar-2026 17:35:10,176.733333333333
channel_1_image_0_a_timepoint_01565.png,23-Mar-2026 17:35:17,176.85
channel_1_image_0_a_timepoint_01566.png,23-Mar-2026 17:35:24,176.966666666667
channel_1_image_0_a_timepoint_01567.png,23-Mar-2026 17:35:31,177.083333333333
channel_1_image_0_a_timepoint_01568.png,23-Mar-2026 17:35:38,177.2
channel_1_image_0_a_timepoint_01569.png,23-Mar-2026 17:35:44,177.3
channel_1_image_0_a_timepoint_01570.png,23-Mar-2026 17:35:51,177.416666666667
channel_1_image_0_a_timepoint_01571.png,23-Mar-2026 17:35:58,177.533333333333
channel_1_image_0_a_timepoint_01572.png,23-Mar-2026 17:36:05,177.65
channel_1_image_0_a_timepoint_01573.png,23-Mar-2026 17:36:12,177.766666666667
channel_1_image_0_a_timepoint_01574.png,23-Mar-2026 17:36:19,177.883333333333
channel_1_image_0_a_timepoint_01575.png,23-Mar-2026 17:36:25,177.983333333333
channel_1_image_0_a_timepoint_01576.png,23-Mar-2026 17:36:32,178.1
channel_1_image_0_a_timepoint_01577.png,23-Mar-2026 17:36:39,178.216666666667
channel_1_image_0_a_timepoint_01578.png,23-Mar-2026 17:36:46,178.333333333333
channel_1_image_0_a_timepoint_01579.png,23-Mar-2026 17:36:53,178.45
channel_1_image_0_a_timepoint_01580.png,23-Mar-2026 17:37:00,178.566666666667
channel_1_image_0_a_timepoint_01581.png,23-Mar-2026 17:37:07,178.683333333333
channel_1_image_0_a_timepoint_01582.png,23-Mar-2026 17:37:13,178.783333333333
channel_1_image_0_a_timepoint_01583.png,23-Mar-2026 17:37:20,178.9
channel_1_image_0_a_timepoint_01584.png,23-Mar-2026 17:37:27,179.016666666667
channel_1_image_0_a_timepoint_01585.png,23-Mar-2026 17:37:34,179.133333333333
channel_1_image_0_a_timepoint_01586.png,23-Mar-2026 17:37:41,179.25
channel_1_image_0_a_timepoint_01587.png,23-Mar-2026 17:37:48,179.366666666667
channel_1_image_0_a_timepoint_01588.png,23-Mar-2026 17:37:54,179.466666666667
channel_1_image_0_a_timepoint_01589.png,23-Mar-2026 17:38:01,179.583333333333
channel_1_image_0_a_timepoint_01590.png,23-Mar-2026 17:38:08,179.7
channel_1_image_0_a_timepoint_01591.png,23-Mar-2026 17:38:15,179.816666666667
channel_1_image_0_a_timepoint_01592.png,23-Mar-2026 17:38:22,179.933333333333
channel_1_image_0_a_timepoint_01593.png,23-Mar-2026 17:38:29,180.05
channel_1_image_0_a_timepoint_01594.png,23-Mar-2026 17:38:36,180.166666666667
channel_1_image_0_a_timepoint_01595.png,23-Mar-2026 17:38:42,180.266666666667
channel_1_image_0_a_timepoint_01596.png,23-Mar-2026 17:38:49,180.383333333333
channel_1_image_0_a_timepoint_01597.png,23-Mar-2026 17:38:56,180.5
channel_1_image_0_a_timepoint_01598.png,23-Mar-2026 17:39:03,180.616666666667
channel_1_image_0_a_timepoint_01599.png,23-Mar-2026 17:39:10,180.733333333333
channel_1_image_0_a_timepoint_01600.png,23-Mar-2026 17:39:17,180.85
channel_1_image_0_a_timepoint_01601.png,23-Mar-2026 17:39:24,180.966666666667
channel_1_image_0_a_timepoint_01602.png,23-Mar-2026 17:39:30,181.066666666667
channel_1_image_0_a_timepoint_01603.png,23-Mar-2026 17:39:36,181.166666666667
channel_1_image_0_a_timepoint_01604.png,23-Mar-2026 17:39:43,181.283333333333
channel_1_image_0_a_timepoint_01605.png,23-Mar-2026 17:39:50,181.4
channel_1_image_0_a_timepoint_01606.png,23-Mar-2026 17:39:57,181.516666666667
channel_1_image_0_a_timepoint_01607.png,23-Mar-2026 17:40:04,181.633333333333
channel_1_image_0_a_timepoint_01608.png,23-Mar-2026 17:40:11,181.75
channel_1_image_0_a_timepoint_01609.png,23-Mar-2026 17:40:17,181.85
channel_1_image_0_a_timepoint_01610.png,23-Mar-2026 17:40:24,181.966666666667
channel_1_image_0_a_timepoint_01611.png,23-Mar-2026 17:40:31,182.083333333333
channel_1_image_0_a_timepoint_01612.png,23-Mar-2026 17:40:34,182.133333333333
channel_1_image_0_a_timepoint_01613.png,23-Mar-2026 17:40:41,182.25
channel_1_image_0_a_timepoint_01614.png,23-Mar-2026 17:40:48,182.366666666667
channel_1_image_0_a_timepoint_01615.png,23-Mar-2026 17:40:55,182.483333333333
channel_1_image_0_a_timepoint_01616.png,23-Mar-2026 17:41:02,182.6
channel_1_image_0_a_timepoint_01617.png,23-Mar-2026 17:41:08,182.7
channel_1_image_0_a_timepoint_01618.png,23-Mar-2026 17:41:15,182.816666666667
channel_1_image_0_a_timepoint_01619.png,23-Mar-2026 17:41:22,182.933333333333
channel_1_image_0_a_timepoint_01620.png,23-Mar-2026 17:41:29,183.05
channel_1_image_0_a_timepoint_01621.png,23-Mar-2026 17:41:36,183.166666666667
channel_1_image_0_a_timepoint_01622.png,23-Mar-2026 17:41:43,183.283333333333
channel_1_image_0_a_timepoint_01623.png,23-Mar-2026 17:41:49,183.383333333333
channel_1_image_0_a_timepoint_01624.png,23-Mar-2026 17:41:56,183.5
channel_1_image_0_a_timepoint_01625.png,23-Mar-2026 17:42:03,183.616666666667
channel_1_image_0_a_timepoint_01626.png,23-Mar-2026 17:42:10,183.733333333333
channel_1_image_0_a_timepoint_01627.png,23-Mar-2026 17:42:17,183.85
channel_1_image_0_a_timepoint_01628.png,23-Mar-2026 17:42:24,183.966666666667
channel_1_image_0_a_timepoint_01629.png,23-Mar-2026 17:42:30,184.066666666667
channel_1_image_0_a_timepoint_01630.png,23-Mar-2026 17:42:37,184.183333333333
channel_1_image_0_a_timepoint_01631.png,23-Mar-2026 17:42:44,184.3
channel_1_image_0_a_timepoint_01632.png,23-Mar-2026 17:42:51,184.416666666667
channel_1_image_0_a_timepoint_01633.png,23-Mar-2026 17:42:58,184.533333333333
channel_1_image_0_a_timepoint_01634.png,23-Mar-2026 17:43:05,184.65
channel_1_image_0_a_timepoint_01635.png,23-Mar-2026 17:43:11,184.75
channel_1_image_0_a_timepoint_01636.png,23-Mar-2026 17:43:18,184.866666666667
channel_1_image_0_a_timepoint_01637.png,23-Mar-2026 17:43:25,184.983333333333
channel_1_image_0_a_timepoint_01638.png,23-Mar-2026 17:43:32,185.1
channel_1_image_0_a_timepoint_01639.png,23-Mar-2026 17:43:37,185.183333333333
channel_1_image_0_a_timepoint_01640.png,23-Mar-2026 17:43:43,185.283333333333
channel_1_image_0_a_timepoint_01641.png,23-Mar-2026 17:43:50,185.4
channel_1_image_0_a_timepoint_01642.png,23-Mar-2026 17:43:56,185.5
channel_1_image_0_a_timepoint_01643.png,23-Mar-2026 17:44:03,185.616666666667
channel_1_image_0_a_timepoint_01644.png,23-Mar-2026 17:44:10,185.733333333333
channel_1_image_0_a_timepoint_01645.png,23-Mar-2026 17:44:17,185.85
channel_1_image_0_a_timepoint_01646.png,23-Mar-2026 17:44:24,185.966666666667
channel_1_image_0_a_timepoint_01647.png,23-Mar-2026 17:44:31,186.083333333333
channel_1_image_0_a_timepoint_01648.png,23-Mar-2026 17:44:37,186.183333333333
channel_1_image_0_a_timepoint_01649.png,23-Mar-2026 17:44:44,186.3
channel_1_image_0_a_timepoint_01650.png,23-Mar-2026 17:44:51,186.416666666667
channel_1_image_0_a_timepoint_01651.png,23-Mar-2026 17:44:58,186.533333333333
channel_1_image_0_a_timepoint_01652.png,23-Mar-2026 17:45:05,186.65
channel_1_image_0_a_timepoint_01653.png,23-Mar-2026 17:45:12,186.766666666667
channel_1_image_0_a_timepoint_01654.png,23-Mar-2026 17:45:18,186.866666666667
channel_1_image_0_a_timepoint_01655.png,23-Mar-2026 17:45:25,186.983333333333
channel_1_image_0_a_timepoint_01656.png,23-Mar-2026 17:45:32,187.1
channel_1_image_0_a_timepoint_01657.png,23-Mar-2026 17:45:39,187.216666666667
channel_1_image_0_a_timepoint_01658.png,23-Mar-2026 17:45:46,187.333333333333
channel_1_image_0_a_timepoint_01659.png,23-Mar-2026 17:45:53,187.45
channel_1_image_0_a_timepoint_01660.png,23-Mar-2026 17:45:59,187.55
channel_1_image_0_a_timepoint_01661.png,23-Mar-2026 17:46:06,187.666666666667
channel_1_image_0_a_timepoint_01662.png,23-Mar-2026 17:46:13,187.783333333333
channel_1_image_0_a_timepoint_01663.png,23-Mar-2026 17:46:20,187.9
channel_1_image_0_a_timepoint_01664.png,23-Mar-2026 17:46:27,188.016666666667
channel_1_image_0_a_timepoint_01665.png,23-Mar-2026 17:46:33,188.116666666667
channel_1_image_0_a_timepoint_01666.png,23-Mar-2026 17:46:40,188.233333333333
channel_1_image_0_a_timepoint_01667.png,23-Mar-2026 17:46:47,188.35
channel_1_image_0_a_timepoint_01668.png,23-Mar-2026 17:46:54,188.466666666667
channel_1_image_0_a_timepoint_01669.png,23-Mar-2026 17:47:01,188.583333333333
channel_1_image_0_a_timepoint_01670.png,23-Mar-2026 17:47:08,188.7
channel_1_image_0_a_timepoint_01671.png,23-Mar-2026 17:47:15,188.816666666667
channel_1_image_0_a_timepoint_01672.png,23-Mar-2026 17:47:22,188.933333333333
channel_1_image_0_a_timepoint_01673.png,23-Mar-2026 17:47:28,189.033333333333
channel_1_image_0_a_timepoint_01674.png,23-Mar-2026 17:47:35,189.15
channel_1_image_0_a_timepoint_01675.png,23-Mar-2026 17:47:42,189.266666666667
channel_1_image_0_a_timepoint_01676.png,23-Mar-2026 17:47:49,189.383333333333
channel_1_image_0_a_timepoint_01677.png,23-Mar-2026 17:47:56,189.5
channel_1_image_0_a_timepoint_01678.png,23-Mar-2026 17:48:03,189.616666666667
channel_1_image_0_a_timepoint_01679.png,23-Mar-2026 17:48:10,189.733333333333
channel_1_image_0_a_timepoint_01680.png,23-Mar-2026 17:48:16,189.833333333333
channel_1_image_0_a_timepoint_01681.png,23-Mar-2026 17:48:23,189.95
channel_1_image_0_a_timepoint_01682.png,23-Mar-2026 17:48:30,190.066666666667
channel_1_image_0_a_timepoint_01683.png,23-Mar-2026 17:48:37,190.183333333333
channel_1_image_0_a_timepoint_01684.png,23-Mar-2026 17:48:44,190.3
channel_1_image_0_a_timepoint_01685.png,23-Mar-2026 17:48:51,190.416666666667
channel_1_image_0_a_timepoint_01686.png,23-Mar-2026 17:48:57,190.516666666667
channel_1_image_0_a_timepoint_01687.png,23-Mar-2026 17:49:04,190.633333333333
channel_1_image_0_a_timepoint_01688.png,23-Mar-2026 17:49:11,190.75
channel_1_image_0_a_timepoint_01689.png,23-Mar-2026 17:49:18,190.866666666667
channel_1_image_0_a_timepoint_01690.png,23-Mar-2026 17:49:25,190.983333333333
channel_1_image_0_a_timepoint_01691.png,23-Mar-2026 17:49:32,191.1
channel_1_image_0_a_timepoint_01692.png,23-Mar-2026 17:49:39,191.216666666667
channel_1_image_0_a_timepoint_01693.png,23-Mar-2026 17:49:45,191.316666666667
channel_1_image_0_a_timepoint_01694.png,23-Mar-2026 17:49:52,191.433333333333
channel_1_image_0_a_timepoint_01695.png,23-Mar-2026 17:49:59,191.55
channel_1_image_0_a_timepoint_01696.png,23-Mar-2026 17:50:06,191.666666666667
channel_1_image_0_a_timepoint_01697.png,23-Mar-2026 17:50:13,191.783333333333
channel_1_image_0_a_timepoint_01698.png,23-Mar-2026 17:50:20,191.9
channel_1_image_0_a_timepoint_01699.png,23-Mar-2026 17:50:27,192.016666666667
channel_1_image_0_a_timepoint_01700.png,23-Mar-2026 17:50:33,192.116666666667
channel_1_image_0_a_timepoint_01701.png,23-Mar-2026 17:50:40,192.233333333333
channel_1_image_0_a_timepoint_01702.png,23-Mar-2026 17:50:47,192.35
channel_1_image_0_a_timepoint_01703.png,23-Mar-2026 17:50:54,192.466666666667
channel_1_image_0_a_timepoint_01704.png,23-Mar-2026 17:51:01,192.583333333333
channel_1_image_0_a_timepoint_01705.png,23-Mar-2026 17:51:08,192.7
channel_1_image_0_a_timepoint_01706.png,23-Mar-2026 17:51:15,192.816666666667
channel_1_image_0_a_timepoint_01707.png,23-Mar-2026 17:51:21,192.916666666667
channel_1_image_0_a_timepoint_01708.png,23-Mar-2026 17:51:28,193.033333333333
channel_1_image_0_a_timepoint_01709.png,23-Mar-2026 17:51:35,193.15
channel_1_image_0_a_timepoint_01710.png,23-Mar-2026 17:51:42,193.266666666667
channel_1_image_0_a_timepoint_01711.png,23-Mar-2026 17:51:49,193.383333333333
channel_1_image_0_a_timepoint_01712.png,23-Mar-2026 17:51:55,193.483333333333
channel_1_image_0_a_timepoint_01713.png,23-Mar-2026 17:52:02,193.6
channel_1_image_0_a_timepoint_01714.png,23-Mar-2026 17:52:09,193.716666666667
channel_1_image_0_a_timepoint_01715.png,23-Mar-2026 17:52:16,193.833333333333
channel_1_image_0_a_timepoint_01716.png,23-Mar-2026 17:52:23,193.95
channel_1_image_0_a_timepoint_01717.png,23-Mar-2026 17:52:29,194.05
channel_1_image_0_a_timepoint_01718.png,23-Mar-2026 17:52:36,194.166666666667
channel_1_image_0_a_timepoint_01719.png,23-Mar-2026 17:52:43,194.283333333333
channel_1_image_0_a_timepoint_01720.png,23-Mar-2026 17:52:50,194.4
channel_1_image_0_a_timepoint_01721.png,23-Mar-2026 17:52:57,194.516666666667
channel_1_image_0_a_timepoint_01722.png,23-Mar-2026 17:53:04,194.633333333333
channel_1_image_0_a_timepoint_01723.png,23-Mar-2026 17:53:10,194.733333333333
channel_1_image_0_a_timepoint_01724.png,23-Mar-2026 17:53:17,194.85
channel_1_image_0_a_timepoint_01725.png,23-Mar-2026 17:53:24,194.966666666667
channel_1_image_0_a_timepoint_01726.png,23-Mar-2026 17:53:31,195.083333333333
channel_1_image_0_a_timepoint_01727.png,23-Mar-2026 17:53:38,195.2
channel_1_image_0_a_timepoint_01728.png,23-Mar-2026 17:53:45,195.316666666667
channel_1_image_0_a_timepoint_01729.png,23-Mar-2026 17:53:51,195.416666666667
channel_1_image_0_a_timepoint_01730.png,23-Mar-2026 17:53:58,195.533333333333
channel_1_image_0_a_timepoint_01731.png,23-Mar-2026 17:54:05,195.65
channel_1_image_0_a_timepoint_01732.png,23-Mar-2026 17:54:12,195.766666666667
channel_1_image_0_a_timepoint_01733.png,23-Mar-2026 17:54:19,195.883333333333
channel_1_image_0_a_timepoint_01734.png,23-Mar-2026 17:54:26,196
channel_1_image_0_a_timepoint_01735.png,23-Mar-2026 17:54:32,196.1
channel_1_image_0_a_timepoint_01736.png,23-Mar-2026 17:54:39,196.216666666667
channel_1_image_0_a_timepoint_01737.png,23-Mar-2026 17:54:46,196.333333333333
channel_1_image_0_a_timepoint_01738.png,23-Mar-2026 17:54:53,196.45
channel_1_image_0_a_timepoint_01739.png,23-Mar-2026 17:55:00,196.566666666667
channel_1_image_0_a_timepoint_01740.png,23-Mar-2026 17:55:07,196.683333333333
channel_1_image_0_a_timepoint_01741.png,23-Mar-2026 17:55:13,196.783333333333
channel_1_image_0_a_timepoint_01742.png,23-Mar-2026 17:55:20,196.9
channel_1_image_0_a_timepoint_01743.png,23-Mar-2026 17:55:27,197.016666666667
channel_1_image_0_a_timepoint_01744.png,23-Mar-2026 17:55:32,197.1
channel_1_image_0_a_timepoint_01745.png,23-Mar-2026 17:55:38,197.2
channel_1_image_0_a_timepoint_01746.png,23-Mar-2026 17:55:44,197.3
channel_1_image_0_a_timepoint_01747.png,23-Mar-2026 17:55:51,197.416666666667
channel_1_image_0_a_timepoint_01748.png,23-Mar-2026 17:55:58,197.533333333333
channel_1_image_0_a_timepoint_01749.png,23-Mar-2026 17:56:05,197.65
channel_1_image_0_a_timepoint_01750.png,23-Mar-2026 17:56:12,197.766666666667
channel_1_image_0_a_timepoint_01751.png,23-Mar-2026 17:56:18,197.866666666667
channel_1_image_0_a_timepoint_01752.png,23-Mar-2026 17:56:25,197.983333333333
channel_1_image_0_a_timepoint_01753.png,23-Mar-2026 17:56:31,198.083333333333
channel_1_image_0_a_timepoint_01754.png,23-Mar-2026 17:56:37,198.183333333333
channel_1_image_0_a_timepoint_01755.png,23-Mar-2026 17:56:44,198.3
channel_1_image_0_a_timepoint_01756.png,23-Mar-2026 17:56:51,198.416666666667
channel_1_image_0_a_timepoint_01757.png,23-Mar-2026 17:56:58,198.533333333333
channel_1_image_0_a_timepoint_01758.png,23-Mar-2026 17:57:04,198.633333333333
channel_1_image_0_a_timepoint_01759.png,23-Mar-2026 17:57:11,198.75
channel_1_image_0_a_timepoint_01760.png,23-Mar-2026 17:57:18,198.866666666667
channel_1_image_0_a_timepoint_01761.png,23-Mar-2026 17:57:25,198.983333333333
channel_1_image_0_a_timepoint_01762.png,23-Mar-2026 17:57:32,199.1
channel_1_image_0_a_timepoint_01763.png,23-Mar-2026 17:57:37,199.183333333333
channel_1_image_0_a_timepoint_01764.png,23-Mar-2026 17:57:41,199.25
channel_1_image_0_a_timepoint_01765.png,23-Mar-2026 17:57:48,199.366666666667
channel_1_image_0_a_timepoint_01766.png,23-Mar-2026 17:57:55,199.483333333333
channel_1_image_0_a_timepoint_01767.png,23-Mar-2026 17:58:02,199.6
channel_1_image_0_a_timepoint_01768.png,23-Mar-2026 17:58:08,199.7
channel_1_image_0_a_timepoint_01769.png,23-Mar-2026 17:58:15,199.816666666667
channel_1_image_0_a_timepoint_01770.png,23-Mar-2026 17:58:22,199.933333333333
channel_1_image_0_a_timepoint_01771.png,23-Mar-2026 17:58:29,200.05
channel_1_image_0_a_timepoint_01772.png,23-Mar-2026 17:58:36,200.166666666667
channel_1_image_0_a_timepoint_01773.png,23-Mar-2026 17:58:43,200.283333333333
channel_1_image_0_a_timepoint_01774.png,23-Mar-2026 17:58:49,200.383333333333
channel_1_image_0_a_timepoint_01775.png,23-Mar-2026 17:58:56,200.5
channel_1_image_0_a_timepoint_01776.png,23-Mar-2026 17:59:03,200.616666666667
channel_1_image_0_a_timepoint_01777.png,23-Mar-2026 17:59:10,200.733333333333
channel_1_image_0_a_timepoint_01778.png,23-Mar-2026 17:59:17,200.85
channel_1_image_0_a_timepoint_01779.png,23-Mar-2026 17:59:24,200.966666666667
channel_1_image_0_a_timepoint_01780.png,23-Mar-2026 17:59:31,201.083333333333
channel_1_image_0_a_timepoint_01781.png,23-Mar-2026 17:59:37,201.183333333333
channel_1_image_0_a_timepoint_01782.png,23-Mar-2026 17:59:44,201.3
channel_1_image_0_a_timepoint_01783.png,23-Mar-2026 17:59:51,201.416666666667
channel_1_image_0_a_timepoint_01784.png,23-Mar-2026 17:59:58,201.533333333333
channel_1_image_0_a_timepoint_01785.png,23-Mar-2026 18:00:05,201.65
channel_1_image_0_a_timepoint_01786.png,23-Mar-2026 18:00:12,201.766666666667
channel_1_image_0_a_timepoint_01787.png,23-Mar-2026 18:00:18,201.866666666667
channel_1_image_0_a_timepoint_01788.png,23-Mar-2026 18:00:25,201.983333333333
channel_1_image_0_a_timepoint_01789.png,23-Mar-2026 18:00:32,202.1
channel_1_image_0_a_timepoint_01790.png,23-Mar-2026 18:00:39,202.216666666667
channel_1_image_0_a_timepoint_01791.png,23-Mar-2026 18:00:46,202.333333333333
channel_1_image_0_a_timepoint_01792.png,23-Mar-2026 18:00:53,202.45
channel_1_image_0_a_timepoint_01793.png,23-Mar-2026 18:01:00,202.566666666667
channel_1_image_0_a_timepoint_01794.png,23-Mar-2026 18:01:07,202.683333333333
channel_1_image_0_a_timepoint_01795.png,23-Mar-2026 18:01:13,202.783333333333
channel_1_image_0_a_timepoint_01796.png,23-Mar-2026 18:01:20,202.9
channel_1_image_0_a_timepoint_01797.png,23-Mar-2026 18:01:27,203.016666666667
channel_1_image_0_a_timepoint_01798.png,23-Mar-2026 18:01:34,203.133333333333
channel_1_image_0_a_timepoint_01799.png,23-Mar-2026 18:01:41,203.25
channel_1_image_0_a_timepoint_01800.png,23-Mar-2026 18:01:48,203.366666666667
channel_1_image_0_a_timepoint_01801.png,23-Mar-2026 18:01:54,203.466666666667
channel_1_image_0_a_timepoint_01802.png,23-Mar-2026 18:02:01,203.583333333333
channel_1_image_0_a_timepoint_01803.png,23-Mar-2026 18:02:08,203.7
channel_1_image_0_a_timepoint_01804.png,23-Mar-2026 18:02:15,203.816666666667
channel_1_image_0_a_timepoint_01805.png,23-Mar-2026 18:02:22,203.933333333333
channel_1_image_0_a_timepoint_01806.png,23-Mar-2026 18:02:28,204.033333333333
channel_1_image_0_a_timepoint_01807.png,23-Mar-2026 18:02:35,204.15
channel_1_image_0_a_timepoint_01808.png,23-Mar-2026 18:02:42,204.266666666667
channel_1_image_0_a_timepoint_01809.png,23-Mar-2026 18:02:49,204.383333333333
channel_1_image_0_a_timepoint_01810.png,23-Mar-2026 18:02:56,204.5
channel_1_image_0_a_timepoint_01811.png,23-Mar-2026 18:03:03,204.616666666667
channel_1_image_0_a_timepoint_01812.png,23-Mar-2026 18:03:10,204.733333333333
channel_1_image_0_a_timepoint_01813.png,23-Mar-2026 18:03:16,204.833333333333
channel_1_image_0_a_timepoint_01814.png,23-Mar-2026 18:03:23,204.95
channel_1_image_0_a_timepoint_01815.png,23-Mar-2026 18:03:30,205.066666666667
channel_1_image_0_a_timepoint_01816.png,23-Mar-2026 18:03:37,205.183333333333
channel_1_image_0_a_timepoint_01817.png,23-Mar-2026 18:03:44,205.3
channel_1_image_0_a_timepoint_01818.png,23-Mar-2026 18:03:50,205.4
channel_1_image_0_a_timepoint_01819.png,23-Mar-2026 18:03:57,205.516666666667
channel_1_image_0_a_timepoint_01820.png,23-Mar-2026 18:04:04,205.633333333333
channel_1_image_0_a_timepoint_01821.png,23-Mar-2026 18:04:11,205.75
channel_1_image_0_a_timepoint_01822.png,23-Mar-2026 18:04:18,205.866666666667
channel_1_image_0_a_timepoint_01823.png,23-Mar-2026 18:04:25,205.983333333333
channel_1_image_0_a_timepoint_01824.png,23-Mar-2026 18:04:31,206.083333333333
channel_1_image_0_a_timepoint_01825.png,23-Mar-2026 18:04:38,206.2
channel_1_image_0_a_timepoint_01826.png,23-Mar-2026 18:04:45,206.316666666667
channel_1_image_0_a_timepoint_01827.png,23-Mar-2026 18:04:52,206.433333333333
channel_1_image_0_a_timepoint_01828.png,23-Mar-2026 18:04:59,206.55
channel_1_image_0_a_timepoint_01829.png,23-Mar-2026 18:05:06,206.666666666667
channel_1_image_0_a_timepoint_01830.png,23-Mar-2026 18:05:12,206.766666666667
channel_1_image_0_a_timepoint_01831.png,23-Mar-2026 18:05:19,206.883333333333
channel_1_image_0_a_timepoint_01832.png,23-Mar-2026 18:05:26,207
channel_1_image_0_a_timepoint_01833.png,23-Mar-2026 18:05:33,207.116666666667
channel_1_image_0_a_timepoint_01834.png,23-Mar-2026 18:05:40,207.233333333333
channel_1_image_0_a_timepoint_01835.png,23-Mar-2026 18:05:47,207.35
channel_1_image_0_a_timepoint_01836.png,23-Mar-2026 18:05:53,207.45
channel_1_image_0_a_timepoint_01837.png,23-Mar-2026 18:06:00,207.566666666667
channel_1_image_0_a_timepoint_01838.png,23-Mar-2026 18:06:07,207.683333333333
channel_1_image_0_a_timepoint_01839.png,23-Mar-2026 18:06:14,207.8
channel_1_image_0_a_timepoint_01840.png,23-Mar-2026 18:06:21,207.916666666667
channel_1_image_0_a_timepoint_01841.png,23-Mar-2026 18:06:28,208.033333333333
channel_1_image_0_a_timepoint_01842.png,23-Mar-2026 18:06:35,208.15
channel_1_image_0_a_timepoint_01843.png,23-Mar-2026 18:06:42,208.266666666667
channel_1_image_0_a_timepoint_01844.png,23-Mar-2026 18:06:48,208.366666666667
channel_1_image_0_a_timepoint_01845.png,23-Mar-2026 18:06:55,208.483333333333
channel_1_image_0_a_timepoint_01846.png,23-Mar-2026 18:07:02,208.6
channel_1_image_0_a_timepoint_01847.png,23-Mar-2026 18:07:09,208.716666666667
channel_1_image_0_a_timepoint_01848.png,23-Mar-2026 18:07:16,208.833333333333
channel_1_image_0_a_timepoint_01849.png,23-Mar-2026 18:07:23,208.95
channel_1_image_0_a_timepoint_01850.png,23-Mar-2026 18:07:29,209.05
channel_1_image_0_a_timepoint_01851.png,23-Mar-2026 18:07:36,209.166666666667
channel_1_image_0_a_timepoint_01852.png,23-Mar-2026 18:07:43,209.283333333333
channel_1_image_0_a_timepoint_01853.png,23-Mar-2026 18:07:50,209.4
channel_1_image_0_a_timepoint_01854.png,23-Mar-2026 18:07:57,209.516666666667
channel_1_image_0_a_timepoint_01855.png,23-Mar-2026 18:08:04,209.633333333333
channel_1_image_0_a_timepoint_01856.png,23-Mar-2026 18:08:10,209.733333333333
channel_1_image_0_a_timepoint_01857.png,23-Mar-2026 18:08:17,209.85
channel_1_image_0_a_timepoint_01858.png,23-Mar-2026 18:08:24,209.966666666667
channel_1_image_0_a_timepoint_01859.png,23-Mar-2026 18:08:31,210.083333333333
channel_1_image_0_a_timepoint_01860.png,23-Mar-2026 18:08:38,210.2
channel_1_image_0_a_timepoint_01861.png,23-Mar-2026 18:08:45,210.316666666667
channel_1_image_0_a_timepoint_01862.png,23-Mar-2026 18:08:51,210.416666666667
channel_1_image_0_a_timepoint_01863.png,23-Mar-2026 18:08:55,210.483333333333
channel_1_image_0_a_timepoint_01864.png,23-Mar-2026 18:09:01,210.583333333333
channel_1_image_0_a_timepoint_01865.png,23-Mar-2026 18:09:08,210.7
channel_1_image_0_a_timepoint_01866.png,23-Mar-2026 18:09:15,210.816666666667
channel_1_image_0_a_timepoint_01867.png,23-Mar-2026 18:09:22,210.933333333333
channel_1_image_0_a_timepoint_01868.png,23-Mar-2026 18:09:29,211.05
channel_1_image_0_a_timepoint_01869.png,23-Mar-2026 18:09:36,211.166666666667
channel_1_image_0_a_timepoint_01870.png,23-Mar-2026 18:09:43,211.283333333333
channel_1_image_0_a_timepoint_01871.png,23-Mar-2026 18:09:49,211.383333333333
channel_1_image_0_a_timepoint_01872.png,23-Mar-2026 18:09:56,211.5
channel_1_image_0_a_timepoint_01873.png,23-Mar-2026 18:10:03,211.616666666667
channel_1_image_0_a_timepoint_01874.png,23-Mar-2026 18:10:10,211.733333333333
channel_1_image_0_a_timepoint_01875.png,23-Mar-2026 18:10:17,211.85
channel_1_image_0_a_timepoint_01876.png,23-Mar-2026 18:10:24,211.966666666667
channel_1_image_0_a_timepoint_01877.png,23-Mar-2026 18:10:30,212.066666666667
channel_1_image_0_a_timepoint_01878.png,23-Mar-2026 18:10:37,212.183333333333
channel_1_image_0_a_timepoint_01879.png,23-Mar-2026 18:10:44,212.3
channel_1_image_0_a_timepoint_01880.png,23-Mar-2026 18:10:51,212.416666666667
channel_1_image_0_a_timepoint_01881.png,23-Mar-2026 18:10:58,212.533333333333
channel_1_image_0_a_timepoint_01882.png,23-Mar-2026 18:11:05,212.65
channel_1_image_0_a_timepoint_01883.png,23-Mar-2026 18:11:12,212.766666666667
channel_1_image_0_a_timepoint_01884.png,23-Mar-2026 18:11:18,212.866666666667
channel_1_image_0_a_timepoint_01885.png,23-Mar-2026 18:11:25,212.983333333333
channel_1_image_0_a_timepoint_01886.png,23-Mar-2026 18:11:32,213.1
channel_1_image_0_a_timepoint_01887.png,23-Mar-2026 18:11:39,213.216666666667
channel_1_image_0_a_timepoint_01888.png,23-Mar-2026 18:11:44,213.3
channel_1_image_0_a_timepoint_01889.png,23-Mar-2026 18:11:51,213.416666666667
channel_1_image_0_a_timepoint_01890.png,23-Mar-2026 18:11:58,213.533333333333
channel_1_image_0_a_timepoint_01891.png,23-Mar-2026 18:12:05,213.65
channel_1_image_0_a_timepoint_01892.png,23-Mar-2026 18:12:12,213.766666666667
channel_1_image_0_a_timepoint_01893.png,23-Mar-2026 18:12:18,213.866666666667
channel_1_image_0_a_timepoint_01894.png,23-Mar-2026 18:12:25,213.983333333333
channel_1_image_0_a_timepoint_01895.png,23-Mar-2026 18:12:32,214.1
channel_1_image_0_a_timepoint_01896.png,23-Mar-2026 18:12:39,214.216666666667
channel_1_image_0_a_timepoint_01897.png,23-Mar-2026 18:12:45,214.316666666667
channel_1_image_0_a_timepoint_01898.png,23-Mar-2026 18:12:52,214.433333333333
channel_1_image_0_a_timepoint_01899.png,23-Mar-2026 18:12:59,214.55
channel_1_image_0_a_timepoint_01900.png,23-Mar-2026 18:13:06,214.666666666667
channel_1_image_0_a_timepoint_01901.png,23-Mar-2026 18:13:12,214.766666666667
channel_1_image_0_a_timepoint_01902.png,23-Mar-2026 18:13:19,214.883333333333
channel_1_image_0_a_timepoint_01903.png,23-Mar-2026 18:13:26,215
channel_1_image_0_a_timepoint_01904.png,23-Mar-2026 18:13:33,215.116666666667
channel_1_image_0_a_timepoint_01905.png,23-Mar-2026 18:13:40,215.233333333333
channel_1_image_0_a_timepoint_01906.png,23-Mar-2026 18:13:47,215.35
channel_1_image_0_a_timepoint_01907.png,23-Mar-2026 18:13:53,215.45
channel_1_image_0_a_timepoint_01908.png,23-Mar-2026 18:14:00,215.566666666667
channel_1_image_0_a_timepoint_01909.png,23-Mar-2026 18:14:07,215.683333333333
channel_1_image_0_a_timepoint_01910.png,23-Mar-2026 18:14:14,215.8
channel_1_image_0_a_timepoint_01911.png,23-Mar-2026 18:14:21,215.916666666667
channel_1_image_0_a_timepoint_01912.png,23-Mar-2026 18:14:28,216.033333333333
channel_1_image_0_a_timepoint_01913.png,23-Mar-2026 18:14:35,216.15
channel_1_image_0_a_timepoint_01914.png,23-Mar-2026 18:14:41,216.25
channel_1_image_0_a_timepoint_01915.png,23-Mar-2026 18:14:48,216.366666666667
channel_1_image_0_a_timepoint_01916.png,23-Mar-2026 18:14:55,216.483333333333
channel_1_image_0_a_timepoint_01917.png,23-Mar-2026 18:15:02,216.6
channel_1_image_0_a_timepoint_01918.png,23-Mar-2026 18:15:09,216.716666666667
channel_1_image_0_a_timepoint_01919.png,23-Mar-2026 18:15:16,216.833333333333
channel_1_image_0_a_timepoint_01920.png,23-Mar-2026 18:15:22,216.933333333333
channel_1_image_0_a_timepoint_01921.png,23-Mar-2026 18:15:29,217.05
channel_1_image_0_a_timepoint_01922.png,23-Mar-2026 18:15:36,217.166666666667
channel_1_image_0_a_timepoint_01923.png,23-Mar-2026 18:15:43,217.283333333333
channel_1_image_0_a_timepoint_01924.png,23-Mar-2026 18:15:50,217.4
channel_1_image_0_a_timepoint_01925.png,23-Mar-2026 18:15:58,217.533333333333
channel_1_image_0_a_timepoint_01926.png,23-Mar-2026 18:16:04,217.633333333333
channel_1_image_0_a_timepoint_01927.png,23-Mar-2026 18:16:11,217.75
channel_1_image_0_a_timepoint_01928.png,23-Mar-2026 18:16:18,217.866666666667
channel_1_image_0_a_timepoint_01929.png,23-Mar-2026 18:16:25,217.983333333333
channel_1_image_0_a_timepoint_01930.png,23-Mar-2026 18:16:32,218.1
channel_1_image_0_a_timepoint_01931.png,23-Mar-2026 18:16:39,218.216666666667
channel_1_image_0_a_timepoint_01932.png,23-Mar-2026 18:16:45,218.316666666667
channel_1_image_0_a_timepoint_01933.png,23-Mar-2026 18:16:52,218.433333333333
channel_1_image_0_a_timepoint_01934.png,23-Mar-2026 18:16:59,218.55
channel_1_image_0_a_timepoint_01935.png,23-Mar-2026 18:17:06,218.666666666667
channel_1_image_0_a_timepoint_01936.png,23-Mar-2026 18:17:13,218.783333333333
channel_1_image_0_a_timepoint_01937.png,23-Mar-2026 18:17:19,218.883333333333
channel_1_image_0_a_timepoint_01938.png,23-Mar-2026 18:17:26,219
channel_1_image_0_a_timepoint_01939.png,23-Mar-2026 18:17:33,219.116666666667
channel_1_image_0_a_timepoint_01940.png,23-Mar-2026 18:17:40,219.233333333333
channel_1_image_0_a_timepoint_01941.png,23-Mar-2026 18:17:47,219.35
channel_1_image_0_a_timepoint_01942.png,23-Mar-2026 18:17:54,219.466666666667
channel_1_image_0_a_timepoint_01943.png,23-Mar-2026 18:18:00,219.566666666667
channel_1_image_0_a_timepoint_01944.png,23-Mar-2026 18:18:07,219.683333333333
channel_1_image_0_a_timepoint_01945.png,23-Mar-2026 18:18:14,219.8
channel_1_image_0_a_timepoint_01946.png,23-Mar-2026 18:18:21,219.916666666667
channel_1_image_0_a_timepoint_01947.png,23-Mar-2026 18:18:28,220.033333333333
channel_1_image_0_a_timepoint_01948.png,23-Mar-2026 18:18:35,220.15
channel_1_image_0_a_timepoint_01949.png,23-Mar-2026 18:18:41,220.25
channel_1_image_0_a_timepoint_01950.png,23-Mar-2026 18:18:48,220.366666666667
channel_1_image_0_a_timepoint_01951.png,23-Mar-2026 18:18:55,220.483333333333
